/*
SQLyog Ultimate v11.11 (64 bit)
MySQL - 5.5.54-0ubuntu0.12.04.1 : Database - stars_demo
*********************************************************************
*/

/*!40101 SET NAMES utf8 */;

/*!40101 SET SQL_MODE=''*/;

/*!40014 SET @OLD_UNIQUE_CHECKS=@@UNIQUE_CHECKS, UNIQUE_CHECKS=0 */;
/*!40101 SET @OLD_SQL_MODE=@@SQL_MODE, SQL_MODE='NO_AUTO_VALUE_ON_ZERO' */;
/*!40111 SET @OLD_SQL_NOTES=@@SQL_NOTES, SQL_NOTES=0 */;
CREATE DATABASE /*!32312 IF NOT EXISTS*/`stars_demo` /*!40100 DEFAULT CHARACTER SET latin1 */;

USE `stars_demo`;

/*Table structure for table `about_starstudents` */

DROP TABLE IF EXISTS `about_starstudents`;

CREATE TABLE `about_starstudents` (
  `about_starstudents_id` int(11) NOT NULL AUTO_INCREMENT,
  `description` longtext NOT NULL,
  PRIMARY KEY (`about_starstudents_id`)
) ENGINE=InnoDB AUTO_INCREMENT=2 DEFAULT CHARSET=latin1;

/*Data for the table `about_starstudents` */

insert  into `about_starstudents`(`about_starstudents_id`,`description`) values (1,'<p align=\"justify\">Schools have access to either very cheap not working ERP systems, or very expensive ones, which most cannot afford. Plus too much of overhead on implementation of such systems prohibit schools to automate their administrative management processes.</p><br/>\r\n\r\n<p align=\"justify\">Starstudents has one objective - To create 100% usable & affordable ERP software. With so many software solutions available, usability becomes the key. We have put in scientific approach in user experience to make Starstudents usable, so that you can reap the benefits of the tool from the moment you sign up. Schools can go live with this solution in less than 30 seconds without the need of any ICT knowledge or resources. Pure DIY SaaS application for end user delight.</p><br/>\r\n\r\n<p align=\"justify\">Starstudents has been built on a multi-tenant architecture that allows its customers to just click a button and provision their own software without assistance and in less than 30 seconds. Due to this, more than 2600 schools from 135 countries have already adopted Starstudents, and everyday 25 new schools sign up on its platform.</p><br/>\r\n\r\n<p align=\"justify\">Our approach towards automating educational institutions is totally different. Our technology is built around transactional data as well as real time web updates. Using a multi-tenant architecture, Starstudents facilitates the creation of an Enterprise Grade SIS in less than 30 seconds. The application has been designed to be very intuitive so that the end user can immediately go live with this solution without much or no assistance at all.</p><br/>\r\n\r\n<p align=\"justify\">Existing SIS applications are complex to implement and use. Our solution has reduced the time to go live with an SIS from average 6 months to mere 3 days. Plus, the system has been designed for increased end user self service which helps in distributing the workload for raw data entry. Very important aspects of the solution cater to Unified Communications and Online Fee payments, which are expensive and complicated when, attempted to build separately.</p><br/>\r\n\r\n<p align=\"justify\">Overall, the capital expenditure on such software license has been converted to very inexpensive operational expenditure using the SaaS monthly subscription approach.</p><br/>');

/*Table structure for table `academic_syllabus` */

DROP TABLE IF EXISTS `academic_syllabus`;

CREATE TABLE `academic_syllabus` (
  `academic_syllabus_id` int(11) NOT NULL AUTO_INCREMENT,
  `academic_syllabus_code` longtext COLLATE utf8_unicode_ci NOT NULL,
  `title` longtext COLLATE utf8_unicode_ci NOT NULL,
  `description` longtext COLLATE utf8_unicode_ci NOT NULL,
  `class_id` int(11) NOT NULL,
  `uploader_type` longtext COLLATE utf8_unicode_ci NOT NULL,
  `uploader_id` int(11) NOT NULL,
  `year` longtext COLLATE utf8_unicode_ci NOT NULL,
  `timestamp` longtext COLLATE utf8_unicode_ci NOT NULL,
  `file_name` longtext COLLATE utf8_unicode_ci NOT NULL,
  `subject_id` int(11) DEFAULT NULL,
  PRIMARY KEY (`academic_syllabus_id`)
) ENGINE=InnoDB DEFAULT CHARSET=utf8 COLLATE=utf8_unicode_ci;

/*Data for the table `academic_syllabus` */

/*Table structure for table `accounting_school` */

DROP TABLE IF EXISTS `accounting_school`;

CREATE TABLE `accounting_school` (
  `accounting_school_id` int(11) NOT NULL AUTO_INCREMENT,
  `student_id` int(11) NOT NULL,
  `class_id` int(11) NOT NULL,
  `parent_id` int(11) NOT NULL,
  `title` text NOT NULL,
  `amount` varchar(100) NOT NULL,
  `month` varchar(50) NOT NULL,
  `creation_timestamp` varchar(100) NOT NULL,
  `faktur` varchar(50) NOT NULL,
  `status` enum('Paid','Unpaid') NOT NULL DEFAULT 'Unpaid',
  `approved_date` varchar(50) DEFAULT NULL,
  `struck_image` varchar(255) DEFAULT NULL,
  `time_upload_struck` varchar(50) DEFAULT NULL,
  `date_upload_struck` varchar(50) DEFAULT NULL,
  `delete_from_user` enum('y','n') NOT NULL DEFAULT 'n',
  PRIMARY KEY (`accounting_school_id`)
) ENGINE=InnoDB AUTO_INCREMENT=40 DEFAULT CHARSET=latin1;

/*Data for the table `accounting_school` */

insert  into `accounting_school`(`accounting_school_id`,`student_id`,`class_id`,`parent_id`,`title`,`amount`,`month`,`creation_timestamp`,`faktur`,`status`,`approved_date`,`struck_image`,`time_upload_struck`,`date_upload_struck`,`delete_from_user`) values (1,1,1,4,'SPP','2500000','','08/25/2017','ae4d49a','Unpaid',NULL,NULL,NULL,NULL,'n'),(2,5,2,5,'Karate','40000','April','08/26/2017','b04e070','Unpaid',NULL,NULL,NULL,NULL,'n'),(3,6,2,6,'SPP','2600000','April','09/06/2017','75f37bb','Unpaid',NULL,NULL,NULL,NULL,'n'),(4,6,2,6,'SPP','2600000','May','09/06/2017','70728aa','Unpaid',NULL,NULL,NULL,NULL,'n'),(5,5,2,5,'SPP','2600000','April','09/07/2017','2e946d4','Unpaid',NULL,NULL,NULL,NULL,'n'),(6,5,2,5,'SPP','2600000','May','09/07/2017','44e3a26','Unpaid',NULL,NULL,NULL,NULL,'n'),(7,5,2,5,'SPP','2600000','April','10/02/2017','5192ad2','Unpaid',NULL,NULL,NULL,NULL,'n'),(8,5,2,5,'SPP','2600000','May','10/02/2017','308b1dd','Unpaid',NULL,NULL,NULL,NULL,'n'),(9,5,2,5,'SPP','2600000','September','10/02/2017','3253a64','Unpaid',NULL,NULL,NULL,NULL,'n'),(10,5,2,5,'SPP','2600000','October','10/02/2017','6b5ba0a','Unpaid',NULL,NULL,NULL,NULL,'n'),(11,5,2,5,'SPP','2600000','November','10/02/2017','d6c14ff','Unpaid',NULL,NULL,NULL,NULL,'n'),(12,5,2,5,'SPP','2600000','December','10/02/2017','7036838','Unpaid',NULL,NULL,NULL,NULL,'n'),(13,4,1,1,'SPP','2500000','February','10/18/2017','9a3c3a1','Unpaid',NULL,NULL,NULL,NULL,'n'),(14,2,1,3,'SPP','2500000','June','10/20/2017','25082cc','Unpaid',NULL,NULL,NULL,NULL,'n'),(15,2,1,3,'SPP','2500000','February','10/25/2017','42496dd','Unpaid',NULL,NULL,NULL,NULL,'n'),(16,2,1,3,'SPP','2500000','March','10/25/2017','8c9f5a8','Unpaid',NULL,NULL,NULL,NULL,'n'),(17,2,1,3,'SPP','2500000','April','10/25/2017','8fcb5a2','Unpaid',NULL,NULL,NULL,NULL,'n'),(18,2,1,3,'SPP','2500000','February','10/25/2017','b437500','Unpaid',NULL,NULL,NULL,NULL,'n'),(19,2,1,3,'SPP','2500000','March','10/25/2017','6eb07f4','Unpaid',NULL,NULL,NULL,NULL,'n'),(20,2,1,3,'SPP','2500000','April','10/25/2017','b3d1445','Unpaid',NULL,NULL,NULL,NULL,'n'),(21,2,1,3,'SPP','2500000','February','10/25/2017','d43146f','Unpaid',NULL,NULL,NULL,NULL,'n'),(22,2,1,3,'SPP','2500000','March','10/25/2017','75d0d90','Unpaid',NULL,NULL,NULL,NULL,'n'),(23,2,1,3,'SPP','2500000','April','10/25/2017','4db13ce','Unpaid',NULL,NULL,NULL,NULL,'n'),(24,2,1,3,'SPP','2500000','February','10/25/2017','dcb960a','Unpaid',NULL,NULL,NULL,NULL,'n'),(25,2,1,3,'SPP','2500000','March','10/25/2017','f1072bc','Unpaid',NULL,NULL,NULL,NULL,'n'),(26,2,1,3,'SPP','2500000','April','10/25/2017','3e84a7c','Unpaid',NULL,NULL,NULL,NULL,'n'),(27,2,1,3,'SPP','2500000','February','10/25/2017','bc9770e','Unpaid',NULL,NULL,NULL,NULL,'n'),(28,2,1,3,'SPP','2500000','March','10/25/2017','7444d7c','Unpaid',NULL,NULL,NULL,NULL,'n'),(29,2,1,3,'SPP','2500000','April','10/25/2017','666f25c','Unpaid',NULL,NULL,NULL,NULL,'n'),(30,2,1,3,'SPP','2500000','February','10/25/2017','e08c2b1','Unpaid',NULL,NULL,NULL,NULL,'n'),(31,2,1,3,'SPP','2500000','March','10/25/2017','fd1458e','Unpaid',NULL,NULL,NULL,NULL,'n'),(32,2,1,3,'SPP','2500000','April','10/25/2017','78e1b7c','Unpaid',NULL,NULL,NULL,NULL,'n'),(33,2,1,3,'Karate','35000','February','10/25/2017','f4a4c98','Unpaid',NULL,NULL,NULL,NULL,'n'),(34,2,1,3,'Karate','35000','February','10/25/2017','d902553','Unpaid',NULL,NULL,NULL,NULL,'n'),(35,2,1,3,'','','','10/31/2017','ef63943','Unpaid',NULL,NULL,NULL,NULL,'n'),(36,2,1,3,'','','','10/31/2017','04538b3','Unpaid',NULL,NULL,NULL,NULL,'n'),(37,1,1,4,'SPP','2500000','October','11/08/2017','c8f60f8','Unpaid',NULL,NULL,NULL,NULL,'n'),(38,1,1,4,'SPP','2500000','October','11/08/2017','9178d35','Unpaid',NULL,NULL,NULL,NULL,'n'),(39,1,1,4,'Karate','35000','January','11/08/2017','4e4e299','Unpaid',NULL,NULL,NULL,NULL,'n');

/*Table structure for table `accounts` */

DROP TABLE IF EXISTS `accounts`;

CREATE TABLE `accounts` (
  `id` int(11) NOT NULL AUTO_INCREMENT,
  `about` text COLLATE utf8_unicode_ci NOT NULL,
  `active` int(1) NOT NULL DEFAULT '0',
  `avatar_id` int(11) NOT NULL DEFAULT '0',
  `cover_id` int(11) NOT NULL DEFAULT '0',
  `cover_position` int(5) NOT NULL DEFAULT '0',
  `email` varchar(255) COLLATE utf8_unicode_ci NOT NULL,
  `email_verification_key` varchar(100) COLLATE utf8_unicode_ci NOT NULL,
  `email_verified` int(1) NOT NULL DEFAULT '0',
  `language` varchar(50) COLLATE utf8_unicode_ci NOT NULL,
  `last_logged` int(12) NOT NULL,
  `name` varchar(255) COLLATE utf8_unicode_ci NOT NULL,
  `password` varchar(255) COLLATE utf8_unicode_ci NOT NULL,
  `time` int(12) NOT NULL DEFAULT '0',
  `timestamp` timestamp NOT NULL DEFAULT CURRENT_TIMESTAMP ON UPDATE CURRENT_TIMESTAMP,
  `timezone` varchar(80) COLLATE utf8_unicode_ci NOT NULL,
  `type` enum('user','page','group','event') COLLATE utf8_unicode_ci NOT NULL,
  `username` varchar(255) COLLATE utf8_unicode_ci NOT NULL,
  `verified` int(1) NOT NULL DEFAULT '0',
  PRIMARY KEY (`id`),
  UNIQUE KEY `email` (`email`),
  UNIQUE KEY `username` (`username`),
  KEY `name` (`name`),
  KEY `password` (`password`),
  KEY `type` (`type`)
) ENGINE=InnoDB AUTO_INCREMENT=9 DEFAULT CHARSET=utf8 COLLATE=utf8_unicode_ci;

/*Data for the table `accounts` */

insert  into `accounts`(`id`,`about`,`active`,`avatar_id`,`cover_id`,`cover_position`,`email`,`email_verification_key`,`email_verified`,`language`,`last_logged`,`name`,`password`,`time`,`timestamp`,`timezone`,`type`,`username`,`verified`) values (1,'',1,0,0,0,'amanda_demo@starstudents.co.id','',0,'',0,'Amanda Annisah demo student','25f9e794323b453885f5181f1b624d0b',1506914625,'2017-10-02 03:23:45','','user','Amanda Annisah demo student',0),(2,'',1,0,0,0,'anindita_demo@starstudents.co.id','',0,'',0,'Andaramurti Anindita','25f9e794323b453885f5181f1b624d0b',1506914743,'2017-10-02 03:25:43','','user','Andaramurti Anindita',0),(3,'',1,0,0,0,'andrew_demo@starstudents.co.id','',0,'',0,'Andrew Joshua demo student','25f9e794323b453885f5181f1b624d0b',1506914864,'2017-10-02 03:27:44','','user','Andrew Joshua demo student',0),(4,'',1,0,0,0,'azalia_demo@starstudents.co.id','',0,'',0,'Azalia Cinta Zafirah Putri demo student','25f9e794323b453885f5181f1b624d0b',1506914977,'2017-10-02 03:29:37','','user','Azalia Cinta Zafirah Putri demo student',0),(5,'',1,0,0,0,'azmalya_demo@starstudents.co.id','',0,'',0,'Azmalya Tatsbitha demo student','25f9e794323b453885f5181f1b624d0b',1506915226,'2017-10-02 03:33:46','','user','Azmalya Tatsbitha demo student',0),(6,'',1,0,0,0,'bianca_demo@starstudents.co.id','',0,'',0,'Bianca Vallerie demo student','25f9e794323b453885f5181f1b624d0b',1506915390,'2017-10-02 03:36:30','','user','Bianca Vallerie demo student',0),(7,'',1,0,0,0,'aman@email.com','',0,'',0,'Aman Hakim','25f9e794323b453885f5181f1b624d0b',1508411619,'2017-10-19 11:13:39','','user','Aman Hakim',0),(8,'',1,0,0,0,'rubhi@starstudents.co.id','',0,'',0,'Rubhi aulia tirta','25f9e794323b453885f5181f1b624d0b',1510555073,'2017-11-13 06:37:53','','user','Rubhi aulia tirta',0);

/*Table structure for table `admin` */

DROP TABLE IF EXISTS `admin`;

CREATE TABLE `admin` (
  `admin_id` int(11) NOT NULL AUTO_INCREMENT,
  `name` longtext COLLATE utf8_unicode_ci NOT NULL,
  `email` longtext COLLATE utf8_unicode_ci NOT NULL,
  `password` longtext COLLATE utf8_unicode_ci NOT NULL,
  `level` longtext COLLATE utf8_unicode_ci NOT NULL,
  `authentication_key` longtext COLLATE utf8_unicode_ci NOT NULL,
  PRIMARY KEY (`admin_id`)
) ENGINE=InnoDB AUTO_INCREMENT=3 DEFAULT CHARSET=utf8 COLLATE=utf8_unicode_ci;

/*Data for the table `admin` */

insert  into `admin`(`admin_id`,`name`,`email`,`password`,`level`,`authentication_key`) values (1,'Admin Brighton','admin_demo@starstudents.co.id','f7c3bc1d808e04732adf679965ccc34ca7ae3441','1',''),(2,'Mr. Eagen','eagen@starstudents.co.id','f7c3bc1d808e04732adf679965ccc34ca7ae3441','1','');

/*Table structure for table `announcement_views` */

DROP TABLE IF EXISTS `announcement_views`;

CREATE TABLE `announcement_views` (
  `id` int(11) NOT NULL AUTO_INCREMENT,
  `account_id` int(11) DEFAULT NULL,
  `announcement_id` int(11) NOT NULL,
  PRIMARY KEY (`id`),
  KEY `account_id` (`account_id`),
  KEY `announcement_id` (`announcement_id`)
) ENGINE=InnoDB DEFAULT CHARSET=utf8 COLLATE=utf8_unicode_ci;

/*Data for the table `announcement_views` */

/*Table structure for table `announcements` */

DROP TABLE IF EXISTS `announcements`;

CREATE TABLE `announcements` (
  `id` int(11) NOT NULL AUTO_INCREMENT,
  `text` text COLLATE utf8_unicode_ci NOT NULL,
  `time` int(12) NOT NULL,
  PRIMARY KEY (`id`)
) ENGINE=InnoDB DEFAULT CHARSET=utf8 COLLATE=utf8_unicode_ci;

/*Data for the table `announcements` */

/*Table structure for table `answers` */

DROP TABLE IF EXISTS `answers`;

CREATE TABLE `answers` (
  `id` int(11) NOT NULL AUTO_INCREMENT,
  `question` int(11) NOT NULL,
  `answer` text NOT NULL,
  `correct` int(2) NOT NULL DEFAULT '0',
  `banned` int(2) NOT NULL DEFAULT '0',
  PRIMARY KEY (`id`)
) ENGINE=MyISAM AUTO_INCREMENT=209 DEFAULT CHARSET=latin1;

/*Data for the table `answers` */

insert  into `answers`(`id`,`question`,`answer`,`correct`,`banned`) values (32,16,'hello world',1,0),(31,15,'Answer 666666',0,1),(30,15,'Answer 55555555',0,0),(29,15,'Answer 4444444444',0,0),(28,15,'Answer 33333333333',0,0),(27,15,'Answer 22222222222',1,0),(26,15,'Answer 1111111111',1,0),(24,13,'1',1,0),(23,12,'Answer 444444444444',0,0),(22,12,'Answer 33333333333333',0,0),(21,12,'Answer 222222222222222',1,0),(20,12,'Answer 1111111111111',0,0),(33,17,'&lt;p class=&quot;MsoListParagraph&quot; style=&quot;margin-left: 35.7pt; text-indent: -17.85pt; line-height: 150%;&quot;&gt;&lt;span style=&quot;line-height: 150%;&quot;&gt;&lt;span style=&quot;font-variant-numeric: normal; font-stretch: normal; line-height: normal;&quot;&gt;&amp;nbsp;&lt;/span&gt;&lt;/span&gt;&lt;!--[endif]--&gt;&lt;span style=&quot;font-family: &amp;quot;Times New Roman&amp;quot;, serif; font-size: 12pt; line-height: 150%;&quot;&gt;16.804&lt;o:p&gt;&lt;/o:p&gt;&lt;/span&gt;&lt;/p&gt;',1,0),(34,17,'&lt;span style=&quot;font-size:12.0pt;mso-bidi-font-size:11.0pt;\nline-height:115%;font-family:&amp;quot;Times New Roman&amp;quot;,serif;mso-fareast-font-family:\nCalibri;mso-ansi-language:EN-US;mso-fareast-language:EN-US;mso-bidi-language:\nAR-SA&quot;&gt;12.018&lt;/span&gt;',0,0),(35,17,'&lt;span style=&quot;font-size:12.0pt;mso-bidi-font-size:11.0pt;\nline-height:115%;font-family:&amp;quot;Times New Roman&amp;quot;,serif;mso-fareast-font-family:\nCalibri;mso-ansi-language:EN-US;mso-fareast-language:EN-US;mso-bidi-language:\nAR-SA&quot;&gt;6946&lt;/span&gt;',0,0),(36,17,'&lt;span style=&quot;font-size:12.0pt;mso-bidi-font-size:11.0pt;\nline-height:115%;font-family:&amp;quot;Times New Roman&amp;quot;,serif;mso-fareast-font-family:\nCalibri;mso-ansi-language:EN-US;mso-fareast-language:EN-US;mso-bidi-language:\nAR-SA&quot;&gt;5072&lt;/span&gt;',0,0),(37,18,'12',0,0),(38,18,'36',0,0),(39,18,'96',1,0),(40,18,'864',0,0),(41,19,'83',1,0),(42,19,'129',0,0),(43,19,'307',0,0),(44,19,'333',0,0),(45,20,'&lt;span style=&quot;font-size:12.0pt;mso-bidi-font-size:11.0pt;\nline-height:115%;font-family:&amp;quot;Times New Roman&amp;quot;,serif;mso-fareast-font-family:\nCalibri;mso-ansi-language:EN-US;mso-fareast-language:EN-US;mso-bidi-language:\nAR-SA&quot;&gt;756.000&lt;/span&gt;',0,0),(46,20,'&lt;span style=&quot;font-size:12.0pt;mso-bidi-font-size:11.0pt;\nline-height:115%;font-family:&amp;quot;Times New Roman&amp;quot;,serif;mso-fareast-font-family:\nCalibri;mso-ansi-language:EN-US;mso-fareast-language:EN-US;mso-bidi-language:\nAR-SA&quot;&gt;252.000&lt;/span&gt;',1,0),(47,20,'&lt;span style=&quot;font-size:12.0pt;mso-bidi-font-size:11.0pt;\nline-height:115%;font-family:&amp;quot;Times New Roman&amp;quot;,serif;mso-fareast-font-family:\nCalibri;mso-ansi-language:EN-US;mso-fareast-language:EN-US;mso-bidi-language:\nAR-SA&quot;&gt;75.000&lt;/span&gt;',0,0),(48,20,'&lt;span style=&quot;font-size:12.0pt;mso-bidi-font-size:11.0pt;\nline-height:115%;font-family:&amp;quot;Times New Roman&amp;quot;,serif;mso-fareast-font-family:\nCalibri;mso-ansi-language:EN-US;mso-fareast-language:EN-US;mso-bidi-language:\nAR-SA&quot;&gt;25.200&lt;/span&gt;',0,0),(49,21,'&lt;span style=&quot;font-size:12.0pt;mso-bidi-font-size:11.0pt;\nline-height:115%;font-family:&amp;quot;Times New Roman&amp;quot;,serif;mso-fareast-font-family:\nCalibri;mso-ansi-language:EN-US;mso-fareast-language:EN-US;mso-bidi-language:\nAR-SA&quot;&gt;2&lt;sup&gt;6&amp;nbsp; &lt;/sup&gt;x 3&lt;sup&gt;3&lt;/sup&gt;&lt;/span&gt;',1,0),(50,21,'&lt;span style=&quot;font-size:12.0pt;mso-bidi-font-size:11.0pt;\nline-height:115%;font-family:&amp;quot;Times New Roman&amp;quot;,serif;mso-fareast-font-family:\nCalibri;mso-ansi-language:EN-US;mso-fareast-language:EN-US;mso-bidi-language:\nAR-SA&quot;&gt;2&lt;sup&gt;2&amp;nbsp; &lt;/sup&gt;x 3&lt;sup&gt;6&lt;/sup&gt;&lt;/span&gt;',0,0),(51,21,'&lt;p class=&quot;MsoListParagraph&quot; style=&quot;margin-left:35.7pt;mso-add-space:auto;\ntext-align:justify;text-indent:-17.85pt;line-height:150%;mso-list:l0 level1 lfo1;\ntab-stops:92.15pt 290.6pt 361.5pt&quot;&gt;&lt;span style=&quot;font-family: &amp;quot;Times New Roman&amp;quot;, serif; font-size: 16px; text-indent: -23.8px;&quot;&gt;2&lt;/span&gt;&lt;sup style=&quot;font-family: &amp;quot;Times New Roman&amp;quot;, serif; text-indent: -23.8px;&quot;&gt;3&lt;/sup&gt;&lt;span style=&quot;font-family: &amp;quot;Times New Roman&amp;quot;, serif; font-size: 16px; text-indent: -23.8px;&quot;&gt;&amp;nbsp;x 3&lt;/span&gt;&lt;sup style=&quot;font-family: &amp;quot;Times New Roman&amp;quot;, serif; text-indent: -23.8px;&quot;&gt;6&lt;/sup&gt;&lt;br&gt;&lt;/p&gt;',0,0),(52,21,'&lt;span style=&quot;font-size:12.0pt;mso-bidi-font-size:11.0pt;\nline-height:115%;font-family:&amp;quot;Times New Roman&amp;quot;,serif;mso-fareast-font-family:\nCalibri;mso-ansi-language:EN-US;mso-fareast-language:EN-US;mso-bidi-language:\nAR-SA&quot;&gt;2&lt;sup&gt;3&lt;/sup&gt; x 3&lt;sup&gt;2&lt;/sup&gt;&lt;/span&gt;',0,0),(53,22,'&lt;span style=&quot;font-size:12.0pt;mso-bidi-font-size:11.0pt;\nline-height:115%;font-family:&amp;quot;Times New Roman&amp;quot;,serif;mso-fareast-font-family:\nCalibri;mso-ansi-language:EN-US;mso-fareast-language:EN-US;mso-bidi-language:\nAR-SA&quot;&gt;5 Mei 2016&lt;/span&gt;',0,0),(54,22,'&lt;span style=&quot;font-size:12.0pt;mso-bidi-font-size:11.0pt;\nline-height:115%;font-family:&amp;quot;Times New Roman&amp;quot;,serif;mso-fareast-font-family:\nCalibri;mso-ansi-language:EN-US;mso-fareast-language:EN-US;mso-bidi-language:\nAR-SA&quot;&gt;13 Mei 2015&lt;/span&gt;',0,0),(55,22,'&lt;span style=&quot;font-size:12.0pt;mso-bidi-font-size:11.0pt;\nline-height:115%;font-family:&amp;quot;Times New Roman&amp;quot;,serif;mso-fareast-font-family:\nCalibri;mso-ansi-language:EN-US;mso-fareast-language:EN-US;mso-bidi-language:\nAR-SA&quot;&gt;24 Mei 2016&lt;/span&gt;',0,0),(56,22,'&lt;span style=&quot;font-size:12.0pt;mso-bidi-font-size:11.0pt;\nline-height:115%;font-family:&amp;quot;Times New Roman&amp;quot;,serif;mso-fareast-font-family:\nCalibri;mso-ansi-language:EN-US;mso-fareast-language:EN-US;mso-bidi-language:\nAR-SA&quot;&gt;25 Mei 2016&lt;/span&gt;',1,0),(57,23,'10',0,0),(58,23,'30',0,0),(59,23,'64',0,0),(60,23,'766',1,0),(61,24,'&lt;p class=&quot;MsoListParagraph&quot; style=&quot;margin-left:35.7pt;mso-add-space:auto;\ntext-indent:-17.85pt;line-height:150%;mso-list:l0 level1 lfo1;tab-stops:92.15pt 290.6pt 361.5pt&quot;&gt;&lt;!--[if gte msEquation 12]&gt;&lt;m:oMathPara&gt;&lt;m:oMath&gt;&lt;i\n  style=&#039;mso-bidi-font-style:normal&#039;&gt;&lt;span style=&#039;font-size:12.0pt;mso-bidi-font-size:\n  11.0pt;line-height:115%;font-family:&quot;Cambria Math&quot;,serif;mso-fareast-font-family:\n  Calibri;mso-bidi-font-family:&quot;Times New Roman&quot;;mso-ansi-language:EN-US;\n  mso-fareast-language:EN-US;mso-bidi-language:AR-SA&#039;&gt;&lt;m:r&gt;8&lt;/m:r&gt;&lt;/span&gt;&lt;/i&gt;&lt;m:f&gt;&lt;m:fPr&gt;&lt;span\n    style=&#039;font-size:12.0pt;mso-ansi-font-size:12.0pt;font-family:&quot;Cambria Math&quot;,serif;\n    mso-ascii-font-family:&quot;Cambria Math&quot;;mso-hansi-font-family:&quot;Cambria Math&quot;;\n    font-style:italic;mso-bidi-font-style:normal&#039;&gt;&lt;m:ctrlPr&gt;&lt;/m:ctrlPr&gt;&lt;/span&gt;&lt;/m:fPr&gt;&lt;m:num&gt;&lt;i\n    style=&#039;mso-bidi-font-style:normal&#039;&gt;&lt;span style=&#039;font-size:12.0pt;\n    mso-bidi-font-size:11.0pt;line-height:115%;font-family:&quot;Cambria Math&quot;,serif;\n    mso-fareast-font-family:Calibri;mso-bidi-font-family:&quot;Times New Roman&quot;;\n    mso-ansi-language:EN-US;mso-fareast-language:EN-US;mso-bidi-language:AR-SA&#039;&gt;&lt;m:r&gt;16&lt;/m:r&gt;&lt;/span&gt;&lt;/i&gt;&lt;/m:num&gt;&lt;m:den&gt;&lt;i\n    style=&#039;mso-bidi-font-style:normal&#039;&gt;&lt;span style=&#039;font-size:12.0pt;\n    mso-bidi-font-size:11.0pt;line-height:115%;font-family:&quot;Cambria Math&quot;,serif;\n    mso-fareast-font-family:Calibri;mso-bidi-font-family:&quot;Times New Roman&quot;;\n    mso-ansi-language:EN-US;mso-fareast-language:EN-US;mso-bidi-language:AR-SA&#039;&gt;&lt;m:r&gt;35&lt;/m:r&gt;&lt;/span&gt;&lt;/i&gt;&lt;/m:den&gt;&lt;/m:f&gt;&lt;/m:oMath&gt;&lt;/m:oMathPara&gt;&lt;![endif]--&gt;&lt;!--[if !msEquation]--&gt;&lt;span style=&quot;font-size:11.0pt;line-height:115%;font-family:&amp;quot;Calibri&amp;quot;,sans-serif;\nmso-fareast-font-family:Calibri;mso-bidi-font-family:&amp;quot;Times New Roman&amp;quot;;\nmso-ansi-language:EN-US;mso-fareast-language:EN-US;mso-bidi-language:AR-SA&quot;&gt;&lt;v:shapetype id=&quot;_x0000_t75&quot; coordsize=&quot;21600,21600&quot; o:spt=&quot;75&quot; o:preferrelative=&quot;t&quot; path=&quot;m@4@5l@4@11@9@11@9@5xe&quot; filled=&quot;f&quot; stroked=&quot;f&quot;&gt;&lt;v:stroke joinstyle=&quot;miter&quot;&gt;75&amp;nbsp;&lt;v:formulas&gt;&lt;v:f eqn=&quot;if lineDrawn pixelLineWidth 0&quot;&gt;&lt;v:f eqn=&quot;sum @0 1 0&quot;&gt;&lt;v:f eqn=&quot;sum 0 0 @1&quot;&gt;&lt;v:f eqn=&quot;prod @2 1 2&quot;&gt;&lt;v:f eqn=&quot;prod @3 21600 pixelWidth&quot;&gt;&lt;v:f eqn=&quot;prod @3 21600 pixelHeight&quot;&gt;&lt;v:f eqn=&quot;sum @0 0 1&quot;&gt;&lt;v:f eqn=&quot;prod @6 1 2&quot;&gt;&lt;v:f eqn=&quot;prod @7 21600 pixelWidth&quot;&gt;&lt;v:f eqn=&quot;sum @8 21600 0&quot;&gt;&lt;v:f eqn=&quot;prod @7 21600 pixelHeight&quot;&gt;&lt;v:f eqn=&quot;sum @10 21600 0&quot;&gt;&lt;/v:f&gt;&lt;/v:f&gt;&lt;/v:f&gt;&lt;/v:f&gt;&lt;/v:f&gt;&lt;/v:f&gt;&lt;/v:f&gt;&lt;/v:f&gt;&lt;/v:f&gt;&lt;/v:f&gt;&lt;/v:f&gt;&lt;/v:f&gt;&lt;/v:formulas&gt;&lt;v:path o:extrusionok=&quot;f&quot; gradientshapeok=&quot;t&quot; o:connecttype=&quot;rect&quot;&gt;&lt;o:lock v:ext=&quot;edit&quot; aspectratio=&quot;t&quot;&gt;&lt;/o:lock&gt;&lt;/v:path&gt;&lt;/v:stroke&gt;&lt;/v:shapetype&gt;&lt;v:shape id=&quot;_x0000_i1025&quot; type=&quot;#_x0000_t75&quot; style=&quot;width:21.75pt;\n height:29.25pt&quot;&gt;&lt;v:imagedata src=&quot;file:///C:/Users/Bangkong/AppData/Local/Temp/msohtmlclip1/01/clip_image001.png&quot; o:title=&quot;&quot; chromakey=&quot;white&quot;&gt;&lt;/v:imagedata&gt;&lt;/v:shape&gt;&lt;/span&gt;&lt;!--[endif]--&gt;&lt;/p&gt;',1,0),(62,24,'147',0,0),(63,24,'210',0,0),(64,24,'262,5',0,0),(65,25,'300',0,0),(66,25,'6000',1,0),(67,25,'18.000',0,0),(68,25,'30.000',0,0),(69,26,'11,8',0,0),(70,26,'118',1,0),(71,26,'1180',0,0),(72,26,'11800',0,0),(73,27,'120',0,0),(74,27,'130',1,0),(75,27,'140',0,0),(76,27,'150',0,0),(77,28,'&amp;nbsp;bahasa daerah',0,0),(78,28,'&amp;nbsp;bahasa pergaulan',0,0),(79,28,'&amp;nbsp;bahasa pribadi',0,0),(80,28,'&amp;nbsp;bahasa baku',1,0),(81,29,'melihat gambar pada bacaan&amp;nbsp;',0,0),(82,29,'membaca dan memahami isi bacaan',0,0),(83,29,'menulis judul dan paragraf',0,0),(84,29,'membuat kerangka laporan',1,0),(85,30,'cita-cita&amp;nbsp;',0,0),(86,30,'pendidikan&amp;nbsp;',0,0),(87,30,'&amp;nbsp;kegemaran&amp;nbsp;',1,0),(88,30,'prestasi',0,0),(89,31,'nama orang atau tokoh',0,0),(90,31,'&amp;nbsp;kegiatan',0,0),(91,31,'tempat',0,0),(92,31,'orang yang menulis&amp;nbsp;',1,0),(93,32,'&amp;nbsp;telepon',0,0),(94,32,'ceramah',0,0),(95,32,'&amp;nbsp;kaset',0,0),(96,32,'surat',1,0),(97,33,'reporter',1,0),(98,33,'&amp;nbsp;pengacara',0,0),(99,33,'&amp;nbsp;guru',0,0),(100,33,'karyawan',0,0),(101,34,'&amp;nbsp;seorang ahli&amp;nbsp;',0,0),(102,34,'narapidana&amp;nbsp;',0,0),(103,34,'narasumber',1,0),(104,34,'narpati',0,0),(105,35,'Pekerjaan',0,0),(106,35,'Bantuan',0,0),(107,35,'Cita-cita',1,0),(108,35,'Kesenangan&amp;nbsp;',0,0),(109,36,'bangga',0,0),(110,36,'sedih',0,0),(111,36,'sombong',0,0),(112,36,'senang',1,0),(113,37,'pesenam',0,0),(114,37,'perenang',1,0),(115,37,'berenang',0,0),(116,37,'penyelam',0,0),(117,38,'renang',0,0),(118,38,'bulu tangkis',0,0),(119,38,'bola voli',0,0),(120,38,'membaca',1,0),(121,39,'dan',0,0),(122,39,'bermain',0,0),(123,39,'beradu',0,0),(124,39,'melawan',1,0),(125,40,'kerugian',1,0),(126,40,'merugi',0,0),(127,40,'rugi',0,0),(128,40,'merugikan',0,0),(129,41,'tanaman yang ditanam di tanah',0,0),(130,41,'tanaman yang ditanam di air',1,0),(131,41,'tanaman yang ditanam tanpa tanah&amp;nbsp;',0,0),(132,41,'tanaman yang tidak ditanam',0,0),(133,42,'surat kilat',0,0),(134,42,'surat kabar',0,0),(135,42,'wesel pos',1,0),(136,42,'kartu pos',0,0),(137,43,'pot',0,0),(138,43,'tempat tisu',1,0),(139,43,'rumah lampu taman',0,0),(140,43,'mangkuk air mancur',0,0),(141,44,'kantor pos',1,0),(142,44,'kantor polisi',0,0),(143,44,'sekolah',0,0),(144,44,'kantor kecamatan',0,0),(145,45,'bingkisan',0,0),(146,45,'hadiah',0,0),(147,45,'kado',0,0),(148,45,'kenang-kenangan',1,0),(149,46,'sedang melakukan tarian',1,0),(150,46,'membuat tari',0,0),(151,46,'mengerjakan tari&amp;nbsp;',0,0),(152,46,'menghasilkan tari&amp;nbsp;',0,0),(153,47,'ekonomi',0,0),(154,47,'sosial',0,0),(155,47,'politik',0,0),(156,47,'pendidikan',1,0),(157,48,'sebelas',0,0),(158,48,'sepuluh',0,0),(159,48,'sembilan',1,0),(160,48,'delapan',0,0),(161,49,'&lt;font color=&quot;#9fa8b0&quot; face=&quot;Arial, Tahoma&quot;&gt;&lt;span style=&quot;font-size: 13px;&quot;&gt;sebelas&lt;/span&gt;&lt;/font&gt;',0,0),(162,49,'&lt;font color=&quot;#9fa8b0&quot; face=&quot;Arial, Tahoma&quot;&gt;&lt;span style=&quot;font-size: 13px;&quot;&gt;sepuluh&lt;/span&gt;&lt;/font&gt;',0,0),(163,49,'&lt;font color=&quot;#9fa8b0&quot; face=&quot;Arial, Tahoma&quot;&gt;&lt;span style=&quot;font-size: 13px;&quot;&gt;sembilan&lt;/span&gt;&lt;/font&gt;',1,0),(164,49,'&lt;font color=&quot;#9fa8b0&quot; face=&quot;Arial, Tahoma&quot;&gt;&lt;span style=&quot;font-size: 13px;&quot;&gt;delapan&lt;/span&gt;&lt;/font&gt;',0,0),(165,50,'&lt;font color=&quot;#9fa8b0&quot; face=&quot;Arial, Tahoma&quot;&gt;&lt;span style=&quot;font-size: 13px;&quot;&gt;Mr. Achmad Subarjo&lt;/span&gt;&lt;/font&gt;',0,0),(166,50,'&lt;font color=&quot;#9fa8b0&quot; face=&quot;Arial, Tahoma&quot;&gt;&lt;span style=&quot;font-size: 13px;&quot;&gt;K.H. Wahid Hasyim&lt;/span&gt;&lt;/font&gt;',0,0),(167,50,'&lt;font color=&quot;#9fa8b0&quot; face=&quot;Arial, Tahoma&quot;&gt;&lt;span style=&quot;font-size: 13px;&quot;&gt;Mr. Muh. Yamin&lt;/span&gt;&lt;/font&gt;',0,0),(168,50,'&lt;font color=&quot;#9fa8b0&quot; face=&quot;Arial, Tahoma&quot;&gt;&lt;span style=&quot;font-size: 13px;&quot;&gt;Ir. Soekarno&lt;/span&gt;&lt;/font&gt;',1,0),(169,51,'&lt;font color=&quot;#9fa8b0&quot; face=&quot;Arial, Tahoma&quot;&gt;&lt;span style=&quot;font-size: 13px;&quot;&gt;Kebangkitan Bangsa&lt;/span&gt;&lt;/font&gt;',1,0),(170,51,'&lt;font color=&quot;#9fa8b0&quot; face=&quot;Arial, Tahoma&quot;&gt;&lt;span style=&quot;font-size: 13px;&quot;&gt;Pendidikan Nasional&lt;/span&gt;&lt;/font&gt;',0,0),(171,51,'&lt;font color=&quot;#9fa8b0&quot; face=&quot;Arial, Tahoma&quot;&gt;&lt;span style=&quot;font-size: 13px;&quot;&gt;Kesaktian Pancasila&lt;/span&gt;&lt;/font&gt;',0,0),(172,51,'&lt;font color=&quot;#9fa8b0&quot; face=&quot;Arial, Tahoma&quot;&gt;&lt;span style=&quot;font-size: 13px;&quot;&gt;Pahlawan&lt;/span&gt;&lt;/font&gt;',0,0),(173,52,'&lt;font color=&quot;#9fa8b0&quot; face=&quot;Arial, Tahoma&quot;&gt;&lt;span style=&quot;font-size: 13px;&quot;&gt;bangsa&lt;/span&gt;&lt;/font&gt;',1,0),(174,52,'&lt;font color=&quot;#9fa8b0&quot; face=&quot;Arial, Tahoma&quot;&gt;&lt;span style=&quot;font-size: 13px;&quot;&gt;presiden&lt;/span&gt;&lt;/font&gt;',0,0),(175,52,'&lt;font color=&quot;#9fa8b0&quot; face=&quot;Arial, Tahoma&quot;&gt;&lt;span style=&quot;font-size: 13px;&quot;&gt;anggota PBB&lt;/span&gt;&lt;/font&gt;',0,0),(176,52,'&lt;font color=&quot;#9fa8b0&quot; face=&quot;Arial, Tahoma&quot;&gt;&lt;span style=&quot;font-size: 13px;&quot;&gt;kepala negara&lt;/span&gt;&lt;/font&gt;',0,0),(177,53,'&lt;font color=&quot;#9fa8b0&quot; face=&quot;Arial, Tahoma&quot;&gt;&lt;span style=&quot;font-size: 13px;&quot;&gt;Berbuat adil&lt;/span&gt;&lt;/font&gt;',0,0),(178,53,'&lt;font color=&quot;#9fa8b0&quot; face=&quot;Arial, Tahoma&quot;&gt;&lt;span style=&quot;font-size: 13px;&quot;&gt;Tingkatan derajat&lt;/span&gt;&lt;/font&gt;',0,0),(179,53,'&lt;font color=&quot;#9fa8b0&quot; face=&quot;Arial, Tahoma&quot;&gt;&lt;span style=&quot;font-size: 13px;&quot;&gt;Kesamaan derajat&lt;/span&gt;&lt;/font&gt;',1,0),(180,53,'&lt;font color=&quot;#9fa8b0&quot; face=&quot;Arial, Tahoma&quot;&gt;&lt;span style=&quot;font-size: 13px;&quot;&gt;Perbedaan derajat&lt;/span&gt;&lt;/font&gt;',0,0),(181,54,'&lt;font color=&quot;#9fa8b0&quot; face=&quot;Arial, Tahoma&quot;&gt;&lt;span style=&quot;font-size: 13px;&quot;&gt;Warga negara Indonesia&lt;/span&gt;&lt;/font&gt;',1,0),(182,54,'&lt;font color=&quot;#9fa8b0&quot; face=&quot;Arial, Tahoma&quot;&gt;&lt;span style=&quot;font-size: 13px;&quot;&gt;Bangsa asing&lt;/span&gt;&lt;/font&gt;',0,0),(183,54,'&lt;font color=&quot;#9fa8b0&quot; face=&quot;Arial, Tahoma&quot;&gt;&lt;span style=&quot;font-size: 13px;&quot;&gt;Pejabat bangsa&lt;/span&gt;&lt;/font&gt;',0,0),(184,54,'&lt;font color=&quot;#9fa8b0&quot; face=&quot;Arial, Tahoma&quot;&gt;&lt;span style=&quot;font-size: 13px;&quot;&gt;Pejuang bangsa&lt;/span&gt;&lt;/font&gt;',0,0),(185,55,'10',0,0),(186,55,'9',0,0),(187,55,'8',0,0),(188,55,'7',1,0),(189,56,'&lt;font color=&quot;#9fa8b0&quot; face=&quot;Arial, Tahoma&quot;&gt;&lt;span style=&quot;font-size: 13px;&quot;&gt;Garuda Pancasila&lt;/span&gt;&lt;/font&gt;',0,0),(190,56,'&lt;font color=&quot;#9fa8b0&quot; face=&quot;Arial, Tahoma&quot;&gt;&lt;span style=&quot;font-size: 13px;&quot;&gt;Republik&lt;/span&gt;&lt;/font&gt;',0,0),(191,56,'&lt;font color=&quot;#9fa8b0&quot; face=&quot;Arial, Tahoma&quot;&gt;&lt;span style=&quot;font-size: 13px;&quot;&gt;Pancasila&lt;/span&gt;&lt;/font&gt;',0,0),(192,56,'&lt;font color=&quot;#9fa8b0&quot; face=&quot;Arial, Tahoma&quot;&gt;&lt;span style=&quot;font-size: 13px;&quot;&gt;UUD 1945&lt;/span&gt;&lt;/font&gt;',1,0),(193,57,'&lt;font color=&quot;#9fa8b0&quot; face=&quot;Arial, Tahoma&quot;&gt;&lt;span style=&quot;font-size: 13px;&quot;&gt;Raya&lt;/span&gt;&lt;/font&gt;',1,0),(194,57,'&lt;font color=&quot;#9fa8b0&quot; face=&quot;Arial, Tahoma&quot;&gt;&lt;span style=&quot;font-size: 13px;&quot;&gt;Merdeka&amp;nbsp;&lt;/span&gt;&lt;/font&gt;',0,0),(195,57,'&lt;font color=&quot;#9fa8b0&quot; face=&quot;Arial, Tahoma&quot;&gt;&lt;span style=&quot;font-size: 13px;&quot;&gt;Jaya&lt;/span&gt;&lt;/font&gt;',0,0),(196,57,'&lt;font color=&quot;#9fa8b0&quot; face=&quot;Arial, Tahoma&quot;&gt;&lt;span style=&quot;font-size: 13px;&quot;&gt;Charter&lt;/span&gt;&lt;/font&gt;',0,0),(197,58,'5',1,0),(198,58,'3',0,0),(199,58,'2',0,0),(200,58,'1',0,0),(201,59,'&lt;font color=&quot;#9fa8b0&quot; face=&quot;Arial, Tahoma&quot;&gt;&lt;span style=&quot;font-size: 13px;&quot;&gt;Soedirman&lt;/span&gt;&lt;/font&gt;',0,0),(202,59,'&lt;font color=&quot;#9fa8b0&quot; face=&quot;Arial, Tahoma&quot;&gt;&lt;span style=&quot;font-size: 13px;&quot;&gt;Soeharto&lt;/span&gt;&lt;/font&gt;',0,0),(203,59,'&lt;font color=&quot;#9fa8b0&quot; face=&quot;Arial, Tahoma&quot;&gt;&lt;span style=&quot;font-size: 13px;&quot;&gt;Drs. Moh. Hatta&lt;/span&gt;&lt;/font&gt;',0,0),(204,59,'&lt;font color=&quot;#9fa8b0&quot; face=&quot;Arial, Tahoma&quot;&gt;&lt;span style=&quot;font-size: 13px;&quot;&gt;Ir. Soekarno&lt;/span&gt;&lt;/font&gt;',1,0),(205,60,'&lt;font color=&quot;#9fa8b0&quot; face=&quot;Arial, Tahoma&quot;&gt;&lt;span style=&quot;font-size: 13px;&quot;&gt;Pancapesona&lt;/span&gt;&lt;/font&gt;',0,0),(206,60,'&lt;font color=&quot;#9fa8b0&quot; face=&quot;Arial, Tahoma&quot;&gt;&lt;span style=&quot;font-size: 13px;&quot;&gt;Pancasona&lt;/span&gt;&lt;/font&gt;',0,0),(207,60,'&lt;font color=&quot;#9fa8b0&quot; face=&quot;Arial, Tahoma&quot;&gt;&lt;span style=&quot;font-size: 13px;&quot;&gt;Pancausaha&lt;/span&gt;&lt;/font&gt;',0,0),(208,60,'&lt;font color=&quot;#9fa8b0&quot; face=&quot;Arial, Tahoma&quot;&gt;&lt;span style=&quot;font-size: 13px;&quot;&gt;Pancasila&lt;/span&gt;&lt;/font&gt;',1,0);

/*Table structure for table `assigment` */

DROP TABLE IF EXISTS `assigment`;

CREATE TABLE `assigment` (
  `assigment_id` int(11) NOT NULL AUTO_INCREMENT,
  `subject_id` int(11) NOT NULL,
  `teacher_id` int(11) NOT NULL,
  `exam_category_id` int(11) NOT NULL,
  `exam_id` int(11) NOT NULL,
  `date` varchar(100) NOT NULL,
  `time` varchar(100) NOT NULL,
  `description` text NOT NULL,
  `receiver` text NOT NULL,
  `lock` enum('n','y') NOT NULL,
  `markbook` enum('n','y') NOT NULL,
  PRIMARY KEY (`assigment_id`)
) ENGINE=InnoDB AUTO_INCREMENT=29 DEFAULT CHARSET=latin1;

/*Data for the table `assigment` */

insert  into `assigment`(`assigment_id`,`subject_id`,`teacher_id`,`exam_category_id`,`exam_id`,`date`,`time`,`description`,`receiver`,`lock`,`markbook`) values (7,8,16,2,4,'04/27/2017','9:45 AM','Ini Percobaan Assigment','Grade:7A','y','n'),(8,8,2,2,10,'05/08/2017','12:00 PM','','','n','n'),(9,8,16,1,12,'07/20/2017','9:30 AM','','','n','y'),(10,8,16,0,0,'','2:45 PM','','','n','y'),(11,11,1,1,12,'10/03/2017','10:45 AM','Sebutkan 6 suku yang ada di indonesia.','Grade:7','y','y'),(12,11,7,2,4,'10/03/2017','11:45 AM','kerjakan soal pilihan ganda halaman 10no 1 s/d 30','Grade:7','y','y'),(13,75,7,1,12,'10/04/2017','8:00 AM','jabung tumapalung sabda kumapala hartina................?','','y','y'),(14,75,7,2,4,'10/04/2017','9:15 AM','jabung tumapalung sabda kumpalang hartina..............?','Grade:7','y','y'),(15,8,1,2,6,'10/04/2017','9:30 AM','Ming and Andrew made a cake and cut it into 8 equal pieces. They gave 3 pieces to Susan. What fraction of the cake is left?\r\n\r\na.7/8\r\nb. 5/8\r\nc.3/8\r\nd.1/8','Grade:7','y','y'),(16,11,7,1,12,'10/26/2017','12:45 PM','tes assignment lagi','Grade:7','y','y'),(17,74,17,2,5,'11/02/2017','9:30 AM','please bring the guitar tomorrow.','Grade:7','y','y'),(18,11,7,1,12,'11/02/2017','9:30 AM','ini adalah tugas','Grade:7','y','y'),(19,11,7,1,12,'11/03/2017','10:45 AM','kerjakan tugas bahasa indonesia hal5','Grade:7','y','y'),(20,15,16,1,12,'11/03/2017','1:45 PM','kerjakan soal hal 20','','y','y'),(21,10,7,2,6,'11/02/2017','3:30 PM','desc','Grade:7','n','n'),(22,11,7,1,12,'11/08/2017','9:30 AM','kerjakan tugas halaman 10','Grade:7','y','n'),(23,0,7,2,4,'11/10/2017','9:30 AM','hari jumalt libur yyaaa','Grade:7, Grade:8, Grade:9','n','n'),(24,11,7,1,12,'11/14/2017','11:30 AM','kerjakan hal 30 no 1-5','Grade:7','y','n'),(25,11,7,2,10,'11/14/2017','9:45 AM','untuk project kali ini, kalian harus membuat video pendek tentang disiplin lalu lintas','Grade:7','y','n'),(26,11,7,1,12,'11/14/2017','11:00 AM','tess lagi','','y','n'),(27,10,7,1,12,'11/14/2017','11:00 AM','tess ulang','Grade:8, Grade:7','y','n'),(28,8,7,1,12,'11/14/2017','11:15 AM','replay','Grade:7, Grade:8','y','n');

/*Table structure for table `assigment_done` */

DROP TABLE IF EXISTS `assigment_done`;

CREATE TABLE `assigment_done` (
  `assigment_done_id` int(11) NOT NULL AUTO_INCREMENT,
  `assigment_id` int(11) NOT NULL,
  `student_id` int(11) NOT NULL,
  `description` text NOT NULL,
  `url` text,
  `file` enum('y','n') NOT NULL DEFAULT 'n',
  PRIMARY KEY (`assigment_done_id`)
) ENGINE=InnoDB AUTO_INCREMENT=23 DEFAULT CHARSET=latin1;

/*Data for the table `assigment_done` */

insert  into `assigment_done`(`assigment_done_id`,`assigment_id`,`student_id`,`description`,`url`,`file`) values (1,7,79,'pak ini tugas matematika saya','','y'),(16,21,7,'sdffsfsfsf',NULL,'y'),(17,22,7,'1.a\r\n2.b\r\n3.c\r\n4.d\r\n5.a',NULL,'y'),(18,22,7,'1.a\r\n2.b\r\n3.c\r\n4.d\r\n5.a',NULL,'y'),(19,24,7,'',NULL,'y'),(20,22,7,'1.a\r\n2.b\r\n3.c\r\n4.d\r\n5.a',NULL,'y'),(21,27,4,'okay',NULL,'y'),(22,27,14,'',NULL,'y');

/*Table structure for table `assigment_done_file` */

DROP TABLE IF EXISTS `assigment_done_file`;

CREATE TABLE `assigment_done_file` (
  `assigment_done_file_id` int(11) NOT NULL AUTO_INCREMENT,
  `assigment_done_id` int(11) NOT NULL,
  `assigment_done_file_name` varchar(255) NOT NULL,
  PRIMARY KEY (`assigment_done_file_id`)
) ENGINE=InnoDB AUTO_INCREMENT=9 DEFAULT CHARSET=latin1;

/*Data for the table `assigment_done_file` */

insert  into `assigment_done_file`(`assigment_done_file_id`,`assigment_done_id`,`assigment_done_file_name`) values (1,1,'13.png'),(2,16,'M_WzFq6n6O1Y.docx'),(3,17,'M_NTG4OvBAMh.'),(4,18,'M_ma7f45GkMk.'),(5,19,'M_jiNQmgOf4p.jpg'),(6,20,'M_9Ci7vZ3kkr.'),(7,21,'M_KE4QjkXxHV.'),(8,22,'M_iUttkD39IL.pdf');

/*Table structure for table `assigment_file` */

DROP TABLE IF EXISTS `assigment_file`;

CREATE TABLE `assigment_file` (
  `assigment_file_id` int(11) NOT NULL AUTO_INCREMENT,
  `assigment_id` int(11) NOT NULL,
  `assigment_file_name` varchar(255) NOT NULL,
  PRIMARY KEY (`assigment_file_id`)
) ENGINE=InnoDB AUTO_INCREMENT=29 DEFAULT CHARSET=latin1;

/*Data for the table `assigment_file` */

insert  into `assigment_file`(`assigment_file_id`,`assigment_id`,`assigment_file_name`) values (6,7,'M_WwWptQABWU.jpg'),(7,7,'M_z8LKx7wGDu.jpg'),(8,8,'M_NpntIxr5UR.'),(9,9,'M_qiYhlRFoaH.'),(10,10,'M_psjWRMtXLJ.'),(11,11,'M_Z5Huy6L3AO.'),(12,12,'M_NjW1EBoxAw.'),(13,13,'M_85ihoXlAAV.'),(14,14,'M_u5zx8OKuGK.'),(15,15,'M_zu0wOtZNus.'),(16,16,'M_P6AUN5Vzjr.'),(17,17,'M_4f09GxMC6b.'),(18,18,'M_BLHl2AFmTq.'),(19,19,'M_ZAM2mCSZTm.'),(20,20,'M_rlyd1l1PEm.'),(21,21,'M_zM3zk4tvMT.'),(22,22,'M_5PtQutOcyf.'),(23,23,'M_dPrmoehP5i.'),(24,24,'M_0Gu8CeXS91.'),(25,25,'M_9poeLcn3l0.'),(26,26,'M_INZHWHBSws.'),(27,27,'M_UdzPwoiyOC.'),(28,28,'M_GEF2OwoBca.');

/*Table structure for table `assigment_interaksi` */

DROP TABLE IF EXISTS `assigment_interaksi`;

CREATE TABLE `assigment_interaksi` (
  `assigment_interaksi_id` int(11) NOT NULL AUTO_INCREMENT,
  `assigment_id` int(11) NOT NULL,
  `teacher_id` int(11) NOT NULL,
  `student_id` int(11) NOT NULL,
  `assigment_interaksi_comment` text NOT NULL,
  `sender` varchar(100) NOT NULL,
  PRIMARY KEY (`assigment_interaksi_id`)
) ENGINE=InnoDB AUTO_INCREMENT=9 DEFAULT CHARSET=latin1;

/*Data for the table `assigment_interaksi` */

insert  into `assigment_interaksi`(`assigment_interaksi_id`,`assigment_id`,`teacher_id`,`student_id`,`assigment_interaksi_comment`,`sender`) values (2,7,16,79,'sadddddddddddd','teacher'),(3,7,16,79,'asdada','teacher'),(4,7,16,79,'balas','teacher'),(5,22,7,7,'ok bagus amanda','teacher'),(6,24,7,7,'','teacher'),(7,27,7,4,'yess','teacher'),(8,27,7,4,'tes lagi','teacher');

/*Table structure for table `assigment_tag` */

DROP TABLE IF EXISTS `assigment_tag`;

CREATE TABLE `assigment_tag` (
  `assigment_tag_id` int(11) NOT NULL AUTO_INCREMENT,
  `assigment_id` int(11) NOT NULL,
  `assigment_tag_name` varchar(255) NOT NULL,
  PRIMARY KEY (`assigment_tag_id`)
) ENGINE=InnoDB AUTO_INCREMENT=33 DEFAULT CHARSET=latin1;

/*Data for the table `assigment_tag` */

insert  into `assigment_tag`(`assigment_tag_id`,`assigment_id`,`assigment_tag_name`) values (7,7,'Grade:1'),(8,8,''),(9,9,''),(10,10,''),(11,11,'Grade:1'),(12,12,'Grade:1'),(13,13,''),(14,14,'Grade:1'),(15,15,'Grade:1'),(16,16,'Grade:1'),(17,17,'Grade:1'),(18,18,'Grade:1'),(19,19,'Grade:1'),(20,20,''),(21,21,'Grade:1'),(22,22,'Grade:1'),(23,23,'Grade:1'),(24,23,'Grade:2'),(25,23,'Grade:3'),(26,24,'Grade:1'),(27,25,'Grade:1'),(28,26,''),(29,27,'Grade:2'),(30,27,'Grade:1'),(31,28,'Grade:1'),(32,28,'Grade:2');

/*Table structure for table `attendance` */

DROP TABLE IF EXISTS `attendance`;

CREATE TABLE `attendance` (
  `attendance_id` int(11) NOT NULL AUTO_INCREMENT,
  `timestamp` varchar(10) COLLATE utf8_unicode_ci NOT NULL,
  `date_login` varchar(100) COLLATE utf8_unicode_ci DEFAULT NULL,
  `year` longtext COLLATE utf8_unicode_ci NOT NULL,
  `class_id` int(11) NOT NULL,
  `section_id` int(11) NOT NULL,
  `student_id` int(11) NOT NULL,
  `class_routine_id` int(11) NOT NULL,
  `status` int(11) NOT NULL COMMENT '0(undefined) 1(present) 2(absent)',
  `status_notif` int(11) DEFAULT '0',
  `attendance_by` varchar(255) COLLATE utf8_unicode_ci DEFAULT 'Student',
  `image` varchar(255) COLLATE utf8_unicode_ci DEFAULT NULL,
  PRIMARY KEY (`attendance_id`)
) ENGINE=InnoDB AUTO_INCREMENT=361 DEFAULT CHARSET=utf8 COLLATE=utf8_unicode_ci;

/*Data for the table `attendance` */

insert  into `attendance`(`attendance_id`,`timestamp`,`date_login`,`year`,`class_id`,`section_id`,`student_id`,`class_routine_id`,`status`,`status_notif`,`attendance_by`,`image`) values (15,'1506902400','14:41:24','2017-2018',1,1,1,0,1,1,'Student','8d509a3a75c728a11234563139410717.jpg'),(16,'1506902400','15:43:24','2017-2018',1,1,1,0,1,1,'Student','8d509ac500e019111234563139410717.jpg'),(17,'1507593600','17:09:35','2017-2018',1,1,4,0,1,0,'Student','8d51001adaa96c541718070253139404538.jpg'),(18,'1507593600','17:25:05','2017-2018',1,1,1,0,1,0,'Student','8d51003d856520c11234563139410717.jpg'),(19,'1507593600','17:25:22','2017-2018',2,2,5,0,1,0,'Student','8d51003e215949551617070450070245450.jpg'),(20,'1507593600','17:25:41','2017-2018',1,1,4,0,1,0,'Student','8d51003ed7dab5741718070253139404538.jpg'),(21,'1507593600','17:25:59','2017-2018',1,1,2,0,1,0,'Student','8d51003f7e984172123453139427184.jpg'),(22,'1507593600','17:26:17','2017-2018',1,1,3,0,1,0,'Student','8d510040166daa931718070493139387180.jpg'),(23,'1509580800','10:38:00','2017-2018',1,1,1,0,1,1,'Admin demo','attendance_by_admin.jpg'),(24,'1509580800','10:38:08','2017-2018',1,1,3,0,1,1,'Admin demo','attendance_by_admin.jpg'),(25,'1509580800','10:38:16','2017-2018',1,8,7,0,1,1,'Admin demo','attendance_by_admin.jpg'),(26,'1509580800','10:38:44','2017-2018',1,8,8,0,1,1,'Admin demo','attendance_by_admin.jpg'),(27,'1509580800','10:38:53','2017-2018',1,1,2,0,1,1,'Admin demo','attendance_by_admin.jpg'),(28,'1509580800','10:39:01','2017-2018',1,1,4,0,1,1,'Admin demo','attendance_by_admin.jpg'),(29,'1509580800','10:39:08','2017-2018',1,8,9,0,1,1,'Admin demo','attendance_by_admin.jpg'),(30,'1509580800','10:39:15','2017-2018',1,8,10,0,1,1,'Admin demo','attendance_by_admin.jpg'),(31,'1509580800','10:39:23','2017-2018',1,8,11,0,1,1,'Admin demo','attendance_by_admin.jpg'),(32,'1509580800','10:39:31','2017-2018',1,8,12,0,1,1,'Admin demo','attendance_by_admin.jpg'),(33,'1509580800','10:39:38','2017-2018',2,2,5,0,1,1,'Admin demo','attendance_by_admin.jpg'),(34,'1509580800','10:39:45','2017-2018',2,2,6,0,1,1,'Admin demo','attendance_by_admin.jpg'),(35,'1509580800','10:39:53','2017-2018',3,5,13,0,1,1,'Admin demo','attendance_by_admin.jpg'),(36,'1509926400',NULL,'2017-2018',1,8,7,0,1,1,'Student',NULL),(37,'1509926400',NULL,'2017-2018',1,8,8,0,1,1,'Student',NULL),(38,'1509926400',NULL,'2017-2018',1,8,9,0,1,1,'Student',NULL),(39,'1509926400',NULL,'2017-2018',1,8,10,0,1,1,'Student',NULL),(40,'1509926400',NULL,'2017-2018',1,8,11,0,1,1,'Student',NULL),(41,'1509926400',NULL,'2017-2018',1,8,12,0,1,1,'Student',NULL),(42,'1509926400','08:25:03','2017-2018',1,1,1,0,1,1,'Admin demo','attendance_by_admin.jpg'),(43,'1509926400','08:25:16','2017-2018',1,1,2,0,2,1,'Admin demo','attendance_by_admin.jpg'),(44,'1509926400','08:25:24','2017-2018',1,1,3,0,1,1,'Admin demo','attendance_by_admin.jpg'),(45,'1509926400','08:25:33','2017-2018',1,1,4,0,1,1,'Admin demo','attendance_by_admin.jpg'),(46,'1509926400','08:25:48','2017-2018',1,8,7,0,1,1,'Admin demo','attendance_by_admin.jpg'),(47,'1509926400','08:26:03','2017-2018',1,8,8,0,1,1,'Admin demo','attendance_by_admin.jpg'),(48,'1509926400','08:26:35','2017-2018',1,8,9,0,1,1,'Admin demo','attendance_by_admin.jpg'),(49,'1509926400','08:26:46','2017-2018',1,8,10,0,1,1,'Admin demo','attendance_by_admin.jpg'),(50,'1509926400','08:26:53','2017-2018',1,8,11,0,1,1,'Admin demo','attendance_by_admin.jpg'),(51,'1509926400','08:27:04','2017-2018',1,8,12,0,3,1,'Admin demo','attendance_by_admin.jpg'),(52,'1509926400','08:27:13','2017-2018',2,2,5,0,1,1,'Admin demo','attendance_by_admin.jpg'),(53,'1509926400','08:27:22','2017-2018',2,2,6,0,1,1,'Admin demo','attendance_by_admin.jpg'),(54,'1509926400','08:27:31','2017-2018',3,5,13,0,4,1,'Admin demo','attendance_by_admin.jpg'),(55,'1510099200','08:38:21','2017-2018',1,1,1,0,3,1,'Admin demo','attendance_by_admin.jpg'),(56,'1510099200','08:38:35','2017-2018',1,1,2,0,1,1,'Admin demo','attendance_by_admin.jpg'),(57,'1510099200','08:41:28','2017-2018',1,1,3,0,2,1,'Admin demo','attendance_by_admin.jpg'),(58,'1510099200','08:41:44','2017-2018',1,1,4,0,1,1,'Admin demo','attendance_by_admin.jpg'),(59,'1510099200','08:41:54','2017-2018',1,8,7,0,1,1,'Admin demo','attendance_by_admin.jpg'),(60,'1510099200','08:42:03','2017-2018',1,8,8,0,1,1,'Admin demo','attendance_by_admin.jpg'),(61,'1510099200','08:42:10','2017-2018',1,8,9,0,1,1,'Admin demo','attendance_by_admin.jpg'),(62,'1510099200','08:42:19','2017-2018',1,8,10,0,1,1,'Admin demo','attendance_by_admin.jpg'),(63,'1510099200','08:42:25','2017-2018',1,8,11,0,1,1,'Admin demo','attendance_by_admin.jpg'),(64,'1510099200','08:42:32','2017-2018',1,8,12,0,1,1,'Admin demo','attendance_by_admin.jpg'),(65,'1510099200','08:42:42','2017-2018',2,2,5,0,4,1,'Admin demo','attendance_by_admin.jpg'),(66,'1510099200','08:42:49','2017-2018',2,2,6,0,3,1,'Admin demo','attendance_by_admin.jpg'),(67,'1510099200','08:42:56','2017-2018',3,5,13,0,1,1,'Admin demo','attendance_by_admin.jpg'),(68,'1509667200',NULL,'2017-2018',1,1,1,0,1,0,'Student',NULL),(69,'1509667200',NULL,'2017-2018',1,1,2,0,1,0,'Student',NULL),(70,'1509667200',NULL,'2017-2018',1,1,3,0,1,0,'Student',NULL),(71,'1509667200',NULL,'2017-2018',1,1,4,0,1,0,'Student',NULL),(72,'1509494400',NULL,'2017-2018',1,1,1,0,1,0,'Student',NULL),(73,'1509494400',NULL,'2017-2018',1,1,2,0,1,0,'Student',NULL),(74,'1509494400',NULL,'2017-2018',1,1,3,0,1,0,'Student',NULL),(75,'1509494400',NULL,'2017-2018',1,1,4,0,1,0,'Student',NULL),(76,'1509494400',NULL,'2017-2018',1,8,7,0,1,0,'Student',NULL),(77,'1509494400',NULL,'2017-2018',1,8,8,0,1,0,'Student',NULL),(78,'1509494400',NULL,'2017-2018',1,8,9,0,1,0,'Student',NULL),(79,'1509494400',NULL,'2017-2018',1,8,10,0,1,0,'Student',NULL),(80,'1509494400',NULL,'2017-2018',1,8,11,0,1,0,'Student',NULL),(81,'1509494400',NULL,'2017-2018',1,8,12,0,1,0,'Student',NULL),(82,'1509408000',NULL,'2017-2018',1,8,7,0,1,0,'Student',NULL),(83,'1509408000',NULL,'2017-2018',1,8,8,0,1,0,'Student',NULL),(84,'1509408000',NULL,'2017-2018',1,8,9,0,1,0,'Student',NULL),(85,'1509408000',NULL,'2017-2018',1,8,10,0,1,0,'Student',NULL),(86,'1509408000',NULL,'2017-2018',1,8,11,0,1,0,'Student',NULL),(87,'1509408000',NULL,'2017-2018',1,8,12,0,1,0,'Student',NULL),(88,'1509408000',NULL,'2017-2018',1,1,1,0,1,0,'Student',NULL),(89,'1509408000',NULL,'2017-2018',1,1,2,0,1,0,'Student',NULL),(90,'1509408000',NULL,'2017-2018',1,1,3,0,1,0,'Student',NULL),(91,'1509408000',NULL,'2017-2018',1,1,4,0,1,0,'Student',NULL),(92,'1509321600',NULL,'2017-2018',1,1,1,0,1,0,'Student',NULL),(93,'1509321600',NULL,'2017-2018',1,1,2,0,2,0,'Student',NULL),(94,'1509321600',NULL,'2017-2018',1,1,3,0,1,0,'Student',NULL),(95,'1509321600',NULL,'2017-2018',1,1,4,0,1,0,'Student',NULL),(96,'1509321600',NULL,'2017-2018',1,8,7,0,1,0,'Student',NULL),(97,'1509321600',NULL,'2017-2018',1,8,8,0,1,0,'Student',NULL),(98,'1509321600',NULL,'2017-2018',1,8,9,0,1,0,'Student',NULL),(99,'1509321600',NULL,'2017-2018',1,8,10,0,1,0,'Student',NULL),(100,'1509321600',NULL,'2017-2018',1,8,11,0,1,0,'Student',NULL),(101,'1509321600',NULL,'2017-2018',1,8,12,0,1,0,'Student',NULL),(102,'1510012800',NULL,'2017-2018',1,8,7,0,1,0,'Student',NULL),(103,'1510012800',NULL,'2017-2018',1,8,8,0,1,0,'Student',NULL),(104,'1510012800',NULL,'2017-2018',1,8,9,0,1,0,'Student',NULL),(105,'1510012800',NULL,'2017-2018',1,8,10,0,2,0,'Student',NULL),(106,'1510012800',NULL,'2017-2018',1,8,11,0,3,0,'Student',NULL),(107,'1510012800',NULL,'2017-2018',1,8,12,0,1,0,'Student',NULL),(108,'1510012800',NULL,'2017-2018',1,1,1,0,1,0,'Student',NULL),(109,'1510012800',NULL,'2017-2018',1,1,2,0,2,0,'Student',NULL),(110,'1510012800',NULL,'2017-2018',1,1,3,0,3,0,'Student',NULL),(111,'1510012800',NULL,'2017-2018',1,1,4,0,4,0,'Student',NULL),(112,'1509667200',NULL,'2017-2018',1,8,7,0,1,0,'Student',NULL),(113,'1509667200',NULL,'2017-2018',1,8,8,0,2,0,'Student',NULL),(114,'1509667200',NULL,'2017-2018',1,8,9,0,3,0,'Student',NULL),(115,'1509667200',NULL,'2017-2018',1,8,10,0,4,0,'Student',NULL),(116,'1509667200',NULL,'2017-2018',1,8,11,0,1,0,'Student',NULL),(117,'1509667200',NULL,'2017-2018',1,8,12,0,1,0,'Student',NULL),(118,'1506988800',NULL,'2017-2018',1,1,1,0,1,0,'Student',NULL),(119,'1506988800',NULL,'2017-2018',1,1,2,0,1,0,'Student',NULL),(120,'1506988800',NULL,'2017-2018',1,1,3,0,1,0,'Student',NULL),(121,'1506988800',NULL,'2017-2018',1,1,4,0,3,0,'Student',NULL),(122,'1507075200',NULL,'2017-2018',1,1,1,0,1,0,'Student',NULL),(123,'1507075200',NULL,'2017-2018',1,1,2,0,1,0,'Student',NULL),(124,'1507075200',NULL,'2017-2018',1,1,3,0,1,0,'Student',NULL),(125,'1507075200',NULL,'2017-2018',1,1,4,0,1,0,'Student',NULL),(126,'1507161600',NULL,'2017-2018',1,1,1,0,1,0,'Student',NULL),(127,'1507161600',NULL,'2017-2018',1,1,2,0,1,0,'Student',NULL),(128,'1507161600',NULL,'2017-2018',1,1,3,0,1,0,'Student',NULL),(129,'1507161600',NULL,'2017-2018',1,1,4,0,1,0,'Student',NULL),(130,'1507248000',NULL,'2017-2018',1,1,1,0,1,0,'Student',NULL),(131,'1507248000',NULL,'2017-2018',1,1,2,0,1,0,'Student',NULL),(132,'1507248000',NULL,'2017-2018',1,1,3,0,1,0,'Student',NULL),(133,'1507248000',NULL,'2017-2018',1,1,4,0,3,0,'Student',NULL),(134,'1507507200',NULL,'2017-2018',1,1,1,0,1,0,'Student',NULL),(135,'1507507200',NULL,'2017-2018',1,1,2,0,1,0,'Student',NULL),(136,'1507507200',NULL,'2017-2018',1,1,3,0,3,0,'Student',NULL),(137,'1507507200',NULL,'2017-2018',1,1,4,0,1,0,'Student',NULL),(138,'1507680000',NULL,'2017-2018',1,1,1,0,1,0,'Student',NULL),(139,'1507680000',NULL,'2017-2018',1,1,2,0,1,0,'Student',NULL),(140,'1507680000',NULL,'2017-2018',1,1,3,0,1,0,'Student',NULL),(141,'1507680000',NULL,'2017-2018',1,1,4,0,3,0,'Student',NULL),(142,'1507766400',NULL,'2017-2018',1,1,1,0,1,0,'Student',NULL),(143,'1507766400',NULL,'2017-2018',1,1,2,0,3,0,'Student',NULL),(144,'1507766400',NULL,'2017-2018',1,1,3,0,3,0,'Student',NULL),(145,'1507766400',NULL,'2017-2018',1,1,4,0,3,0,'Student',NULL),(146,'1507852800',NULL,'2017-2018',1,1,1,0,1,0,'Student',NULL),(147,'1507852800',NULL,'2017-2018',1,1,2,0,1,0,'Student',NULL),(148,'1507852800',NULL,'2017-2018',1,1,3,0,1,0,'Student',NULL),(149,'1507852800',NULL,'2017-2018',1,1,4,0,1,0,'Student',NULL),(150,'1508112000',NULL,'2017-2018',1,1,1,0,2,0,'Student',NULL),(151,'1508112000',NULL,'2017-2018',1,1,2,0,1,0,'Student',NULL),(152,'1508112000',NULL,'2017-2018',1,1,3,0,3,0,'Student',NULL),(153,'1508112000',NULL,'2017-2018',1,1,4,0,1,0,'Student',NULL),(154,'1508198400',NULL,'2017-2018',1,1,1,0,1,0,'Student',NULL),(155,'1508198400',NULL,'2017-2018',1,1,2,0,1,0,'Student',NULL),(156,'1508198400',NULL,'2017-2018',1,1,3,0,1,0,'Student',NULL),(157,'1508198400',NULL,'2017-2018',1,1,4,0,1,0,'Student',NULL),(158,'1508284800',NULL,'2017-2018',1,1,1,0,1,0,'Student',NULL),(159,'1508284800',NULL,'2017-2018',1,1,2,0,1,0,'Student',NULL),(160,'1508284800',NULL,'2017-2018',1,1,3,0,1,0,'Student',NULL),(161,'1508284800',NULL,'2017-2018',1,1,4,0,1,0,'Student',NULL),(162,'1508371200',NULL,'2017-2018',1,1,1,0,1,0,'Student',NULL),(163,'1508371200',NULL,'2017-2018',1,1,2,0,1,0,'Student',NULL),(164,'1508371200',NULL,'2017-2018',1,1,3,0,1,0,'Student',NULL),(165,'1508371200',NULL,'2017-2018',1,1,4,0,1,0,'Student',NULL),(166,'1508457600',NULL,'2017-2018',1,1,1,0,1,0,'Student',NULL),(167,'1508457600',NULL,'2017-2018',1,1,2,0,1,0,'Student',NULL),(168,'1508457600',NULL,'2017-2018',1,1,3,0,1,0,'Student',NULL),(169,'1508457600',NULL,'2017-2018',1,1,4,0,1,0,'Student',NULL),(170,'1508716800',NULL,'2017-2018',1,1,1,0,1,0,'Student',NULL),(171,'1508716800',NULL,'2017-2018',1,1,2,0,1,0,'Student',NULL),(172,'1508716800',NULL,'2017-2018',1,1,3,0,1,0,'Student',NULL),(173,'1508716800',NULL,'2017-2018',1,1,4,0,1,0,'Student',NULL),(174,'1508803200',NULL,'2017-2018',1,1,1,0,1,0,'Student',NULL),(175,'1508803200',NULL,'2017-2018',1,1,2,0,1,0,'Student',NULL),(176,'1508803200',NULL,'2017-2018',1,1,3,0,1,0,'Student',NULL),(177,'1508803200',NULL,'2017-2018',1,1,4,0,1,0,'Student',NULL),(178,'1508889600',NULL,'2017-2018',1,1,1,0,2,0,'Student',NULL),(179,'1508889600',NULL,'2017-2018',1,1,2,0,1,0,'Student',NULL),(180,'1508889600',NULL,'2017-2018',1,1,3,0,2,0,'Student',NULL),(181,'1508889600',NULL,'2017-2018',1,1,4,0,1,0,'Student',NULL),(182,'1508976000',NULL,'2017-2018',1,1,1,0,1,0,'Student',NULL),(183,'1508976000',NULL,'2017-2018',1,1,2,0,1,0,'Student',NULL),(184,'1508976000',NULL,'2017-2018',1,1,3,0,1,0,'Student',NULL),(185,'1508976000',NULL,'2017-2018',1,1,4,0,1,0,'Student',NULL),(186,'1509062400',NULL,'2017-2018',1,1,1,0,2,0,'Student',NULL),(187,'1509062400',NULL,'2017-2018',1,1,2,0,1,0,'Student',NULL),(188,'1509062400',NULL,'2017-2018',1,1,3,0,1,0,'Student',NULL),(189,'1509062400',NULL,'2017-2018',1,1,4,0,1,0,'Student',NULL),(190,'1506902400',NULL,'2017-2018',1,8,7,0,1,0,'Student',NULL),(191,'1506902400',NULL,'2017-2018',1,8,8,0,1,0,'Student',NULL),(192,'1506902400',NULL,'2017-2018',1,8,9,0,1,0,'Student',NULL),(193,'1506902400',NULL,'2017-2018',1,8,10,0,1,0,'Student',NULL),(194,'1506902400',NULL,'2017-2018',1,8,11,0,1,0,'Student',NULL),(195,'1506902400',NULL,'2017-2018',1,8,12,0,1,0,'Student',NULL),(196,'1506988800',NULL,'2017-2018',1,8,7,0,1,0,'Student',NULL),(197,'1506988800',NULL,'2017-2018',1,8,8,0,4,0,'Student',NULL),(198,'1506988800',NULL,'2017-2018',1,8,9,0,1,0,'Student',NULL),(199,'1506988800',NULL,'2017-2018',1,8,10,0,3,0,'Student',NULL),(200,'1506988800',NULL,'2017-2018',1,8,11,0,2,0,'Student',NULL),(201,'1506988800',NULL,'2017-2018',1,8,12,0,3,0,'Student',NULL),(202,'1507075200',NULL,'2017-2018',1,8,7,0,1,0,'Student',NULL),(203,'1507075200',NULL,'2017-2018',1,8,8,0,1,0,'Student',NULL),(204,'1507075200',NULL,'2017-2018',1,8,9,0,1,0,'Student',NULL),(205,'1507075200',NULL,'2017-2018',1,8,10,0,1,0,'Student',NULL),(206,'1507075200',NULL,'2017-2018',1,8,11,0,1,0,'Student',NULL),(207,'1507075200',NULL,'2017-2018',1,8,12,0,1,0,'Student',NULL),(208,'1507161600',NULL,'2017-2018',1,8,7,0,1,0,'Student',NULL),(209,'1507161600',NULL,'2017-2018',1,8,8,0,1,0,'Student',NULL),(210,'1507161600',NULL,'2017-2018',1,8,9,0,1,0,'Student',NULL),(211,'1507161600',NULL,'2017-2018',1,8,10,0,1,0,'Student',NULL),(212,'1507161600',NULL,'2017-2018',1,8,11,0,1,0,'Student',NULL),(213,'1507161600',NULL,'2017-2018',1,8,12,0,1,0,'Student',NULL),(214,'1507248000',NULL,'2017-2018',1,8,7,0,2,0,'Student',NULL),(215,'1507248000',NULL,'2017-2018',1,8,8,0,1,0,'Student',NULL),(216,'1507248000',NULL,'2017-2018',1,8,9,0,2,0,'Student',NULL),(217,'1507248000',NULL,'2017-2018',1,8,10,0,3,0,'Student',NULL),(218,'1507248000',NULL,'2017-2018',1,8,11,0,3,0,'Student',NULL),(219,'1507248000',NULL,'2017-2018',1,8,12,0,1,0,'Student',NULL),(220,'1507507200',NULL,'2017-2018',1,8,7,0,1,0,'Student',NULL),(221,'1507507200',NULL,'2017-2018',1,8,8,0,1,0,'Student',NULL),(222,'1507507200',NULL,'2017-2018',1,8,9,0,1,0,'Student',NULL),(223,'1507507200',NULL,'2017-2018',1,8,10,0,1,0,'Student',NULL),(224,'1507507200',NULL,'2017-2018',1,8,11,0,1,0,'Student',NULL),(225,'1507507200',NULL,'2017-2018',1,8,12,0,1,0,'Student',NULL),(226,'1507593600',NULL,'2017-2018',1,8,7,0,1,0,'Student',NULL),(227,'1507593600',NULL,'2017-2018',1,8,8,0,1,0,'Student',NULL),(228,'1507593600',NULL,'2017-2018',1,8,9,0,1,0,'Student',NULL),(229,'1507593600',NULL,'2017-2018',1,8,10,0,1,0,'Student',NULL),(230,'1507593600',NULL,'2017-2018',1,8,11,0,1,0,'Student',NULL),(231,'1507593600',NULL,'2017-2018',1,8,12,0,1,0,'Student',NULL),(232,'1507680000',NULL,'2017-2018',1,8,7,0,1,0,'Student',NULL),(233,'1507680000',NULL,'2017-2018',1,8,8,0,1,0,'Student',NULL),(234,'1507680000',NULL,'2017-2018',1,8,9,0,1,0,'Student',NULL),(235,'1507680000',NULL,'2017-2018',1,8,10,0,1,0,'Student',NULL),(236,'1507680000',NULL,'2017-2018',1,8,11,0,1,0,'Student',NULL),(237,'1507680000',NULL,'2017-2018',1,8,12,0,1,0,'Student',NULL),(238,'1507766400',NULL,'2017-2018',1,8,7,0,1,0,'Student',NULL),(239,'1507766400',NULL,'2017-2018',1,8,8,0,2,0,'Student',NULL),(240,'1507766400',NULL,'2017-2018',1,8,9,0,1,0,'Student',NULL),(241,'1507766400',NULL,'2017-2018',1,8,10,0,3,0,'Student',NULL),(242,'1507766400',NULL,'2017-2018',1,8,11,0,1,0,'Student',NULL),(243,'1507766400',NULL,'2017-2018',1,8,12,0,1,0,'Student',NULL),(244,'1507852800',NULL,'2017-2018',1,8,7,0,1,0,'Student',NULL),(245,'1507852800',NULL,'2017-2018',1,8,8,0,1,0,'Student',NULL),(246,'1507852800',NULL,'2017-2018',1,8,9,0,1,0,'Student',NULL),(247,'1507852800',NULL,'2017-2018',1,8,10,0,1,0,'Student',NULL),(248,'1507852800',NULL,'2017-2018',1,8,11,0,1,0,'Student',NULL),(249,'1507852800',NULL,'2017-2018',1,8,12,0,1,0,'Student',NULL),(250,'1508112000',NULL,'2017-2018',1,8,7,0,2,0,'Student',NULL),(251,'1508112000',NULL,'2017-2018',1,8,8,0,1,0,'Student',NULL),(252,'1508112000',NULL,'2017-2018',1,8,9,0,3,0,'Student',NULL),(253,'1508112000',NULL,'2017-2018',1,8,10,0,1,0,'Student',NULL),(254,'1508112000',NULL,'2017-2018',1,8,11,0,1,0,'Student',NULL),(255,'1508112000',NULL,'2017-2018',1,8,12,0,1,0,'Student',NULL),(256,'1508198400',NULL,'2017-2018',1,8,7,0,1,0,'Student',NULL),(257,'1508198400',NULL,'2017-2018',1,8,8,0,1,0,'Student',NULL),(258,'1508198400',NULL,'2017-2018',1,8,9,0,4,0,'Student',NULL),(259,'1508198400',NULL,'2017-2018',1,8,10,0,1,0,'Student',NULL),(260,'1508198400',NULL,'2017-2018',1,8,11,0,1,0,'Student',NULL),(261,'1508198400',NULL,'2017-2018',1,8,12,0,2,0,'Student',NULL),(262,'1508284800',NULL,'2017-2018',1,8,7,0,1,0,'Student',NULL),(263,'1508284800',NULL,'2017-2018',1,8,8,0,1,0,'Student',NULL),(264,'1508284800',NULL,'2017-2018',1,8,9,0,1,0,'Student',NULL),(265,'1508284800',NULL,'2017-2018',1,8,10,0,1,0,'Student',NULL),(266,'1508284800',NULL,'2017-2018',1,8,11,0,1,0,'Student',NULL),(267,'1508284800',NULL,'2017-2018',1,8,12,0,1,0,'Student',NULL),(268,'1508371200',NULL,'2017-2018',1,8,7,0,1,0,'Student',NULL),(269,'1508371200',NULL,'2017-2018',1,8,8,0,1,0,'Student',NULL),(270,'1508371200',NULL,'2017-2018',1,8,9,0,1,0,'Student',NULL),(271,'1508371200',NULL,'2017-2018',1,8,10,0,1,0,'Student',NULL),(272,'1508371200',NULL,'2017-2018',1,8,11,0,1,0,'Student',NULL),(273,'1508371200',NULL,'2017-2018',1,8,12,0,1,0,'Student',NULL),(274,'1508457600',NULL,'2017-2018',1,8,7,0,1,0,'Student',NULL),(275,'1508457600',NULL,'2017-2018',1,8,8,0,1,0,'Student',NULL),(276,'1508457600',NULL,'2017-2018',1,8,9,0,1,0,'Student',NULL),(277,'1508457600',NULL,'2017-2018',1,8,10,0,1,0,'Student',NULL),(278,'1508457600',NULL,'2017-2018',1,8,11,0,1,0,'Student',NULL),(279,'1508457600',NULL,'2017-2018',1,8,12,0,1,0,'Student',NULL),(280,'1508716800',NULL,'2017-2018',1,8,7,0,1,0,'Student',NULL),(281,'1508716800',NULL,'2017-2018',1,8,8,0,1,0,'Student',NULL),(282,'1508716800',NULL,'2017-2018',1,8,9,0,1,0,'Student',NULL),(283,'1508716800',NULL,'2017-2018',1,8,10,0,1,0,'Student',NULL),(284,'1508716800',NULL,'2017-2018',1,8,11,0,1,0,'Student',NULL),(285,'1508716800',NULL,'2017-2018',1,8,12,0,1,0,'Student',NULL),(286,'1508803200',NULL,'2017-2018',1,8,7,0,1,0,'Student',NULL),(287,'1508803200',NULL,'2017-2018',1,8,8,0,1,0,'Student',NULL),(288,'1508803200',NULL,'2017-2018',1,8,9,0,1,0,'Student',NULL),(289,'1508803200',NULL,'2017-2018',1,8,10,0,1,0,'Student',NULL),(290,'1508803200',NULL,'2017-2018',1,8,11,0,1,0,'Student',NULL),(291,'1508803200',NULL,'2017-2018',1,8,12,0,1,0,'Student',NULL),(292,'1508889600',NULL,'2017-2018',1,8,7,0,1,0,'Student',NULL),(293,'1508889600',NULL,'2017-2018',1,8,8,0,1,0,'Student',NULL),(294,'1508889600',NULL,'2017-2018',1,8,9,0,1,0,'Student',NULL),(295,'1508889600',NULL,'2017-2018',1,8,10,0,1,0,'Student',NULL),(296,'1508889600',NULL,'2017-2018',1,8,11,0,1,0,'Student',NULL),(297,'1508889600',NULL,'2017-2018',1,8,12,0,1,0,'Student',NULL),(298,'1508976000',NULL,'2017-2018',1,8,7,0,1,0,'Student',NULL),(299,'1508976000',NULL,'2017-2018',1,8,8,0,1,0,'Student',NULL),(300,'1508976000',NULL,'2017-2018',1,8,9,0,1,0,'Student',NULL),(301,'1508976000',NULL,'2017-2018',1,8,10,0,1,0,'Student',NULL),(302,'1508976000',NULL,'2017-2018',1,8,11,0,1,0,'Student',NULL),(303,'1508976000',NULL,'2017-2018',1,8,12,0,1,0,'Student',NULL),(304,'1509062400',NULL,'2017-2018',1,8,7,0,1,0,'Student',NULL),(305,'1509062400',NULL,'2017-2018',1,8,8,0,1,0,'Student',NULL),(306,'1509062400',NULL,'2017-2018',1,8,9,0,1,0,'Student',NULL),(307,'1509062400',NULL,'2017-2018',1,8,10,0,1,0,'Student',NULL),(308,'1509062400',NULL,'2017-2018',1,8,11,0,1,0,'Student',NULL),(309,'1509062400',NULL,'2017-2018',1,8,12,0,1,0,'Student',NULL),(310,'1510272000','08:57:48','2017-2018',1,1,1,0,1,0,'Admin demo','attendance_by_admin.jpg'),(311,'1510272000','08:57:57','2017-2018',1,1,2,0,1,0,'Admin demo','attendance_by_admin.jpg'),(312,'1510272000','08:58:04','2017-2018',1,1,3,0,1,0,'Admin demo','attendance_by_admin.jpg'),(313,'1510272000','08:58:11','2017-2018',1,1,4,0,1,0,'Admin demo','attendance_by_admin.jpg'),(314,'1510272000','08:58:18','2017-2018',1,8,7,0,1,0,'Admin demo','attendance_by_admin.jpg'),(315,'1510272000','08:58:26','2017-2018',1,8,8,0,1,0,'Admin demo','attendance_by_admin.jpg'),(316,'1510272000','08:58:34','2017-2018',1,8,9,0,1,0,'Admin demo','attendance_by_admin.jpg'),(317,'1510272000','08:58:45','2017-2018',1,8,10,0,1,0,'Admin demo','attendance_by_admin.jpg'),(318,'1510272000','08:58:51','2017-2018',1,8,11,0,1,0,'Admin demo','attendance_by_admin.jpg'),(319,'1510272000','08:58:59','2017-2018',1,8,12,0,1,0,'Admin demo','attendance_by_admin.jpg'),(320,'1510272000','08:59:05','2017-2018',2,2,5,0,1,0,'Admin demo','attendance_by_admin.jpg'),(321,'1510272000','08:59:12','2017-2018',2,2,6,0,1,0,'Admin demo','attendance_by_admin.jpg'),(322,'1510272000','08:59:21','2017-2018',3,5,13,0,1,0,'Admin demo','attendance_by_admin.jpg'),(323,'1510185600',NULL,'2017-2018',1,1,1,0,1,0,'Student',NULL),(324,'1510185600',NULL,'2017-2018',1,1,2,0,1,0,'Student',NULL),(325,'1510185600',NULL,'2017-2018',1,1,3,0,1,0,'Student',NULL),(326,'1510185600',NULL,'2017-2018',1,1,4,0,1,0,'Student',NULL),(327,'1510185600',NULL,'2017-2018',1,8,7,0,1,0,'Student',NULL),(328,'1510185600',NULL,'2017-2018',1,8,8,0,1,0,'Student',NULL),(329,'1510185600',NULL,'2017-2018',1,8,9,0,1,0,'Student',NULL),(330,'1510185600',NULL,'2017-2018',1,8,10,0,1,0,'Student',NULL),(331,'1510185600',NULL,'2017-2018',1,8,11,0,1,0,'Student',NULL),(332,'1510185600',NULL,'2017-2018',1,8,12,0,1,0,'Student',NULL),(333,'1510185600',NULL,'2017-2018',3,5,13,0,1,0,'Student',NULL),(334,'1510531200','10:51:08','2017-2018',1,1,1,0,1,1,'Admin demo','attendance_by_admin.jpg'),(335,'1510531200','10:51:19','2017-2018',1,1,2,0,1,1,'Admin demo','attendance_by_admin.jpg'),(336,'1510531200','10:51:30','2017-2018',1,1,3,0,1,1,'Admin demo','attendance_by_admin.jpg'),(337,'1510531200','10:51:39','2017-2018',1,1,4,0,1,1,'Admin demo','attendance_by_admin.jpg'),(338,'1510531200','10:51:48','2017-2018',1,8,7,0,1,1,'Admin demo','attendance_by_admin.jpg'),(339,'1510531200','10:51:56','2017-2018',1,8,8,0,1,1,'Admin demo','attendance_by_admin.jpg'),(340,'1510531200','10:52:05','2017-2018',1,8,9,0,1,1,'Admin demo','attendance_by_admin.jpg'),(341,'1510531200','10:52:17','2017-2018',1,8,10,0,1,1,'Admin demo','attendance_by_admin.jpg'),(342,'1510531200','10:52:25','2017-2018',1,8,11,0,1,1,'Admin demo','attendance_by_admin.jpg'),(343,'1510531200','10:52:57','2017-2018',1,8,12,0,3,1,'Admin demo','attendance_by_admin.jpg'),(344,'1510531200','10:53:11','2017-2018',2,2,5,0,1,1,'Admin demo','attendance_by_admin.jpg'),(345,'1510531200','10:53:21','2017-2018',2,2,6,0,2,1,'Admin demo','attendance_by_admin.jpg'),(346,'1510531200','10:53:29','2017-2018',3,5,13,0,1,1,'Admin demo','attendance_by_admin.jpg'),(347,'1510617600','09:16:47','2017-2018',1,1,1,0,1,0,'Admin demo','attendance_by_admin.jpg'),(348,'1510617600','09:16:58','2017-2018',1,1,2,0,1,0,'Admin demo','attendance_by_admin.jpg'),(349,'1510617600','09:17:20','2017-2018',1,1,3,0,2,0,'Admin demo','attendance_by_admin.jpg'),(350,'1510617600','09:17:30','2017-2018',1,1,4,0,1,0,'Admin demo','attendance_by_admin.jpg'),(351,'1510617600','09:17:39','2017-2018',1,8,7,0,1,0,'Admin demo','attendance_by_admin.jpg'),(352,'1510617600','09:17:49','2017-2018',1,8,8,0,1,0,'Admin demo','attendance_by_admin.jpg'),(353,'1510617600','09:17:59','2017-2018',1,8,9,0,1,0,'Admin demo','attendance_by_admin.jpg'),(354,'1510617600','09:18:11','2017-2018',1,8,10,0,1,0,'Admin demo','attendance_by_admin.jpg'),(355,'1510617600','09:18:20','2017-2018',1,8,11,0,1,0,'Admin demo','attendance_by_admin.jpg'),(356,'1510617600','09:18:30','2017-2018',1,8,12,0,3,0,'Admin demo','attendance_by_admin.jpg'),(357,'1510617600','09:18:39','2017-2018',2,2,5,0,1,0,'Admin demo','attendance_by_admin.jpg'),(358,'1510617600','09:18:49','2017-2018',2,2,6,0,1,0,'Admin demo','attendance_by_admin.jpg'),(359,'1510617600','09:18:58','2017-2018',2,2,14,0,1,0,'Admin demo','attendance_by_admin.jpg'),(360,'1510617600','09:19:10','2017-2018',3,5,13,0,1,0,'Admin demo','attendance_by_admin.jpg');

/*Table structure for table `attendance_backup` */

DROP TABLE IF EXISTS `attendance_backup`;

CREATE TABLE `attendance_backup` (
  `attendance_id` int(11) NOT NULL AUTO_INCREMENT,
  `status` int(11) NOT NULL COMMENT '0 undefined , 1 present , 2  absent',
  `student_id` int(11) NOT NULL,
  `date` date NOT NULL,
  `year` longtext CHARACTER SET utf8 COLLATE utf8_unicode_ci NOT NULL,
  `class_id` int(11) NOT NULL,
  `section_id` int(11) NOT NULL,
  `session` longtext NOT NULL,
  PRIMARY KEY (`attendance_id`)
) ENGINE=InnoDB DEFAULT CHARSET=latin1;

/*Data for the table `attendance_backup` */

/*Table structure for table `behavior_performance` */

DROP TABLE IF EXISTS `behavior_performance`;

CREATE TABLE `behavior_performance` (
  `behavior_performance_id` int(11) NOT NULL AUTO_INCREMENT,
  `behavior_performance_name` varchar(255) NOT NULL,
  PRIMARY KEY (`behavior_performance_id`)
) ENGINE=InnoDB AUTO_INCREMENT=6 DEFAULT CHARSET=latin1;

/*Data for the table `behavior_performance` */

insert  into `behavior_performance`(`behavior_performance_id`,`behavior_performance_name`) values (1,'Manner'),(2,'Effort'),(3,'Participation'),(4,'Social'),(5,'Responsibility');

/*Table structure for table `book` */

DROP TABLE IF EXISTS `book`;

CREATE TABLE `book` (
  `book_id` int(11) NOT NULL AUTO_INCREMENT,
  `name` longtext COLLATE utf8_unicode_ci NOT NULL,
  `description` longtext COLLATE utf8_unicode_ci NOT NULL,
  `author` longtext COLLATE utf8_unicode_ci NOT NULL,
  `class_id` longtext COLLATE utf8_unicode_ci NOT NULL,
  `status` longtext COLLATE utf8_unicode_ci NOT NULL,
  `price` longtext COLLATE utf8_unicode_ci NOT NULL,
  PRIMARY KEY (`book_id`)
) ENGINE=InnoDB AUTO_INCREMENT=39 DEFAULT CHARSET=utf8 COLLATE=utf8_unicode_ci;

/*Data for the table `book` */

insert  into `book`(`book_id`,`name`,`description`,`author`,`class_id`,`status`,`price`) values (1,'Hukum Tata Negara','Pokok-Pokok Hukum Tata Negara Indonesia Pasca Reformasi','Prof. Dr. Jimly Asshiddiqie, S.H','1','available','150000'),(2,'Aku penerus juangmu','','','1','available','150000'),(3,'Afternoon on the amazon','','','1','available','150000'),(4,'selamat belajar putra desa','','','1','available','150000'),(5,'syair untuk sahabat','','','1','available',''),(6,'mengukir masa depan','','','2','available','150000'),(7,'good by my teacher','','','1','available','200000'),(8,'I love my cooking','','','2','available',''),(9,'leprechaun don\'t play basketball','','','1','available','150000'),(10,'ferealy Monday','','','3','available','200000'),(11,'derita dan bahagia','','','1','available','200000'),(12,'Chicken soup for the soul','','','2','available','150000'),(13,'pasukan mau tahu\"misteri kucing siam','','','3','available','200000'),(14,'the invisible islands','','','1','available','200000'),(15,'keepin it real','','','2','available','200000'),(16,'roald dahl','','','3','available','200000'),(17,'panduan lomba karya juenalistik siswa tahun 2015','','','1','available','0'),(18,'the amazing days of abby hayes\" home is where the heart is','','','2','available','150000'),(19,'the adventures of hucklerebeng fiun','','','2','available','200000'),(20,'if I where you','','','1','available','200000'),(21,'gulliver travels','','','3','available',''),(22,'rent a genius','','','1','available','200000'),(23,'the witches ratu penyihir','','','1','available','150000'),(24,'world folktales','','','1','available','200000'),(25,'the baby sitters club; mary annw jatuh cinta','','','2','available','150000'),(26,'jari ajaib','','','3','available','200000'),(27,'ninja boy janur arritake dan keoretake','','','1','available','0'),(28,'kapten kolor dan serangan profesor pupiet','','','1','available','0'),(29,'the adventures of captain underpants; petualangan kapten','','','1','available','150000'),(30,'litle blue envelopes','','','1','available','200000'),(31,'girl talk sepupu jempolan','','','3','available','150000'),(32,'lizzie zipmouth; lizzie si mulut terkunci','','','2','available','0'),(33,'blubber; si gembrot','','','1','available','150000'),(34,'the battle of newton road','','','2','available','200000'),(35,'pengasuh mama','','','3','available','0'),(36,'my sister and me','','','2','available','150000'),(37,'owl in the office','','','1','available','200000'),(38,'girls in love','','','1','available','150000');

/*Table structure for table `categories` */

DROP TABLE IF EXISTS `categories`;

CREATE TABLE `categories` (
  `id` int(11) NOT NULL AUTO_INCREMENT,
  `title` varchar(55) CHARACTER SET utf8 COLLATE utf8_bin NOT NULL,
  `description` text NOT NULL,
  PRIMARY KEY (`id`)
) ENGINE=MyISAM AUTO_INCREMENT=11 DEFAULT CHARSET=utf8;

/*Data for the table `categories` */

insert  into `categories`(`id`,`title`,`description`) values (10,'Category 3','Demo resource category'),(8,'Category 2','Demo resource category'),(9,'Category 1','Demo resource category');

/*Table structure for table `ci_sessions` */

DROP TABLE IF EXISTS `ci_sessions`;

CREATE TABLE `ci_sessions` (
  `id` varchar(40) COLLATE utf8_unicode_ci NOT NULL,
  `ip_address` varchar(45) COLLATE utf8_unicode_ci NOT NULL,
  `timestamp` int(10) unsigned NOT NULL DEFAULT '0',
  `data` blob NOT NULL,
  PRIMARY KEY (`id`),
  KEY `ci_sessions_timestamp` (`timestamp`)
) ENGINE=InnoDB DEFAULT CHARSET=utf8 COLLATE=utf8_unicode_ci;

/*Data for the table `ci_sessions` */

insert  into `ci_sessions`(`id`,`ip_address`,`timestamp`,`data`) values ('00eb1bbad67bee79475e6c02b3de0816dd1221af','119.2.79.122',1510656362,'__ci_last_regenerate|i:1510656362;'),('0335a387de1908caf6a87c58adea195de6616af4','119.2.79.122',1510650363,'__ci_last_regenerate|i:1510650363;'),('03f0565646a502beb8cdbaf7b3eb1a99372d75ff','119.2.79.122',1510655702,'__ci_last_regenerate|i:1510655702;'),('067c6e3b4f24a425db8f68e62f394512390ef32f','119.2.79.122',1510648623,'__ci_last_regenerate|i:1510648623;'),('083d2131e1430ec2277fb44e4f599d23e772c84d','119.2.79.122',1510653963,'__ci_last_regenerate|i:1510653963;'),('08a28cbe792271103ed45f477656ab5326c84abf','119.2.79.122',1510652342,'__ci_last_regenerate|i:1510652342;'),('0b46614efc8fa6c4ec4d1a05fbe82bfbfbcc2cb1','119.2.79.122',1510656242,'__ci_last_regenerate|i:1510656242;'),('0ba121d12438892545982dd054b2f98b48bb8a68','119.2.79.122',1510654683,'__ci_last_regenerate|i:1510654683;'),('0daec593e984c97c035d1a773b76c0bf3b18967d','119.2.79.122',1510651922,'__ci_last_regenerate|i:1510651922;'),('0df13cf68cf483b9cbf7ed3e0ebb2a84edde0e52','119.2.79.122',1510651862,'__ci_last_regenerate|i:1510651862;'),('0f89e5eee12d2c7f2abc0b1bb134e1c2f809a468','119.2.79.122',1510649402,'__ci_last_regenerate|i:1510649402;'),('1080e64c8187cfeea414e1d0ed092778239bc9d9','119.2.79.122',1510654807,'__ci_last_regenerate|i:1510654807;'),('11fd11d52c6f3ccdc86f1a605a6def9a335db02d','119.2.79.122',1510649642,'__ci_last_regenerate|i:1510649642;'),('143991fc393efe017690b103e13aefc7bfd17e48','119.2.79.122',1510651443,'__ci_last_regenerate|i:1510651443;'),('1485a0024d24f4405561e65e612749eb2c4e3d77','119.2.79.122',1510652403,'__ci_last_regenerate|i:1510652403;'),('1565e93318c78235dbf8981d59c3e013997dcadf','125.161.209.204',1510655091,'__ci_last_regenerate|i:1510645576;parent_login|s:1:\"1\";parent_id|s:1:\"7\";login_user_id|s:1:\"7\";name|s:13:\"Drajat Sayuti\";login_type|s:6:\"parent\";'),('157d5e957e278f0eced2ce63694c53359b18e5f5','119.2.79.122',1510656423,'__ci_last_regenerate|i:1510656423;'),('16bc2de245c2bd4b97d1dd6fbd2c4c67045ae6dc','119.2.79.122',1510654743,'__ci_last_regenerate|i:1510654743;'),('1ac50db79d51fd46720f69c26dcbfeca29ef768a','119.2.79.122',1510654383,'__ci_last_regenerate|i:1510654383;'),('1afbe4713a32a4364cc3f1a3d232c9a186e0941f','119.2.79.122',1510653603,'__ci_last_regenerate|i:1510653603;'),('1f82c034ff3d573d247e81a4b77ebb784e1045a8','119.2.79.122',1510653662,'__ci_last_regenerate|i:1510653662;'),('207fe435e7de3148098c1dcf41cf9e395e4eb4d2','119.2.79.122',1510648862,'__ci_last_regenerate|i:1510648862;'),('20ca340ccabf4892a3fba2fde5a93a62b4f35e0b','119.2.79.122',1510651142,'__ci_last_regenerate|i:1510651142;'),('219626eec9fed50e81741597a4843011fb0a3a12','119.2.79.122',1510652222,'__ci_last_regenerate|i:1510652222;'),('262a4a749d101e5a8113eb5b572eea9f0f8a447d','119.2.79.122',1510652282,'__ci_last_regenerate|i:1510652282;'),('27a8403ade7e38324312187ceb0d918eaa0351ec','119.2.79.122',1510649523,'__ci_last_regenerate|i:1510649523;'),('29371db4cb008a23f8cc6b6805b9b3ed3d77ae9f','119.2.79.122',1510656002,'__ci_last_regenerate|i:1510656002;'),('329d473ba9c70000b3314ef315ae8b48f226fac9','119.2.79.122',1510648202,'__ci_last_regenerate|i:1510648202;'),('332e42bde9ff91bdc8ee87f927b56f70bda6252e','119.2.79.122',1510656068,'__ci_last_regenerate|i:1510656068;'),('3375494f8211faa6573ae5f2dd8ec0587b4b3899','119.2.79.122',1510652102,'__ci_last_regenerate|i:1510652102;'),('359103894d3c2e9e0b71e50c7beec143fa10da48','119.2.79.122',1510655042,'__ci_last_regenerate|i:1510655042;'),('370b8ae2972e0d1594a5e5df2bbe60be5934a12e','119.2.79.122',1510655822,'__ci_last_regenerate|i:1510655822;'),('396db1ae6bc48c75cd5e383bf2e064df22851289','119.2.79.122',1510649943,'__ci_last_regenerate|i:1510649943;'),('3a6387b8c04070bae622e2c904b22e407ed61cab','119.2.79.122',1510652468,'__ci_last_regenerate|i:1510652468;'),('3bfb9fe58026c70a197c0dbc612a499f986e5f32','119.2.79.122',1510650723,'__ci_last_regenerate|i:1510650723;'),('3c7fee6aeb5aabf17f38e86be1a7f4a665fdb0db','119.2.79.122',1510656543,'__ci_last_regenerate|i:1510656543;'),('3c98918eef1f24cfc72f643e1a5c8ba96b44f201','119.2.79.122',1510649763,'__ci_last_regenerate|i:1510649763;'),('3d7d2e2d8d026aca3e8d902214c954f861641c1f','119.2.79.122',1510651983,'__ci_last_regenerate|i:1510651983;'),('3d8134ceb0345066aa811916efc0734d2aaa9215','119.2.79.122',1510653063,'__ci_last_regenerate|i:1510653063;'),('3fa81f9e8a2a24934661c9204e0c59a97db71e0f','119.2.79.122',1510652943,'__ci_last_regenerate|i:1510652943;'),('3fdf9c8be3baf1732933d3f599574cd8a4902666','119.2.79.122',1510649883,'__ci_last_regenerate|i:1510649883;'),('407024feef7c4b72ee43652ee23dcadb7904451b','119.2.79.122',1510651262,'__ci_last_regenerate|i:1510651262;'),('4348cd46670e2d7f57794d0961fb81cb068ad779','119.2.79.122',1510655342,'__ci_last_regenerate|i:1510655342;'),('46965160b453f4bf3c7e18fcc2ad0cf91d44acc6','119.2.79.122',1510650543,'__ci_last_regenerate|i:1510650543;'),('47f0854e75103d2b6becab7385a0cabd78fc475a','119.2.79.122',1510651083,'__ci_last_regenerate|i:1510651083;'),('49acea2b2f43a944e8e4b284d293a020b2ca6042','119.2.79.122',1510651386,'__ci_last_regenerate|i:1510651386;'),('4a96e69926d9c1b32451bead7b060868d6d0743e','119.2.79.122',1510649343,'__ci_last_regenerate|i:1510649343;'),('4c7b4365adcc5e323bf340976852c848b8af95d6','119.2.79.122',1510652702,'__ci_last_regenerate|i:1510652702;'),('4db5d60c9a02d24b5ee653bf00bdb89b8aea7a57','119.2.79.122',1510650303,'__ci_last_regenerate|i:1510650303;'),('51d8e1c8b0271960bb988f18ca6d78b1f069dce6','119.2.79.122',1510656303,'__ci_last_regenerate|i:1510656303;'),('526cf5f911b2f52ea168baf358bdade05b74f5e1','119.2.79.122',1510648803,'__ci_last_regenerate|i:1510648803;'),('52eb6660c74ed3e621179a0c5760200b82812277','119.2.79.122',1510653423,'__ci_last_regenerate|i:1510653423;'),('533a5148e7568e421f22a568104f227aee5b519d','119.2.79.122',1510653184,'__ci_last_regenerate|i:1510653184;'),('546e414968a6e69abdc5fb635603f08e736b8e04','119.2.79.122',1510652763,'__ci_last_regenerate|i:1510652763;'),('5997aa9d40738ab440c1f4e8c36f61df7e21da2f','119.2.79.122',1510654025,'__ci_last_regenerate|i:1510654025;'),('5a956db59089f950c40335b8d889a28a3afebbcb','119.2.79.122',1510654203,'__ci_last_regenerate|i:1510654203;'),('5afb85c99f7070647ea9964e2cdf532ae6085bc9','119.2.79.122',1510653483,'__ci_last_regenerate|i:1510653483;'),('5ee8ef438d6f0a29ed71bd6fc508425c49d31f3e','119.2.79.122',1510649102,'__ci_last_regenerate|i:1510649102;'),('5f548592f5a32c5b2acf157ad1889d28260702f0','119.2.79.122',1510654082,'__ci_last_regenerate|i:1510654082;'),('5f5546d76ea540ffada3b157be4ea7976dee0b5c','119.2.79.122',1510655763,'__ci_last_regenerate|i:1510655762;'),('601d89f26ef95f32fc34a5afc20b66ce0d840115','119.2.79.122',1510648323,'__ci_last_regenerate|i:1510648323;'),('6386ca6c962e29d110623f0aec81fa9b219dc69d','119.2.79.122',1510651562,'__ci_last_regenerate|i:1510651562;'),('6401ebb2649daf0b0f08c40d906e135cd013c1ae','119.2.79.122',1510654143,'__ci_last_regenerate|i:1510654143;'),('645c43d4a0bccd07b7f7244af17d4425e5ab9129','119.2.79.122',1510650182,'__ci_last_regenerate|i:1510650182;'),('64c184fffe113e19bd4e35e092f619a500c62279','119.2.79.122',1510654506,'__ci_last_regenerate|i:1510654506;'),('65fcd4a89027d81bf65f33d8dab1fddd448d245c','119.2.79.122',1510651203,'__ci_last_regenerate|i:1510651203;'),('6bab6d56302f1ff6e52eadf6eb13de7270f9546a','119.2.79.122',1510654442,'__ci_last_regenerate|i:1510654442;'),('6fb4eb601c1df602c57b2fc020db52db1adafa6b','119.2.79.122',1510653123,'__ci_last_regenerate|i:1510653123;'),('711de5d94f0adcf1a4737caf4fb8175cc5522dd0','119.2.79.122',1510652642,'__ci_last_regenerate|i:1510652642;'),('720cc186ede42d31272b540356f99d05ad6e3856','119.2.79.122',1510651323,'__ci_last_regenerate|i:1510651323;'),('7448e1831c242cd67392c8d7eb0164693871ef69','119.2.79.122',1510648262,'__ci_last_regenerate|i:1510648262;'),('749e2b3cc16a70d94202e4ec69dbfe89e21e4b5b','119.2.79.122',1510650002,'__ci_last_regenerate|i:1510650002;'),('752dd7e2e130f2e47d9f5361e7d090d1e23a6c42','119.2.79.122',1510649462,'__ci_last_regenerate|i:1510649462;'),('7761aae872b9632a23701fad692125aa818345f6','119.2.79.122',1510655222,'__ci_last_regenerate|i:1510655222;'),('77665777db995160a8c3b6097f8de2d98b955ea2','119.2.79.122',1510654622,'__ci_last_regenerate|i:1510654622;'),('77a6abb2b40bbf03b83a018d72ed879f2c3008f3','119.2.79.122',1510656183,'__ci_last_regenerate|i:1510656183;'),('78364c517b5d8464a7a79d62a6c2fe3e62ef04f6','210.210.184.106',1510655275,'__ci_last_regenerate|i:1510639160;parent_login|s:1:\"1\";parent_id|s:2:\"13\";login_user_id|s:2:\"13\";name|s:12:\"Lukman Hakim\";login_type|s:6:\"parent\";'),('7c60518b109100b32b884744205795bd03dd7c05','119.2.79.122',1510654924,'__ci_last_regenerate|i:1510654924;'),('7de05d4e7b80842f92f619a165bc94b2951bc2ed','119.2.79.122',1510655583,'__ci_last_regenerate|i:1510655583;'),('808b875a71d437a7a17d8752cb0f47b25c94ac91','119.2.79.122',1510649043,'__ci_last_regenerate|i:1510649043;'),('819b56c02f2f84634204216884beefd254315da2','119.2.79.122',1510654327,'__ci_last_regenerate|i:1510654327;'),('8288344309c57b3845a4f33c88e0761146147631','119.2.79.122',1510655103,'__ci_last_regenerate|i:1510655103;'),('84a6a8145bf50b75d290fb09717f7373aa579ff0','119.2.79.122',1510647964,'__ci_last_regenerate|i:1510647964;'),('89e23399ee9e8cfcd185ac1477395fd783173691','119.2.79.122',1510648142,'__ci_last_regenerate|i:1510648142;'),('8ce4124630216816902d45281f78b28034821eb9','119.2.79.122',1510655523,'__ci_last_regenerate|i:1510655523;'),('8d6ab14d0d120cbee0239dc0ef0e05660ad3bcf2','119.2.79.122',1510648922,'__ci_last_regenerate|i:1510648922;'),('8f4bb999378a310cec3707406a1e45ea0acaf3ce','119.2.79.122',1510653302,'__ci_last_regenerate|i:1510653302;'),('9affedea1f9a445e3de93f67f5390ce9f59b7f1a','119.2.79.122',1510656603,'__ci_last_regenerate|i:1510656603;'),('9c126b37139c711875913af14cd3cdade5142ed5','119.2.79.122',1510648683,'__ci_last_regenerate|i:1510648683;'),('9e349c57dbe45ae3ee92fd8ffa914c5a0dfcb8ac','119.2.79.122',1510654563,'__ci_last_regenerate|i:1510654563;'),('9e65edb649c7d56765542bb897f1f7dea4aa9f31','119.2.79.122',1510649704,'__ci_last_regenerate|i:1510649704;'),('a0ffb6d08197da10470d7a467913bfe9996350e6','119.2.79.122',1510652823,'__ci_last_regenerate|i:1510652823;'),('a4346587c51d5817a93b80a477128631581daafb','119.2.79.122',1510649163,'__ci_last_regenerate|i:1510649163;'),('a56b0621080f9f0b05bd00df26a42c5b95873e56','119.2.79.122',1510651803,'__ci_last_regenerate|i:1510651803;'),('a69da91a116c450f8eceecbcaeb4be1f6dffb5c3','119.2.79.122',1510648743,'__ci_last_regenerate|i:1510648743;'),('a8a8d87809578dcc6e4c9aa9f5032567c85b1cf7','119.2.79.122',1510649282,'__ci_last_regenerate|i:1510649282;'),('aa2615e6164a9105f57009aa38b2f582017072a7','119.2.79.122',1510655162,'__ci_last_regenerate|i:1510655162;'),('aa5f0c0e8e707db12a2ad3f66f196b8c76195037','119.2.79.122',1510650123,'__ci_last_regenerate|i:1510650123;'),('aad7492d47a6c671d89081078222adc06ea4b3f7','119.2.79.122',1510650782,'__ci_last_regenerate|i:1510650782;'),('ab7a4582e197318c841d92b359502483ac0e546f','119.2.79.122',1510655943,'__ci_last_regenerate|i:1510655943;'),('ad40dd67d599cf58adb174423887a2220b434681','119.2.79.122',1510649823,'__ci_last_regenerate|i:1510649823;'),('aeff23ecbab7b964ace15be62816794683321525','119.2.79.122',1510656122,'__ci_last_regenerate|i:1510656122;'),('b19d35e65e8e9aafb0a5ff5ab95a60181c433947','125.161.209.204',1510655091,'__ci_last_regenerate|i:1510655091;'),('b3c73b96d69ba063e46163359ce9b9dfcab1df40','119.2.79.122',1510649583,'__ci_last_regenerate|i:1510649583;'),('b6180677b7f318f2fdc26070c37e64750ae644bf','119.2.79.122',1510652522,'__ci_last_regenerate|i:1510652522;'),('b86e4fcb836efe69d95df6ade0ac545e601def15','119.2.79.122',1510649223,'__ci_last_regenerate|i:1510649223;'),('b8ac909ee72525f53fd16c413700f96674112ac4','119.2.79.122',1510653783,'__ci_last_regenerate|i:1510653783;'),('ba519d60bade7d7e8aa2428fb915b40542cff41d','119.2.79.122',1510655882,'__ci_last_regenerate|i:1510655882;'),('bd01606b4239f87544c8c8b8f23531142fbc7f8f','119.2.79.122',1510655403,'__ci_last_regenerate|i:1510655403;'),('be2a9c040f9b7b3db8843a31ef835bea12215024','119.2.79.122',1510650962,'__ci_last_regenerate|i:1510650962;'),('be7197a7825cbb100243b806e29e443c846aaf8f','119.2.79.122',1510651022,'__ci_last_regenerate|i:1510651022;'),('bf16d56dcdb9d8257ef59e019eb3d8c673cf2a8e','119.2.79.122',1510653543,'__ci_last_regenerate|i:1510653543;'),('bf3e760fe04888c8a41708e06711470af84ec569','119.2.79.122',1510648563,'__ci_last_regenerate|i:1510648563;'),('c3ae094027ea2b6bedaaf2cc689633714176ff36','119.2.79.122',1510656483,'__ci_last_regenerate|i:1510656483;'),('c5b6e15935218e37eab686b3769e437329a8c8e0','119.2.79.122',1510654263,'__ci_last_regenerate|i:1510654263;'),('c673bc9d09591f9300f2d3931703aae6dd2c81b9','119.2.79.122',1510650902,'__ci_last_regenerate|i:1510650902;'),('c7e2607366eb8919ab5a89cf52263315fce96456','119.2.79.122',1510648026,'__ci_last_regenerate|i:1510648026;'),('cb60c9666fd4e3d102f08cf48b03cf60099b2a6a','119.2.79.122',1510655282,'__ci_last_regenerate|i:1510655282;'),('cd5c77abed99dd5005d5272a5d9a52cb308a2da8','119.2.79.122',1510651683,'__ci_last_regenerate|i:1510651683;'),('cdf4e6763e3c1c60c19217266334a438d4a5ab52','119.2.79.122',1510650606,'__ci_last_regenerate|i:1510650606;'),('d0762b4a67c201b99fbafdd58e05f41f2b02deb1','119.2.79.122',1510653902,'__ci_last_regenerate|i:1510653902;'),('d16a49e51c2af10581b2fb6d5a6a194635b3d3da','119.2.79.122',1510652043,'__ci_last_regenerate|i:1510652043;'),('d25c70977ae547851953a1f4e03d0e0c0157ecba','119.2.79.122',1510648442,'__ci_last_regenerate|i:1510648442;'),('d46a60f269a6e1da480b91e0bd5f2685c2536527','119.2.79.122',1510651622,'__ci_last_regenerate|i:1510651622;'),('d7cd86e20f9e983de09ee9764d3d7d5e677319d6','119.2.79.122',1510648382,'__ci_last_regenerate|i:1510648382;'),('d99e40808c7dc335cc03158565034922b9015d81','119.2.79.122',1510650423,'__ci_last_regenerate|i:1510650423;'),('daeceddb1a1395e50674f230ba9ea620b07c95b5','119.2.79.122',1510648082,'__ci_last_regenerate|i:1510648082;'),('db2291cf3de8bfdcd800efbc566378f8731340b9','119.2.79.122',1510651742,'__ci_last_regenerate|i:1510651742;'),('df69c86e6a77a5006458d0fc4e7effd6cc98def3','119.2.79.122',1510652163,'__ci_last_regenerate|i:1510652163;'),('e7c0fe2fd392a2b11594178f75a69bc0be851ace','119.2.79.122',1510648502,'__ci_last_regenerate|i:1510648502;'),('e89a40ec304c72a6f63da71cc408aae0bf717b36','119.2.79.122',1510650243,'__ci_last_regenerate|i:1510650243;'),('eb6ab05527f666ecc7748a5bef8dbd4b23a5115a','119.2.79.122',1510653843,'__ci_last_regenerate|i:1510653843;'),('ed727f4c1f65faf018c410c759cd49eaf6fc18c2','119.2.79.122',1510651503,'__ci_last_regenerate|i:1510651503;'),('ee9ffe51d3bdd4e94ae83f1e23508de77674ea3a','119.2.79.122',1510654982,'__ci_last_regenerate|i:1510654982;'),('eef4e57bc2fbd68399153a4c3c7076d88c1e37cd','119.2.79.122',1510652883,'__ci_last_regenerate|i:1510652883;'),('ef07d37ff11a6126f4c7bccc2529447da2e6fe69','119.2.79.122',1510655642,'__ci_last_regenerate|i:1510655642;'),('f1088b6278e79c50f3d6440312c035c9f9412d79','119.2.79.122',1510650662,'__ci_last_regenerate|i:1510650662;'),('f11c0d1dc864dcacad94abc7246aa51205ddd467','119.2.79.122',1510653244,'__ci_last_regenerate|i:1510653244;'),('f1995db97bdab218c867b4b0d0e23088da1918e4','119.2.79.122',1510648982,'__ci_last_regenerate|i:1510648982;'),('f3865b7fee2e76ae57969a9e1d2cc151d33977db','119.2.79.122',1510655463,'__ci_last_regenerate|i:1510655463;'),('f4d92ce0c0d178126542af65bc75ede8f11e7776','119.2.79.122',1510652582,'__ci_last_regenerate|i:1510652582;'),('f582b8cb976eaddc0d306013a43a59dfa5c35110','119.2.79.122',1510653723,'__ci_last_regenerate|i:1510653723;'),('f5eb906a87786774f2cc6392c786790106d8b16b','119.2.79.122',1510653003,'__ci_last_regenerate|i:1510653003;'),('f6a5f96e13079c95e0f5e2c0b8a3e5a91c43fb41','119.2.79.122',1510647902,'__ci_last_regenerate|i:1510647902;'),('fab0bcf6776eb85b8e41bc804e32e24b5472d0ad','119.2.79.122',1510650483,'__ci_last_regenerate|i:1510650483;'),('fc3b39e28201b6f4e7b0da22529dbae7da553c88','119.2.79.122',1510653363,'__ci_last_regenerate|i:1510653363;'),('fd57911cca49fd1141c055ea0edb8bc585e1162b','119.2.79.122',1510650842,'__ci_last_regenerate|i:1510650842;'),('feaad6c6c476bd8055bcacb0200b74f468d0e21c','119.2.79.122',1510654862,'__ci_last_regenerate|i:1510654862;'),('ffea32de6ecfaede15f86d53a32d811b1dfbf79b','119.2.79.122',1510650062,'__ci_last_regenerate|i:1510650062;');

/*Table structure for table `class` */

DROP TABLE IF EXISTS `class`;

CREATE TABLE `class` (
  `class_id` int(11) NOT NULL AUTO_INCREMENT,
  `name` longtext COLLATE utf8_unicode_ci NOT NULL,
  `name_numeric` longtext COLLATE utf8_unicode_ci NOT NULL,
  `teacher_id` int(11) NOT NULL,
  PRIMARY KEY (`class_id`)
) ENGINE=InnoDB AUTO_INCREMENT=5 DEFAULT CHARSET=utf8 COLLATE=utf8_unicode_ci;

/*Data for the table `class` */

insert  into `class`(`class_id`,`name`,`name_numeric`,`teacher_id`) values (1,'7','7th',16),(2,'8','8th',10),(3,'9','9th',8),(4,'Staff','Staff',0);

/*Table structure for table `class_routine` */

DROP TABLE IF EXISTS `class_routine`;

CREATE TABLE `class_routine` (
  `class_routine_id` int(11) NOT NULL AUTO_INCREMENT,
  `class_id` int(11) NOT NULL,
  `section_id` int(11) NOT NULL,
  `subject_id` int(11) NOT NULL,
  `time_start` varchar(11) COLLATE utf8_unicode_ci NOT NULL,
  `time_end` varchar(11) COLLATE utf8_unicode_ci NOT NULL,
  `time_start_min` varchar(11) COLLATE utf8_unicode_ci NOT NULL,
  `time_end_min` varchar(11) COLLATE utf8_unicode_ci NOT NULL,
  `day` longtext COLLATE utf8_unicode_ci NOT NULL,
  `year` longtext COLLATE utf8_unicode_ci NOT NULL,
  PRIMARY KEY (`class_routine_id`)
) ENGINE=InnoDB AUTO_INCREMENT=210 DEFAULT CHARSET=utf8 COLLATE=utf8_unicode_ci;

/*Data for the table `class_routine` */

insert  into `class_routine`(`class_routine_id`,`class_id`,`section_id`,`subject_id`,`time_start`,`time_end`,`time_start_min`,`time_end_min`,`day`,`year`) values (1,1,1,72,'7','8','50','35','monday','2017-2018'),(2,1,1,72,'8','9','35','20','monday','2017-2018'),(3,1,1,36,'9','10','20','5','monday','2017-2018'),(4,1,1,8,'10','11','20','15','monday','2017-2018'),(5,1,1,8,'11','11','5','50','monday','2017-2018'),(6,1,1,11,'11','12','50','35','monday','2017-2018'),(7,1,1,10,'13','13','0','45','monday','2017-2018'),(8,1,1,27,'13','14','45','30','monday','2017-2018'),(9,1,8,10,'7','8','50','35','monday','2017-2018'),(10,1,8,9,'8','9','35','20','monday','2017-2018'),(11,1,8,11,'9','10','20','5','monday','2017-2018'),(12,1,8,72,'10','11','20','5','monday','2017-2018'),(13,1,8,72,'11','11','5','50','monday','2017-2018'),(14,1,8,26,'11','12','50','35','monday','2017-2018'),(15,1,8,8,'13','13','0','45','monday','2017-2018'),(16,1,8,8,'13','14','45','30','monday','2017-2018'),(17,2,2,15,'7','8','50','35','monday','2017-2018'),(18,2,2,18,'8','9','35','20','monday','2017-2018'),(19,2,2,18,'9','10','20','5','monday','2017-2018'),(20,2,2,16,'10','11','20','5','monday','2017-2018'),(21,2,2,16,'11','11','5','50','monday','2017-2018'),(22,2,2,14,'11','12','50','35','monday','2017-2018'),(23,2,2,17,'13','13','0','45','monday','2017-2018'),(24,2,2,31,'13','13','0','45','monday','2017-2018'),(25,2,9,14,'7','8','50','35','monday','2017-2018'),(26,2,9,17,'8','9','35','20','monday','2017-2018'),(27,2,9,15,'9','10','20','5','monday','2017-2018'),(28,2,9,18,'10','11','20','5','monday','2017-2018'),(29,2,9,18,'11','11','5','50','monday','2017-2018'),(30,2,9,69,'11','12','50','35','monday','2017-2018'),(31,2,9,16,'1','1','0','45','sunday','2017-2018'),(32,2,9,16,'13','13','0','45','monday','2017-2018'),(33,2,9,16,'13','14','45','30','monday','2017-2018'),(34,3,5,20,'7','8','50','35','monday','2017-2018'),(35,3,5,20,'8','9','35','20','monday','2017-2018'),(36,3,5,24,'9','10','20','5','monday','2017-2018'),(37,3,5,71,'10','11','20','5','monday','2017-2018'),(38,3,5,71,'11','11','5','50','monday','2017-2018'),(39,3,5,19,'11','12','50','35','monday','2017-2018'),(40,3,5,23,'13','13','0','45','monday','2017-2018'),(41,3,5,23,'13','14','45','30','monday','2017-2018'),(42,2,2,31,'13','14','45','30','monday','2017-2018'),(43,3,10,71,'7','8','50','35','monday','2017-2018'),(44,3,10,71,'8','9','35','20','monday','2017-2018'),(45,3,10,19,'9','10','20','5','monday','2017-2018'),(46,3,10,23,'10','11','20','5','monday','2017-2018'),(47,3,10,23,'11','11','5','50','monday','2017-2018'),(48,3,10,24,'11','12','50','35','monday','2017-2018'),(49,3,10,20,'13','13','0','45','monday','2017-2018'),(50,3,10,20,'13','14','45','30','monday','2017-2018'),(51,1,1,8,'7','8','50','35','tuesday','2017-2018'),(52,1,1,8,'8','9','35','20','tuesday','2017-2018'),(53,1,1,26,'9','10','20','5','monday','2017-2018'),(54,1,1,10,'10','11','20','5','tuesday','2017-2018'),(55,1,1,26,'9','10','20','5','monday','2017-2018'),(56,1,1,26,'9','10','20','5','tuesday','2017-2018'),(57,1,1,11,'11','11','5','50','tuesday','2017-2018'),(58,1,1,11,'11','12','50','35','tuesday','2017-2018'),(59,1,1,72,'13','13','0','45','tuesday','2017-2018'),(60,1,1,72,'13','14','45','30','tuesday','2017-2018'),(61,1,8,72,'7','8','50','35','tuesday','2017-2018'),(62,1,8,72,'8','9','35','20','tuesday','2017-2018'),(63,1,8,36,'9','10','20','5','tuesday','2017-2018'),(64,1,8,8,'10','11','20','5','tuesday','2017-2018'),(65,1,8,8,'11','11','5','50','tuesday','2017-2018'),(66,1,8,10,'11','12','50','35','tuesday','2017-2018'),(67,1,8,11,'13','13','0','45','tuesday','2017-2018'),(68,1,8,11,'13','14','45','30','tuesday','2017-2018'),(69,2,2,14,'7','8','50','35','tuesday','2017-2018'),(70,2,2,16,'8','9','35','20','tuesday','2017-2018'),(71,2,2,16,'9','10','20','5','tuesday','2017-2018'),(72,2,2,15,'10','11','20','5','tuesday','2017-2018'),(73,2,2,15,'11','11','5','50','tuesday','2017-2018'),(74,2,2,69,'11','12','50','35','tuesday','2017-2018'),(75,2,2,18,'13','13','0','45','tuesday','2017-2018'),(76,2,2,18,'13','14','45','30','tuesday','2017-2018'),(77,2,9,18,'7','8','50','35','tuesday','2017-2018'),(78,2,9,18,'8','9','35','20','tuesday','2017-2018'),(79,2,9,35,'9','10','20','5','tuesday','2017-2018'),(80,2,9,16,'10','11','20','5','tuesday','2017-2018'),(81,2,9,16,'11','11','5','50','tuesday','2017-2018'),(82,2,9,14,'11','12','50','35','tuesday','2017-2018'),(83,2,9,15,'13','13','0','45','tuesday','2017-2018'),(84,2,9,15,'13','14','45','30','tuesday','2017-2018'),(85,3,5,71,'7','8','50','35','tuesday','2017-2018'),(86,3,5,71,'8','9','35','20','tuesday','2017-2018'),(87,3,5,23,'9','10','20','5','tuesday','2017-2018'),(88,3,5,20,'10','11','20','5','tuesday','2017-2018'),(89,3,5,20,'11','11','5','50','tuesday','2017-2018'),(90,3,5,19,'11','12','50','35','tuesday','2017-2018'),(91,3,5,24,'13','13','0','45','tuesday','2017-2018'),(92,3,5,24,'13','14','45','30','tuesday','2017-2018'),(93,3,10,23,'7','8','50','35','tuesday','2017-2018'),(94,3,10,24,'8','9','35','20','tuesday','2017-2018'),(95,3,10,24,'9','10','20','5','tuesday','2017-2018'),(96,3,10,41,'10','11','20','5','tuesday','2017-2018'),(97,3,10,71,'11','11','5','50','tuesday','2017-2018'),(98,3,10,71,'11','12','50','30','tuesday','2017-2018'),(99,3,10,20,'13','13','0','45','tuesday','2017-2018'),(100,3,10,20,'13','14','45','30','tuesday','2017-2018'),(101,1,1,72,'7','8','50','35','wednesday','2017-2018'),(102,1,1,72,'8','9','35','20','wednesday','2017-2018'),(103,1,1,11,'9','10','20','5','wednesday','2017-2018'),(104,1,1,8,'10','11','20','5','wednesday','2017-2018'),(105,1,1,8,'11','11','5','50','wednesday','2017-2018'),(106,1,1,10,'11','12','50','35','wednesday','2017-2018'),(107,1,1,28,'13','13','0','45','wednesday','2017-2018'),(108,1,1,37,'13','14','45','30','wednesday','2017-2018'),(109,1,8,11,'7','8','50','35','wednesday','2017-2018'),(110,1,8,27,'8','9','35','20','wednesday','2017-2018'),(111,1,8,10,'9','10','20','5','wednesday','2017-2018'),(112,1,8,72,'10','11','20','5','wednesday','2017-2018'),(113,1,8,72,'11','11','5','50','wednesday','2017-2018'),(114,1,8,37,'11','12','50','35','wednesday','2017-2018'),(115,1,8,8,'13','13','0','45','wednesday','2017-2018'),(116,1,8,8,'13','14','45','30','wednesday','2017-2018'),(117,2,2,18,'7','8','50','35','wednesday','2017-2018'),(118,2,2,18,'8','9','35','20','wednesday','2017-2018'),(119,2,2,34,'9','10','20','5','wednesday','2017-2018'),(120,2,2,17,'10','11','20','5','wednesday','2017-2018'),(121,2,2,16,'11','11','5','50','wednesday','2017-2018'),(122,2,2,16,'11','12','50','35','wednesday','2017-2018'),(123,2,2,14,'13','13','0','45','wednesday','2017-2018'),(124,2,2,15,'13','14','45','30','wednesday','2017-2018'),(125,2,9,16,'7','8','50','35','wednesday','2017-2018'),(126,2,9,16,'8','9','35','20','wednesday','2017-2018'),(127,2,9,31,'9','10','20','5','wednesday','2017-2018'),(128,2,9,14,'10','11','20','5','wednesday','2017-2018'),(129,2,9,18,'11','11','5','50','wednesday','2017-2018'),(130,2,9,18,'11','12','50','35','wednesday','2017-2018'),(131,2,9,15,'13','13','0','45','wednesday','2017-2018'),(132,2,9,17,'13','14','45','30','wednesday','2017-2018'),(134,3,5,71,'8','9','35','20','wednesday','2017-2018'),(135,3,5,71,'9','10','20','5','wednesday','2017-2018'),(136,3,5,24,'10','11','20','5','wednesday','2017-2018'),(137,3,5,23,'11','11','5','50','wednesday','2017-2018'),(138,3,5,40,'11','12','50','35','wednesday','2017-2018'),(140,3,5,20,'13','14','45','30','wednesday','2017-2018'),(141,3,10,20,'7','8','50','35','wednesday','2017-2018'),(142,3,10,20,'8','9','35','20','wednesday','2017-2018'),(143,3,10,23,'9','10','20','5','wednesday','2017-2018'),(144,3,10,19,'10','11','20','5','wednesday','2017-2018'),(145,3,10,71,'11','11','5','50','wednesday','2017-2018'),(146,3,10,71,'11','12','50','35','wednesday','2017-2018'),(147,3,10,40,'13','13','0','45','wednesday','2017-2018'),(148,3,10,24,'13','14','45','30','wednesday','2017-2018'),(149,1,1,10,'7','8','50','30','thursday','2017-2018'),(150,1,1,10,'8','9','35','20','thursday','2017-2018'),(151,1,1,11,'9','10','20','5','thursday','2017-2018'),(152,1,1,72,'10','11','20','5','thursday','2017-2018'),(153,1,1,72,'11','11','5','50','thursday','2017-2018'),(154,1,1,9,'11','12','50','35','thursday','2017-2018'),(155,1,1,8,'13','13','0','45','thursday','2017-2018'),(156,1,1,8,'13','14','45','30','thursday','2017-2018'),(157,1,8,28,'7','8','50','35','thursday','2017-2018'),(158,1,8,8,'8','9','35','20','thursday','2017-2018'),(159,1,8,8,'9','10','20','5','thursday','2017-2018'),(160,1,8,10,'10','11','20','5','thursday','2017-2018'),(161,1,8,10,'11','11','5','50','thursday','2017-2018'),(162,1,8,11,'11','12','50','35','thursday','2017-2018'),(163,1,8,72,'13','13','0','45','thursday','2017-2018'),(164,1,8,72,'13','14','45','30','thursday','2017-2018'),(165,2,2,15,'7','8','50','35','thursday','2017-2018'),(166,2,2,16,'8','9','35','20','thursday','2017-2018'),(167,2,2,16,'9','10','20','5','thursday','2017-2018'),(168,2,2,18,'10','11','20','5','thursday','2017-2018'),(169,2,2,18,'11','11','5','50','thursday','2017-2018'),(170,2,2,35,'11','12','50','35','thursday','2017-2018'),(171,2,2,14,'13','13','0','45','thursday','2017-2018'),(172,2,2,14,'13','14','45','30','thursday','2017-2018'),(173,2,9,14,'7','8','50','35','thursday','2017-2018'),(174,2,9,14,'8','9','35','20','thursday','2017-2018'),(175,2,9,34,'9','10','20','5','thursday','2017-2018'),(176,2,9,16,'10','11','20','5','thursday','2017-2018'),(177,2,9,16,'11','11','5','50','thursday','2017-2018'),(178,2,9,15,'11','12','50','35','thursday','2017-2018'),(179,2,9,18,'13','13','0','45','thursday','2017-2018'),(180,2,9,18,'13','14','45','30','thursday','2017-2018'),(181,3,5,73,'7','8','50','35','thursday','2017-2018'),(182,3,5,20,'8','9','35','20','thursday','2017-2018'),(183,3,5,20,'9','10','20','5','thursday','2017-2018'),(184,3,5,22,'10','11','20','5','thursday','2017-2018'),(185,3,5,71,'11','11','5','50','thursday','2017-2018'),(186,3,5,71,'11','12','50','35','thursday','2017-2018'),(187,3,5,24,'13','13','0','45','thursday','2017-2018'),(188,3,5,23,'13','14','45','30','thursday','2017-2018'),(189,3,10,71,'7','8','50','35','thursday','2017-2018'),(190,3,10,71,'8','9','35','20','thursday','2017-2018'),(191,3,10,22,'9','10','20','5','thursday','2017-2018'),(192,3,10,23,'10','11','20','5','thursday','2017-2018'),(193,3,10,20,'11','11','5','50','thursday','2017-2018'),(194,3,10,20,'11','12','50','35','thursday','2017-2018'),(195,3,10,73,'13','13','0','45','thursday','2017-2018'),(196,3,10,24,'13','14','45','30','thursday','2017-2018'),(197,1,1,74,'7','8','45','30','friday','2017-2018'),(198,1,1,9,'8','9','30','15','friday','2017-2018'),(199,1,8,9,'7','8','45','30','friday','2017-2018'),(200,1,8,74,'8','9','30','15','friday','2017-2018'),(201,2,2,75,'7','8','45','30','friday','2017-2018'),(202,2,2,32,'8','9','30','15','friday','2017-2018'),(203,2,9,32,'7','8','45','30','friday','2017-2018'),(204,2,9,75,'8','9','30','15','friday','2017-2018'),(205,3,5,38,'7','8','45','30','friday','2017-2018'),(206,3,5,39,'8','9','30','15','friday','2017-2018'),(207,3,10,39,'7','8','45','30','friday','2017-2018'),(208,3,10,38,'8','9','30','15','friday','2017-2018'),(209,3,5,20,'7','8','45','30','monday','2017-2018');

/*Table structure for table `commentlikes` */

DROP TABLE IF EXISTS `commentlikes`;

CREATE TABLE `commentlikes` (
  `id` int(11) NOT NULL AUTO_INCREMENT,
  `active` int(1) NOT NULL DEFAULT '0',
  `post_id` int(11) NOT NULL,
  `time` int(12) NOT NULL,
  `timeline_id` int(11) NOT NULL,
  `timestamp` timestamp NOT NULL DEFAULT CURRENT_TIMESTAMP ON UPDATE CURRENT_TIMESTAMP,
  PRIMARY KEY (`id`),
  KEY `post_id` (`post_id`),
  KEY `timeline_id` (`timeline_id`)
) ENGINE=InnoDB AUTO_INCREMENT=2 DEFAULT CHARSET=utf8 COLLATE=utf8_unicode_ci;

/*Data for the table `commentlikes` */

insert  into `commentlikes`(`id`,`active`,`post_id`,`time`,`timeline_id`,`timestamp`) values (1,1,7,1488799148,55,'2017-03-06 18:17:34');

/*Table structure for table `comments` */

DROP TABLE IF EXISTS `comments`;

CREATE TABLE `comments` (
  `id` int(11) NOT NULL AUTO_INCREMENT,
  `active` int(1) NOT NULL DEFAULT '0',
  `media_id` int(11) NOT NULL,
  `post_id` int(11) NOT NULL,
  `text` text COLLATE utf8_unicode_ci NOT NULL,
  `time` int(12) NOT NULL,
  `timeline_id` int(11) NOT NULL,
  `timestamp` timestamp NOT NULL DEFAULT CURRENT_TIMESTAMP ON UPDATE CURRENT_TIMESTAMP,
  PRIMARY KEY (`id`),
  KEY `post_id` (`post_id`),
  KEY `timeline_id` (`timeline_id`)
) ENGINE=InnoDB AUTO_INCREMENT=10 DEFAULT CHARSET=utf8 COLLATE=utf8_unicode_ci;

/*Data for the table `comments` */

insert  into `comments`(`id`,`active`,`media_id`,`post_id`,`text`,`time`,`timeline_id`,`timestamp`) values (1,1,0,2,'Ok...',1476285874,1,'2016-10-12 22:24:34'),(2,1,0,2,'cek cek',1476318276,1,'2016-10-13 07:24:36'),(3,1,0,6,'Wh<br>o 2nd',1476321682,1,'2016-10-13 08:21:22'),(4,1,0,8,'lagu galau',1477022257,1,'2016-10-21 10:57:37'),(5,1,0,8,'iya nih',1477022301,3,'2016-10-21 10:58:21'),(6,1,0,9,'Letto...',1477022697,1,'2016-10-21 11:04:57'),(7,1,0,30,'Someone please tell me how to comment',1488651671,42,'2017-03-05 01:19:37'),(9,1,0,38,'yee',1489326118,38,'2017-03-12 13:43:26');

/*Table structure for table `configurations` */

DROP TABLE IF EXISTS `configurations`;

CREATE TABLE `configurations` (
  `ad_place_hashtag` text NOT NULL,
  `ad_place_home` text NOT NULL,
  `ad_place_messages` text NOT NULL,
  `ad_place_search` text NOT NULL,
  `ad_place_timeline` text NOT NULL,
  `admin_password` varchar(255) NOT NULL DEFAULT 'e9aada4fd797d65069187d7a961691cc',
  `admin_username` varchar(255) NOT NULL DEFAULT 'marvelkit',
  `captcha` int(1) NOT NULL DEFAULT '0',
  `censored_words` varchar(255) NOT NULL DEFAULT 'racist,retard',
  `chat` int(1) NOT NULL DEFAULT '0',
  `comment_character_limit` int(10) NOT NULL DEFAULT '0',
  `disable_registration` int(1) NOT NULL DEFAULT '0',
  `email` varchar(150) NOT NULL DEFAULT 'no-reply@website.com',
  `email_verification` int(1) NOT NULL DEFAULT '0',
  `friends` int(1) NOT NULL DEFAULT '0',
  `language` varchar(50) NOT NULL DEFAULT 'english',
  `message_character_limit` int(10) NOT NULL DEFAULT '0',
  `reg_req_about` int(1) NOT NULL DEFAULT '0',
  `reg_req_birthday` int(1) NOT NULL DEFAULT '0',
  `reg_req_currentcity` int(1) NOT NULL DEFAULT '0',
  `reg_req_hometown` int(1) NOT NULL DEFAULT '0',
  `reset_time` int(12) NOT NULL,
  `site_name` varchar(150) NOT NULL DEFAULT 'Site Name',
  `site_title` varchar(150) NOT NULL DEFAULT 'Site Title',
  `smooth_links` int(1) NOT NULL DEFAULT '0',
  `story_character_limit` int(10) NOT NULL DEFAULT '0',
  `theme` varchar(100) NOT NULL DEFAULT '',
  KEY `admin_password_2` (`admin_password`,`admin_username`,`captcha`,`censored_words`,`chat`),
  KEY `comment_character_limit_2` (`comment_character_limit`,`email`,`email_verification`,`friends`,`language`,`message_character_limit`),
  KEY `reg_req_about_2` (`reg_req_about`,`reg_req_birthday`,`reg_req_currentcity`,`reg_req_hometown`,`site_name`,`site_title`,`smooth_links`,`story_character_limit`,`theme`)
) ENGINE=InnoDB DEFAULT CHARSET=utf8;

/*Data for the table `configurations` */

insert  into `configurations`(`ad_place_hashtag`,`ad_place_home`,`ad_place_messages`,`ad_place_search`,`ad_place_timeline`,`admin_password`,`admin_username`,`captcha`,`censored_words`,`chat`,`comment_character_limit`,`disable_registration`,`email`,`email_verification`,`friends`,`language`,`message_character_limit`,`reg_req_about`,`reg_req_birthday`,`reg_req_currentcity`,`reg_req_hometown`,`reset_time`,`site_name`,`site_title`,`smooth_links`,`story_character_limit`,`theme`) values ('','','','','','7b51815ef819d0fb3213c2addb552c4e','admin',1,'kontol,memek,anjing,babi, setan',1,0,0,'admin@starstudents.co.id',0,1,'english',0,1,1,1,1,1481576347,'Star Students','Student Social Network',0,0,'rembon');

/*Table structure for table `countries` */

DROP TABLE IF EXISTS `countries`;

CREATE TABLE `countries` (
  `id` int(11) NOT NULL AUTO_INCREMENT,
  `parent_id` int(11) NOT NULL DEFAULT '0',
  `name` varchar(255) NOT NULL,
  PRIMARY KEY (`id`),
  FULLTEXT KEY `name` (`name`)
) ENGINE=MyISAM AUTO_INCREMENT=261 DEFAULT CHARSET=utf8;

/*Data for the table `countries` */

insert  into `countries`(`id`,`parent_id`,`name`) values (1,0,'Albania'),(2,0,'Algeria'),(3,0,'American Samoa'),(4,0,'Andorra'),(5,0,'Angola'),(6,0,'Anguilla'),(7,0,'Antigua'),(8,0,'Antilles'),(9,0,'Argentina'),(10,0,'Armenia'),(11,0,'Aruba'),(12,0,'Australia'),(13,0,'Austria'),(14,0,'Azerbaijan'),(15,0,'Azores'),(16,0,'Bahamas'),(17,0,'Bahrain'),(18,0,'Bangladesh'),(19,0,'Barbados'),(20,0,'Barbuda'),(21,0,'Belgium'),(22,0,'Belize'),(23,0,'Belorus'),(24,0,'Benin'),(25,0,'Bermuda'),(26,0,'Bhutan'),(27,0,'Bolivia'),(28,0,'Bonaire'),(29,0,'Bosnia &amp; Hercegovina'),(30,0,'Botswana'),(31,0,'Br. Virgin Islands'),(32,0,'Brazil'),(33,0,'Brunei'),(34,0,'Bulgaria'),(35,0,'Burkina Faso'),(36,0,'Burundi'),(37,0,'Caicos Island'),(38,0,'Cameroon'),(39,0,'Canada'),(40,0,'Canary Islands'),(41,0,'Cape Verde'),(42,0,'Cayman Islands'),(43,0,'Central African Republic'),(44,0,'Chad'),(45,0,'Channel Islands'),(46,0,'Chile'),(47,0,'China'),(48,0,'Colombia'),(50,0,'Congo'),(51,0,'Cook Islands'),(52,0,'Cooper Island'),(53,0,'Costa Rica'),(54,0,'Cote D&#39;Ivoire'),(55,0,'Croatia'),(56,0,'Curacao'),(57,0,'Cyprus'),(58,0,'Czech Republic'),(59,0,'Denmark'),(60,0,'Djibouti'),(61,0,'Dominica'),(62,0,'Dominican Republic'),(63,0,'Ecuador'),(64,0,'Egypt'),(65,0,'El Salvador'),(66,0,'England'),(67,0,'Equatorial Guinea'),(68,0,'Estonia'),(69,0,'Ethiopia'),(70,0,'Fiji'),(71,0,'Finland'),(72,0,'France'),(73,0,'French Guiana'),(74,0,'French Polynesia'),(75,0,'Futuna Island'),(76,0,'Gabon'),(77,0,'Gambia'),(78,0,'Georgia'),(79,0,'Germany'),(80,0,'Ghana'),(81,0,'Gibraltar'),(82,0,'Greece'),(83,0,'Grenada'),(84,0,'Grenland'),(85,0,'Guadeloupe'),(86,0,'Guam'),(87,0,'Guatemala'),(88,0,'Guinea'),(89,0,'Guinea-Bissau'),(90,0,'Guyana'),(91,0,'Haiti'),(92,0,'Holland'),(93,0,'Honduras'),(94,0,'Hong Kong'),(95,0,'Hungary'),(96,0,'Iceland'),(97,0,'India'),(98,0,'Indonesia'),(99,0,'Iran'),(100,0,'Iraq'),(101,0,'Ireland, Northern'),(102,0,'Ireland, Republic of'),(103,0,'Isle of Man'),(104,0,'Israel'),(105,0,'Italy'),(106,0,'Ivory Coast'),(107,0,'Jamaica'),(108,0,'Japan'),(109,0,'Jordan'),(110,0,'Jost Van Dyke Island'),(111,0,'Kampuchea'),(112,0,'Kazakhstan'),(113,0,'Kenya'),(114,0,'Kiribati'),(115,0,'Korea'),(116,0,'Korea, South'),(117,0,'Kosrae'),(118,0,'Kuwait'),(119,0,'Kyrgyzstan'),(120,0,'Laos'),(121,0,'Latvia'),(122,0,'Lebanon'),(123,0,'Lesotho'),(124,0,'Liberia'),(125,0,'Liechtenstein'),(126,0,'Lithuania'),(127,0,'Luxembourg'),(128,0,'Macau'),(129,0,'Macedonia'),(130,0,'Madagascar'),(131,0,'Madeira Islands'),(132,0,'Malagasy'),(133,0,'Malawi'),(134,0,'Malaysia'),(135,0,'Maldives'),(136,0,'Mali'),(137,0,'Malta'),(138,0,'Marshall Islands'),(139,0,'Martinique'),(140,0,'Mauritania'),(141,0,'Mauritius'),(142,0,'Mexico'),(143,0,'Micronesia'),(144,0,'Moldova'),(145,0,'Monaco'),(146,0,'Mongolia'),(147,0,'Montenegro'),(148,0,'Montserrat'),(149,0,'Morocco'),(150,0,'Mozambique'),(151,0,'Myanmar'),(152,0,'Namibia'),(153,0,'Nauru'),(154,0,'Nepal'),(155,0,'Netherlands'),(156,0,'Nevis'),(157,0,'Nevis (St. Kitts)'),(158,0,'New Caledonia'),(159,0,'New Zealand'),(160,0,'Nicaragua'),(161,0,'Niger'),(162,0,'Nigeria'),(163,0,'Niue'),(164,0,'Norfolk Island'),(165,0,'Norman Island'),(166,0,'Northern Mariana Island'),(167,0,'Norway'),(168,0,'Oman'),(169,0,'Pakistan'),(170,0,'Palau'),(171,0,'Panama'),(172,0,'Papua New Guinea'),(173,0,'Paraguay'),(174,0,'Peru'),(175,0,'Philippines'),(176,0,'Poland'),(177,0,'Ponape'),(178,0,'Portugal'),(179,0,'Qatar'),(180,0,'Reunion'),(181,0,'Romania'),(182,0,'Rota'),(183,0,'Russia'),(184,0,'Rwanda'),(185,0,'Saba'),(186,0,'Saipan'),(187,0,'San Marino'),(188,0,'Sao Tome'),(189,0,'Saudi Arabia'),(190,0,'Scotland'),(191,0,'Senegal'),(192,0,'Serbia'),(193,0,'Seychelles'),(194,0,'Sierra Leone'),(195,0,'Singapore'),(196,0,'Slovakia'),(197,0,'Slovenia'),(198,0,'Solomon Islands'),(199,0,'Somalia'),(200,0,'South Africa'),(201,0,'Spain'),(202,0,'Sri Lanka'),(203,0,'St. Barthelemy'),(204,0,'St. Christopher'),(205,0,'St. Croix'),(206,0,'St. Eustatius'),(207,0,'St. John'),(208,0,'St. Kitts'),(209,0,'St. Lucia'),(210,0,'St. Maarten'),(211,0,'St. Martin'),(212,0,'St. Thomas'),(213,0,'St. Vincent'),(214,0,'Sudan'),(215,0,'Suriname'),(216,0,'Swaziland'),(217,0,'Sweden'),(218,0,'Switzerland'),(219,0,'Syria'),(220,0,'Tahiti'),(221,0,'Taiwan'),(222,0,'Tajikistan'),(223,0,'Tanzania'),(224,0,'Thailand'),(225,0,'Tinian'),(226,0,'Togo'),(227,0,'Tonaga'),(228,0,'Tonga'),(229,0,'Tortola'),(230,0,'Trinidad and Tobago'),(231,0,'Truk'),(232,0,'Tunisia'),(233,0,'Turkey'),(234,0,'Turkmenistan'),(235,0,'Turks and Caicos Island'),(236,0,'Tuvalu'),(237,0,'U.S. Virgin Islands'),(238,0,'Uganda'),(239,0,'Ukraine'),(240,0,'Union Island'),(241,0,'United Arab Emirates'),(242,0,'United Kingdom'),(243,0,'Uruguay'),(244,0,'United States'),(245,0,'Uzbekistan'),(246,0,'Vanuatu'),(247,0,'Vatican City'),(248,0,'Venezuela'),(249,0,'Vietnam'),(250,0,'Virgin Islands (British)'),(251,0,'Virgin Islands (U.S.)'),(252,0,'Wake Island'),(253,0,'Wales'),(254,0,'Wallis Island'),(255,0,'Western Samoa'),(256,0,'Yap'),(257,0,'Yemen, Republic of'),(258,0,'Zaire'),(259,0,'Zambia'),(260,0,'Zimbabwe');

/*Table structure for table `custom_fields` */

DROP TABLE IF EXISTS `custom_fields`;

CREATE TABLE `custom_fields` (
  `id` int(11) NOT NULL AUTO_INCREMENT,
  `title` varchar(120) DEFAULT NULL,
  `fsize` tinyint(1) NOT NULL DEFAULT '55',
  `section` varchar(3) DEFAULT NULL,
  `sorting` int(4) NOT NULL DEFAULT '0',
  PRIMARY KEY (`id`)
) ENGINE=MyISAM AUTO_INCREMENT=7 DEFAULT CHARSET=utf8;

/*Data for the table `custom_fields` */

/*Table structure for table `demo_device` */

DROP TABLE IF EXISTS `demo_device`;

CREATE TABLE `demo_device` (
  `device_name` varchar(50) NOT NULL,
  `sn` varchar(50) NOT NULL,
  `vc` varchar(50) NOT NULL,
  `ac` varchar(50) NOT NULL,
  `vkey` varchar(50) NOT NULL,
  PRIMARY KEY (`sn`)
) ENGINE=InnoDB DEFAULT CHARSET=latin1;

/*Data for the table `demo_device` */

insert  into `demo_device`(`device_name`,`sn`,`vc`,`ac`,`vkey`) values ('Rembon Finger','G700E009497','D8017D48158A994','5SJ50DD7FF84100EFBED7W2W','E0BB1477D5E79A52316AF8CEDA3AD930'),('FP2','G900E030579','09B3F1C1F361A73','NUUA61726A39EDE211ACFVBY','B82A547AB842CCC2AA60D51DA56E2C30'),('421','GX00E030421','C64A21E29163DC7','FPC646F670332AB79ADB8VGF','AF339446E407AF10A03CE84CCA7F947D'),('H200','H200E017383','BC036CCE494005E','KHKB2AA54810A6714AE37HYK','99F62CDDC38A6CFFCAF9095D4FB2593A');

/*Table structure for table `demo_device_vb` */

DROP TABLE IF EXISTS `demo_device_vb`;

CREATE TABLE `demo_device_vb` (
  `device_id` int(11) NOT NULL AUTO_INCREMENT,
  `device_name` varchar(50) NOT NULL,
  `sn` varchar(50) NOT NULL,
  `vc` varchar(50) NOT NULL,
  `ac` varchar(50) NOT NULL,
  PRIMARY KEY (`device_id`)
) ENGINE=InnoDB AUTO_INCREMENT=3 DEFAULT CHARSET=latin1;

/*Data for the table `demo_device_vb` */

insert  into `demo_device_vb`(`device_id`,`device_name`,`sn`,`vc`,`ac`) values (1,'G700','G700E009497','D80-17D-481-58A-994','5SJ5-0DD7-FF84-100E-FBED-7W2W'),(2,'G900','G900E030579','09B-3F1-C1F-361-A73','NUUA-6172-6A39-EDE2-11AC-FVBY');

/*Table structure for table `demo_finger` */

DROP TABLE IF EXISTS `demo_finger`;

CREATE TABLE `demo_finger` (
  `user_id` int(11) unsigned NOT NULL,
  `finger_id` int(11) unsigned NOT NULL,
  `finger_data` text NOT NULL,
  PRIMARY KEY (`user_id`)
) ENGINE=MyISAM DEFAULT CHARSET=latin1;

/*Data for the table `demo_finger` */

/*Table structure for table `demo_log` */

DROP TABLE IF EXISTS `demo_log`;

CREATE TABLE `demo_log` (
  `log_time` timestamp NOT NULL DEFAULT CURRENT_TIMESTAMP ON UPDATE CURRENT_TIMESTAMP,
  `user_name` varchar(50) NOT NULL,
  `data` text NOT NULL COMMENT 'sn + pc time',
  `date_login` varchar(20) NOT NULL,
  `date_logout` varchar(20) NOT NULL,
  `login_status` varchar(11) NOT NULL,
  `logout_status` varchar(11) NOT NULL,
  PRIMARY KEY (`log_time`)
) ENGINE=InnoDB DEFAULT CHARSET=latin1;

/*Data for the table `demo_log` */

insert  into `demo_log`(`log_time`,`user_name`,`data`,`date_login`,`date_logout`,`login_status`,`logout_status`) values ('2017-02-22 00:06:12','Mawar Merah','2017-02-22 00:05:36 (PC Time) | G900E030579 (SN)','','','','');

/*Table structure for table `demo_user` */

DROP TABLE IF EXISTS `demo_user`;

CREATE TABLE `demo_user` (
  `user_id` int(11) unsigned NOT NULL AUTO_INCREMENT,
  `user_name` varchar(50) NOT NULL,
  PRIMARY KEY (`user_id`)
) ENGINE=MyISAM AUTO_INCREMENT=2 DEFAULT CHARSET=latin1;

/*Data for the table `demo_user` */

insert  into `demo_user`(`user_id`,`user_name`) values (1,'Mawar Merah');

/*Table structure for table `document` */

DROP TABLE IF EXISTS `document`;

CREATE TABLE `document` (
  `document_id` int(11) NOT NULL AUTO_INCREMENT,
  `title` longtext COLLATE utf8_unicode_ci NOT NULL,
  `description` longtext COLLATE utf8_unicode_ci NOT NULL,
  `file_name` longtext COLLATE utf8_unicode_ci NOT NULL,
  `file_type` longtext COLLATE utf8_unicode_ci NOT NULL,
  `class_id` longtext COLLATE utf8_unicode_ci NOT NULL,
  `teacher_id` int(11) NOT NULL,
  `timestamp` longtext COLLATE utf8_unicode_ci NOT NULL,
  `subject_id` int(11) DEFAULT NULL,
  PRIMARY KEY (`document_id`)
) ENGINE=MyISAM AUTO_INCREMENT=4 DEFAULT CHARSET=utf8 COLLATE=utf8_unicode_ci;

/*Data for the table `document` */

insert  into `document`(`document_id`,`title`,`description`,`file_name`,`file_type`,`class_id`,`teacher_id`,`timestamp`,`subject_id`) values (1,'Praktek 1','Praktek Sidang 1','test1.txt','doc','1',0,'1506716160',8);

/*Table structure for table `dormitory` */

DROP TABLE IF EXISTS `dormitory`;

CREATE TABLE `dormitory` (
  `dormitory_id` int(11) NOT NULL AUTO_INCREMENT,
  `name` longtext COLLATE utf8_unicode_ci NOT NULL,
  `number_of_room` longtext COLLATE utf8_unicode_ci NOT NULL,
  `description` longtext COLLATE utf8_unicode_ci NOT NULL,
  PRIMARY KEY (`dormitory_id`)
) ENGINE=MyISAM AUTO_INCREMENT=2 DEFAULT CHARSET=utf8 COLLATE=utf8_unicode_ci;

/*Data for the table `dormitory` */

insert  into `dormitory`(`dormitory_id`,`name`,`number_of_room`,`description`) values (1,'None','100','None');

/*Table structure for table `ebook` */

DROP TABLE IF EXISTS `ebook`;

CREATE TABLE `ebook` (
  `ebook_id` int(11) NOT NULL AUTO_INCREMENT,
  `name` longtext NOT NULL,
  `description` longtext NOT NULL,
  `author` longtext NOT NULL,
  `uploaded` int(11) NOT NULL,
  `source` text NOT NULL,
  `class_id` longtext,
  `status` longtext NOT NULL,
  `price` longtext,
  `share` enum('y','n') DEFAULT 'n',
  `tag` text NOT NULL,
  `date` varchar(100) NOT NULL,
  `file` longtext NOT NULL,
  `downloaders` int(11) DEFAULT '0',
  PRIMARY KEY (`ebook_id`)
) ENGINE=InnoDB AUTO_INCREMENT=25 DEFAULT CHARSET=latin1;

/*Data for the table `ebook` */

insert  into `ebook`(`ebook_id`,`name`,`description`,`author`,`uploaded`,`source`,`class_id`,`status`,`price`,`share`,`tag`,`date`,`file`,`downloaders`) values (12,'character building grade 5','','Bambang Pamungkas',13,'','1','available','','y','','','68CB grade 5.pdf',75),(20,'Mudah Belajar Matematika Kelas 9','Mudah Belajar Matematika Kelas 9','Bambang Pamungkas',1,'','3','available','','y','matematika','2017-07-21','49Mudah Belajar Matematika Kelas 9.pdf',32),(21,'Bahasa Kebanggaanku','Bahasa Kebanggaanku untuk kelas 9','Bambang Pamungkas',1,'','3','available','','y','bahasa indonesia','2017-07-21','45Bahasa Kebanggaanku.pdf',33),(22,'Bahasa dan Sastra Indonesia','Bahasa dan Sastra Indonesia untuk kelas 9','Bambang Pamungkas',1,'','3','available','','y','','2017-07-21','61Bahasa dan Sastra Indonesia.pdf',47),(23,'Membuka Jendela Ilmu Bahasa','Membuka Jendela Ilmu Bahasa untuk kelas 9','Bambang Pamungkas',1,'','3','available','','y','','2017-07-21','35Membuka Jendela Ilmu Bahasa.pdf',93),(24,'tes buku','matematika','Muadzini Rosyadi,S.S',7,'','1','available','10000','y','aljabar','2017-11-13','34Daftar parent di stand starstudent (spr).pdf',5);

/*Table structure for table `ebook_tag` */

DROP TABLE IF EXISTS `ebook_tag`;

CREATE TABLE `ebook_tag` (
  `ebook_tag_id` int(11) NOT NULL AUTO_INCREMENT,
  `ebook_id` int(11) NOT NULL,
  `ebook_tag_name` varchar(255) NOT NULL,
  PRIMARY KEY (`ebook_tag_id`)
) ENGINE=InnoDB AUTO_INCREMENT=34 DEFAULT CHARSET=latin1;

/*Data for the table `ebook_tag` */

insert  into `ebook_tag`(`ebook_tag_id`,`ebook_id`,`ebook_tag_name`) values (26,19,'aljabar'),(27,19,' matematika'),(28,20,'aljabar'),(29,20,'matematika'),(30,21,'bahasa indonesia'),(31,22,''),(32,23,''),(33,24,'aljabar');

/*Table structure for table `ebook_tags` */

DROP TABLE IF EXISTS `ebook_tags`;

CREATE TABLE `ebook_tags` (
  `ebook_tags_id` int(11) NOT NULL AUTO_INCREMENT,
  `ebook_tags_name` varchar(255) NOT NULL,
  PRIMARY KEY (`ebook_tags_id`)
) ENGINE=InnoDB AUTO_INCREMENT=4 DEFAULT CHARSET=latin1;

/*Data for the table `ebook_tags` */

insert  into `ebook_tags`(`ebook_tags_id`,`ebook_tags_name`) values (1,'aljabar'),(2,'matematika'),(3,'regresi linier');

/*Table structure for table `enroll` */

DROP TABLE IF EXISTS `enroll`;

CREATE TABLE `enroll` (
  `enroll_id` int(11) NOT NULL AUTO_INCREMENT,
  `enroll_code` longtext COLLATE utf8_unicode_ci NOT NULL,
  `student_id` int(11) NOT NULL,
  `class_id` int(11) NOT NULL,
  `section_id` int(11) NOT NULL,
  `roll` int(11) NOT NULL,
  `date_added` longtext COLLATE utf8_unicode_ci NOT NULL,
  `year` longtext COLLATE utf8_unicode_ci NOT NULL,
  PRIMARY KEY (`enroll_id`)
) ENGINE=InnoDB AUTO_INCREMENT=13 DEFAULT CHARSET=utf8 COLLATE=utf8_unicode_ci;

/*Data for the table `enroll` */

insert  into `enroll`(`enroll_id`,`enroll_code`,`student_id`,`class_id`,`section_id`,`roll`,`date_added`,`year`) values (1,'67ty5',1,1,1,2017,'1501566355','2017-2018'),(2,'sd7sk',2,1,1,2017,'1501566355','2017-2018'),(3,'ad32a',3,1,1,2017,'1501566355','2017-2018'),(4,'',4,1,1,2017,'1501566355','2017-2018'),(5,'899cec3',7,1,8,2017,'1506914625','2017-2018'),(6,'921ae04',8,1,8,2017,'1506914743','2017-2018'),(7,'06ac0fc',9,1,8,2017,'1506914864','2017-2018'),(8,'a42434c',10,1,8,2017,'1506914977','2017-2018'),(9,'7a612fc',11,1,8,2017,'1506915226','2017-2018'),(10,'114fbc5',12,1,8,2017,'1506915390','2017-2018'),(11,'2d1acf1',13,3,5,2017,'1508411619','2017-2018'),(12,'c2a51f2',14,2,2,2017,'1510555073','2017-2018');

/*Table structure for table `enrollment` */

DROP TABLE IF EXISTS `enrollment`;

CREATE TABLE `enrollment` (
  `id` int(11) NOT NULL AUTO_INCREMENT,
  `user` varchar(11) NOT NULL,
  `course` varchar(11) NOT NULL,
  `date` date NOT NULL,
  `banned` int(2) NOT NULL DEFAULT '0',
  PRIMARY KEY (`id`)
) ENGINE=MyISAM AUTO_INCREMENT=6 DEFAULT CHARSET=latin1;

/*Data for the table `enrollment` */

insert  into `enrollment`(`id`,`user`,`course`,`date`,`banned`) values (1,'3','3','2014-11-23',0),(2,'5','3','2016-10-11',0),(3,'7','3','2016-10-11',0),(4,'8','4','2017-01-11',0),(5,'1','3','2017-01-14',0);

/*Table structure for table `event_invites` */

DROP TABLE IF EXISTS `event_invites`;

CREATE TABLE `event_invites` (
  `id` int(255) NOT NULL AUTO_INCREMENT,
  `action` enum('going','interested','invited') NOT NULL,
  `active` int(1) NOT NULL,
  `event_id` int(255) NOT NULL,
  `timeline_id` int(255) NOT NULL,
  PRIMARY KEY (`id`)
) ENGINE=InnoDB DEFAULT CHARSET=utf8mb4;

/*Data for the table `event_invites` */

/*Table structure for table `events` */

DROP TABLE IF EXISTS `events`;

CREATE TABLE `events` (
  `id` int(255) NOT NULL AUTO_INCREMENT,
  `end_time` int(12) NOT NULL,
  `location` varchar(255) NOT NULL,
  `private` int(1) NOT NULL DEFAULT '0',
  `start_time` int(12) NOT NULL,
  `timeline_id` int(255) NOT NULL,
  PRIMARY KEY (`id`)
) ENGINE=InnoDB DEFAULT CHARSET=utf8mb4;

/*Data for the table `events` */

/*Table structure for table `exam` */

DROP TABLE IF EXISTS `exam`;

CREATE TABLE `exam` (
  `exam_id` int(11) NOT NULL AUTO_INCREMENT,
  `exam_category_ids` int(11) DEFAULT NULL,
  `name` longtext COLLATE utf8_unicode_ci NOT NULL,
  `date` longtext COLLATE utf8_unicode_ci NOT NULL,
  `year` longtext COLLATE utf8_unicode_ci NOT NULL,
  `comment` longtext COLLATE utf8_unicode_ci NOT NULL,
  PRIMARY KEY (`exam_id`)
) ENGINE=InnoDB AUTO_INCREMENT=16 DEFAULT CHARSET=utf8 COLLATE=utf8_unicode_ci;

/*Data for the table `exam` */

insert  into `exam`(`exam_id`,`exam_category_ids`,`name`,`date`,`year`,`comment`) values (4,2,'Exercise','','2016-2017',''),(5,2,'Homework','','2016-2017',''),(6,2,'Quiz','','2016-2017',''),(7,2,'Practical','','2016-2017',''),(10,2,'Project','','2016-2017',''),(11,2,'Portfolio','','2016-2017',''),(12,1,'Topical Exam','','2016-2017',''),(13,3,'Final Term','','2016-2017',''),(14,3,'Final Semester','','2016-2017',''),(15,1,'Try Out','','2016-2017','');

/*Table structure for table `exam_category` */

DROP TABLE IF EXISTS `exam_category`;

CREATE TABLE `exam_category` (
  `exam_category_id` int(11) NOT NULL AUTO_INCREMENT,
  `exam_category_name` text NOT NULL,
  `year` varchar(100) NOT NULL,
  PRIMARY KEY (`exam_category_id`)
) ENGINE=InnoDB AUTO_INCREMENT=4 DEFAULT CHARSET=latin1;

/*Data for the table `exam_category` */

insert  into `exam_category`(`exam_category_id`,`exam_category_name`,`year`) values (1,'Exams','2016-2017'),(2,'Daily','2016-2017'),(3,'Final Exam','2016-2017');

/*Table structure for table `exams` */

DROP TABLE IF EXISTS `exams`;

CREATE TABLE `exams` (
  `id` int(11) NOT NULL AUTO_INCREMENT,
  `course` int(5) DEFAULT NULL,
  `title` varchar(30) DEFAULT NULL,
  `syllabus` text NOT NULL,
  `duration` int(11) NOT NULL,
  PRIMARY KEY (`id`)
) ENGINE=MyISAM AUTO_INCREMENT=5 DEFAULT CHARSET=latin1;

/*Data for the table `exams` */

insert  into `exams`(`id`,`course`,`title`,`syllabus`,`duration`) values (1,4,'Bahasa Indonesia Semester 1','Exam Mata Pelajaran Bahasa Indonesia Semester 1',60),(2,2,'Demo Exam 2','Demo Exam 2',56),(3,3,'Matematika Semester 1','Exam Mata Pelajaran&amp;nbsp;Matematika Semester 1',60),(4,6,'PKN Semester 1','PKN Semester 1',60);

/*Table structure for table `expense_category` */

DROP TABLE IF EXISTS `expense_category`;

CREATE TABLE `expense_category` (
  `expense_category_id` int(11) NOT NULL AUTO_INCREMENT,
  `name` longtext COLLATE utf8_unicode_ci NOT NULL,
  PRIMARY KEY (`expense_category_id`)
) ENGINE=InnoDB AUTO_INCREMENT=6 DEFAULT CHARSET=utf8 COLLATE=utf8_unicode_ci;

/*Data for the table `expense_category` */

insert  into `expense_category`(`expense_category_id`,`name`) values (1,'Teacher Salary'),(2,'Classroom Equipments'),(3,'Classroom Decorations'),(4,'Inventory Purchase'),(5,'Exam Accessories');

/*Table structure for table `faqs` */

DROP TABLE IF EXISTS `faqs`;

CREATE TABLE `faqs` (
  `id` int(11) NOT NULL AUTO_INCREMENT,
  `title` varchar(55) CHARACTER SET utf8 COLLATE utf8_bin NOT NULL,
  `content` text NOT NULL,
  `order` float NOT NULL,
  PRIMARY KEY (`id`)
) ENGINE=MyISAM AUTO_INCREMENT=10 DEFAULT CHARSET=utf8;

/*Data for the table `faqs` */

insert  into `faqs`(`id`,`title`,`content`,`order`) values (2,'What is Star Students Online Course?','Star Students is a online academy for taking tests and getting certificate for passed courses.',5),(3,'Now that I am enrolled, how do I start my course?','This button will take you into the course itself. Next, look to the top left and you&#039;ll see a Course tab. The Course tab will have the assignments and instructions needed to begin.&lt;br&gt;&lt;br&gt;Enjoy your course!',3),(4,'How do I log in to take an Star Students course?','Once you sign up for a course and activate your account, click on the Sign In button in the upper right corner of the Star Students Course home page, and type in your email address and Star Students password. This will take you to your Star Students dashboard, with access to each of your active courses.&lt;br&gt;&lt;br&gt;The course start dates are listed on your dashboard. After the course begins, you will see a &quot;View course&quot; button. This button will take you into the course itself. Next, look to the top left and you&#039;ll see a Course tab. The Course tab will have the assignments and instructions needed to begin.&lt;br&gt;&lt;br&gt;(Before a course begins, the course will be listed on your dashboard but will not yet have a \"view course\" option.)',2),(5,'Is there a walk-through of a sample course session?','You will learn how to navigate the Star Students Course platform and complete your first course!',0),(6,'Why is the submit button not active? Is the assignment ','The submit button for an assignment will activate once you enter an answer for the assignment, unless the due date has passed. You can see the due date for an assignment under the segment name in the left side menu.',0),(7,'Can I access edX courses on my smartphone or tablet com','Yes, you can use the free Star Students Course mobile app on Android smartphones or on iPhones to take Star Students Courses!&lt;br&gt;&lt;br&gt;The Android app is available in the Google Play Store. The iPhone app is available in the Apple App Store. &lt;br&gt;&lt;br&gt;Most components of your courses will function in the app or a mobile browser, but some might not, depending on the content of the particular course. At times you might need to use a computer with an up-to-date version of Firefox or Chrome to complete tasks. &lt;br&gt;&lt;br&gt;For more information about using the Star Students mobile app, see If You Use the Star Students Mobile App in the Star Students Learner&#039;s Guide.',0),(8,'What happens if I have to quit a course? Will I be able','You can unenroll from an Star Students course at any time. There are absolutely no academic penalties associated with incomplete Star Students studies. You can enroll again for the same course (if it is still offered) at a later time.&lt;br&gt;&lt;br&gt;Note: If you registered and paid for a verified certificate, refunds are only available within 14 days of your payment, or within 14 days after the course begins (whichever comes later). Please note that Professional Education courses offer refunds within 2 days of payment, or up to 2 days after the course start date.',0),(9,'I didn&#039;t finish the Demo course. Can I still start','Yes! The Demo course was created to give you an overview of how Star Students courses work. It is not a required course and is not related to other courses you can take on Star Students Course.',0);

/*Table structure for table `finger_daily` */

DROP TABLE IF EXISTS `finger_daily`;

CREATE TABLE `finger_daily` (
  `finger_daily_id` int(11) NOT NULL AUTO_INCREMENT,
  `student_id` int(11) NOT NULL,
  `name` varchar(100) NOT NULL,
  `date_login` varchar(20) NOT NULL,
  `time_login` varchar(20) NOT NULL,
  `date_logout` varchar(20) NOT NULL,
  `time_logout` varchar(20) NOT NULL,
  `login_status` varchar(11) NOT NULL,
  `logout_status` varchar(11) NOT NULL,
  `timestamp` longtext NOT NULL,
  `year` longtext NOT NULL,
  `class_id` int(11) NOT NULL,
  `section_id` int(11) NOT NULL,
  `class_routine_id` int(11) NOT NULL,
  `status` int(11) NOT NULL,
  PRIMARY KEY (`finger_daily_id`)
) ENGINE=InnoDB AUTO_INCREMENT=102 DEFAULT CHARSET=latin1;

/*Data for the table `finger_daily` */

insert  into `finger_daily`(`finger_daily_id`,`student_id`,`name`,`date_login`,`time_login`,`date_logout`,`time_logout`,`login_status`,`logout_status`,`timestamp`,`year`,`class_id`,`section_id`,`class_routine_id`,`status`) values (1,1,'Aang Widi Demo Student','25-08-2017','17:24:00','','','1','','1503619200','2017-2018',4,11,0,1),(2,1,'Aang Wiadi Demo Student','11-09-2017','11:37:50','','','1','','1505088000','2017-2018',1,1,0,1),(3,3,'Yosua Imanuel Demo Student','11-09-2017','11:38:07','','','1','','1505088000','2017-2018',1,1,0,3),(4,2,'Nabil Demo Student','11-09-2017','11:38:17','','','1','','1505088000','2017-2018',1,1,0,2),(5,4,'Hana Arintia Demo Student','11-09-2017','11:38:28','','','1','','1505088000','2017-2018',1,1,0,4),(6,5,'Ananta Kusuma Demo Student','11-09-2017','11:40:30','','','1','','1505088000','2017-2018',2,2,0,5),(7,5,'Ananta Kusuma Demo Student','11-09-2017','11:45:07','','','1','','1505088000','2017-2018',2,2,0,5),(8,1,'Aang Wiadi Demo Student','12-09-2017','11:15:32','','','1','','1505174400','2017-2018',1,1,0,1),(9,5,'Ananta Kusuma Demo Student','12-09-2017','11:15:48','','','1','','1505174400','2017-2018',2,2,0,5),(10,1,'Aang Wiadi Demo Student','02-10-2017','14:02:05','','','1','','1506902400','2017-2018',1,1,0,1),(11,4,'Hana Arintia Demo Student','02-10-2017','14:04:32','','','1','','1506902400','2017-2018',1,1,0,4),(12,4,'Hana Arintia Demo Student','02-10-2017','14:06:34','','','1','','1506902400','2017-2018',1,1,0,4),(13,4,'Hana Arintia Demo Student','02-10-2017','14:15:19','','','1','','1506902400','2017-2018',1,1,0,4),(14,1,'Aang Wiadi Demo Student','02-10-2017','14:37:25','','','1','','1506902400','2017-2018',1,1,0,1),(15,1,'Aang Wiadi Demo Student','02-10-2017','14:41:25','','','1','','1506902400','2017-2018',1,1,0,1),(16,1,'Aang Wiadi Demo Student','02-10-2017','15:43:24','','','1','','1506902400','2017-2018',1,1,0,1),(17,4,'Hana Arintia Demo Student','10-10-2017','17:09:36','','','1','','1507593600','2017-2018',1,1,0,4),(18,1,'Aang Wiadi Demo Student','10-10-2017','17:25:06','','','1','','1507593600','2017-2018',1,1,0,1),(19,5,'Ananta Kusuma Demo Student','10-10-2017','17:25:23','','','1','','1507593600','2017-2018',2,2,0,5),(20,4,'Hana Arintia Demo Student','10-10-2017','17:25:42','','','1','','1507593600','2017-2018',1,1,0,4),(21,2,'Nabil Demo Student','10-10-2017','17:25:59','','','1','','1507593600','2017-2018',1,1,0,2),(22,3,'Yosua Imanuel Demo Student','10-10-2017','17:26:17','','','1','','1507593600','2017-2018',1,1,0,3),(23,1,'Aang Wiadi Demo Student','02-11-2017','10:38:00','','','1','','1509580800','2017-2018',1,1,0,1),(24,3,'Yosua Imanuel Demo Student','02-11-2017','10:38:08','','','1','','1509580800','2017-2018',1,1,0,3),(25,7,'Amanda Annisah demo student','02-11-2017','10:38:16','','','1','','1509580800','2017-2018',1,8,0,7),(26,8,'Andaramurti Anindita demo student','02-11-2017','10:38:44','','','1','','1509580800','2017-2018',1,8,0,8),(27,2,'Nabil Demo Student','02-11-2017','10:38:53','','','1','','1509580800','2017-2018',1,1,0,2),(28,4,'Hana Arintia Demo Student','02-11-2017','10:39:01','','','1','','1509580800','2017-2018',1,1,0,4),(29,9,'Andrew Joshua demo student','02-11-2017','10:39:08','','','1','','1509580800','2017-2018',1,8,0,9),(30,10,'Azalia Cinta Zafirah Putri demo student','02-11-2017','10:39:15','','','1','','1509580800','2017-2018',1,8,0,10),(31,11,'Azmalya Tatsbitha demo student','02-11-2017','10:39:23','','','1','','1509580800','2017-2018',1,8,0,11),(32,12,'Bianca Vallerie demo student','02-11-2017','10:39:31','','','1','','1509580800','2017-2018',1,8,0,12),(33,5,'Ananta Kusuma Demo Student','02-11-2017','10:39:38','','','1','','1509580800','2017-2018',2,2,0,5),(34,6,'Daniel Demo Student','02-11-2017','10:39:45','','','1','','1509580800','2017-2018',2,2,0,6),(35,13,'Aman Hakim','02-11-2017','10:39:53','','','1','','1509580800','2017-2018',3,5,0,13),(36,1,'Aang Wiadi Demo Student','06-11-2017','08:25:03','','','1','','1509926400','2017-2018',1,1,0,1),(37,2,'Nabil Demo Student','06-11-2017','08:25:16','','','2','','1509926400','2017-2018',1,1,0,2),(38,3,'Yosua Imanuel Demo Student','06-11-2017','08:25:24','','','1','','1509926400','2017-2018',1,1,0,3),(39,4,'Hana Arintia Demo Student','06-11-2017','08:25:33','','','1','','1509926400','2017-2018',1,1,0,4),(40,7,'Amanda Annisah demo student','06-11-2017','08:25:48','','','1','','1509926400','2017-2018',1,8,0,7),(41,8,'Andaramurti Anindita demo student','06-11-2017','08:26:03','','','1','','1509926400','2017-2018',1,8,0,8),(42,9,'Andrew Joshua demo student','06-11-2017','08:26:35','','','1','','1509926400','2017-2018',1,8,0,9),(43,10,'Azalia Cinta Zafirah Putri demo student','06-11-2017','08:26:46','','','1','','1509926400','2017-2018',1,8,0,10),(44,11,'Azmalya Tatsbitha demo student','06-11-2017','08:26:53','','','1','','1509926400','2017-2018',1,8,0,11),(45,12,'Bianca Vallerie demo student','06-11-2017','08:27:04','','','3','','1509926400','2017-2018',1,8,0,12),(46,5,'Ananta Kusuma Demo Student','06-11-2017','08:27:13','','','1','','1509926400','2017-2018',2,2,0,5),(47,6,'Daniel Demo Student','06-11-2017','08:27:22','','','1','','1509926400','2017-2018',2,2,0,6),(48,13,'Aman Hakim','06-11-2017','08:27:31','','','4','','1509926400','2017-2018',3,5,0,13),(49,1,'Aang Wiadi Demo Student','08-11-2017','08:38:21','','','3','','1510099200','2017-2018',1,1,0,1),(50,2,'Nabil Demo Student','08-11-2017','08:38:35','','','1','','1510099200','2017-2018',1,1,0,2),(51,3,'Yosua Imanuel Demo Student','08-11-2017','08:41:28','','','2','','1510099200','2017-2018',1,1,0,3),(52,4,'Hana Arintia Demo Student','08-11-2017','08:41:44','','','1','','1510099200','2017-2018',1,1,0,4),(53,7,'Amanda Annisah demo student','08-11-2017','08:41:54','','','1','','1510099200','2017-2018',1,8,0,7),(54,8,'Andaramurti Anindita demo student','08-11-2017','08:42:03','','','1','','1510099200','2017-2018',1,8,0,8),(55,9,'Andrew Joshua demo student','08-11-2017','08:42:10','','','1','','1510099200','2017-2018',1,8,0,9),(56,10,'Azalia Cinta Zafirah Putri demo student','08-11-2017','08:42:19','','','1','','1510099200','2017-2018',1,8,0,10),(57,11,'Azmalya Tatsbitha demo student','08-11-2017','08:42:25','','','1','','1510099200','2017-2018',1,8,0,11),(58,12,'Bianca Vallerie demo student','08-11-2017','08:42:32','','','1','','1510099200','2017-2018',1,8,0,12),(59,5,'Ananta Kusuma Demo Student','08-11-2017','08:42:42','','','4','','1510099200','2017-2018',2,2,0,5),(60,6,'Daniel Demo Student','08-11-2017','08:42:49','','','3','','1510099200','2017-2018',2,2,0,6),(61,13,'Aman Hakim','08-11-2017','08:42:56','','','1','','1510099200','2017-2018',3,5,0,13),(62,1,'Aang Wiadi Demo Student','10-11-2017','08:57:48','','','1','','1510272000','2017-2018',1,1,0,1),(63,2,'Nabil Demo Student','10-11-2017','08:57:57','','','1','','1510272000','2017-2018',1,1,0,2),(64,3,'Yosua Imanuel Demo Student','10-11-2017','08:58:04','','','1','','1510272000','2017-2018',1,1,0,3),(65,4,'Hana Arintia Demo Student','10-11-2017','08:58:11','','','1','','1510272000','2017-2018',1,1,0,4),(66,7,'Amanda Annisah demo student','10-11-2017','08:58:18','','','1','','1510272000','2017-2018',1,8,0,7),(67,8,'Andaramurti Anindita demo student','10-11-2017','08:58:26','','','1','','1510272000','2017-2018',1,8,0,8),(68,9,'Andrew Joshua demo student','10-11-2017','08:58:34','','','1','','1510272000','2017-2018',1,8,0,9),(69,10,'Azalia Cinta Zafirah Putri demo student','10-11-2017','08:58:45','','','1','','1510272000','2017-2018',1,8,0,10),(70,11,'Azmalya Tatsbitha demo student','10-11-2017','08:58:51','','','1','','1510272000','2017-2018',1,8,0,11),(71,12,'Bianca Vallerie demo student','10-11-2017','08:58:59','','','1','','1510272000','2017-2018',1,8,0,12),(72,5,'Ananta Kusuma Demo Student','10-11-2017','08:59:05','','','1','','1510272000','2017-2018',2,2,0,5),(73,6,'Daniel Demo Student','10-11-2017','08:59:12','','','1','','1510272000','2017-2018',2,2,0,6),(74,13,'Aman Hakim','10-11-2017','08:59:21','','','1','','1510272000','2017-2018',3,5,0,13),(75,1,'Aang Wiadi Demo Student','13-11-2017','10:51:08','','','1','','1510531200','2017-2018',1,1,0,1),(76,2,'Nabil Demo Student','13-11-2017','10:51:19','','','1','','1510531200','2017-2018',1,1,0,2),(77,3,'Yosua Imanuel Demo Student','13-11-2017','10:51:30','','','1','','1510531200','2017-2018',1,1,0,3),(78,4,'Hana Arintia Demo Student','13-11-2017','10:51:39','','','1','','1510531200','2017-2018',1,1,0,4),(79,7,'Amanda Annisah demo student','13-11-2017','10:51:48','','','1','','1510531200','2017-2018',1,8,0,7),(80,8,'Andaramurti Anindita demo student','13-11-2017','10:51:56','','','1','','1510531200','2017-2018',1,8,0,8),(81,9,'Andrew Joshua demo student','13-11-2017','10:52:05','','','1','','1510531200','2017-2018',1,8,0,9),(82,10,'Azalia Cinta Zafirah Putri demo student','13-11-2017','10:52:17','','','1','','1510531200','2017-2018',1,8,0,10),(83,11,'Azmalya Tatsbitha demo student','13-11-2017','10:52:25','','','1','','1510531200','2017-2018',1,8,0,11),(84,12,'Bianca Vallerie demo student','13-11-2017','10:52:57','','','2','','1510531200','2017-2018',1,8,0,12),(85,5,'Ananta Kusuma Demo Student','13-11-2017','10:53:11','','','1','','1510531200','2017-2018',2,2,0,5),(86,6,'Daniel Demo Student','13-11-2017','10:53:21','','','2','','1510531200','2017-2018',2,2,0,6),(87,13,'Aman Hakim','13-11-2017','10:53:29','','','1','','1510531200','2017-2018',3,5,0,13),(88,1,'Aang Wiadi Demo Student','14-11-2017','09:16:47','','','1','','1510617600','2017-2018',1,1,0,1),(89,2,'Nabil Demo Student','14-11-2017','09:16:58','','','1','','1510617600','2017-2018',1,1,0,2),(90,3,'Yosua Imanuel Demo Student','14-11-2017','09:17:20','','','2','','1510617600','2017-2018',1,1,0,3),(91,4,'Hana Arintia Demo Student','14-11-2017','09:17:30','','','1','','1510617600','2017-2018',1,1,0,4),(92,7,'Amanda Annisah demo student','14-11-2017','09:17:39','','','1','','1510617600','2017-2018',1,8,0,7),(93,8,'Andaramurti Anindita demo student','14-11-2017','09:17:49','','','1','','1510617600','2017-2018',1,8,0,8),(94,9,'Andrew Joshua demo student','14-11-2017','09:17:59','','','1','','1510617600','2017-2018',1,8,0,9),(95,10,'Azalia Cinta Zafirah Putri demo student','14-11-2017','09:18:11','','','1','','1510617600','2017-2018',1,8,0,10),(96,11,'Azmalya Tatsbitha demo student','14-11-2017','09:18:20','','','1','','1510617600','2017-2018',1,8,0,11),(97,12,'Bianca Vallerie demo student','14-11-2017','09:18:30','','','3','','1510617600','2017-2018',1,8,0,12),(98,5,'Ananta Kusuma Demo Student','14-11-2017','09:18:39','','','1','','1510617600','2017-2018',2,2,0,5),(99,6,'Daniel Demo Student','14-11-2017','09:18:49','','','1','','1510617600','2017-2018',2,2,0,6),(100,14,'Rubhi aulia tirta','14-11-2017','09:18:58','','','1','','1510617600','2017-2018',2,2,0,14),(101,13,'Aman Hakim','14-11-2017','09:19:10','','','1','','1510617600','2017-2018',3,5,0,13);

/*Table structure for table `followers` */

DROP TABLE IF EXISTS `followers`;

CREATE TABLE `followers` (
  `id` int(11) NOT NULL AUTO_INCREMENT,
  `active` int(1) NOT NULL DEFAULT '0',
  `is_chatting` int(1) NOT NULL DEFAULT '0',
  `follower_id` int(11) NOT NULL,
  `following_id` int(11) NOT NULL,
  `time` int(255) NOT NULL,
  `timestamp` timestamp NOT NULL DEFAULT CURRENT_TIMESTAMP ON UPDATE CURRENT_TIMESTAMP,
  PRIMARY KEY (`id`),
  KEY `follower_id` (`follower_id`),
  KEY `following_id` (`following_id`)
) ENGINE=InnoDB DEFAULT CHARSET=utf8 COLLATE=utf8_unicode_ci;

/*Data for the table `followers` */

/*Table structure for table `gateways` */

DROP TABLE IF EXISTS `gateways`;

CREATE TABLE `gateways` (
  `id` tinyint(2) NOT NULL AUTO_INCREMENT,
  `name` varchar(200) NOT NULL,
  `displayname` varchar(200) NOT NULL,
  `dir` varchar(200) NOT NULL,
  `live` tinyint(1) NOT NULL DEFAULT '0',
  `extra_txt` varchar(200) NOT NULL,
  `extra_txt2` varchar(200) NOT NULL,
  `extra_txt3` varchar(200) DEFAULT NULL,
  `extra` varchar(200) NOT NULL,
  `extra2` varchar(200) NOT NULL,
  `extra3` varchar(200) DEFAULT NULL,
  `info` text,
  `active` tinyint(1) NOT NULL DEFAULT '1',
  PRIMARY KEY (`id`)
) ENGINE=MyISAM AUTO_INCREMENT=7 DEFAULT CHARSET=utf8;

/*Data for the table `gateways` */

insert  into `gateways`(`id`,`name`,`displayname`,`dir`,`live`,`extra_txt`,`extra_txt2`,`extra_txt3`,`extra`,`extra2`,`extra3`,`info`,`active`) values (1,'paypal','PayPal','paypal',0,'Paypal Email Address','Currency Code','Not in Use','','','','&lt;p&gt;&lt;a href=&quot;http://www.paypal.com/&quot; title=&quot;PayPal&quot; rel=&quot;nofollow&quot; target=&quot;_blank&quot;&gt;Click here to setup an account with Paypal&lt;/a&gt; &lt;/p&gt;\r\n			&lt;p&gt;&lt;strong&gt;Gateway Name&lt;/strong&gt; - Enter the name of the payment provider here.&lt;/p&gt;\r\n			&lt;p&gt;&lt;strong&gt;Active&lt;/strong&gt; - Select Yes to make this payment provider active. &lt;br/&gt;\r\n			If this box is not checked, the payment provider will not show up in the payment provider list during checkout.&lt;/p&gt;\r\n			&lt;p&gt;&lt;strong&gt;Set Live Mode&lt;/strong&gt; - If you would like to test the payment provider settings, please select No. &lt;/p&gt;\r\n			&lt;p&gt;&lt;strong&gt;Paypal email address&lt;/strong&gt; - Enter your PayPal Business email address here. &lt;/p&gt;\r\n			&lt;p&gt;&lt;strong&gt;Currency Code&lt;/strong&gt; - Enter your currency code here. Valid choices are: &lt;/p&gt;\r\n				&lt;ul&gt;\r\n					&lt;li&gt; USD (U.S. Dollar)&lt;/li&gt;\r\n					&lt;li&gt; EUR (Euro) &lt;/li&gt;\r\n					&lt;li&gt; GBP (Pound Sterling) &lt;/li&gt;\r\n					&lt;li&gt; CAD (Canadian Dollar) &lt;/li&gt;\r\n					&lt;li&gt; JPY (Yen). &lt;/li&gt;\r\n					&lt;li&gt; If omitted, all monetary fields will use default system setting Currency Code. &lt;/li&gt;\r\n				&lt;/ul&gt;\r\n			&lt;p&gt;&lt;strong&gt;Not in Use&lt;/strong&gt; - This field it&#039;s not in use. Leave it empty. &lt;/p&gt;\r\n	        &lt;p&gt;&lt;strong&gt;IPN Url&lt;/strong&gt; - If using recurring payment method, you need to set up and activate the IPN Url in your account: &lt;/p&gt;',1);

/*Table structure for table `grade` */

DROP TABLE IF EXISTS `grade`;

CREATE TABLE `grade` (
  `grade_id` int(11) NOT NULL AUTO_INCREMENT,
  `name` longtext COLLATE utf8_unicode_ci NOT NULL,
  `grade_point` longtext COLLATE utf8_unicode_ci NOT NULL,
  `mark_from` int(11) NOT NULL,
  `mark_upto` int(11) NOT NULL,
  `comment` longtext COLLATE utf8_unicode_ci NOT NULL,
  PRIMARY KEY (`grade_id`)
) ENGINE=InnoDB AUTO_INCREMENT=5 DEFAULT CHARSET=utf8 COLLATE=utf8_unicode_ci;

/*Data for the table `grade` */

insert  into `grade`(`grade_id`,`name`,`grade_point`,`mark_from`,`mark_upto`,`comment`) values (1,'Matematika','A',80,100,'Excellent'),(2,'Pendidikan Agama','B',65,79,'Good'),(3,'Matematika','B',70,80,'Good'),(4,'English','A',80,100,'Excellent');

/*Table structure for table `group_admins` */

DROP TABLE IF EXISTS `group_admins`;

CREATE TABLE `group_admins` (
  `id` int(11) NOT NULL AUTO_INCREMENT,
  `active` int(1) NOT NULL,
  `admin_id` int(11) NOT NULL,
  `group_id` int(11) NOT NULL,
  PRIMARY KEY (`id`),
  KEY `admin_id` (`admin_id`),
  KEY `group_id` (`group_id`)
) ENGINE=InnoDB DEFAULT CHARSET=utf8 COLLATE=utf8_unicode_ci;

/*Data for the table `group_admins` */

/*Table structure for table `groups` */

DROP TABLE IF EXISTS `groups`;

CREATE TABLE `groups` (
  `id` int(11) NOT NULL AUTO_INCREMENT,
  `add_privacy` varchar(15) COLLATE utf8_unicode_ci NOT NULL DEFAULT 'members',
  `group_privacy` varchar(15) COLLATE utf8_unicode_ci NOT NULL DEFAULT 'open',
  `timeline_post_privacy` varchar(15) COLLATE utf8_unicode_ci NOT NULL DEFAULT 'members',
  PRIMARY KEY (`id`),
  KEY `group_privacy` (`group_privacy`)
) ENGINE=InnoDB DEFAULT CHARSET=utf8 COLLATE=utf8_unicode_ci;

/*Data for the table `groups` */

/*Table structure for table `hashtags` */

DROP TABLE IF EXISTS `hashtags`;

CREATE TABLE `hashtags` (
  `id` int(11) NOT NULL AUTO_INCREMENT,
  `hash` varchar(255) COLLATE utf8_unicode_ci NOT NULL,
  `tag` varchar(100) COLLATE utf8_unicode_ci NOT NULL,
  `last_trend_time` int(12) NOT NULL,
  `trend_use_num` int(11) NOT NULL DEFAULT '0',
  PRIMARY KEY (`id`),
  UNIQUE KEY `hash` (`hash`),
  KEY `tag` (`tag`)
) ENGINE=InnoDB DEFAULT CHARSET=utf8 COLLATE=utf8_unicode_ci;

/*Data for the table `hashtags` */

/*Table structure for table `help` */

DROP TABLE IF EXISTS `help`;

CREATE TABLE `help` (
  `help_id` int(11) NOT NULL AUTO_INCREMENT,
  `category` varchar(255) NOT NULL,
  `title` varchar(255) NOT NULL,
  `content` text NOT NULL,
  PRIMARY KEY (`help_id`)
) ENGINE=InnoDB DEFAULT CHARSET=latin1;

/*Data for the table `help` */

/*Table structure for table `invoice` */

DROP TABLE IF EXISTS `invoice`;

CREATE TABLE `invoice` (
  `invoice_id` int(11) NOT NULL AUTO_INCREMENT,
  `student_id` int(11) NOT NULL,
  `title` longtext COLLATE utf8_unicode_ci NOT NULL,
  `description` longtext COLLATE utf8_unicode_ci NOT NULL,
  `amount` int(11) NOT NULL,
  `amount_paid` longtext COLLATE utf8_unicode_ci NOT NULL,
  `due` longtext COLLATE utf8_unicode_ci NOT NULL,
  `creation_timestamp` int(11) NOT NULL,
  `payment_timestamp` longtext COLLATE utf8_unicode_ci NOT NULL,
  `payment_method` longtext COLLATE utf8_unicode_ci NOT NULL,
  `payment_details` longtext COLLATE utf8_unicode_ci NOT NULL,
  `status` longtext COLLATE utf8_unicode_ci NOT NULL COMMENT 'paid or unpaid',
  `year` longtext COLLATE utf8_unicode_ci NOT NULL,
  PRIMARY KEY (`invoice_id`)
) ENGINE=MyISAM AUTO_INCREMENT=6 DEFAULT CHARSET=utf8 COLLATE=utf8_unicode_ci;

/*Data for the table `invoice` */

/*Table structure for table `invoice_data` */

DROP TABLE IF EXISTS `invoice_data`;

CREATE TABLE `invoice_data` (
  `id` int(11) NOT NULL AUTO_INCREMENT,
  `project_id` int(11) NOT NULL,
  `invoice_id` int(11) NOT NULL DEFAULT '0',
  `title` varchar(80) NOT NULL,
  `description` text NOT NULL,
  `amount` decimal(13,2) NOT NULL DEFAULT '0.00',
  `recurring` tinyint(1) NOT NULL DEFAULT '0',
  `days` int(2) NOT NULL DEFAULT '0',
  `period` varchar(1) NOT NULL DEFAULT 'D',
  `tax` decimal(13,2) NOT NULL DEFAULT '0.00',
  PRIMARY KEY (`id`)
) ENGINE=MyISAM AUTO_INCREMENT=21 DEFAULT CHARSET=utf8;

/*Data for the table `invoice_data` */

insert  into `invoice_data`(`id`,`project_id`,`invoice_id`,`title`,`description`,`amount`,`recurring`,`days`,`period`,`tax`) values (1,1,1,'New Entry III','Some dscription 1',120.00,0,0,'D',15.60),(2,1,1,'New Entry II','Some dscription II',110.00,0,0,'D',14.30),(3,2,2,'New Entry I','Basic Troubleshooting',180.00,0,0,'D',23.40),(6,7,3,'Recurring Payment','PayPal Recurring payment.',150.00,1,10,'W',0.00),(8,3,6,'Initial Entry','It tamen decimalo tempolongo vic. A sori speco alikaze ts, kvanta',10.89,0,0,'D',0.00),(9,0,7,'rgdfdf','ghngfhfg',67.00,0,0,'Y',0.00),(10,0,8,'dbvdfbdf','rthbfd',55.00,0,0,'Y',0.00),(11,0,9,'Course Fee','Course Fee: Logo Design',5.00,0,0,'&',0.00),(12,0,10,'Course Fee','Course Fee: Logo Design',5.00,0,0,'&',0.00),(13,0,11,'Course Fee','Course Fee: Logo Design',5.00,0,0,'&',0.00),(14,0,12,'Course Fee','Course Fee: Logo Design',5.00,0,0,'&',0.00),(15,0,13,'Course Fee','Course Fee: Logo Design',5.00,0,0,'&',0.00),(16,0,14,'Course Fee','Course Fee: Logo Design',5.00,0,0,'&',0.00),(17,0,15,'Course Fee','Course Fee: Logo Design',5.00,0,0,'&',0.00),(18,0,16,'Course Fee','Course Fee: Logo Design',5.00,0,0,'&',0.00),(19,0,17,'Course Fee','Course Fee: Logo Design',5.00,0,0,'&',0.00),(20,0,18,'Course Fee','Course Fee: Logo Design',5.00,0,0,'&',0.00);

/*Table structure for table `invoice_payments` */

DROP TABLE IF EXISTS `invoice_payments`;

CREATE TABLE `invoice_payments` (
  `id` int(11) NOT NULL AUTO_INCREMENT,
  `invoice_id` int(11) NOT NULL,
  `project_id` int(11) NOT NULL,
  `method` varchar(20) NOT NULL,
  `amount` decimal(13,2) NOT NULL DEFAULT '0.00',
  `recurring` tinyint(1) NOT NULL DEFAULT '0',
  `created` date NOT NULL,
  `description` varchar(200) DEFAULT NULL,
  PRIMARY KEY (`id`)
) ENGINE=MyISAM AUTO_INCREMENT=20 DEFAULT CHARSET=utf8;

/*Data for the table `invoice_payments` */

insert  into `invoice_payments`(`id`,`invoice_id`,`project_id`,`method`,`amount`,`recurring`,`created`,`description`) values (2,2,3,'Offline',80.00,0,'2013-07-05','Payment added by admin'),(3,2,3,'Offline',25.00,0,'2013-01-03','Payment added by admin');

/*Table structure for table `invoices` */

DROP TABLE IF EXISTS `invoices`;

CREATE TABLE `invoices` (
  `id` int(11) NOT NULL AUTO_INCREMENT,
  `title` varchar(200) CHARACTER SET utf8 COLLATE utf8_bin NOT NULL,
  `project_id` int(11) NOT NULL DEFAULT '0',
  `client_id` int(11) NOT NULL DEFAULT '0',
  `created` date NOT NULL,
  `duedate` date NOT NULL,
  `amount_total` decimal(13,2) NOT NULL DEFAULT '0.00',
  `amount_paid` decimal(13,2) NOT NULL DEFAULT '0.00',
  `method` varchar(20) CHARACTER SET utf8 COLLATE utf8_bin NOT NULL,
  `tax` decimal(13,2) NOT NULL DEFAULT '0.00',
  `notes` text,
  `comment` varchar(200) DEFAULT NULL,
  `recurring` tinyint(1) NOT NULL DEFAULT '0',
  `onhold` tinyint(1) NOT NULL DEFAULT '0',
  `status` varchar(45) CHARACTER SET utf8 COLLATE utf8_bin NOT NULL,
  PRIMARY KEY (`id`)
) ENGINE=MyISAM AUTO_INCREMENT=19 DEFAULT CHARSET=utf8;

/*Data for the table `invoices` */

insert  into `invoices`(`id`,`title`,`project_id`,`client_id`,`created`,`duedate`,`amount_total`,`amount_paid`,`method`,`tax`,`notes`,`comment`,`recurring`,`onhold`,`status`) values (1,'New Invoice',1,3,'2012-06-07','2011-11-12',259.90,259.90,'Offline',29.90,'Qui in adhuc assueverit neglegentur, eu eam vidit maiestatis abhorreant. Ut vim porro mediocritatem, affert liberavisse instructior at sit, sea paulo tollit intellegam in. Usu in latine deterruisset, sed no viderer propriae accusamus. Eum molestiae complectitur ad. Viderer numquam te sed, no prima scribentur duo.','His illum inciderint te, velit constituto cu mea, cu sit tacimates accusata salutandi.',0,0,'Paid'),(2,'Pending Invoice',3,3,'2011-12-04','2011-12-02',203.40,123.40,'Offline',23.40,'','',0,1,'Unpaid'),(3,'Testing 345',7,3,'2012-01-29','2012-06-23',150.00,0.00,'PayPal',0.00,NULL,NULL,1,0,'Unpaid'),(4,'Testing 123',2,3,'2012-07-01','2012-08-01',25.00,0.00,'Offline',0.00,NULL,NULL,0,0,'Unpaid'),(5,'New Invoice II',3,4,'2012-06-08','2012-06-23',78.69,0.00,'PayPal',0.00,NULL,NULL,0,0,'Unpaid'),(6,'Web Development',3,3,'2013-02-23','2013-06-25',10.89,0.00,'Offline',0.00,'You can enter here your company &lt;strong&gt;policy&lt;/strong&gt; or any other info\nSome other info','This comment is NEVER displayed to client or included in the final Quote. It&#039;s for internal purpose only.',0,0,'Unpaid'),(7,'Music @ FewPress.com',8,3,'2014-11-05','2014-12-05',67.00,0.00,'PayPal',0.00,'You can enter here your company policy or any other info','',0,0,'Unpaid'),(8,'Demo Invoice',2,3,'2014-11-18','2014-12-18',55.00,0.00,'PayPal',0.00,'You can ensfbdter here your company policy or any other info','dfgf',0,0,'Unpaid'),(9,'Course Enrolment to Logo Design',2,3,'2014-11-19','2014-11-19',5.00,0.00,'MoneyBookers',0.00,'You can enter here your company policy or any other infdghdghdhbdthfgtho','This transaction was for course fee of Logo Design',0,0,'Unpaid'),(10,'Course Enrolment to Logo Design',2,10,'2014-11-19','2014-11-19',5.00,0.00,'MoneyBookers',0.00,'sdafsdfds','This transaction was for course fee of Logo Design',0,0,'Unpaid'),(11,'Course Enrolment to Logo Design',2,10,'2014-11-19','2014-11-19',5.00,0.00,'AuthorizeNet',0.00,'uigiukggihgui','This transaction was for course fee of Logo Design',0,0,'Unpaid'),(12,'Course Enrolment to Logo Design',2,10,'2014-11-19','2014-11-19',5.00,0.00,'AuthorizeNet',0.00,'ergtdfgdfgfd','This transaction was for course fee of Logo Design',0,0,'Unpaid'),(13,'Course Enrolment to Logo Design',2,3,'2014-11-23','2014-11-23',5.00,0.00,'AuthorizeNet',0.00,'You can enter here your company policy or any other jgkjb','This transaction was for course fee of Logo Design',0,0,'Unpaid'),(14,'Course Enrolment to Logo Design',2,3,'2014-11-23','2014-11-23',5.00,0.00,'MoneyBookers',0.00,'fuyhjbjhjnkhhnjjjhb','This transaction was for course fee of Logo Design',0,0,'Unpaid'),(15,'Course Enrolment to Logo Design',2,3,'2014-11-23','2014-11-23',5.00,0.00,'MoneyBookers',0.00,'jgujgbjgj','This transaction was for course fee of Logo Design',0,0,'Unpaid'),(16,'Course Enrolment to Logo Design',2,3,'2014-11-23','2014-11-23',5.00,0.00,'MoneyBookers',0.00,'kldfhgvidfh','This transaction was for course fee of Logo Design',0,0,'Unpaid'),(17,'Course Enrolment to Logo Design',2,3,'2014-11-23','2014-11-23',5.00,0.00,'AuthorizeNet',0.00,'You can enter here your company policy or any other h','This transaction was for course fee of Logo Design',0,0,'Unpaid'),(18,'Course Enrolment to Logo Design',2,3,'2014-11-23','2014-11-23',5.00,0.00,'AuthorizeNet',0.00,'You can enter here your company policy or any other infogduigweu','This transaction was for course fee of Logo Design',0,0,'Unpaid');

/*Table structure for table `item_list_school` */

DROP TABLE IF EXISTS `item_list_school`;

CREATE TABLE `item_list_school` (
  `item_list_school_id` int(11) NOT NULL AUTO_INCREMENT,
  `item_list_school_name` text NOT NULL,
  `type` varchar(100) NOT NULL,
  PRIMARY KEY (`item_list_school_id`)
) ENGINE=InnoDB AUTO_INCREMENT=6 DEFAULT CHARSET=latin1;

/*Data for the table `item_list_school` */

insert  into `item_list_school`(`item_list_school_id`,`item_list_school_name`,`type`) values (1,'SPP','school'),(2,'Book','school'),(3,'Exam','school'),(4,'Karate','ekstra'),(5,'PMR','ekstra');

/*Table structure for table `jurnal` */

DROP TABLE IF EXISTS `jurnal`;

CREATE TABLE `jurnal` (
  `jurnal_id` int(11) NOT NULL AUTO_INCREMENT,
  `jurnal_primary_id` int(11) NOT NULL,
  `subject_id` int(11) NOT NULL,
  `topic_id` int(11) NOT NULL,
  `remark` text NOT NULL,
  `teacher_id` int(11) NOT NULL,
  PRIMARY KEY (`jurnal_id`)
) ENGINE=InnoDB AUTO_INCREMENT=38 DEFAULT CHARSET=latin1;

/*Data for the table `jurnal` */

insert  into `jurnal`(`jurnal_id`,`jurnal_primary_id`,`subject_id`,`topic_id`,`remark`,`teacher_id`) values (1,1,11,35,'bagus wawancaranya',7),(4,2,11,37,'Biografinya baik',7),(6,2,11,49,'bisa',7),(7,2,15,136,'Aman Bagus Bahasa Inggrisnya',16),(8,3,15,148,'Need more encouragement',16),(9,4,11,71,'oke',7),(10,5,11,69,'test',7),(11,6,11,67,'ddd',7),(12,9,11,41,'',7),(13,10,11,35,'Bagus',7),(14,11,11,35,'Bagus',7),(15,12,11,35,'Bagus',7),(16,13,11,35,'Bagus',7),(17,14,11,35,'Bagus',7),(18,15,11,35,'Bagus',7),(19,16,11,35,'libur',7),(20,17,11,35,'libur',7),(21,18,11,35,'libur',7),(22,19,11,35,'libur',7),(23,20,11,35,'libur',7),(24,21,11,35,'libur',7),(25,22,75,0,'Sae pisan',7),(26,23,75,0,'Sae pisan',7),(27,24,75,0,'Sae pisan',7),(28,25,75,0,'Sae pisan',7),(29,26,75,0,'Sae pisan',7),(30,27,75,0,'Sae pisan',7),(31,28,11,37,'kurang konsentrasi',7),(32,29,11,41,'good job',7),(33,30,11,41,'good job',7),(34,31,11,41,'good job',7),(35,32,11,41,'good job',7),(36,33,11,41,'good job',7),(37,34,11,41,'good job',7);

/*Table structure for table `jurnal_comment` */

DROP TABLE IF EXISTS `jurnal_comment`;

CREATE TABLE `jurnal_comment` (
  `jurnal_comment_id` int(11) NOT NULL AUTO_INCREMENT,
  `jurnal_primary_id` int(11) NOT NULL,
  `teacher_id` int(11) NOT NULL,
  `parent_id` int(11) NOT NULL,
  `type` enum('teacher','parent') NOT NULL,
  `comment` text NOT NULL,
  PRIMARY KEY (`jurnal_comment_id`)
) ENGINE=InnoDB AUTO_INCREMENT=67 DEFAULT CHARSET=latin1;

/*Data for the table `jurnal_comment` */

insert  into `jurnal_comment`(`jurnal_comment_id`,`jurnal_primary_id`,`teacher_id`,`parent_id`,`type`,`comment`) values (1,1,7,0,'teacher','Nilai Anak Ibu Cukup Baik'),(2,1,0,4,'parent','Terima kasih banyak pak'),(3,1,0,4,'parent','Mohon Bimbingan untuk anak saya'),(4,1,0,4,'parent','sadad'),(5,1,0,4,'parent','asdadad'),(6,1,0,4,'parent','Okay'),(7,1,0,4,'parent','Test reply'),(8,2,7,0,'teacher','Semoga konsisten'),(9,2,7,0,'teacher','Alhamdulillah'),(10,2,16,0,'teacher','Aman selama ini bagus pelajaran bahasa inggrisnya'),(11,3,16,0,'teacher',''),(12,4,7,0,'teacher','siapp'),(13,3,0,13,'parent','Good'),(14,3,0,13,'parent','Why my child do that?'),(29,5,7,0,'teacher','test'),(30,2,7,0,'teacher','terst'),(31,9,7,0,'teacher','besok memakai seragam t shirt'),(32,10,7,0,'teacher','Bagus'),(33,11,7,0,'teacher','Bagus'),(34,12,7,0,'teacher','Bagus'),(35,13,7,0,'teacher','Bagus'),(36,14,7,0,'teacher','Bagus'),(37,15,7,0,'teacher','Bagus'),(38,16,7,0,'teacher','beljar masing masing dirumah'),(39,17,7,0,'teacher','beljar masing masing dirumah'),(40,18,7,0,'teacher','beljar masing masing dirumah'),(41,19,7,0,'teacher','beljar masing masing dirumah'),(42,20,7,0,'teacher','beljar masing masing dirumah'),(43,21,7,0,'teacher','beljar masing masing dirumah'),(44,1,7,0,'teacher','tes'),(45,6,7,0,'teacher','ty'),(46,22,7,0,'teacher','Yess'),(47,23,7,0,'teacher','Yess'),(48,24,7,0,'teacher','Yess'),(49,25,7,0,'teacher','Yess'),(50,26,7,0,'teacher','Yess'),(51,27,7,0,'teacher','Yess'),(52,9,0,7,'parent','selamat pagi'),(53,9,0,7,'parent','Apa kabar'),(54,9,0,7,'parent','kabar baik'),(55,9,0,7,'parent','tes'),(56,9,0,7,'parent','tesq'),(57,9,0,7,'parent','tesaq'),(58,9,0,7,'parent','werty'),(59,28,7,0,'teacher',''),(60,29,7,0,'teacher',''),(61,30,7,0,'teacher',''),(62,31,7,0,'teacher',''),(63,32,7,0,'teacher',''),(64,33,7,0,'teacher',''),(65,34,7,0,'teacher',''),(66,29,0,7,'parent','tes ');

/*Table structure for table `jurnal_primary` */

DROP TABLE IF EXISTS `jurnal_primary`;

CREATE TABLE `jurnal_primary` (
  `jurnal_primary_id` int(11) NOT NULL AUTO_INCREMENT,
  `term` varchar(50) NOT NULL,
  `date` varchar(100) NOT NULL,
  `student_id` int(11) NOT NULL,
  PRIMARY KEY (`jurnal_primary_id`)
) ENGINE=InnoDB AUTO_INCREMENT=35 DEFAULT CHARSET=latin1;

/*Data for the table `jurnal_primary` */

insert  into `jurnal_primary`(`jurnal_primary_id`,`term`,`date`,`student_id`) values (1,'1','2017-10-18',1),(2,'1','2017-10-19',12),(3,'1','2017-10-16',13),(4,'1','2017-10-19',8),(5,'2','2017-10-20',12),(6,'3','2017-10-21',12),(7,'4','2017-10-22',12),(8,'1','2017-10-19',9),(9,'1','2017-11-09',7),(10,'2','2017-11-08',7),(11,'2','2017-11-08',8),(12,'2','2017-11-08',9),(13,'1','2017-11-08',10),(14,'1','2017-11-08',11),(15,'5','2017-11-08',12),(16,'3','2017-11-10',7),(17,'3','2017-11-10',8),(18,'3','2017-11-10',9),(19,'2','2017-11-10',10),(20,'2','2017-11-10',11),(21,'6','2017-11-10',12),(22,'4','2017-11-06',7),(23,'4','2017-11-06',8),(24,'4','2017-11-06',9),(25,'3','2017-11-06',10),(26,'3','2017-11-06',11),(27,'7','2017-11-06',12),(28,'5','2017-11-13',7),(29,'6','2017-11-14',7),(30,'5','2017-11-14',8),(31,'5','2017-11-14',9),(32,'4','2017-11-14',10),(33,'4','2017-11-14',11),(34,'8','2017-11-14',12);

/*Table structure for table `language` */

DROP TABLE IF EXISTS `language`;

CREATE TABLE `language` (
  `phrase_id` int(11) NOT NULL AUTO_INCREMENT,
  `phrase` longtext COLLATE utf8_unicode_ci NOT NULL,
  `english` longtext COLLATE utf8_unicode_ci NOT NULL,
  `chinese` longtext COLLATE utf8_unicode_ci NOT NULL,
  `indonesian` longtext COLLATE utf8_unicode_ci NOT NULL,
  PRIMARY KEY (`phrase_id`)
) ENGINE=MyISAM AUTO_INCREMENT=7893 DEFAULT CHARSET=utf8 COLLATE=utf8_unicode_ci;

/*Data for the table `language` */

insert  into `language`(`phrase_id`,`phrase`,`english`,`chinese`,`indonesian`) values (1,'class_routine','Class Routine','','Kelas Rutin'),(2,'dashboard','Dashboard','','Beranda'),(3,'student','Student','','Siswa'),(4,'admit_student','Admit Student','','Tambah Siswa'),(5,'admit_bulk_student','Admit Bulk Student','','Tambah Siswa Massal'),(6,'student_information','Student Information','','Informasi Siswa'),(7,'class','Grade','','Grade'),(8,'student_promotion','Student Promotion','','Promosi Siswa'),(9,'teacher','Teacher','','Guru'),(10,'parents','Parents','','Orang Tua'),(11,'manage_classes','Manage Grade','','Mengelola Grade'),(12,'manage_sections','Manage Sections','','Mengelola Tingkat'),(13,'subject','Subject','','Subyek'),(14,'daily_attendance','Daily Attendance','','Absensi Harian'),(15,'exam','Assessments','','Ujian'),(16,'exam_list','Exam List','','Daftar Ujian'),(17,'exam_grades','Exam Grades','','Kelas Ujian'),(18,'manage_marks','Manage Marks','','Kelola Ujian'),(19,'send_marks_by_sms','Send Marks By Sms','','Kirim Nilai Dengan SMS'),(20,'tabulation_sheet','Tabulation Sheet','','Lembar Tabulasi'),(21,'accounting','Accounting','','Akuntansi'),(22,'create_student_payment','Create Student Payment','','Buat Pembayaran Siswa'),(23,'student_payments','Student Payments','','Pembayaran Siswa'),(24,'expense','Expense','','Beban'),(25,'expense_category','Expense Category','','Kategori Beban'),(26,'library','Library','','Perpustakaan'),(27,'transport','Transport','','Jemputan'),(28,'dormitory','Dormitory','','Asrama Siswa'),(29,'noticeboard','Noticeboard','','Papan Pengumuman'),(30,'message','Message','','Pesan'),(31,'settings','Settings','','Pengaturan'),(32,'general_settings','General Settings','','Pengaturan Umum'),(33,'sms_settings','Sms Settings','','Pengaturan SMS'),(34,'language_settings','Language Settings','','Pengaturan Bahasa'),(35,'account','Account','','Akun'),(36,'running_session','Running Session','','Tahun Ajaran'),(37,'edit_profile','Edit Profile','','Edit Profile'),(38,'change_password','Change Password','','Ganti Kata Sandi'),(39,'add_class_routine','Add Class Routine','','Tambahkan Kelas Rutin'),(40,'section','Section','','Tingkat'),(41,'edit','Edit','','Ubah'),(42,'delete','Delete','','Hapus'),(43,'cancel','Cancel','','Batal'),(44,'admin_dashboard','Admin Dashboard','','Beranda Admin'),(45,'event_schedule','Event Schedule','','Jadwal Acara'),(46,'parent','Parent','','Orang Tua'),(47,'attendance','Attendance','','Kehadiran'),(48,'add_student','Add Student','','Tambahkan Siswa'),(49,'addmission_form','Addmission Form','Admisn','Lembar Tambahan'),(50,'name','Name','','Nama'),(51,'value_required','Value Required','','Wajib Diisi'),(52,'select','Select','','Pilih'),(53,'select_class_first','Select Class First','','Pilih Grade Dahulu'),(54,'roll','Year Of Join','','Tahun Masuk'),(55,'birthday','Birthday','','Tanggal Lahir'),(56,'gender','Gender','','Jenis kelamin'),(57,'male','Male','','Pria'),(58,'female','Female','','Wanita'),(59,'address','Address','','Alamat'),(60,'phone','Phone','','Telepon'),(61,'email','Email','','E-Mail'),(62,'password','Password','','Kata Sandi'),(63,'transport_route','Transport Route','','Rute Jemputan'),(64,'photo','Photo','','Foto'),(65,'add_bulk_student','Add Bulk Student','','Tambahkan Siswa Massal'),(66,'select_class','Select Grade','','Pilih Grade'),(67,'add_more_students','Add More Students','','Tambah Siswa'),(68,'save_students','Save Students','','Simpan Siswa'),(69,'select_section','Select Section','','Pilih Bagian'),(70,'add_new_student','Add New Student','','Tambahkan Siswa Baru'),(71,'all_students','All Students','','Semua Siswa'),(72,'options','Options','','Pilihan'),(73,'mark_sheet','Mark Sheet','','Lembar penilaian'),(74,'profile','Profile','','Profil'),(75,'edit_student','Edit Student','','Ubah Siswa'),(76,'current_session','Current Session','','Tahun Ajaran Sekarang'),(77,'promote_to_session','Promote To Session','','Promosikan Untuk Tahun Ajaran'),(78,'promotion_from_class','Promotion From Class','','Promosi Dari Kelas'),(79,'promotion_to_class','Promotion To Class','','Promosi Untuk Kelas'),(80,'select_all','Select All','','Pilih Semua'),(81,'select_none','Select None','','Belum Dipilih'),(82,'average','Average','','Rata-Rata'),(83,'promote_slelected_students','Promote Slelected Students','Slelected','Promosikan Siswa Yang Dipilih'),(84,'manage_teacher','Manage Teacher','','Guru'),(85,'add_new_teacher','Add New Teacher','','Tambah Guru'),(86,'add_teacher','Add Teacher','','Tambahkan Guru'),(87,'edit_teacher','Edit Teacher','','Ubah Guru'),(88,'sex','Sex','','Jenis Kelamin'),(89,'marksheet_for','Marksheet For','','Lembar Nilai Untuk'),(90,'total_marks','Total Marks','','Total Nilai'),(91,'average_grade_point','Average Grade Point','','Rata-Rata Nilai'),(92,'print_marksheet','Print Marksheet','','Cetak Nilai'),(93,'student_marksheet','Student Marksheet','','Nilai Siswa'),(94,'parent_phone','Parent Phone','','Telepon Utama'),(95,'all_parents','All Parents','','Semua Orangtua'),(96,'add_new_parent','Add New Parent','','Tambah Orang Tua Baru'),(97,'profession','Profession','','Profesi'),(98,'add_parent','Add Parent','','Tambah Orang Tua'),(99,'update','Update','','Perbaharui'),(100,'manage_class','Manage Class','','Mengelola Grade'),(101,'class_list','Class List','','Daftar Grade'),(102,'add_class','Add Grade','','Tambah Grade'),(103,'class_name','Grade Name','','Nama Grade'),(104,'numeric_name','Numeric Name','','Nama Numerik'),(105,'name_numeric','Name Numeric','','Nama Numerik'),(106,'select_teacher','Select Teacher','','Pilih Guru'),(107,'edit_class','Edit Class','','Ubah Kelas'),(108,'add_new_section','Add New Section','','Tambah Tingkat Baru'),(109,'section_name','Section Name','','Nama Tingkat'),(110,'nick_name','Nick Name','','Nama Panggilan'),(111,'add_section','Add Section','','Tambahkan Tingkat'),(112,'manage_subject','Manage Subject','','Mengelola Subyek'),(113,'subject_list','Subject List','','Daftar Subyek'),(114,'add_subject','Add Subject','','Tambah Subyek'),(115,'subject_name','Subject Name','','Nama Subyek'),(116,'edit_subject','Edit Subject','','Edit Subyek'),(117,'day','Day','','Hari'),(118,'starting_time','Starting Time','','Waktu Mulai'),(119,'hour','Hour','','Jam'),(120,'minutes','Minutes','','Menit'),(121,'ending_time','Ending Time','','Waktu Selesai'),(122,'edit_class_routine','Edit Class Routine','','Ubah Kelas Rutin'),(123,'select_subject','Select Subject','','Pilih Jurusan'),(124,'manage_daily_attendance','Manage Daily Attendance','','Kelola Absensi Harian'),(125,'select_date','Select Date','','Pilih Tanggal'),(126,'select_month','Select Month','','Pilih Bulan'),(127,'select_year','Select Year','','Pilih Tahun'),(128,'manage_attendance','Manage Attendance','','Kelola Absensi'),(129,'manage_exam','Manage Exam','','Kelola Ujian'),(130,'add_exam','Add Exam','','Tambah Ujian'),(131,'exam_name','Exam Name','','Nama Ujian'),(132,'date','Date','','Tanggal'),(133,'comment','Comment','','Komentar'),(134,'edit_exam','Edit Exam','','Ubah Ujian'),(135,'manage_grade','Manage Grade','','Kelola Peringkat'),(136,'grade_list','Grade List','','Daftar Kelas'),(137,'add_grade','Add Grade','','Tambahkan Kelas'),(138,'grade_name','Grade Name','','Nama Kelas'),(139,'grade_point','Grade Point','','Indeks Prestasi'),(140,'mark_from','Mark From','','Nilai Minimum'),(141,'mark_upto','Mark Up To','','Nilai Maksimum'),(142,'manage_exam_marks','Manage Exam Marks','','Kelola Nilai Ujian'),(143,'select_exam','Select Exam','','Pilih Ujian'),(144,'send_marks','Send Marks','','Kirim Nilai'),(145,'select_receiver','Select Receiver','','Pilih Penerima'),(146,'students','Students','','Semua Siswa'),(147,'select_a_class','Select A Class','','Pilih Kelas'),(148,'select_an_exam','Select An Exam','','Pilih Jenis Ujian'),(149,'view_tabulation_sheet','View Tabulation Sheet','','Lihat Lembar Tabulasi'),(150,'subjects','Subjects','','Subyek'),(151,'total','Total','','Total'),(152,'create_single_invoice','Create Single Invoice','','Buat Satu Faktur'),(153,'create_mass_invoice','Create Mass Invoice','','Buat Faktur Massal'),(154,'invoice_informations','Invoice Informations','','Informasi Faktur'),(155,'title','Title','','Judul'),(156,'description','Description','','Deskripsi'),(157,'payment_informations','Payment Informations','','Informasi Pembayaran'),(158,'enter_total_amount','Enter Total Amount','','Masukkan Jumlah'),(159,'payment','Payment','','Pembayaran'),(160,'enter_payment_amount','Enter Payment Amount','','Masukkan Jumlah Pembayaran'),(161,'status','Status','','Status'),(162,'paid','Paid','','Dibayar'),(163,'unpaid','Unpaid','','Tunggakan'),(164,'method','Method','','Metode'),(165,'cash','Cash','','Pembayaran Tunai'),(166,'check','Check','','Pembayaran Dengan Cek'),(167,'card','Card','','Pembayaran Dengan Kartu'),(168,'add_invoice','Add Invoice','','Tambahkan Faktur'),(169,'unpaid_invoices','Unpaid Invoices','','Faktur Yang Belum Dibayar'),(170,'payment_history','Payment History','','Riwayat Pembayaran'),(171,'amount','Amount','','Jumlah'),(172,'expenses','Expenses','','Beban'),(173,'add_new_expense','Add New Expense','','Tambahkan Beban Baru'),(174,'category','Category','','Kategori'),(175,'add_expense','Add Expense','','Tambahkan Beban'),(176,'select_expense_category','Select Expense Category','','Pilih Beban Kategori'),(177,'add_new_expense_category','Add New Expense Category','','Tambahkan Kategori Beban Baru'),(178,'add_expense_category','Add Expense Category','','Tambahkan Beban Kategori'),(179,'edit_expense','Edit Expense','','Mengedit Beban'),(180,'manage_library_books','Manage Library Books','','Buku Perpustakaan '),(181,'book_list','Book List','','Daftar Buku'),(182,'add_book','Add Book','','Tambahkan Buku'),(183,'book_name','Book Name','','Nama Buku'),(184,'author','Author','','Penulis'),(185,'price','Price','','Harga'),(186,'available','Available','','Tersedia'),(187,'unavailable','Unavailable','','Tidak Tersedia'),(188,'manage_transport','Manage Transport','','Jemputan'),(189,'transport_list','Transport List','','Daftar Jemputan'),(190,'add_transport','Add Transport','','Tambahkan Jemputan'),(191,'route_name','Route Name','','Tujuan'),(192,'number_of_vehicle','Number Of Vehicle','','Jumlah Kendaraan'),(193,'route_fare','Route Fare','','Harga Rute'),(194,'edit_transport','Edit Transport','','Mengedit Jemputan'),(195,'manage_dormitory','Manage Dormitory','','Mengelola Asrama'),(196,'dormitory_list','Dormitory List','','Daftar Asrama'),(197,'add_dormitory','Add Dormitory','','Tambahkan Asrama'),(198,'dormitory_name','Dormitory Name','','Nama Asrama'),(199,'number_of_room','Number Of Room','','Jumlah Kamar'),(200,'edit_dormitory','Edit Dormitory','','Mengedit Asrama'),(201,'manage_noticeboard','Manage Noticeboard','','Mengelola Pengumuan'),(202,'noticeboard_list','Noticeboard List','','Daftar pengumuman'),(203,'add_noticeboard','Add Noticeboard','','Tambahkan Pengumuman'),(204,'notice','Notice','','Waktu'),(205,'add_notice','Add Notice','','Tambahkan Pemberitahuan'),(206,'send_sms_to_all','Send Sms To All','','Kirim SMS Untuk Semua'),(207,'yes','Yes','','Ya'),(208,'no','No','','Tidak'),(209,'sms_service_not_activated','Sms Service Not Activated','','Layanan SMS Tidak Aktif'),(210,'private_messaging','Private Messaging','','Kelola Pesan'),(211,'messages','Messages','','Pesan'),(212,'new_message','New Message','','Pesan Baru'),(213,'write_new_message','Write New Message','','Tulis Pesan Baru'),(214,'recipient','Recipient','','Penerima'),(215,'select_a_user','Select A User','','Pilih User'),(216,'write_your_message','Write Your Message','','Tulis Pesan Anda'),(217,'send','Send','','Kirim'),(218,'system_settings','System Settings','','Pengaturan Sistem'),(219,'system_name','System Name','','Nama Sistem'),(220,'system_title','System Title','','Judul Sistem '),(221,'paypal_email','Paypal Email','','Paypal E-Mail'),(222,'currency','Currency','','Mata Uang'),(223,'system_email','System Email','','Sistem E-Mail'),(224,'select_running_session','Select Running Session','','Pilih Tahun Ajar'),(225,'language','Language','','Bahasa'),(226,'text_align','Text Align','','Perataan Huruf'),(227,'save','Save','','Simpan'),(228,'update_product','Update Product','','Update Produk'),(229,'file','File','','File'),(230,'install_update','Install Update','','Pasang Pembaharuan'),(231,'theme_settings','Theme Settings','','Pengaturan Tema'),(232,'default','Default','','Awal'),(233,'select_theme','Select Theme','','Pilih Tema'),(234,'select_a_theme_to_make_changes','Select A Theme To Make Changes','','Pilih Tema Untuk Merubah Tampilan'),(235,'upload_logo','Upload Logo','','Upload Logo'),(236,'upload','Upload','','Upload'),(237,'select_a_service','Select A Service','','Pilih Sebuah Layanan'),(238,'not_selected','Not Selected','','Tidak Terpilih'),(239,'disabled','Disabled','','Tidak Aktif'),(240,'clickatell_username','Clickatell Username','Clickate','Nama Clickatell'),(241,'clickatell_password','Clickatell Password','Clickatell','Sandi Clickatell'),(242,'clickatell_api_id','Clickatell Api Id','ClickatellAPI ID','Clickatell Api Id'),(243,'twilio_account','Twilio Account','Twilio','Akun Twilio'),(244,'authentication_token','Authentication Token','','Otentikasi Token'),(245,'registered_phone_number','Registered Phone Number','','Nomor Telepon Terdaftar'),(246,'manage_language','Manage Language','','Mengelola Bahasa'),(247,'language_list','Language List','','Daftar Bahasa'),(248,'add_phrase','Add Phrase','','Tambahkan Frasa'),(249,'add_language','Add Language','','Tambahkan Bahasa'),(250,'option','Option','','Pilihan'),(251,'edit_phrase','Edit Phrase','','Mengedit Frase'),(252,'delete_language','Delete Language','','Hapus Bahasa'),(253,'phrase','Phrase','','Frasa'),(254,'manage_profile','Manage Profile','','Mengelola Profil'),(255,'update_profile','Update Profile','','Memperbaharui Profil'),(256,'current_password','Current Password','','Kata Sandi Saat Ini'),(257,'new_password','New Password','','Kata Sandi Baru'),(258,'confirm_new_password','Confirm New Password','','Konfirmasi Kata Sandi Baru'),(259,'login','Login','','Masuk'),(260,'forgot_your_password','Forgot Your Password','','Lupa Kata Sandi Anda'),(261,'reset_password','Reset Password','','Reset Password'),(262,'return_to_login_page','Return To Login Page','','Kembali Ke Halaman Login'),(263,'service_is_disabled','Service Is Disabled','','Layanan Dinonaktifkan'),(264,'promote_to_selected_class','Promote To Selected Class','','Promosikan Untuk Dipilih Kelas'),(265,'stay_in_present_class','Stay In Present Class','','Tetap Dalam Hadir Kelas'),(266,'data_updated','Data Updated','','Data Diperbarui'),(267,'data_added_successfully','Data Added Successfully','','Data Ditambahkan Berhasil'),(268,'edit_grade','Edit Grade','','Mengedit Grade'),(269,'manage_attendance_of_class','Manage Attendance Of Class','','Mengelola Kehadiran Kelas'),(270,'present','Present','','Hadir'),(271,'absent','Absent','','Tidak Hadir'),(272,'update_attendance','Update Attendance','','Update Kehadiran'),(273,'undefined','Undefined','','Tanpa Keterangan'),(274,'back','Back','','Kembali'),(275,'save_changes','Save Changes','','Simpan Perubahan'),(276,'data_deleted','Data Deleted','','Data Dihapus'),(277,'academic_syllabus','Academic Syllabus','','Silabus Akademik'),(278,'add_academic_syllabus','Add Academic Syllabus','','Tambahkan Silabus Akademik'),(279,'uploader','Uploader','','Pengunggah'),(280,'upload_academic_syllabus','Upload Academic Syllabus','','Upload Silabus Akademik'),(281,'upload_syllabus','Upload Syllabus','','Upload Silabus'),(282,'syllabus_uploaded','Syllabus Uploaded','','Silabus Diunggah'),(283,'download','Download','','Download'),(284,'remove','Remove','','Menghapus'),(285,'print','Print','','Cetak'),(286,'teacher_dashboard','Teacher Dashboard','','Beranda Guru'),(287,'study_material','Study Material','','Bahan Studi'),(288,'teacher_list','Teacher List','','Daftar Guru'),(289,'manage_class_routine','Manage Class Routine','','Kelas Rutin'),(290,'class_routine_list','Class Routine List','','Kelas Daftar Rutin'),(291,'add_study_material','Add Study Material','','Tambahkan Studi Bahan'),(292,'file_type','File Type','','Jenis File'),(293,'select_file_type','Select File Type','','Pilih Jenis Berkas'),(294,'image','Image','','Gambar'),(295,'doc','Doc','','Doc'),(296,'pdf','Pdf','','pdf'),(297,'excel','Excel','','Unggul'),(298,'other','Other','','Lain'),(299,'manage_promotion','Manage Promotion','','Mengelola Promosi'),(300,'select_class_for_promotion_to_and_from','Select Class For Promotion To And From','','Pilih Kelas Untuk Promosi Untuk Dan Dari'),(301,'students_of_class','Students Of Class','','Siswa Kelas'),(302,'enroll_to_class','Enroll To Class','','Mendaftar Untuk Kelas'),(303,'add_a_row','Add A Row','','Tambah Baris Baru'),(304,'marks_obtained','Marks Obtained','','Nilai Diperoleh'),(305,'marks_updated','Marks Updated','','Nilai Diperbarui'),(306,'marks_for','Marks For','','Nilai'),(307,'attendance_for_class','Attendance For Class','','Kehadiran Untuk Kelas'),(308,'print_tabulation_sheet','Print Tabulation Sheet','','Cetak Lembar Tabulasi'),(309,'receiver','Receiver','','Penerima'),(310,'please_select_receiver','Please Select Receiver','','Silakan Pilih Penerima'),(311,'session_changed','Session Changed','','Sesi Berubah'),(312,'attendance_updated','Attendance Updated','','Kehadiran Diubah'),(313,'study_material_info_saved_successfuly','Study Material Info Saved Successfuly','Successfuly','Studi Bahan Berhasil Disimpan'),(314,'edit_study_material','Edit Study Material','','Mengedit Studi Bahan'),(315,'parent_dashboard','Parent Dashboard','','Beranda'),(316,'exam_marks','Exam Marks','','Nilai Ujian'),(317,'total_mark','Total Mark','','Total Nilai'),(318,'mark_obtained','Mark Obtained','','Nilai Diperoleh'),(319,'manage_invoice/payment','Manage Invoice/payment','/','Pembayaran'),(320,'invoice/payment_list','Invoice/payment List','/','Daftar Pembayaran'),(321,'student_dashboard','Student Dashboard','','Beranda Siswa'),(322,'obtained_marks','Obtained Marks','','Nilai Diperoleh'),(323,'highest_mark','Highest Mark','','Nilai tertinggi'),(324,'grade','Class','','Kelas'),(325,'take_payment','Take Payment','','Ambil Pembayaran'),(326,'view_invoice','View Invoice','','Lihat Faktur'),(327,'creation_date','Creation Date','','Tanggal Penciptaan'),(328,'payment_to','Payment To','','Pembayaran Untuk'),(329,'bill_to','Bill To','','Pembayaran Kepada'),(330,'total_amount','Total Amount','','Jumlah Total'),(331,'paid_amount','Paid Amount','','Jumlah Pembayaran'),(332,'due','Due','','Jumlah'),(333,'amount_paid','Amount Paid','','Jumlah Yang Dibayarkan'),(334,'payment_successfull','Payment Successfull','','Pembayaran Berhasil'),(335,'add_invoice/payment','Add Invoice/payment','/','Tambahkan Faktur / Pembayaran'),(336,'invoices','Invoices','','Faktur'),(337,'action','Action','','Tindakan'),(338,'required','Required','','Wajib'),(339,'info','Info','','Info'),(340,'view_academic_performance','View Academic Performance','','Lihat Kinerja Akademik'),(341,'phrase_list','Phrase List','','Daftar Frase'),(342,'update_phrase','Update Phrase','','Perbaharui'),(343,'edit_invoice','','','Ubah Invoice'),(344,'students_added','','',''),(345,'student_already_enrolled','Student Already Enrolled','',''),(346,'new_enrollment_successfull','New Enrollment Successfully','',''),(347,'reply_message','Reply Message','','Balas Pesan'),(348,'daily_atendance','Daily Attendance','','Absensi Harian'),(349,'attendance_report','Attendance Report','','Laporan Absensi'),(350,'study_material_info_updated_successfuly','Study Material Info Updated Successfully','',''),(351,'running','Running','','Pengumuman'),(352,'archived','Archieved','','Arsip'),(353,'show_report','Show Report','','Lihat'),(354,'attendance_report_of_class','Attendance Report Of Class','','Laporan Absensi Kelas'),(355,'attendance_sheet','Attendance Sheet','','Lembar Absensi'),(356,'print_attendance_sheet','Print Attendance Sheet','','Cetak Lembar Absensi'),(357,'mark_archive','Mark Archieve','','Jadikan Arsip'),(358,'remove_from_archive','Remove From Archieve','','Hapus Arsip'),(359,'print/view_notice','Print/View Notice','','Cetak/Lihat Pengumuman'),(360,'view_notice','View Notice','','Lihat Pengumuman'),(361,'month','Month','','Bulan'),(362,'product_updated_successfully','Product Updated Successfully','',''),(363,'theme_selected','Theme Selected','','Tema Terpilih'),(364,'account_updated','Account Updated','','Data Berhasil Diperbaharui'),(365,'password_updated','Password Updated','','Kata Sandi Berhasil Diperbaharui'),(366,'admin','Admin','','Admin'),(367,'message_sent!','Message Sent!','','Pesan Terkirim'),(368,'password_mismatch','Password Mismatch','','Kata Sandi Tidak Cocok'),(369,'on','On','',''),(370,'edit_notice','Edit Notice','','Ubah Pengumuman'),(371,'device_settings','Device Settings','','Pengaturan Alat-Alat'),(372,'device_setting','Device Setting','','Pengaturan Alat'),(373,'admit_student_finger','Admit Student Finger','','Pendaftaran Sidik Jari'),(374,'add_student_finger','Add Student Finger','','Pendaftaran Sidik Jari'),(375,'finger','Finger','','Jari'),(376,'admit_student_finger_print','Admit Student Finger Print','','Pendaftaran Sidik Jari'),(377,'add_student_finger_print','Add Student Finger Print','','Pendaftaran Sidik Jari'),(378,'grade_book','Grade Book','','Penilaian'),(379,'manage_grade_book','Manage Grade Book','','Penilaian'),(380,'max_score','Max Score','','Nilai Tertinggi'),(381,'min_score','Min Score','','Nilai Terendah'),(382,'avg_score','Average Score','','Nilai Rata-Rata'),(383,'student_score','Student Score','','Nilai Siswa'),(384,'admit_student_finger_print','Admit Student Finger Print','','Pendaftaran Sidik Jari'),(385,'settings_updated','Setting Updated','','Pengaturan DIperbaharui'),(386,'student_code','NIS','','NIS'),(3755,'Class','','',''),(388,'admit_student_finger_print','Admit Student Finger Print','','Pendaftaran Sidik Jari'),(389,'reg_finger','Fingerprint Enrollment','','Pendaftaran Sidik Jari'),(390,'edit_book','Edit Book','',''),(391,'nisn','NISN','','NISN'),(392,'smartcard_id','Smart Card ID','','ID Smart Card'),(1745,'Title','','',''),(1744,'Notice','','',''),(395,'un_number','UN Number','','No Peserta Ujian Nasional'),(3754,'Name','','',''),(3753,'Photo','','',''),(397,'religion','Religion','','Agama'),(399,'message_sent','Message Sent','',''),(400,'capture','Capture','','Ambil Foto'),(401,'online_test','Online Test','',''),(402,'E_-_Learning','E-Learning','',''),(403,'brighton_social_media','Brighton Social Media','',''),(404,'attendance_report_view','Attendance Report View','',''),(405,'marks','Marks','',''),(1740,'add_tanggal','','',''),(1739,'No','','',''),(1738,'Yes','','',''),(409,'attendance_for','Attendance For','',''),(410,'attendance_for_grade','Attendance For Grade','',''),(411,'attendance_report_of_grade','Attendance Report Of Grade','',''),(1737,'No','','',''),(1736,'Yes','','',''),(414,'quiz','Quiz','','Quiz'),(415,'empty_if_not_updated','','',''),(416,'number_shirt','Shirt Size','','Nomor Baju'),(417,'trousers_numbers','Trousers Size','','Nomor Celana'),(418,'medical_information','Medical Information','','Informasi Kesehatan'),(419,'number_trousers','Trousers Size','','Nomor Celana'),(420,'trousers_number','Trousers Size','','Nomor Celana'),(421,'last_education','Last Education','','Pendidikan Terakhir'),(422,'elementary_school','Elementary School','','SD'),(423,'junior_high_school','Junior High School','','SMP'),(424,'senior_high_school','Senior High School','','SMA'),(425,'d1','D1','','D1'),(426,'d2','D2','','D2'),(427,'d3','D3','','D3'),(428,'s1','S1','','S1'),(429,'s2','S2','','S2'),(430,'s3','S3','','S3'),(431,'university_name','University Name','','Nama Universitas'),(432,'majors','Majors','','Jurusan'),(433,'class_room_advisor','Class Room Advisor','','Wali Kelas'),(434,'_teacher','','',''),(435,'edit_section','','',''),(436,'Invoice/Payment','','',''),(1748,'Notice','','',''),(1747,'Title','','',''),(1746,'Notice','','',''),(440,'manual_attendance','','',''),(441,'attendance_status','','',''),(442,'daily_test_manage','','',''),(443,'exam_category','','',''),(444,'manage_exam_category','','',''),(445,'exam_category_name','','',''),(446,'add_exam_category','','',''),(447,'edit_exam_category','','',''),(448,'Invoice/Payment','','',''),(449,'E-library','Book Shelf','',''),(450,'manage_library_ebooks','','',''),(451,'ebook_list','','',''),(452,'share','','',''),(1773,'Title','','',''),(3680,'Date','','',''),(455,'change_file','','',''),(3752,'Date','','',''),(3751,'Class','','',''),(3750,'Name','','',''),(3749,'Photo','','',''),(3748,'Date','','',''),(3747,'Class','','',''),(3746,'Name','','',''),(3745,'Photo','','',''),(3744,'Date','','',''),(3743,'Class','','',''),(466,'edit_ebook','','',''),(3742,'Name','','',''),(3741,'Photo','','',''),(469,'edit_e_-_book','','',''),(3740,'Date','','',''),(3739,'Class','','',''),(3738,'Name','','',''),(3737,'Photo','','',''),(3736,'Date','','',''),(3735,'Class','','',''),(3734,'Name','','',''),(3733,'Photo','','',''),(3732,'Date','','',''),(3731,'Class','','',''),(3730,'Name','','',''),(3729,'Photo','','',''),(3728,'Date','','',''),(3727,'Class','','',''),(3726,'Name','','',''),(3725,'Photo','','',''),(3724,'Date','','',''),(3723,'Class','','',''),(3722,'Name','','',''),(3721,'Photo','','',''),(3720,'Date','','',''),(3719,'Class','','',''),(3718,'Name','','',''),(3717,'Photo','','',''),(3716,'Date','','',''),(3715,'Class','','',''),(3714,'Name','','',''),(3713,'Photo','','',''),(3712,'Date','','',''),(500,'file_exist','','',''),(3711,'Class','','',''),(3710,'Name','','',''),(3709,'Photo','','',''),(3708,'Date','','',''),(3707,'Class','','',''),(3706,'Name','','',''),(507,'add_ebook','','',''),(508,'ebook_name','','',''),(3705,'Photo','','',''),(3704,'Date','','',''),(3703,'Class','','',''),(3702,'Name','','',''),(3701,'Photo','','',''),(3700,'Date','','',''),(3699,'Class','','',''),(3698,'Name','','',''),(3697,'Photo','','',''),(3696,'Date','','',''),(3695,'Class','','',''),(3694,'Name','','',''),(3693,'Photo','','',''),(3692,'Date','','',''),(3691,'Class','','',''),(3690,'Name','','',''),(3689,'Photo','','',''),(3688,'Date','','',''),(3687,'Class','','',''),(3686,'Name','','',''),(3685,'Photo','','',''),(3684,'Date','','',''),(3683,'Class','','',''),(3682,'Name','','',''),(3681,'Photo','','',''),(3679,'Class','','',''),(3678,'Name','','',''),(3677,'Photo','','',''),(3676,'Date','','',''),(3675,'Class','','',''),(3674,'Name','','',''),(3673,'Photo','','',''),(3672,'Date','','',''),(3671,'Class','','',''),(3670,'Name','','',''),(3669,'Photo','','',''),(3668,'Date','','',''),(3667,'Class','','',''),(3666,'Name','','',''),(3665,'Photo','','',''),(3664,'Date','','',''),(3663,'Class','','',''),(3662,'Name','','',''),(3661,'Photo','','',''),(3660,'Date','','',''),(3659,'Class','','',''),(3658,'Name','','',''),(3657,'Photo','','',''),(3656,'Date','','',''),(3655,'Class','','',''),(3654,'Name','','',''),(3653,'Photo','','',''),(3652,'Date','','',''),(3651,'Class','','',''),(3650,'Name','','',''),(3649,'Photo','','',''),(3648,'Date','','',''),(3647,'Class','','',''),(3646,'Name','','',''),(3645,'Photo','','',''),(3644,'Date','','',''),(3643,'Class','','',''),(3642,'Name','','',''),(3641,'Photo','','',''),(3640,'Date','','',''),(3639,'Class','','',''),(3638,'Name','','',''),(3637,'Photo','','',''),(3636,'Date','','',''),(3635,'Class','','',''),(3634,'Name','','',''),(3633,'Photo','','',''),(1874,'Notice','','',''),(1873,'Title','','',''),(3632,'Date','','',''),(3631,'Class','','',''),(3630,'Name','','',''),(3629,'Photo','','',''),(3628,'Date','','',''),(3627,'Class','','',''),(3626,'Name','','',''),(3625,'Photo','','',''),(3624,'Date','','',''),(3623,'Class','','',''),(3622,'Name','','',''),(3621,'Photo','','',''),(3620,'Date','','',''),(3619,'Class','','',''),(3618,'Name','','',''),(3617,'Photo','','',''),(3616,'Date','','',''),(3615,'Class','','',''),(3614,'Name','','',''),(3613,'Photo','','',''),(3612,'Date','','',''),(3611,'Class','','',''),(1908,'Notice','','',''),(1907,'Title','','',''),(1906,'Notice','','',''),(1905,'Title','','',''),(1904,'Notice','','',''),(1903,'Title','','',''),(1902,'Notice','','',''),(1901,'Title','','',''),(1900,'Notice','','',''),(1899,'Title','','',''),(1898,'Notice','','',''),(1897,'Title','','',''),(1896,'Notice','','',''),(1895,'Title','','',''),(1894,'Notice','','',''),(1893,'Title','','',''),(1892,'Notice','','',''),(1891,'Title','','',''),(1890,'Notice','','',''),(1889,'Title','','',''),(1888,'Notice','','',''),(1887,'Title','','',''),(3610,'Name','','',''),(3609,'Photo','','',''),(3608,'Date','','',''),(3607,'Class','','',''),(3606,'Name','','',''),(3605,'Photo','','',''),(3604,'Date','','',''),(3603,'Class','','',''),(3602,'Name','','',''),(3601,'Photo','','',''),(3600,'Date','','',''),(3599,'Class','','',''),(3598,'Name','','',''),(3597,'Photo','','',''),(3596,'Date','','',''),(3595,'Class','','',''),(3594,'Name','','',''),(3593,'Photo','','',''),(3592,'Date','','',''),(3591,'Class','','',''),(3590,'Name','','',''),(3589,'Photo','','',''),(3588,'Date','','',''),(3587,'Class','','',''),(3586,'Name','','',''),(3585,'Photo','','',''),(3584,'Date','','',''),(3583,'Class','','',''),(3582,'Name','','',''),(3581,'Photo','','',''),(3580,'Date','','',''),(3579,'Class','','',''),(3578,'Name','','',''),(3577,'Photo','','',''),(3576,'Date','','',''),(3575,'Class','','',''),(3574,'Name','','',''),(3573,'Photo','','',''),(3572,'Date','','',''),(3571,'Class','','',''),(3570,'Name','','',''),(3569,'Photo','','',''),(3568,'Date','','',''),(1957,'this_week_report','','',''),(3567,'Class','','',''),(3566,'Name','','',''),(3565,'Photo','','',''),(3564,'Date','','',''),(3563,'Class','','',''),(3562,'Name','','',''),(3561,'Photo','','',''),(3560,'Date','','',''),(3559,'Class','','',''),(3558,'Name','','',''),(3557,'Photo','','',''),(3556,'Date','','',''),(3555,'Class','','',''),(3554,'Name','','',''),(3553,'Photo','','',''),(3552,'Date','','',''),(3551,'Class','','',''),(3550,'Name','','',''),(3549,'Photo','','',''),(3548,'Date','','',''),(3547,'Class','','',''),(3546,'Name','','',''),(3545,'Photo','','',''),(3544,'Date','','',''),(3543,'Class','','',''),(3542,'Name','','',''),(3541,'Photo','','',''),(3540,'Date','','',''),(3539,'Class','','',''),(3538,'Name','','',''),(3537,'Photo','','',''),(3536,'Date','','',''),(3535,'Class','','',''),(3534,'Name','','',''),(3533,'Photo','','',''),(3532,'Date','','',''),(3531,'Class','','',''),(3530,'Name','','',''),(3529,'Photo','','',''),(3528,'Date','','',''),(3527,'Class','','',''),(3526,'Name','','',''),(3525,'Photo','','',''),(3524,'Date','','',''),(3523,'Class','','',''),(3522,'Name','','',''),(3521,'Photo','','',''),(2023,'No','','',''),(2022,'Yes','','',''),(3520,'Date','','',''),(3519,'Class','','',''),(3518,'Name','','',''),(3517,'Photo','','',''),(3516,'Date','','',''),(3515,'Class','','',''),(3514,'Name','','',''),(3513,'Photo','','',''),(3512,'Date','','',''),(3511,'Class','','',''),(3510,'Name','','',''),(3509,'Photo','','',''),(3508,'Date','','',''),(3507,'Class','','',''),(3506,'Name','','',''),(3505,'Photo','','',''),(3504,'Date','','',''),(3503,'Class','','',''),(3502,'Name','','',''),(3501,'Photo','','',''),(3461,'holiday','','',''),(2048,'Waiting','','',''),(2047,'transfer_date','','',''),(2046,'approved','','',''),(2045,'waiting','','',''),(2044,'Waiting','','',''),(2043,'type_of_payment','','',''),(2042,'evidence_of_transfer','','',''),(3500,'Date','','',''),(3499,'Class','','',''),(3498,'Name','','',''),(3497,'Photo','','',''),(3496,'Date','','',''),(3495,'Class','','',''),(3494,'Name','','',''),(3493,'Photo','','',''),(771,'downloaders','','',''),(2033,'performance_score','','',''),(2032,'behavior_performance_score','','',''),(2031,'Notice','','',''),(2030,'Title','','',''),(3492,'truancy_statement','','',''),(3491,'Subject','','',''),(3490,'Subject','','',''),(3489,'Subject','','',''),(3488,'No','','',''),(2070,'waiting','','',''),(2069,'waiting','','',''),(2068,'waiting','','',''),(2067,'waiting','','',''),(2066,'waiting','','',''),(2065,'waiting','','',''),(2064,'waiting','','',''),(2063,'waiting','','',''),(2062,'waiting','','',''),(2061,'approve','','',''),(2060,'waiting','','',''),(2059,'waiting','','',''),(2058,'waiting','','',''),(2057,'waiting','','',''),(3487,'Yes','','',''),(3486,'No','','',''),(3485,'Yes','','',''),(3484,'waiting','','',''),(3483,'No','','',''),(3482,'Yes','','',''),(3481,'No','','',''),(3480,'Yes','','',''),(2105,'date_from','','',''),(3479,'Upload','','',''),(3478,'Subject','','',''),(3477,'Subject','','',''),(3476,'Subject','','',''),(3475,'Subject','','',''),(3474,'Class','','',''),(2098,'Upload','','',''),(3473,'Category','','',''),(3472,'Notice','','',''),(3471,'Title','','',''),(3470,'Class','','',''),(3469,'Category','','',''),(3468,'Notice','','',''),(3467,'Title','','',''),(2090,'preview','','',''),(2089,'struck','','',''),(3466,'No','','',''),(3465,'Yes','','',''),(3464,'No','','',''),(3463,'Yes','','',''),(3462,'Upload','','',''),(2083,'Title','','',''),(2082,'Notice','','',''),(2081,'Title','','',''),(2080,'Notice','','',''),(2079,'Title','','',''),(2078,'Notice','','',''),(2131,'Notice','','',''),(2130,'Title','','',''),(2129,'Notice','','',''),(2128,'Title','','',''),(2127,'Notice','','',''),(2126,'Title','','',''),(2125,'Notice','','',''),(2124,'Title','','',''),(2123,'Notice','','',''),(2122,'Title','','',''),(2121,'Notice','','',''),(2120,'Title','','',''),(854,'downloaded','','',''),(2119,'Notice','','',''),(2118,'Title','','',''),(2117,'No','','',''),(2116,'Yes','','',''),(2115,'No','','',''),(2114,'Yes','','',''),(861,'for_class','','',''),(2113,'Upload','','',''),(2112,'topic','','',''),(864,'for_grade','','',''),(2111,'waiting','','',''),(2110,'waiting','','',''),(2109,'waiting','','',''),(2108,'waiting','','',''),(2107,'waiting','','',''),(2106,'date_to','','',''),(2156,'Title','','',''),(873,'E-Library','','',''),(2155,'Notice','','',''),(2154,'Title','','',''),(2153,'Notice','','',''),(2152,'Title','','',''),(2151,'Notice','','',''),(2150,'Title','','',''),(2149,'Notice','','',''),(2148,'Title','','',''),(2147,'Notice','','',''),(2146,'Title','','',''),(2145,'Notice','','',''),(2144,'Title','','',''),(2143,'Notice','','',''),(2142,'Title','','',''),(2141,'Notice','','',''),(2140,'Title','','',''),(2139,'Notice','','',''),(2138,'Title','','',''),(892,'manage_E-library','','',''),(2137,'form_computer','','',''),(2136,'form_library','','',''),(2135,'No','','',''),(2134,'Yes','','',''),(2133,'Notice','','',''),(2132,'Title','','',''),(2184,'Title','','',''),(2183,'Notice','','',''),(2182,'Title','','',''),(2181,'Notice','','',''),(2180,'Title','','',''),(2179,'Notice','','',''),(2178,'Title','','',''),(2177,'Notice','','',''),(2176,'Title','','',''),(2175,'Notice','','',''),(2174,'Title','','',''),(2173,'Notice','','',''),(2172,'Title','','',''),(2171,'Upload','','',''),(2170,'Notice','','',''),(2169,'Title','','',''),(2168,'Notice','','',''),(2167,'Title','','',''),(2166,'Notice','','',''),(2165,'Title','','',''),(2164,'Notice','','',''),(923,'share_books','','',''),(2163,'Title','','',''),(2162,'Upload','','',''),(2161,'Notice','','',''),(2160,'Title','','',''),(2159,'Notice','','',''),(2158,'Title','','',''),(2157,'Notice','','',''),(2213,'Yes','','',''),(2212,'No','','',''),(2211,'Yes','','',''),(2210,'No','','',''),(2209,'Yes','','',''),(2208,'No','','',''),(2207,'Yes','','',''),(2206,'No','','',''),(2205,'Yes','','',''),(2204,'Notice','','',''),(2203,'Title','','',''),(2202,'Notice','','',''),(2201,'Title','','',''),(2200,'No','','',''),(2199,'Yes','','',''),(2198,'Upload','','',''),(2197,'No','','',''),(2196,'Yes','','',''),(2195,'Notice','','',''),(2194,'Title','','',''),(2193,'Notice','','',''),(2192,'Title','','',''),(2191,'Notice','','',''),(2190,'Title','','',''),(2189,'Notice','','',''),(2188,'Title','','',''),(2187,'Notice','','',''),(2186,'Title','','',''),(2185,'Notice','','',''),(2237,'Yes','','',''),(2236,'No','','',''),(2235,'Yes','','',''),(2234,'No','','',''),(2233,'Yes','','',''),(2232,'No','','',''),(2231,'Yes','','',''),(2230,'No','','',''),(2229,'Yes','','',''),(2228,'No','','',''),(2227,'Yes','','',''),(2226,'No','','',''),(2225,'Yes','','',''),(2224,'No','','',''),(2223,'Yes','','',''),(2222,'ebook_tag_name','','',''),(2221,'all_ebook_tag','','',''),(2220,'add_ebook_tag','','',''),(984,'sharing_ebooks','','',''),(2219,'ebook_tag','','',''),(2218,'No','','',''),(2217,'Yes','','',''),(2216,'No','','',''),(2215,'Yes','','',''),(2214,'No','','',''),(2265,'Yes','','',''),(2264,'No','','',''),(2263,'Yes','','',''),(2262,'No','','',''),(2261,'Yes','','',''),(2260,'No','','',''),(2259,'Yes','','',''),(2258,'No','','',''),(2257,'Yes','','',''),(2256,'No','','',''),(2255,'Yes','','',''),(2254,'No','','',''),(2253,'Yes','','',''),(2252,'No','','',''),(2251,'Yes','','',''),(2250,'No','','',''),(2249,'Yes','','',''),(2248,'No','','',''),(2247,'Yes','','',''),(2246,'No','','',''),(2245,'Yes','','',''),(2244,'No','','',''),(2243,'Yes','','',''),(2242,'No','','',''),(2241,'Yes','','',''),(2240,'No','','',''),(2239,'Yes','','',''),(2238,'No','','',''),(1020,'Update_attendance','','',''),(2285,'Yes','','',''),(2284,'No','','',''),(2283,'Yes','','',''),(2282,'No','','',''),(2281,'Yes','','',''),(2280,'No','','',''),(2279,'Yes','','',''),(1028,'edit_atendance','','',''),(2278,'No','','',''),(1030,'attend','','',''),(1031,'truant','','',''),(1032,'permit','','',''),(1033,'sick','','',''),(2277,'Yes','','',''),(2276,'No','','',''),(2275,'Yes','','',''),(2274,'No','','',''),(2273,'Yes','','',''),(2272,'No','','',''),(2271,'Yes','','',''),(2270,'No','','',''),(2269,'Yes','','',''),(2268,'No','','',''),(1044,'permit_letter','','',''),(1045,'permit_letter_list','','',''),(1046,'student_name','','',''),(1047,'date_upload','','',''),(1048,'upload_by','','',''),(2267,'Yes','','',''),(2266,'No','','',''),(1053,'upload_permit_letter','','',''),(2311,'Spesific Person','','',''),(2310,'Class','','',''),(2309,'Category','','',''),(2308,'Notice','','',''),(2307,'Title','','',''),(1059,'select_student_name_first','','',''),(2306,'Category','','',''),(2305,'Notice','','',''),(2304,'Title','','',''),(2303,'Category','','',''),(2302,'Notice','','',''),(2301,'Title','','',''),(2300,'Notice','','',''),(2299,'Title','','',''),(2298,'Notice','','',''),(2297,'Title','','',''),(2296,'No','','',''),(2295,'Yes','','',''),(2294,'No','','',''),(2293,'Yes','','',''),(2292,'No','','',''),(2291,'Yes','','',''),(2290,'No','','',''),(2289,'Yes','','',''),(2288,'No','','',''),(2287,'Yes','','',''),(2286,'No','','',''),(2340,'Title','','',''),(2339,'Class','','',''),(2338,'Category','','',''),(2337,'Notice','','',''),(2336,'Title','','',''),(2335,'Class','','',''),(2334,'Category','','',''),(2333,'Notice','','',''),(2332,'Title','','',''),(2331,'Class','','',''),(2330,'Category','','',''),(2329,'Notice','','',''),(2328,'Title','','',''),(2327,'Class','','',''),(2326,'Category','','',''),(2325,'Notice','','',''),(2324,'Title','','',''),(2323,'Class','','',''),(2322,'Category','','',''),(2321,'Notice','','',''),(2320,'Title','','',''),(2319,'Class','','',''),(2318,'Category','','',''),(2317,'Notice','','',''),(2316,'Title','','',''),(2315,'Class','','',''),(2314,'Category','','',''),(2313,'Notice','','',''),(2312,'Title','','',''),(2366,'Category','','',''),(2365,'Notice','','',''),(2364,'Title','','',''),(2363,'Class','','',''),(2362,'Category','','',''),(2361,'Notice','','',''),(2360,'Title','','',''),(2359,'Class','','',''),(2358,'Category','','',''),(2357,'Notice','','',''),(2356,'Title','','',''),(2355,'Class','','',''),(2354,'Category','','',''),(1125,'my_ebook_list','','',''),(2353,'Notice','','',''),(2352,'Title','','',''),(1128,'my_ebooks_list','','',''),(2351,'Class','','',''),(2350,'Category','','',''),(1131,'ebooks_list','','',''),(2349,'Notice','','',''),(2348,'Title','','',''),(2347,'Class','','',''),(2346,'Category','','',''),(2345,'Notice','','',''),(2344,'Title','','',''),(2343,'Class','','',''),(2342,'Category','','',''),(2341,'Notice','','',''),(2393,'Notice','','',''),(2392,'Title','','',''),(2391,'Class','','',''),(2390,'Category','','',''),(2389,'Notice','','',''),(2388,'Title','','',''),(2387,'Class','','',''),(2386,'Category','','',''),(2385,'Notice','','',''),(2384,'Title','','',''),(2383,'Class','','',''),(2382,'Category','','',''),(2381,'Notice','','',''),(2380,'Title','','',''),(2379,'Class','','',''),(2378,'Category','','',''),(2377,'Notice','','',''),(2376,'Title','','',''),(2375,'Class','','',''),(2374,'Category','','',''),(2373,'Notice','','',''),(2372,'Title','','',''),(2371,'Class','','',''),(2370,'Category','','',''),(1166,'uploaded_by','','',''),(2369,'Notice','','',''),(2368,'Title','','',''),(1169,'permission_letter','','',''),(2367,'Class','','',''),(2420,'Title','','',''),(2419,'Class','','',''),(2418,'Category','','',''),(2417,'Notice','','',''),(2416,'Title','','',''),(2415,'Class','','',''),(2414,'Category','','',''),(2413,'Notice','','',''),(2412,'Title','','',''),(2411,'Class','','',''),(2410,'Category','','',''),(2409,'Notice','','',''),(2408,'Title','','',''),(2407,'Class','','',''),(2406,'Category','','',''),(2405,'Notice','','',''),(2404,'Title','','',''),(2403,'Class','','',''),(2402,'Category','','',''),(1191,'mm/dd/yyyy','','',''),(2401,'Notice','','',''),(2400,'Title','','',''),(2399,'Class','','',''),(2398,'Category','','',''),(1196,'source','','',''),(2397,'Notice','','',''),(2396,'Title','','',''),(2395,'Class','','',''),(2394,'Category','','',''),(2443,'Class','','',''),(1203,'permission_letter_list','','',''),(1204,'upload_permission_letter','','',''),(2442,'Category','','',''),(2441,'Notice','','',''),(2440,'Title','','',''),(2439,'Class','','',''),(2438,'Category','','',''),(2437,'Notice','','',''),(2436,'Title','','',''),(2435,'Class','','',''),(2434,'Category','','',''),(2433,'Notice','','',''),(2432,'Title','','',''),(2431,'Class','','',''),(2430,'Category','','',''),(2429,'Notice','','',''),(2428,'Title','','',''),(2427,'Class','','',''),(1221,'note','','',''),(1222,'task','','',''),(1223,'election','','',''),(2426,'Category','','',''),(2425,'Notice','','',''),(2424,'Title','','',''),(2423,'Class','','',''),(2422,'Category','','',''),(2421,'Notice','','',''),(1230,'type note here','','',''),(2458,'Category','','',''),(2457,'Notice','','',''),(2456,'Title','','',''),(1234,'type_note_here','','',''),(2455,'Class','','',''),(1236,'tag','','',''),(1237,'group,_student,_teacher','','',''),(2454,'Category','','',''),(2453,'Notice','','',''),(2452,'Title','','',''),(2451,'Class','','',''),(1242,'group,_student,_teacher...','','',''),(2450,'Category','','',''),(2449,'Notice','','',''),(2448,'Title','','',''),(2447,'Class','','',''),(2446,'Category','','',''),(2445,'Notice','','',''),(2444,'Title','','',''),(1735,'note_name','','',''),(1254,'type_note_here...','','',''),(1734,'add_teacher_note','','',''),(1257,'notes','','',''),(1733,'add_new_teacher_note','','',''),(1732,'all_teacher_note','','',''),(2485,'Yes','','',''),(2484,'Class','','',''),(2483,'Category','','',''),(2482,'Notice','','',''),(2481,'Title','','',''),(2480,'spesific_person','','',''),(2479,'Class','','',''),(2478,'Category','','',''),(2477,'Notice','','',''),(2476,'Title','','',''),(2475,'No','','',''),(2474,'Yes','','',''),(2473,'No','','',''),(2472,'Yes','','',''),(2471,'No','','',''),(2470,'Yes','','',''),(2469,'No','','',''),(2468,'Yes','','',''),(2467,'Class','','',''),(2466,'Category','','',''),(2465,'Notice','','',''),(2464,'Title','','',''),(2463,'Class','','',''),(2462,'Category','','',''),(2461,'Notice','','',''),(1288,'add_from_library','','',''),(2460,'Title','','',''),(2459,'Class','','',''),(2513,'Title','','',''),(2512,'Class','','',''),(2511,'Category','','',''),(2510,'Notice','','',''),(2509,'Title','','',''),(2508,'Class','','',''),(2507,'Category','','',''),(2506,'Notice','','',''),(2505,'Title','','',''),(2504,'Class','','',''),(2503,'Category','','',''),(2502,'Notice','','',''),(2501,'Title','','',''),(2500,'Class','','',''),(2499,'Category','','',''),(2498,'Notice','','',''),(2497,'Title','','',''),(2496,'Class','','',''),(2495,'Category','','',''),(2494,'Notice','','',''),(2493,'Title','','',''),(2492,'Class','','',''),(2491,'Category','','',''),(2490,'Notice','','',''),(2489,'Title','','',''),(1317,'add_file','','',''),(2488,'No','','',''),(2487,'Yes','','',''),(2486,'No','','',''),(2542,'Notice','','',''),(2541,'Title','','',''),(2540,'Class','','',''),(2539,'Category','','',''),(2538,'Notice','','',''),(2537,'Title','','',''),(2536,'Class','','',''),(2535,'Category','','',''),(2534,'Notice','','',''),(2533,'Title','','',''),(2532,'Class','','',''),(2531,'Category','','',''),(2530,'Notice','','',''),(2529,'Title','','',''),(2528,'Class','','',''),(2527,'Category','','',''),(2526,'Notice','','',''),(2525,'Title','','',''),(2524,'Class','','',''),(2523,'Category','','',''),(2522,'Notice','','',''),(2521,'Title','','',''),(2520,'Class','','',''),(2519,'Category','','',''),(2518,'Notice','','',''),(2517,'Title','','',''),(2516,'Class','','',''),(2515,'Category','','',''),(2514,'Notice','','',''),(2569,'Yes','','',''),(2568,'Class','','',''),(2567,'Category','','',''),(2566,'Notice','','',''),(2565,'Title','','',''),(1357,'list_today','','',''),(2564,'Class','','',''),(2563,'Category','','',''),(2562,'Notice','','',''),(2561,'Title','','',''),(2560,'Class','','',''),(2559,'Category','','',''),(1364,'manual_attendance_per_date','','',''),(2558,'Notice','','',''),(2557,'Title','','',''),(2556,'Class','','',''),(2555,'Category','','',''),(2554,'Notice','','',''),(2553,'Title','','',''),(2552,'Class','','',''),(2551,'Category','','',''),(2550,'Notice','','',''),(2549,'Title','','',''),(2548,'Class','','',''),(2547,'Category','','',''),(2546,'Notice','','',''),(2545,'Title','','',''),(2544,'Class','','',''),(2543,'Category','','',''),(1381,'Invoice/Payment','','',''),(2595,'Category','','',''),(2594,'Notice','','',''),(2593,'Title','','',''),(2592,'Class','','',''),(2591,'Category','','',''),(2590,'Notice','','',''),(2589,'Title','','',''),(2588,'No','','',''),(1390,'download_excel_format','','',''),(2587,'Yes','','',''),(2586,'Class','','',''),(2585,'Category','','',''),(2584,'Notice','','',''),(2583,'Title','','',''),(2582,'Class','','',''),(2581,'Category','','',''),(1398,'Invoice/Payment','','',''),(2580,'Notice','','',''),(2579,'Title','','',''),(2578,'Class','','',''),(2577,'Category','','',''),(2576,'Notice','','',''),(2575,'Title','','',''),(2574,'Class','','',''),(2573,'Category','','',''),(2572,'Notice','','',''),(2571,'Title','','',''),(2570,'No','','',''),(1410,'notice_updated','','',''),(2625,'Category','','',''),(2624,'Notice','','',''),(2623,'Title','','',''),(2622,'Class','','',''),(2621,'Category','','',''),(2620,'Notice','','',''),(2619,'Title','','',''),(2618,'Class','','',''),(2617,'Category','','',''),(2616,'Notice','','',''),(2615,'Title','','',''),(2614,'Class','','',''),(2613,'Category','','',''),(2612,'Notice','','',''),(2611,'Title','','',''),(2610,'Class','','',''),(2609,'Category','','',''),(2608,'Notice','','',''),(2607,'Title','','',''),(2606,'Class','','',''),(2605,'Category','','',''),(2604,'Notice','','',''),(2603,'Title','','',''),(2602,'Class','','',''),(2601,'Category','','',''),(2600,'Notice','','',''),(2599,'Title','','',''),(2598,'No','','',''),(2597,'Yes','','',''),(2596,'Class','','',''),(2653,'Category','','',''),(2652,'Notice','','',''),(2651,'Title','','',''),(2650,'Class','','',''),(2649,'Category','','',''),(2648,'Notice','','',''),(2647,'Title','','',''),(2646,'Class','','',''),(2645,'Category','','',''),(2644,'Notice','','',''),(2643,'Title','','',''),(2642,'Class','','',''),(1454,'select_file','','',''),(2641,'Category','','',''),(2640,'Notice','','',''),(2639,'Title','','',''),(2638,'Class','','',''),(2637,'Category','','',''),(2636,'Notice','','',''),(2635,'Title','','',''),(2634,'Class','','',''),(2633,'Category','','',''),(2632,'Notice','','',''),(2631,'Title','','',''),(2630,'Class','','',''),(2629,'Category','','',''),(2628,'Notice','','',''),(2627,'Title','','',''),(2626,'Class','','',''),(2682,'No','','',''),(2681,'Yes','','',''),(2680,'Class','','',''),(2679,'Category','','',''),(2678,'Notice','','',''),(2677,'Title','','',''),(2676,'Class','','',''),(2675,'Category','','',''),(2674,'Notice','','',''),(2673,'Title','','',''),(2672,'Class','','',''),(2671,'Category','','',''),(2670,'Notice','','',''),(2669,'Title','','',''),(2668,'Class','','',''),(2667,'Category','','',''),(2666,'Notice','','',''),(2665,'Title','','',''),(2664,'Class','','',''),(2663,'Category','','',''),(2662,'Notice','','',''),(2661,'Title','','',''),(2660,'Class','','',''),(2659,'Category','','',''),(2658,'Notice','','',''),(2657,'Title','','',''),(2656,'No','','',''),(2655,'Yes','','',''),(2654,'Class','','',''),(2710,'Category','','',''),(2709,'Category Person','','',''),(2708,'Notice','','',''),(2707,'Title','','',''),(2706,'Class','','',''),(2705,'Category','','',''),(2704,'Notice','','',''),(2703,'Title','','',''),(2702,'Class','','',''),(2701,'Category','','',''),(2700,'Notice','','',''),(2699,'Title','','',''),(2698,'Class','','',''),(2697,'Category','','',''),(2696,'Notice','','',''),(2695,'Title','','',''),(2694,'Class','','',''),(2693,'Category','','',''),(2692,'Notice','','',''),(2691,'Title','','',''),(2690,'Class','','',''),(2689,'Category','','',''),(2688,'Notice','','',''),(2687,'Title','','',''),(2686,'Class','','',''),(2685,'Category','','',''),(2684,'Notice','','',''),(2683,'Title','','',''),(2737,'Class','','',''),(2736,'Category','','',''),(2735,'Notice','','',''),(2734,'Title','','',''),(2733,'Class','','',''),(1537,'add_topik','','',''),(1538,'add_topic','','',''),(2732,'Category','','',''),(2731,'Notice','','',''),(2730,'Title','','',''),(2729,'Class','','',''),(2728,'Category','','',''),(2727,'Notice','','',''),(2726,'Title','','',''),(2725,'Class','','',''),(2724,'Category','','',''),(2723,'Notice','','',''),(2722,'Title','','',''),(2721,'Class','','',''),(2720,'Category','','',''),(2719,'Notice','','',''),(2718,'Title','','',''),(2717,'Upload','','',''),(2716,'Upload','','',''),(2715,'Class','','',''),(2714,'Category','','',''),(2713,'Notice','','',''),(2712,'Title','','',''),(2711,'Class','','',''),(1561,'Topic','','',''),(2766,'Title','','',''),(2765,'Class','','',''),(2764,'Category','','',''),(2763,'Notice','','',''),(2762,'Title','','',''),(2761,'Class','','',''),(2760,'Category','','',''),(2759,'Notice','','',''),(2758,'Title','','',''),(2757,'Class','','',''),(2756,'Category','','',''),(2755,'Notice','','',''),(2754,'Title','','',''),(2753,'Class','','',''),(2752,'Category','','',''),(2751,'Notice','','',''),(2750,'Title','','',''),(2749,'Class','','',''),(2748,'Category','','',''),(2747,'Notice','','',''),(2746,'Title','','',''),(2745,'Class','','',''),(2744,'Category','','',''),(2743,'Notice','','',''),(2742,'Title','','',''),(2741,'Class','','',''),(2740,'Category','','',''),(2739,'Notice','','',''),(2738,'Title','','',''),(2791,'Category','','',''),(2790,'Notice','','',''),(2789,'Title','','',''),(2788,'spesific_parent','','',''),(1598,'select_grade','','',''),(2787,'spesific_student','','',''),(2786,'Class','','',''),(2785,'Category','','',''),(2784,'Notice','','',''),(2783,'Title','','',''),(2782,'Class','','',''),(2781,'Category','','',''),(2780,'Notice','','',''),(2779,'Title','','',''),(2778,'Class','','',''),(2777,'Category','','',''),(2776,'Notice','','',''),(2775,'Title','','',''),(2774,'Upload','','',''),(2773,'Class','','',''),(2772,'Category','','',''),(2771,'Notice','','',''),(2770,'Title','','',''),(2769,'Class','','',''),(2768,'Category','','',''),(2767,'Notice','','',''),(2820,'Class','','',''),(2819,'Category','','',''),(2818,'Notice','','',''),(2817,'Title','','',''),(2816,'Class','','',''),(2815,'Category','','',''),(2814,'Notice','','',''),(2813,'Title','','',''),(2812,'Class','','',''),(2811,'Category','','',''),(2810,'Notice','','',''),(2809,'Title','','',''),(2808,'Class','','',''),(2807,'Category','','',''),(2806,'Notice','','',''),(2805,'Title','','',''),(2804,'Class','','',''),(2803,'Category','','',''),(2802,'Notice','','',''),(2801,'Title','','',''),(2800,'Class','','',''),(2799,'Category','','',''),(2798,'Notice','','',''),(2797,'Title','','',''),(2796,'Class','','',''),(2795,'Category','','',''),(2794,'Notice','','',''),(2793,'Title','','',''),(2792,'Class','','',''),(2823,'Category','','',''),(2848,'Class','','',''),(2847,'Category','','',''),(2846,'Notice','','',''),(2845,'Title','','',''),(2844,'Class','','',''),(2843,'Category','','',''),(2842,'Notice','','',''),(1661,'link','','',''),(2841,'Title','','',''),(2840,'Class','','',''),(2839,'Category','','',''),(2838,'Notice','','',''),(2837,'Title','','',''),(2836,'Class','','',''),(2835,'Category','','',''),(2834,'Notice','','',''),(2833,'Title','','',''),(2832,'Class','','',''),(2831,'Category','','',''),(2830,'Notice','','',''),(2829,'Title','','',''),(2828,'Class','','',''),(2822,'Notice','','',''),(2821,'Title','','',''),(2850,'Notice','','',''),(2849,'Title','','',''),(2864,'Class','','',''),(2863,'Category','','',''),(2862,'Notice','','',''),(2861,'Title','','',''),(2860,'Class','','',''),(2859,'Category','','',''),(2858,'Notice','','',''),(2857,'Title','','',''),(2856,'Class','','',''),(2855,'Category','','',''),(2854,'Notice','','',''),(2853,'Title','','',''),(2852,'Class','','',''),(2851,'Category','','',''),(1696,'weekly_report','','',''),(1697,'weekly_reports','','',''),(1698,'weekly_report_form','','',''),(1699,'manner','','',''),(1700,'effort','','',''),(1701,'participation','','',''),(1702,'social','','',''),(1703,'responsibility','','',''),(1704,'teacher_note','','',''),(1705,'parent\'s_feedback','','',''),(2827,'Category','','',''),(2826,'Notice','','',''),(2825,'Title','','',''),(2824,'Class','','',''),(1710,'note_category','','',''),(1711,'report','','',''),(1712,'behavior_performance','','',''),(1713,'behavior_performance_grading','','',''),(1714,'teacher_note_category','','',''),(1715,'all_behavior_performance','','',''),(1716,'all_weekly_report','','',''),(1717,'add_new_behavior_performance','','',''),(1718,'add_behavior_performance','','',''),(1719,'behavior_performance_name','','',''),(1720,'all_behavior_performance_grading','','',''),(1721,'add_new_behavior_performance_grading','','',''),(1722,'add_behavior_performance_grading','','',''),(1723,'performance_name','','',''),(1724,'Yes','','',''),(1725,'No','','',''),(1726,'Upload','','',''),(1727,'all_teacher_note_category','','',''),(1728,'add_new_teacher_note_category','','',''),(1729,'add_teacher_note_category','','',''),(1730,'note_category_name','','',''),(2865,'Title','','',''),(2866,'Notice','','',''),(2867,'Category','','',''),(2868,'Class','','',''),(2869,'Title','','',''),(2870,'Notice','','',''),(2871,'Category','','',''),(2872,'Class','','',''),(2873,'Title','','',''),(2874,'Notice','','',''),(2875,'Category','','',''),(2876,'Class','','',''),(2877,'Title','','',''),(2878,'Notice','','',''),(2879,'Category','','',''),(2880,'Class','','',''),(2881,'Title','','',''),(2882,'Notice','','',''),(2883,'Category','','',''),(2884,'Class','','',''),(2885,'Title','','',''),(2886,'Notice','','',''),(2887,'Category','','',''),(2888,'Class','','',''),(2889,'Title','','',''),(2890,'Notice','','',''),(2891,'Category','','',''),(2892,'Class','','',''),(2893,'Title','','',''),(2894,'Notice','','',''),(2895,'Category','','',''),(2896,'Class','','',''),(2897,'Title','','',''),(2898,'Notice','','',''),(2899,'Category','','',''),(2900,'Class','','',''),(2901,'Title','','',''),(2902,'Notice','','',''),(2903,'Category','','',''),(2904,'Class','','',''),(2905,'Title','','',''),(2906,'Notice','','',''),(2907,'Category','','',''),(2908,'Class','','',''),(2909,'Title','','',''),(2910,'Notice','','',''),(2911,'Category','','',''),(2912,'Class','','',''),(2913,'Title','','',''),(2914,'Notice','','',''),(2915,'Category','','',''),(2916,'Class','','',''),(2917,'Title','','',''),(2918,'Notice','','',''),(2919,'Category','','',''),(2920,'Class','','',''),(2921,'add_noticeboard_category','','',''),(2922,'category_color','','',''),(2923,'add_notice_category','','',''),(2924,'Title','','',''),(2925,'Notice','','',''),(2926,'Category','','',''),(2927,'Class','','',''),(2928,'Title','','',''),(2929,'Notice','','',''),(2930,'Category','','',''),(2931,'Class','','',''),(2932,'Title','','',''),(2933,'Notice','','',''),(2934,'Category','','',''),(2935,'Class','','',''),(2936,'Title','','',''),(2937,'Notice','','',''),(2938,'Category','','',''),(2939,'Class','','',''),(2940,'Title','','',''),(2941,'Notice','','',''),(2942,'Category','','',''),(2943,'Class','','',''),(2944,'Title','','',''),(2945,'Notice','','',''),(2946,'Category','','',''),(2947,'Class','','',''),(2948,'Title','','',''),(2949,'Notice','','',''),(2950,'Category','','',''),(2951,'Class','','',''),(2952,'Title','','',''),(2953,'Notice','','',''),(2954,'Category','','',''),(2955,'Class','','',''),(2956,'Yes','','',''),(2957,'No','','',''),(2958,'Title','','',''),(2959,'Notice','','',''),(2960,'Category','','',''),(2961,'Class','','',''),(2962,'Title','','',''),(2963,'Notice','','',''),(2964,'Category','','',''),(2965,'Class','','',''),(2966,'Category','','',''),(2967,'Class','','',''),(2968,'Category','','',''),(2969,'Class','','',''),(2970,'Category','','',''),(2971,'Class','','',''),(2972,'Category','','',''),(2973,'Class','','',''),(2974,'Category','','',''),(2975,'Class','','',''),(2976,'time','','',''),(2977,'Category','','',''),(2978,'Class','','',''),(2979,'Category','','',''),(2980,'Class','','',''),(2981,'Category','','',''),(2982,'Class','','',''),(2983,'Category','','',''),(2984,'Class','','',''),(2985,'Category','','',''),(2986,'Class','','',''),(2987,'noticeboard_title','','',''),(2988,'all_noticeboard_title','','',''),(2989,'add_noticeboard_title','','',''),(2990,'Category','','',''),(2991,'Class','','',''),(2992,'Category','','',''),(2993,'Class','','',''),(2994,'Category','','',''),(2995,'Class','','',''),(2996,'Category','','',''),(2997,'Class','','',''),(2998,'Category','','',''),(2999,'Class','','',''),(3000,'Category','','',''),(3001,'Class','','',''),(3002,'Category','','',''),(3003,'Class','','',''),(3004,'Category','','',''),(3005,'Class','','',''),(3006,'Category','','',''),(3007,'Class','','',''),(3008,'Category','','',''),(3009,'Class','','',''),(3010,'Category','','',''),(3011,'Class','','',''),(3012,'Category','','',''),(3013,'Class','','',''),(3014,'Category','','',''),(3015,'Class','','',''),(3016,'Category','','',''),(3017,'Class','','',''),(3018,'Category','','',''),(3019,'Class','','',''),(3020,'Category','','',''),(3021,'Class','','',''),(3022,'recepient','','',''),(3023,'Yes','','',''),(3024,'No','','',''),(3025,'send_later','','',''),(3026,'Schedule Your Post','','',''),(3027,'Yes','','',''),(3028,'No','','',''),(3029,'Yes','','',''),(3030,'No','','',''),(3031,'Title','','',''),(3032,'Notice','','',''),(3033,'Category','','',''),(3034,'Class','','',''),(3035,'Title','','',''),(3036,'Notice','','',''),(3037,'Category','','',''),(3038,'Class','','',''),(3039,'Title','','',''),(3040,'Notice','','',''),(3041,'Category','','',''),(3042,'Class','','',''),(3043,'Title','','',''),(3044,'Notice','','',''),(3045,'Category','','',''),(3046,'Class','','',''),(3047,'Title','','',''),(3048,'Notice','','',''),(3049,'Category','','',''),(3050,'Class','','',''),(3051,'Title','','',''),(3052,'Notice','','',''),(3053,'Category','','',''),(3054,'Class','','',''),(3055,'Title','','',''),(3056,'Notice','','',''),(3057,'Category','','',''),(3058,'Class','','',''),(3059,'Title','','',''),(3060,'Notice','','',''),(3061,'Category','','',''),(3062,'Class','','',''),(3063,'Title','','',''),(3064,'Notice','','',''),(3065,'Category','','',''),(3066,'Class','','',''),(3067,'Title','','',''),(3068,'Notice','','',''),(3069,'Category','','',''),(3070,'Class','','',''),(3071,'Title','','',''),(3072,'Notice','','',''),(3073,'Category','','',''),(3074,'Class','','',''),(3075,'Title','','',''),(3076,'Notice','','',''),(3077,'Category','','',''),(3078,'Class','','',''),(3079,'Title','','',''),(3080,'Notice','','',''),(3081,'Category','','',''),(3082,'Class','','',''),(3083,'Title','','',''),(3084,'Notice','','',''),(3085,'Category','','',''),(3086,'Class','','',''),(3087,'Upload','','',''),(3088,'Upload','','',''),(3089,'Upload','','',''),(3090,'Upload','','',''),(3091,'Title','','',''),(3092,'Notice','','',''),(3093,'Category','','',''),(3094,'Class','','',''),(3095,'Title','','',''),(3096,'Notice','','',''),(3097,'Category','','',''),(3098,'Class','','',''),(3099,'Title','','',''),(3100,'Notice','','',''),(3101,'Category','','',''),(3102,'Class','','',''),(3103,'Title','','',''),(3104,'Notice','','',''),(3105,'Category','','',''),(3106,'Class','','',''),(3107,'Title','','',''),(3108,'Notice','','',''),(3109,'Category','','',''),(3110,'Class','','',''),(3111,'Title','','',''),(3112,'Notice','','',''),(3113,'Category','','',''),(3114,'Class','','',''),(3115,'date_and_time','','',''),(3116,'date_&_time','','',''),(3117,'Yes','','',''),(3118,'No','','',''),(3119,'Yes','','',''),(3120,'No','','',''),(3121,'Title','','',''),(3122,'Notice','','',''),(3123,'Category','','',''),(3124,'Class','','',''),(3125,'Title','','',''),(3126,'Notice','','',''),(3127,'Category','','',''),(3128,'Class','','',''),(3129,'Title','','',''),(3130,'Notice','','',''),(3131,'Category','','',''),(3132,'Class','','',''),(3133,'Title','','',''),(3134,'Notice','','',''),(3135,'Category','','',''),(3136,'Class','','',''),(3137,'Title','','',''),(3138,'Notice','','',''),(3139,'Category','','',''),(3140,'Class','','',''),(3141,'Title','','',''),(3142,'Notice','','',''),(3143,'Category','','',''),(3144,'Class','','',''),(3145,'Title','','',''),(3146,'Notice','','',''),(3147,'Category','','',''),(3148,'Class','','',''),(3149,'Title','','',''),(3150,'Notice','','',''),(3151,'Category','','',''),(3152,'Class','','',''),(3153,'Title','','',''),(3154,'Notice','','',''),(3155,'Category','','',''),(3156,'Class','','',''),(3157,'Title','','',''),(3158,'Notice','','',''),(3159,'Category','','',''),(3160,'Class','','',''),(3161,'send_to','','',''),(3162,'markbook','','',''),(3163,'from','','',''),(3164,'to','','',''),(3165,'Markbook','Markbook','',''),(3166,'Title','','',''),(3167,'Notice','','',''),(3168,'Category','','',''),(3169,'Class','','',''),(3170,'Title','','',''),(3171,'Notice','','',''),(3172,'Category','','',''),(3173,'Class','','',''),(3174,'semestar','','',''),(3175,'semester','','',''),(3176,'quarter','','',''),(3177,'assesment','','',''),(3178,'instrument','','',''),(3179,'subtopic','','',''),(3180,'Upload','','',''),(3181,'Upload','','',''),(3182,'Upload','','',''),(3183,'passing_grade','','',''),(3184,'Yes','','',''),(3185,'No','','',''),(3186,'Title','','',''),(3187,'Notice','','',''),(3188,'Category','','',''),(3189,'Class','','',''),(3190,'Title','','',''),(3191,'Notice','','',''),(3192,'Category','','',''),(3193,'Class','','',''),(3194,'manage_passing_grade','','',''),(3195,'Yes','','',''),(3196,'No','','',''),(3197,'Upload','','',''),(3198,'Yes','','',''),(3199,'No','','',''),(3200,'Yes','','',''),(3201,'No','','',''),(3202,'Title','','',''),(3203,'Notice','','',''),(3204,'Category','','',''),(3205,'Class','','',''),(3206,'Title','','',''),(3207,'Notice','','',''),(3208,'Category','','',''),(3209,'Class','','',''),(3210,'Topic','','',''),(3211,'Topic','','',''),(3212,'Topic','','',''),(3213,'Topic','','',''),(3214,'manage_topic','','',''),(3215,'add_new_topic','','',''),(3216,'Yes','','',''),(3217,'No','','',''),(3218,'name_topic','','',''),(3219,'Subject','','',''),(3220,'Subject','','',''),(3221,'Subject','','',''),(3222,'Subject','','',''),(3223,'Subject','','',''),(3224,'Subject','','',''),(3225,'Subject','','',''),(3226,'Subject','','',''),(3227,'Subject','','',''),(3228,'Subject','','',''),(3229,'Subject','','',''),(3230,'Subject','','',''),(3231,'Subject','','',''),(3232,'Subject','','',''),(3233,'Subject','','',''),(3234,'Subject','','',''),(3235,'Subject','','',''),(3236,'Subject','','',''),(3237,'Subject','','',''),(3238,'Subject','','',''),(3239,'Subject','','',''),(3240,'Subject','','',''),(3241,'Subject','','',''),(3242,'Subject','','',''),(3243,'Subject','','',''),(3244,'Subject','','',''),(3245,'Subject','','',''),(3246,'Subject','','',''),(3247,'Subject','','',''),(3248,'Subject','','',''),(3249,'Subject','','',''),(3250,'Subject','','',''),(3251,'Subject','','',''),(3252,'Subject','','',''),(3253,'Subject','','',''),(3254,'Subject','','',''),(3255,'Subject','','',''),(3256,'Subject','','',''),(3257,'Subject','','',''),(3258,'Subject','','',''),(3259,'Subject','','',''),(3260,'add','','',''),(3261,'Subject','','',''),(3262,'Subject','','',''),(3263,'Subject','','',''),(3264,'Subject','','',''),(3265,'Subject','','',''),(3266,'Subject','','',''),(3267,'Subject','','',''),(3268,'Subject','','',''),(3269,'Subject','','',''),(3270,'Subject','','',''),(3271,'Subject','','',''),(3272,'Subject','','',''),(3273,'Subject','','',''),(3274,'Subject','','',''),(3275,'Subject','','',''),(3276,'Subject','','',''),(3277,'Subject','','',''),(3278,'Subject','','',''),(3279,'Subject','','',''),(3280,'Subject','','',''),(3281,'Subject','','',''),(3282,'Subject','','',''),(3283,'Subject','','',''),(3284,'Subject','','',''),(3285,'Subject','','',''),(3286,'Subject','','',''),(3287,'Subject','','',''),(3288,'Subject','','',''),(3289,'Subject','','',''),(3290,'Subject','','',''),(3291,'Subject','','',''),(3292,'Subject','','',''),(3293,'Subject','','',''),(3294,'Subject','','',''),(3295,'Subject','','',''),(3296,'Subject','','',''),(3297,'Subject','','',''),(3298,'Subject','','',''),(3299,'Subject','','',''),(3300,'Subject','','',''),(3301,'edit_topic','','',''),(3302,'Subject','','',''),(3303,'Subject','','',''),(3304,'Subject','','',''),(3305,'Subject','','',''),(3306,'Subject','','',''),(3307,'Subject','','',''),(3308,'Subject','','',''),(3309,'Subject','','',''),(3310,'Subject','','',''),(3311,'manage_sub_topic','','',''),(3312,'sub_topic','','',''),(3313,'Subject','','',''),(3314,'Subject','','',''),(3315,'add_Sub_topic','','',''),(3316,'Subject','','',''),(3317,'Subject','','',''),(3318,'Subject','','',''),(3319,'Subject','','',''),(3320,'Subject','','',''),(3321,'Subject','','',''),(3322,'Subject','','',''),(3323,'Subject','','',''),(3324,'Subject','','',''),(3325,'Subject','','',''),(3326,'Subject','','',''),(3327,'Subject','','',''),(3328,'Subject','','',''),(3329,'Subject','','',''),(3330,'Subject','','',''),(3331,'Subject','','',''),(3332,'Subject','','',''),(3333,'Subject','','',''),(3334,'Subject','','',''),(3335,'Subject','','',''),(3336,'Subject','','',''),(3337,'Subject','','',''),(3338,'assigment_done','','',''),(3339,'assigment_done_detail','','',''),(3340,'Subject','','',''),(3341,'Subject','','',''),(3342,'Title','','',''),(3343,'Notice','','',''),(3344,'Category','','',''),(3345,'Class','','',''),(3346,'Title','','',''),(3347,'Notice','','',''),(3348,'Category','','',''),(3349,'Class','','',''),(3350,'Title','','',''),(3351,'Notice','','',''),(3352,'Category','','',''),(3353,'Class','','',''),(3354,'Title','','',''),(3355,'Notice','','',''),(3356,'Category','','',''),(3357,'Class','','',''),(3358,'Title','','',''),(3359,'Notice','','',''),(3360,'Category','','',''),(3361,'Class','','',''),(3362,'Title','','',''),(3363,'Notice','','',''),(3364,'Category','','',''),(3365,'Class','','',''),(3366,'Title','','',''),(3367,'Notice','','',''),(3368,'Category','','',''),(3369,'Class','','',''),(3370,'Title','','',''),(3371,'Notice','','',''),(3372,'Category','','',''),(3373,'Class','','',''),(3374,'Yes','','',''),(3375,'No','','',''),(3376,'Yes','','',''),(3377,'No','','',''),(3378,'Yes','','',''),(3379,'No','','',''),(3380,'Yes','','',''),(3381,'No','','',''),(3382,'Title','','',''),(3383,'Notice','','',''),(3384,'Category','','',''),(3385,'Class','','',''),(3386,'Title','','',''),(3387,'Notice','','',''),(3388,'Category','','',''),(3389,'Class','','',''),(3390,'Title','','',''),(3770,'Name','','',''),(3769,'Photo','','',''),(3768,'Date','','',''),(3767,'Class','','',''),(3766,'Name','','',''),(3765,'Photo','','',''),(3764,'Date','','',''),(3763,'Class','','',''),(3762,'Name','','',''),(3761,'Photo','','',''),(3760,'Date','','',''),(3759,'Class','','',''),(3758,'Name','','',''),(3757,'Photo','','',''),(3756,'Date','','',''),(3406,'assignment_done_detail','','',''),(3407,'assignment_done','','',''),(3460,'holiday_date','','',''),(3459,'holiday_description','','',''),(3458,'holiday_title','','',''),(3457,'add_holiday','','',''),(3456,'all_holiday','','',''),(3455,'No','','',''),(3454,'Yes','','',''),(3772,'Date','','',''),(3795,'Class','','',''),(3794,'Name','','',''),(3793,'Photo','','',''),(3792,'Date','','',''),(3791,'Class','','',''),(3790,'Name','','',''),(3771,'Class','','',''),(3789,'Photo','','',''),(3788,'Date','','',''),(3787,'Class','','',''),(3786,'Name','','',''),(3785,'Photo','','',''),(3437,'Subject','','',''),(3784,'Date','','',''),(3783,'Class','','',''),(3782,'Name','','',''),(3781,'Photo','','',''),(3780,'Date','','',''),(3779,'Class','','',''),(3778,'Name','','',''),(3777,'Photo','','',''),(3446,'Title','','',''),(3776,'Date','','',''),(3775,'Class','','',''),(3774,'Name','','',''),(3773,'Photo','','',''),(3451,'Notice','','',''),(3452,'Category','','',''),(3453,'Class','','',''),(3796,'Date','','',''),(3797,'Photo','','',''),(3798,'Name','','',''),(3799,'Class','','',''),(3800,'Date','','',''),(3801,'Photo','','',''),(3802,'Name','','',''),(3803,'Class','','',''),(3804,'Date','','',''),(3805,'Photo','','',''),(3806,'Name','','',''),(3807,'Class','','',''),(3808,'Date','','',''),(3809,'Photo','','',''),(3810,'Name','','',''),(3811,'Class','','',''),(3812,'Date','','',''),(3813,'Photo','','',''),(3814,'Name','','',''),(3815,'Class','','',''),(3816,'Date','','',''),(3817,'Photo','','',''),(3818,'Name','','',''),(3819,'Class','','',''),(3820,'Date','','',''),(3821,'Photo','','',''),(3822,'Name','','',''),(3823,'Class','','',''),(3824,'Date','','',''),(3825,'Photo','','',''),(3826,'Name','','',''),(3827,'Class','','',''),(3828,'Date','','',''),(3829,'Photo','','',''),(3830,'Name','','',''),(3831,'Class','','',''),(3832,'Date','','',''),(3833,'Photo','','',''),(3834,'Name','','',''),(3835,'Class','','',''),(3836,'Date','','',''),(3837,'Photo','','',''),(3838,'Name','','',''),(3839,'Class','','',''),(3840,'Date','','',''),(3841,'Photo','','',''),(3842,'Name','','',''),(3843,'Class','','',''),(3844,'Date','','',''),(3845,'Photo','','',''),(3846,'Name','','',''),(3847,'Class','','',''),(3848,'Date','','',''),(3849,'Photo','','',''),(3850,'Name','','',''),(3851,'Class','','',''),(3852,'Date','','',''),(3853,'Photo','','',''),(3854,'Name','','',''),(3855,'Class','','',''),(3856,'Date','','',''),(3857,'Photo','','',''),(3858,'Name','','',''),(3859,'Class','','',''),(3860,'Date','','',''),(3861,'Photo','','',''),(3862,'Name','','',''),(3863,'Class','','',''),(3864,'Date','','',''),(3865,'Photo','','',''),(3866,'Name','','',''),(3867,'Class','','',''),(3868,'Date','','',''),(3869,'Photo','','',''),(3870,'Name','','',''),(3871,'Class','','',''),(3872,'Date','','',''),(3873,'Photo','','',''),(3874,'Name','','',''),(3875,'Class','','',''),(3876,'Date','','',''),(3877,'Subject','','',''),(3878,'Subject','','',''),(3879,'Subject','','',''),(3880,'Subject','','',''),(3881,'Subject','','',''),(3882,'Subject','','',''),(3883,'Subject','','',''),(3884,'Subject','','',''),(3885,'Subject','','',''),(3886,'Subject','','',''),(3887,'Subject','','',''),(3888,'Subject','','',''),(3889,'Subject','','',''),(3890,'Subject','','',''),(3891,'Subject','','',''),(3892,'Subject','','',''),(3893,'instrumentss','','',''),(3894,'instruments','','',''),(3895,'markbook_daily','','',''),(3896,'markbook_list','','',''),(3897,'markbook_add','','',''),(3898,'Subject','','',''),(3899,'Subject','','',''),(3900,'Subject','','',''),(3901,'Subject','','',''),(3902,'Subject','','',''),(3903,'markbook_exam','','',''),(3904,'Subject','','',''),(3905,'markbook_final','','',''),(3906,'Subject','','',''),(3907,'mark','','',''),(3908,'chart','','',''),(3909,'markbook_chart','','',''),(3910,'Upload','','',''),(3911,'Yes','','',''),(3912,'No','','',''),(3913,'markbook_line','','',''),(3914,'Subject','','',''),(3915,'Subject','','',''),(3916,'Subject','','',''),(3917,'Subject','','',''),(3918,'Subject','','',''),(3919,'Subject','','',''),(3920,'Subject','','',''),(3921,'Subject','','',''),(3922,'Subject','','',''),(3923,'Subject','','',''),(3924,'Subject','','',''),(3925,'Yes','','',''),(3926,'No','','',''),(3927,'Yes','','',''),(3928,'No','','',''),(3929,'Subject','','',''),(3930,'Subject','','',''),(3931,'Upload','','',''),(3932,'Photo','','',''),(3933,'Name','','',''),(3934,'Class','','',''),(3935,'Date','','',''),(3936,'Upload','','',''),(3937,'Photo','','',''),(3938,'Name','','',''),(3939,'Class','','',''),(3940,'Date','','',''),(3941,'Photo','','',''),(3942,'Name','','',''),(3943,'Class','','',''),(3944,'Date','','',''),(3945,'Photo','','',''),(3946,'Name','','',''),(3947,'Class','','',''),(3948,'Date','','',''),(3949,'Photo','','',''),(3950,'Name','','',''),(3951,'Class','','',''),(3952,'Date','','',''),(3953,'Photo','','',''),(3954,'Name','','',''),(3955,'Class','','',''),(3956,'Date','','',''),(3957,'Photo','','',''),(3958,'Name','','',''),(3959,'Class','','',''),(3960,'Date','','',''),(3961,'Photo','','',''),(3962,'Name','','',''),(3963,'Class','','',''),(3964,'Date','','',''),(3965,'Photo','','',''),(3966,'Name','','',''),(3967,'Class','','',''),(3968,'Date','','',''),(3969,'Photo','','',''),(3970,'Name','','',''),(3971,'Class','','',''),(3972,'Date','','',''),(3973,'Photo','','',''),(3974,'Name','','',''),(3975,'Class','','',''),(3976,'Date','','',''),(3977,'Photo','','',''),(3978,'Name','','',''),(3979,'Class','','',''),(3980,'Date','','',''),(3981,'Photo','','',''),(3982,'Name','','',''),(3983,'Class','','',''),(3984,'Date','','',''),(3985,'Photo','','',''),(3986,'Name','','',''),(3987,'Class','','',''),(3988,'Date','','',''),(3989,'Photo','','',''),(3990,'Name','','',''),(3991,'Class','','',''),(3992,'Date','','',''),(3993,'Photo','','',''),(3994,'Name','','',''),(3995,'Class','','',''),(3996,'Date','','',''),(3997,'Photo','','',''),(3998,'Name','','',''),(3999,'Class','','',''),(4000,'Date','','',''),(4001,'Photo','','',''),(4002,'Name','','',''),(4003,'Class','','',''),(4004,'Date','','',''),(4005,'Photo','','',''),(4006,'Name','','',''),(4007,'Class','','',''),(4008,'Date','','',''),(4009,'Photo','','',''),(4010,'Name','','',''),(4011,'Class','','',''),(4012,'Date','','',''),(4013,'Photo','','',''),(4014,'Name','','',''),(4015,'Class','','',''),(4016,'Date','','',''),(4017,'Photo','','',''),(4018,'Name','','',''),(4019,'Class','','',''),(4020,'Date','','',''),(4021,'Photo','','',''),(4022,'Name','','',''),(4023,'Class','','',''),(4024,'Date','','',''),(4025,'Photo','','',''),(4026,'Name','','',''),(4027,'Class','','',''),(4028,'Date','','',''),(4029,'Photo','','',''),(4030,'Name','','',''),(4031,'Class','','',''),(4032,'Date','','',''),(4033,'Photo','','',''),(4034,'Name','','',''),(4035,'Class','','',''),(4036,'Date','','',''),(4037,'Upload','','',''),(4038,'Photo','','',''),(4039,'Name','','',''),(4040,'Class','','',''),(4041,'Date','','',''),(4042,'Photo','','',''),(4043,'Name','','',''),(4044,'Class','','',''),(4045,'Date','','',''),(4046,'Photo','','',''),(4047,'Name','','',''),(4048,'Class','','',''),(4049,'Date','','',''),(4050,'Photo','','',''),(4051,'Name','','',''),(4052,'Class','','',''),(4053,'Date','','',''),(4054,'Photo','','',''),(4055,'Name','','',''),(4056,'Class','','',''),(4057,'Date','','',''),(4058,'Photo','','',''),(4059,'Name','','',''),(4060,'Class','','',''),(4061,'Date','','',''),(4062,'Photo','','',''),(4063,'Name','','',''),(4064,'Class','','',''),(4065,'Date','','',''),(4066,'Photo','','',''),(4067,'Name','','',''),(4068,'Class','','',''),(4069,'Date','','',''),(4070,'Photo','','',''),(4071,'Name','','',''),(4072,'Class','','',''),(4073,'Date','','',''),(4074,'Photo','','',''),(4075,'Name','','',''),(4076,'Class','','',''),(4077,'Date','','',''),(4078,'Photo','','',''),(4079,'Name','','',''),(4080,'Class','','',''),(4081,'Date','','',''),(4082,'Photo','','',''),(4083,'Name','','',''),(4084,'Class','','',''),(4085,'Date','','',''),(4086,'Photo','','',''),(4087,'Name','','',''),(4088,'Class','','',''),(4089,'Date','','',''),(4090,'Photo','','',''),(4091,'Name','','',''),(4092,'Class','','',''),(4093,'Date','','',''),(4094,'Photo','','',''),(4095,'Name','','',''),(4096,'Class','','',''),(4097,'Date','','',''),(4098,'Photo','','',''),(4099,'Name','','',''),(4100,'Class','','',''),(4101,'Date','','',''),(4102,'Photo','','',''),(4103,'Name','','',''),(4104,'Class','','',''),(4105,'Date','','',''),(4106,'Photo','','',''),(4107,'Name','','',''),(4108,'Class','','',''),(4109,'Date','','',''),(4110,'Photo','','',''),(4111,'Name','','',''),(4112,'Class','','',''),(4113,'Date','','',''),(4114,'Upload','','',''),(4115,'Photo','','',''),(4116,'Name','','',''),(4117,'Class','','',''),(4118,'Date','','',''),(4119,'Upload','','',''),(4120,'Upload','','',''),(4121,'Upload','','',''),(4122,'Subject','','',''),(4123,'Subject','','',''),(4124,'Subject','','',''),(4125,'Subject','','',''),(4126,'Subject','','',''),(4127,'Subject','','',''),(4128,'Subject','','',''),(4129,'Subject','','',''),(4130,'Subject','','',''),(4131,'Subject','','',''),(4132,'Subject','','',''),(4133,'Subject','','',''),(4134,'Subject','','',''),(4135,'Subject','','',''),(4136,'Subject','','',''),(4137,'Subject','','',''),(4138,'Subject','','',''),(4139,'Name','','',''),(4140,'Name','','',''),(4141,'Subject','','',''),(4142,'Subject','','',''),(4143,'Subject','','',''),(4144,'Name','','',''),(4145,'Name','','',''),(4146,'Subject','','',''),(4147,'Name','','',''),(4148,'Name','','',''),(4149,'Subject','','',''),(4150,'Subject','','',''),(4151,'Name','','',''),(4152,'Name','','',''),(4153,'Subject','','',''),(4154,'Name','','',''),(4155,'Name','','',''),(4156,'Subject','','',''),(4157,'Name','','',''),(4158,'Name','','',''),(4159,'Subject','','',''),(4160,'Subject','','',''),(4161,'Subject','','',''),(4162,'number','','',''),(4163,'Name','','',''),(4164,'Subject','','',''),(4165,'Subject','','',''),(4166,'Subject','','',''),(4167,'Subject','','',''),(4168,'Subject','','',''),(4169,'Subject','','',''),(4170,'Subject','','',''),(4171,'Name','','',''),(4172,'Name','','',''),(4173,'Subject','','',''),(4174,'Subject','','',''),(4175,'Subject','','',''),(4176,'Subject','','',''),(4177,'Subject','','',''),(4178,'Subject','','',''),(4179,'Subject','','',''),(4180,'Subject','','',''),(4181,'Subject','','',''),(4182,'Subject','','',''),(4183,'Subject','','',''),(4184,'Subject','','',''),(4185,'Subject','','',''),(4186,'Subject','','',''),(4187,'Subject','','',''),(4188,'Subject','','',''),(4189,'Subject','','',''),(4190,'Subject','','',''),(4191,'Subject','','',''),(4192,'Subject','','',''),(4193,'Subject','','',''),(4194,'Subject','','',''),(4195,'Subject','','',''),(4196,'Subject','','',''),(4197,'Subject','','',''),(4198,'Subject','','',''),(4199,'Subject','','',''),(4200,'Subject','','',''),(4201,'Subject','','',''),(4202,'Subject','','',''),(4203,'Subject','','',''),(4204,'Subject','','',''),(4205,'Subject','','',''),(4206,'Subject','','',''),(4207,'Subject','','',''),(4208,'Subject','','',''),(4209,'Name','','',''),(4210,'Subject','','',''),(4211,'Name','','',''),(4212,'Subject','','',''),(4213,'Subject','','',''),(4214,'Name','','',''),(4215,'Subject','','',''),(4216,'Name','','',''),(4217,'Subject','','',''),(4218,'Name','','',''),(4219,'Subject','','',''),(4220,'Name','','',''),(4221,'Subject','','',''),(4222,'Name','','',''),(4223,'Subject','','',''),(4224,'Name','','',''),(4225,'Subject','','',''),(4226,'Subject','','',''),(4227,'Name','','',''),(4228,'Subject','','',''),(4229,'Name','','',''),(4230,'Subject','','',''),(4231,'Name','','',''),(4232,'Subject','','',''),(4233,'Name','','',''),(4234,'Subject','','',''),(4235,'Subject','','',''),(4236,'Subject','','',''),(4237,'Name','','',''),(4238,'Subject','','',''),(4239,'Name','','',''),(4240,'Subject','','',''),(4241,'Name','','',''),(4242,'Subject','','',''),(4243,'Name','','',''),(4244,'Subject','','',''),(4245,'Name','','',''),(4246,'Subject','','',''),(4247,'Subject','','',''),(4248,'Name','','',''),(4249,'Subject','','',''),(4250,'Subject','','',''),(4251,'Subject','','',''),(4252,'Subject','','',''),(4253,'Subject','','',''),(4254,'Subject','','',''),(4255,'Subject','','',''),(4256,'Subject','','',''),(4257,'Subject','','',''),(4258,'Subject','','',''),(4259,'Subject','','',''),(4260,'Subject','','',''),(4261,'Subject','','',''),(4262,'Subject','','',''),(4263,'Subject','','',''),(4264,'Subject','','',''),(4265,'Subject','','',''),(4266,'Subject','','',''),(4267,'Subject','','',''),(4268,'Subject','','',''),(4269,'Subject','','',''),(4270,'Subject','','',''),(4271,'Subject','','',''),(4272,'Subject','','',''),(4273,'Subject','','',''),(4274,'Subject','','',''),(4275,'Subject','','',''),(4276,'Subject','','',''),(4277,'Subject','','',''),(4278,'Subject','','',''),(4279,'Subject','','',''),(4280,'Subject','','',''),(4281,'Subject','','',''),(4282,'Subject','','',''),(4283,'Subject','','',''),(4284,'Subject','','',''),(4285,'Subject','','',''),(4286,'Subject','','',''),(4287,'Subject','','',''),(4288,'Name','','',''),(4289,'Subject','','',''),(4290,'Subject','','',''),(4291,'Subject','','',''),(4292,'Subject','','',''),(4293,'Name','','',''),(4294,'Subject','','',''),(4295,'Name','','',''),(4296,'Subject','','',''),(4297,'Subject','','',''),(4298,'Subject','','',''),(4299,'Subject','','',''),(4300,'Subject','','',''),(4301,'Subject','','',''),(4302,'Subject','','',''),(4303,'Subject','','',''),(4304,'Name','','',''),(4305,'Subject','','',''),(4306,'Subject','','',''),(4307,'Name','','',''),(4308,'Subject','','',''),(4309,'Name','','',''),(4310,'Topic','','',''),(4311,'Subject','','',''),(4312,'Name','','',''),(4313,'Topic','','',''),(4314,'Subject','','',''),(4315,'Name','','',''),(4316,'Topic','','',''),(4317,'Subject','','',''),(4318,'Name','','',''),(4319,'Topic','','',''),(4320,'Subject','','',''),(4321,'Name','','',''),(4322,'Topic','','',''),(4323,'Subject','','',''),(4324,'Name','','',''),(4325,'Topic','','',''),(4326,'Subject','','',''),(4327,'Name','','',''),(4328,'Topic','','',''),(4329,'Subject','','',''),(4330,'Name','','',''),(4331,'Topic','','',''),(4332,'Subject','','',''),(4333,'Name','','',''),(4334,'Topic','','',''),(4335,'Subject','','',''),(4336,'Subject','','',''),(4337,'Name','','',''),(4338,'Topic','','',''),(4339,'Subject','','',''),(4340,'Name','','',''),(4341,'Topic','','',''),(4342,'Subject','','',''),(4343,'Name','','',''),(4344,'Topic','','',''),(4345,'Subject','','',''),(4346,'Name','','',''),(4347,'Topic','','',''),(4348,'Subject','','',''),(4349,'Subject','','',''),(4350,'Subject','','',''),(4351,'Subject','','',''),(4352,'Subject','','',''),(4353,'Subject','','',''),(4354,'Subject','','',''),(4355,'Subject','','',''),(4356,'Subject','','',''),(4357,'Name','','',''),(4358,'Subject','','',''),(4359,'Subject','','',''),(4360,'Subject','','',''),(4361,'Subject','','',''),(4362,'Subject','','',''),(4363,'Subject','','',''),(4364,'Subject','','',''),(4365,'Subject','','',''),(4366,'Subject','','',''),(4367,'Subject','','',''),(4368,'Subject','','',''),(4369,'Subject','','',''),(4370,'Subject','','',''),(4371,'Subject','','',''),(4372,'Subject','','',''),(4373,'Subject','','',''),(4374,'Subject','','',''),(4375,'Subject','','',''),(4376,'Subject','','',''),(4377,'Subject','','',''),(4378,'Subject','','',''),(4379,'Subject','','',''),(4380,'Subject','','',''),(4381,'Subject','','',''),(4382,'Subject','','',''),(4383,'Subject','','',''),(4384,'Subject','','',''),(4385,'Subject','','',''),(4386,'Subject','','',''),(4387,'Subject','','',''),(4388,'Subject','','',''),(4389,'Subject','','',''),(4390,'Subject','','',''),(4391,'Subject','','',''),(4392,'Subject','','',''),(4393,'Subject','','',''),(4394,'Subject','','',''),(4395,'Subject','','',''),(4396,'Subject','','',''),(4397,'Subject','','',''),(4398,'Subject','','',''),(4399,'Subject','','',''),(4400,'Subject','','',''),(4401,'Subject','','',''),(4402,'Subject','','',''),(4403,'Subject','','',''),(4404,'Subject','','',''),(4405,'Subject','','',''),(4406,'Subject','','',''),(4407,'Subject','','',''),(4408,'Subject','','',''),(4409,'Subject','','',''),(4410,'Subject','','',''),(4411,'Subject','','',''),(4412,'Subject','','',''),(4413,'Subject','','',''),(4414,'Subject','','',''),(4415,'Subject','','',''),(4416,'Subject','','',''),(4417,'Name','','',''),(4418,'Subject','','',''),(4419,'Name','','',''),(4420,'Subject','','',''),(4421,'Name','','',''),(4422,'Subject','','',''),(4423,'Subject','','',''),(4424,'Subject','','',''),(4425,'Photo','','',''),(4426,'Name','','',''),(4427,'Class','','',''),(4428,'Date','','',''),(4429,'Photo','','',''),(4430,'Name','','',''),(4431,'Class','','',''),(4432,'Date','','',''),(4433,'Photo','','',''),(4434,'Name','','',''),(4435,'Class','','',''),(4436,'Date','','',''),(4437,'Photo','','',''),(4438,'Name','','',''),(4439,'Class','','',''),(4440,'Date','','',''),(4441,'Photo','','',''),(4442,'Name','','',''),(4443,'Class','','',''),(4444,'Date','','',''),(4445,'Photo','','',''),(4446,'Name','','',''),(4447,'Class','','',''),(4448,'Date','','',''),(4449,'Photo','','',''),(4450,'Name','','',''),(4451,'Class','','',''),(4452,'Date','','',''),(4453,'Photo','','',''),(4454,'Name','','',''),(4455,'Class','','',''),(4456,'Date','','',''),(4457,'Photo','','',''),(4458,'Name','','',''),(4459,'Class','','',''),(4460,'Date','','',''),(4461,'Subject','','',''),(4462,'Subject','','',''),(4463,'Subject','','',''),(4464,'Subject','','',''),(4465,'Subject','','',''),(4466,'Subject','','',''),(4467,'Subject','','',''),(4468,'Subject','','',''),(4469,'Subject','','',''),(4470,'Subject','','',''),(4471,'Subject','','',''),(4472,'Subject','','',''),(4473,'Subject','','',''),(4474,'Subject','','',''),(4475,'Subject','','',''),(4476,'Subject','','',''),(4477,'Subject','','',''),(4478,'Subject','','',''),(4479,'Subject','','',''),(4480,'Subject','','',''),(4481,'Subject','','',''),(4482,'Subject','','',''),(4483,'Subject','','',''),(4484,'Subject','','',''),(4485,'Subject','','',''),(4486,'Subject','','',''),(4487,'Subject','','',''),(4488,'Subject','','',''),(4489,'Subject','','',''),(4490,'Subject','','',''),(4491,'Subject','','',''),(4492,'Subject','','',''),(4493,'Subject','','',''),(4494,'Subject','','',''),(4495,'Subject','','',''),(4496,'Subject','','',''),(4497,'Subject','','',''),(4498,'Subject','','',''),(4499,'Subject','','',''),(4500,'Name','','',''),(4501,'Subject','','',''),(4502,'Name','','',''),(4503,'Subject','','',''),(4504,'Subject','','',''),(4505,'Subject','','',''),(4506,'Subject','','',''),(4507,'Subject','','',''),(4508,'Subject','','',''),(4509,'Subject','','',''),(4510,'Subject','','',''),(4511,'Subject','','',''),(4512,'Subject','','',''),(4513,'Subject','','',''),(4514,'Subject','','',''),(4515,'Subject','','',''),(4516,'Subject','','',''),(4517,'Subject','','',''),(4518,'Subject','','',''),(4519,'Subject','','',''),(4520,'Name','','',''),(4521,'Subject','','',''),(4522,'Name','','',''),(4523,'Subject','','',''),(4524,'Subject','','',''),(4525,'Name','','',''),(4526,'Subject','','',''),(4527,'Name','','',''),(4528,'Subject','','',''),(4529,'Name','','',''),(4530,'Subject','','',''),(4531,'Name','','',''),(4532,'Subject','','',''),(4533,'Name','','',''),(4534,'Subject','','',''),(4535,'Name','','',''),(4536,'Subject','','',''),(4537,'Name','','',''),(4538,'Subject','','',''),(4539,'Subject','','',''),(4540,'Subject','','',''),(4541,'Subject','','',''),(4542,'Subject','','',''),(4543,'Name','','',''),(4544,'Subject','','',''),(4545,'Name','','',''),(4546,'Subject','','',''),(4547,'Name','','',''),(4548,'Subject','','',''),(4549,'Name','','',''),(4550,'Subject','','',''),(4551,'Name','','',''),(4552,'Subject','','',''),(4553,'Name','','',''),(4554,'Subject','','',''),(4555,'Name','','',''),(4556,'Subject','','',''),(4557,'Name','','',''),(4558,'Subject','','',''),(4559,'Name','','',''),(4560,'Subject','','',''),(4561,'Name','','',''),(4562,'Subject','','',''),(4563,'Name','','',''),(4564,'Subject','','',''),(4565,'Name','','',''),(4566,'Subject','','',''),(4567,'Name','','',''),(4568,'Subject','','',''),(4569,'Name','','',''),(4570,'Subject','','',''),(4571,'Name','','',''),(4572,'Subject','','',''),(4573,'Name','','',''),(4574,'Subject','','',''),(4575,'Name','','',''),(4576,'Subject','','',''),(4577,'Name','','',''),(4578,'Subject','','',''),(4579,'Name','','',''),(4580,'Subject','','',''),(4581,'Name','','',''),(4582,'Subject','','',''),(4583,'Name','','',''),(4584,'Subject','','',''),(4585,'Name','','',''),(4586,'Subject','','',''),(4587,'Name','','',''),(4588,'Subject','','',''),(4589,'Name','','',''),(4590,'Subject','','',''),(4591,'Name','','',''),(4592,'Subject','','',''),(4593,'Name','','',''),(4594,'Subject','','',''),(4595,'Name','','',''),(4596,'Subject','','',''),(4597,'Name','','',''),(4598,'Subject','','',''),(4599,'Name','','',''),(4600,'Subject','','',''),(4601,'Name','','',''),(4602,'Subject','','',''),(4603,'Name','','',''),(4604,'Subject','','',''),(4605,'Name','','',''),(4606,'Subject','','',''),(4607,'Name','','',''),(4608,'Subject','','',''),(4609,'Name','','',''),(4610,'Subject','','',''),(4611,'Name','','',''),(4612,'Subject','','',''),(4613,'Name','','',''),(4614,'Subject','','',''),(4615,'Name','','',''),(4616,'Subject','','',''),(4617,'Name','','',''),(4618,'Subject','','',''),(4619,'Name','','',''),(4620,'Subject','','',''),(4621,'Name','','',''),(4622,'Subject','','',''),(4623,'Name','','',''),(4624,'Subject','','',''),(4625,'Name','','',''),(4626,'Subject','','',''),(4627,'Name','','',''),(4628,'Subject','','',''),(4629,'Name','','',''),(4630,'Subject','','',''),(4631,'Name','','',''),(4632,'Subject','','',''),(4633,'Name','','',''),(4634,'Subject','','',''),(4635,'Name','','',''),(4636,'Subject','','',''),(4637,'Name','','',''),(4638,'Subject','','',''),(4639,'Name','','',''),(4640,'Subject','','',''),(4641,'Name','','',''),(4642,'Subject','','',''),(4643,'Name','','',''),(4644,'Subject','','',''),(4645,'Name','','',''),(4646,'Subject','','',''),(4647,'Name','','',''),(4648,'Subject','','',''),(4649,'Subject','','',''),(4650,'Subject','','',''),(4651,'Name','','',''),(4652,'Subject','','',''),(4653,'Name','','',''),(4654,'Subject','','',''),(4655,'Subject','','',''),(4656,'Subject','','',''),(4657,'Subject','','',''),(4658,'Name','','',''),(4659,'Subject','','',''),(4660,'Name','','',''),(4661,'Subject','','',''),(4662,'Name','','',''),(4663,'Subject','','',''),(4664,'Name','','',''),(4665,'Subject','','',''),(4666,'Name','','',''),(4667,'Subject','','',''),(4668,'Name','','',''),(4669,'Subject','','',''),(4670,'Name','','',''),(4671,'Subject','','',''),(4672,'Name','','',''),(4673,'Subject','','',''),(4674,'Name','','',''),(4675,'Subject','','',''),(4676,'Name','','',''),(4677,'Subject','','',''),(4678,'Name','','',''),(4679,'Subject','','',''),(4680,'Name','','',''),(4681,'Subject','','',''),(4682,'Name','','',''),(4683,'Subject','','',''),(4684,'Name','','',''),(4685,'Subject','','',''),(4686,'Subject','','',''),(4687,'Subject','','',''),(4688,'Name','','',''),(4689,'Subject','','',''),(4690,'Name','','',''),(4691,'Subject','','',''),(4692,'Name','','',''),(4693,'Subject','','',''),(4694,'Name','','',''),(4695,'Subject','','',''),(4696,'Subject','','',''),(4697,'Subject','','',''),(4698,'Subject','','',''),(4699,'Name','','',''),(4700,'Subject','','',''),(4701,'Name','','',''),(4702,'Subject','','',''),(4703,'Name','','',''),(4704,'Subject','','',''),(4705,'Name','','',''),(4706,'Subject','','',''),(4707,'Name','','',''),(4708,'Subject','','',''),(4709,'Name','','',''),(4710,'Subject','','',''),(4711,'Subject','','',''),(4712,'Name','','',''),(4713,'Subject','','',''),(4714,'Name','','',''),(4715,'Subject','','',''),(4716,'Subject','','',''),(4717,'Name','','',''),(4718,'Subject','','',''),(4719,'Name','','',''),(4720,'Subject','','',''),(4721,'Subject','','',''),(4722,'Subject','','',''),(4723,'Subject','','',''),(4724,'Name','','',''),(4725,'Subject','','',''),(4726,'Name','','',''),(4727,'Subject','','',''),(4728,'Name','','',''),(4729,'Subject','','',''),(4730,'Name','','',''),(4731,'Subject','','',''),(4732,'Name','','',''),(4733,'Subject','','',''),(4734,'Name','','',''),(4735,'Subject','','',''),(4736,'Subject','','',''),(4737,'Subject','','',''),(4738,'Subject','','',''),(4739,'Subject','','',''),(4740,'Subject','','',''),(4741,'Subject','','',''),(4742,'Name','','',''),(4743,'Topic','','',''),(4744,'Subject','','',''),(4745,'Subject','','',''),(4746,'Subject','','',''),(4747,'Subject','','',''),(4748,'Subject','','',''),(4749,'Subject','','',''),(4750,'Name','','',''),(4751,'Subject','','',''),(4752,'Name','','',''),(4753,'Subject','','',''),(4754,'Name','','',''),(4755,'Subject','','',''),(4756,'Name','','',''),(4757,'Subject','','',''),(4758,'Name','','',''),(4759,'Subject','','',''),(4760,'Name','','',''),(4761,'Subject','','',''),(4762,'Subject','','',''),(4763,'Subject','','',''),(4764,'Subject','','',''),(4765,'Subject','','',''),(4766,'Name','','',''),(4767,'Subject','','',''),(4768,'Name','','',''),(4769,'Subject','','',''),(4770,'Name','','',''),(4771,'Subject','','',''),(4772,'Name','','',''),(4773,'Subject','','',''),(4774,'Subject','','',''),(4775,'Name','','',''),(4776,'Subject','','',''),(4777,'Subject','','',''),(4778,'Name','','',''),(4779,'Subject','','',''),(4780,'Subject','','',''),(4781,'Name','','',''),(4782,'Subject','','',''),(4783,'Subject','','',''),(4784,'Name','','',''),(4785,'Subject','','',''),(4786,'Subject','','',''),(4787,'Name','','',''),(4788,'Subject','','',''),(4789,'Subject','','',''),(4790,'Name','','',''),(4791,'Subject','','',''),(4792,'Subject','','',''),(4793,'Name','','',''),(4794,'Subject','','',''),(4795,'Subject','','',''),(4796,'Name','','',''),(4797,'Subject','','',''),(4798,'Subject','','',''),(4799,'Name','','',''),(4800,'Subject','','',''),(4801,'Subject','','',''),(4802,'Name','','',''),(4803,'Subject','','',''),(4804,'Subject','','',''),(4805,'Subject','','',''),(4806,'Subject','','',''),(4807,'Name','','',''),(4808,'Topic','','',''),(4809,'Subject','','',''),(4810,'Subject','','',''),(4811,'Subject','','',''),(4812,'Subject','','',''),(4813,'Subject','','',''),(4814,'Name','','',''),(4815,'Subject','','',''),(4816,'Name','','',''),(4817,'Subject','','',''),(4818,'Subject','','',''),(4819,'Subject','','',''),(4820,'Subject','','',''),(4821,'Name','','',''),(4822,'Subject','','',''),(4823,'Name','','',''),(4824,'Subject','','',''),(4825,'Subject','','',''),(4826,'Subject','','',''),(4827,'Subject','','',''),(4828,'Subject','','',''),(4829,'Subject','','',''),(4830,'Name','','',''),(4831,'Subject','','',''),(4832,'Name','','',''),(4833,'Subject','','',''),(4834,'Name','','',''),(4835,'Subject','','',''),(4836,'Name','','',''),(4837,'Subject','','',''),(4838,'Subject','','',''),(4839,'Subject','','',''),(4840,'Subject','','',''),(4841,'Name','','',''),(4842,'Subject','','',''),(4843,'Name','','',''),(4844,'Subject','','',''),(4845,'Name','','',''),(4846,'Subject','','',''),(4847,'Name','','',''),(4848,'Subject','','',''),(4849,'Subject','','',''),(4850,'Name','','',''),(4851,'Subject','','',''),(4852,'Name','','',''),(4853,'Subject','','',''),(4854,'Name','','',''),(4855,'Subject','','',''),(4856,'Subject','','',''),(4857,'Name','','',''),(4858,'Subject','','',''),(4859,'Name','','',''),(4860,'Subject','','',''),(4861,'Subject','','',''),(4862,'Name','','',''),(4863,'Subject','','',''),(4864,'Name','','',''),(4865,'Subject','','',''),(4866,'Name','','',''),(4867,'Subject','','',''),(4868,'Subject','','',''),(4869,'Name','','',''),(4870,'Subject','','',''),(4871,'Subject','','',''),(4872,'Subject','','',''),(4873,'Subject','','',''),(4874,'Name','','',''),(4875,'Subject','','',''),(4876,'Name','','',''),(4877,'Subject','','',''),(4878,'Name','','',''),(4879,'Subject','','',''),(4880,'Name','','',''),(4881,'Subject','','',''),(4882,'Name','','',''),(4883,'Subject','','',''),(4884,'Subject','','',''),(4885,'Name','','',''),(4886,'Subject','','',''),(4887,'Subject','','',''),(4888,'Name','','',''),(4889,'Subject','','',''),(4890,'Subject','','',''),(4891,'Name','','',''),(4892,'Subject','','',''),(4893,'Subject','','',''),(4894,'Name','','',''),(4895,'Subject','','',''),(4896,'Subject','','',''),(4897,'Subject','','',''),(4898,'Name','','',''),(4899,'Subject','','',''),(4900,'Subject','','',''),(4901,'Subject','','',''),(4902,'Subject','','',''),(4903,'Subject','','',''),(4904,'Subject','','',''),(4905,'Subject','','',''),(4906,'Subject','','',''),(4907,'Subject','','',''),(4908,'Subject','','',''),(4909,'Subject','','',''),(4910,'Subject','','',''),(4911,'Subject','','',''),(4912,'Subject','','',''),(4913,'Subject','','',''),(4914,'Subject','','',''),(4915,'Subject','','',''),(4916,'Subject','','',''),(4917,'Subject','','',''),(4918,'Subject','','',''),(4919,'Subject','','',''),(4920,'Subject','','',''),(4921,'Name','','',''),(4922,'Topic','','',''),(4923,'Subject','','',''),(4924,'Name','','',''),(4925,'Topic','','',''),(4926,'Subject','','',''),(4927,'Subject','','',''),(4928,'Subject','','',''),(4929,'Yes','','',''),(4930,'No','','',''),(4931,'Subject','','',''),(4932,'Subject','','',''),(4933,'Subject','','',''),(4934,'Name','','',''),(4935,'Subject','','',''),(4936,'Photo','','',''),(4937,'Name','','',''),(4938,'Class','','',''),(4939,'Date','','',''),(4940,'Photo','','',''),(4941,'Name','','',''),(4942,'Class','','',''),(4943,'Date','','',''),(4944,'Subject','','',''),(4945,'Subject','','',''),(4946,'Subject','','',''),(4947,'Subject','','',''),(4948,'Subject','','',''),(4949,'Subject','','',''),(4950,'Name','','',''),(4951,'Subject','','',''),(4952,'Subject','','',''),(4953,'Subject','','',''),(4954,'add_subject_teacher','','',''),(4955,'subject_teacher_list','','',''),(4956,'Subject','','',''),(4957,'kkm','KKM','',''),(4958,'Subject','','',''),(4959,'Photo','','',''),(4960,'Name','','',''),(4961,'Class','','',''),(4962,'Date','','',''),(4963,'Photo','','',''),(4964,'Name','','',''),(4965,'Class','','',''),(4966,'Date','','',''),(4967,'Subject','','',''),(4968,'Photo','','',''),(4969,'Name','','',''),(4970,'Class','','',''),(4971,'Date','','',''),(4972,'Subject','','',''),(4973,'Photo','','',''),(4974,'Name','','',''),(4975,'Class','','',''),(4976,'Date','','',''),(4977,'manage','','',''),(4978,'Title','','',''),(4979,'Notice','','',''),(4980,'Category','','',''),(4981,'Class','','',''),(4982,'Title','','',''),(4983,'Notice','','',''),(4984,'Category','','',''),(4985,'Class','','',''),(4986,'Subject','','',''),(4987,'Subject','','',''),(4988,'Subject','','',''),(4989,'Subject','','',''),(4990,'Subject','','',''),(4991,'Subject','','',''),(4992,'Subject','','',''),(4993,'Subject','','',''),(4994,'all_subject_main','','',''),(4995,'kode','','',''),(4996,'Subject','','',''),(4997,'Name','','',''),(4998,'Subject','','',''),(4999,'Subject','','',''),(5000,'Name','','',''),(5001,'Subject','','',''),(5002,'Subject','','',''),(5003,'Subject','','',''),(5004,'Subject','','',''),(5005,'Subject','','',''),(5006,'Subject','','',''),(5007,'Subject','','',''),(5008,'Subject','','',''),(5009,'Subject','','',''),(5010,'Subject','','',''),(5011,'Subject','','',''),(5012,'Subject','','',''),(5013,'Subject','','',''),(5014,'Photo','','',''),(5015,'Name','','',''),(5016,'Class','','',''),(5017,'Date','','',''),(5018,'Photo','','',''),(5019,'Name','','',''),(5020,'Class','','',''),(5021,'Date','','',''),(5022,'Photo','','',''),(5023,'Name','','',''),(5024,'Class','','',''),(5025,'Date','','',''),(5026,'Photo','','',''),(5027,'Name','','',''),(5028,'Class','','',''),(5029,'Date','','',''),(5030,'Photo','','',''),(5031,'Name','','',''),(5032,'Class','','',''),(5033,'Date','','',''),(5034,'Photo','','',''),(5035,'Name','','',''),(5036,'Class','','',''),(5037,'Date','','',''),(5038,'Photo','','',''),(5039,'Name','','',''),(5040,'Class','','',''),(5041,'Date','','',''),(5042,'Photo','','',''),(5043,'Name','','',''),(5044,'Class','','',''),(5045,'Date','','',''),(5046,'Subject','','',''),(5047,'markbook_export','','',''),(5048,'subject_teacher','','',''),(5049,'Subject','','',''),(5050,'Photo','','',''),(5051,'Name','','',''),(5052,'Class','','',''),(5053,'Date','','',''),(5054,'Photo','','',''),(5055,'Name','','',''),(5056,'Class','','',''),(5057,'Date','','',''),(5058,'Photo','','',''),(5059,'Name','','',''),(5060,'Class','','',''),(5061,'Date','','',''),(5062,'Photo','','',''),(5063,'Name','','',''),(5064,'Class','','',''),(5065,'Date','','',''),(5066,'Photo','','',''),(5067,'Name','','',''),(5068,'Class','','',''),(5069,'Date','','',''),(5070,'Photo','','',''),(5071,'Name','','',''),(5072,'Class','','',''),(5073,'Date','','',''),(5074,'Photo','','',''),(5075,'Name','','',''),(5076,'Class','','',''),(5077,'Date','','',''),(5078,'Photo','','',''),(5079,'Name','','',''),(5080,'Class','','',''),(5081,'Date','','',''),(5082,'Yes','','',''),(5083,'No','','',''),(5084,'Subject','','',''),(5085,'Subject','','',''),(5086,'Subject','','',''),(5087,'name_sub_topic','','',''),(5088,'Subject','','',''),(5089,'Yes','','',''),(5090,'No','','',''),(5091,'Yes','','',''),(5092,'No','','',''),(5093,'Subject','','',''),(5094,'Subject','','',''),(5095,'Subject','','',''),(5096,'Photo','','',''),(5097,'Name','','',''),(5098,'Class','','',''),(5099,'Date','','',''),(5100,'Photo','','',''),(5101,'Name','','',''),(5102,'Class','','',''),(5103,'Date','','',''),(5104,'Photo','','',''),(5105,'Name','','',''),(5106,'Class','','',''),(5107,'Date','','',''),(5108,'Photo','','',''),(5109,'Name','','',''),(5110,'Class','','',''),(5111,'Date','','',''),(5112,'Photo','','',''),(5113,'Name','','',''),(5114,'Class','','',''),(5115,'Date','','',''),(5116,'Photo','','',''),(5117,'Name','','',''),(5118,'Class','','',''),(5119,'Date','','',''),(5120,'Photo','','',''),(5121,'Name','','',''),(5122,'Class','','',''),(5123,'Date','','',''),(5124,'Photo','','',''),(5125,'Name','','',''),(5126,'Class','','',''),(5127,'Date','','',''),(5128,'Photo','','',''),(5129,'Name','','',''),(5130,'Class','','',''),(5131,'Date','','',''),(5132,'Photo','','',''),(5133,'Name','','',''),(5134,'Class','','',''),(5135,'Date','','',''),(5136,'Photo','','',''),(5137,'Name','','',''),(5138,'Class','','',''),(5139,'Date','','',''),(5140,'Photo','','',''),(5141,'Name','','',''),(5142,'Class','','',''),(5143,'Date','','',''),(5144,'Photo','','',''),(5145,'Name','','',''),(5146,'Class','','',''),(5147,'Date','','',''),(5148,'Photo','','',''),(5149,'Name','','',''),(5150,'Class','','',''),(5151,'Date','','',''),(5152,'Subject','','',''),(5153,'Photo','','',''),(5154,'Name','','',''),(5155,'Class','','',''),(5156,'Date','','',''),(5157,'Photo','','',''),(5158,'Name','','',''),(5159,'Class','','',''),(5160,'Date','','',''),(5161,'Photo','','',''),(5162,'Name','','',''),(5163,'Class','','',''),(5164,'Date','','',''),(5165,'Subject','','',''),(5166,'Subject','','',''),(5167,'Subject','','',''),(5168,'Subject','','',''),(5169,'Subject','','',''),(5170,'Subject','','',''),(5171,'Photo','','',''),(5172,'Name','','',''),(5173,'Class','','',''),(5174,'Date','','',''),(5175,'Photo','','',''),(5176,'Name','','',''),(5177,'Class','','',''),(5178,'Date','','',''),(5179,'Yes','','',''),(5180,'No','','',''),(5181,'Subject','','',''),(5182,'home','','',''),(5183,'social_media','','',''),(5184,'log_out','','',''),(5185,'Photo','','',''),(5186,'Name','','',''),(5187,'Class','','',''),(5188,'Date','','',''),(5189,'Photo','','',''),(5190,'Name','','',''),(5191,'Class','','',''),(5192,'Date','','',''),(5193,'Photo','','',''),(5194,'Name','','',''),(5195,'Class','','',''),(5196,'Date','','',''),(5197,'Photo','','',''),(5198,'Name','','',''),(5199,'Class','','',''),(5200,'Date','','',''),(5201,'Photo','','',''),(5202,'Name','','',''),(5203,'Class','','',''),(5204,'Date','','',''),(5205,'Subject','','',''),(5206,'Subject','','',''),(5207,'Name','','',''),(5208,'Topic','','',''),(5209,'Subject','','',''),(5210,'Subject','','',''),(5211,'Subject','','',''),(5212,'Subject','','',''),(5213,'Subject','','',''),(5214,'Subject','','',''),(5215,'Subject','','',''),(5216,'Subject','','',''),(5217,'Subject','','',''),(5218,'Photo','','',''),(5219,'Name','','',''),(5220,'Class','','',''),(5221,'Date','','',''),(5222,'Photo','','',''),(5223,'Name','','',''),(5224,'Class','','',''),(5225,'Date','','',''),(5226,'Subject','','',''),(5227,'Subject','','',''),(5228,'Subject','','',''),(5229,'reports','','',''),(5230,'calendar','','',''),(5231,'my_marks','','',''),(5232,'assessments','','',''),(5233,'book_shelf','','',''),(5234,'to_do_list','','',''),(5235,'Subject','','',''),(5236,'Subject','','',''),(5237,'Subject','','',''),(5238,'kkm_list','','',''),(5239,'Subject','','',''),(5240,'list','','',''),(5241,'Subject','','',''),(5242,'Subject','','',''),(5243,'Subject','','',''),(5244,'Subject','','',''),(5245,'Subject','','',''),(5246,'Subject','','',''),(5247,'Subject','','',''),(5248,'Subject','','',''),(5249,'Subject','','',''),(5250,'Photo','','',''),(5251,'Name','','',''),(5252,'Class','','',''),(5253,'Date','','',''),(5254,'Subject','','',''),(5255,'Subject','','',''),(5256,'Subject','','',''),(5257,'Subject','','',''),(5258,'Subject','','',''),(5259,'Subject','','',''),(5260,'Subject','','',''),(5261,'Subject','','',''),(5262,'Subject','','',''),(5263,'Subject','','',''),(5264,'Subject','','',''),(5265,'Subject','','',''),(5266,'Subject','','',''),(5267,'Subject','','',''),(5268,'Subject','','',''),(5269,'Subject','','',''),(5270,'Subject','','',''),(5271,'Subject','','',''),(5272,'Subject','','',''),(5273,'Subject','','',''),(5274,'Subject','','',''),(5275,'Subject','','',''),(5276,'Subject','','',''),(5277,'Name','','',''),(5278,'Subject','','',''),(5279,'Name','','',''),(5280,'Subject','','',''),(5281,'whats_coming','','',''),(5282,'what&#39;s_coming','','',''),(5283,'close','','',''),(5284,'Yes','','',''),(5285,'No','','',''),(5286,'Yes','','',''),(5287,'No','','',''),(5288,'Yes','','',''),(5289,'No','','',''),(5290,'Yes','','',''),(5291,'No','','',''),(5292,'my_library','','',''),(5293,'Yes','','',''),(5294,'No','','',''),(5295,'Subject','','',''),(5296,'Subject','','',''),(5297,'Yes','','',''),(5298,'No','','',''),(5299,'publish','','',''),(5300,'Subject','','',''),(5301,'Subject','','',''),(5302,'Subject','','',''),(5303,'Title','','',''),(5304,'Notice','','',''),(5305,'Category','','',''),(5306,'Class','','',''),(5307,'Title','','',''),(5308,'Notice','','',''),(5309,'Category','','',''),(5310,'Class','','',''),(5311,'Subject','','',''),(5312,'Subject','','',''),(5313,'Subject','','',''),(5314,'Subject','','',''),(5315,'Subject','','',''),(5316,'Photo','','',''),(5317,'Name','','',''),(5318,'Class','','',''),(5319,'Date','','',''),(5320,'Photo','','',''),(5321,'Name','','',''),(5322,'Class','','',''),(5323,'Date','','',''),(5324,'Photo','','',''),(5325,'Name','','',''),(5326,'Class','','',''),(5327,'Date','','',''),(5328,'Subject','','',''),(5329,'Subject','','',''),(5330,'Subject','','',''),(5331,'Subject','','',''),(5332,'Subject','','',''),(5333,'Subject','','',''),(5334,'stay_at_class','','',''),(5335,'Subject','','',''),(5336,'Name','','',''),(5337,'Subject','','',''),(5338,'Name','','',''),(5339,'Subject','','',''),(5340,'Name','','',''),(5341,'Subject','','',''),(5342,'Name','','',''),(5343,'Topic','','',''),(5344,'Subject','','',''),(5345,'Name','','',''),(5346,'Topic','','',''),(5347,'Subject','','',''),(5348,'Name','','',''),(5349,'Topic','','',''),(5350,'add_new','','',''),(5351,'add_to_do_list','','',''),(5352,'edit_to_do_list','','',''),(5353,'view','','',''),(5354,'edit_passing_grade','','',''),(5355,'Photo','','',''),(5356,'Name','','',''),(5357,'Class','','',''),(5358,'Date','','',''),(5359,'Photo','','',''),(5360,'Name','','',''),(5361,'Class','','',''),(5362,'Date','','',''),(5363,'Photo','','',''),(5364,'Name','','',''),(5365,'Class','','',''),(5366,'Date','','',''),(5367,'Photo','','',''),(5368,'Name','','',''),(5369,'Class','','',''),(5370,'Date','','',''),(5371,'Photo','','',''),(5372,'Name','','',''),(5373,'Class','','',''),(5374,'Date','','',''),(5375,'upcoming_event_today','','',''),(5376,'upcoming_event_tomorrow','','',''),(5377,'Subject','','',''),(5378,'Name','','',''),(5379,'Topic','','',''),(5380,'Subject','','',''),(5381,'Title','','',''),(5382,'Notice','','',''),(5383,'Category','','',''),(5384,'Class','','',''),(5385,'Title','','',''),(5386,'Notice','','',''),(5387,'Category','','',''),(5388,'Class','','',''),(5389,'Upload','','',''),(5390,'Yes','','',''),(5391,'No','','',''),(5392,'Subject','','',''),(5393,'Yes','','',''),(5394,'No','','',''),(5395,'Subject','','',''),(5396,'Subject','','',''),(5397,'Subject','','',''),(5398,'Yes','','',''),(5399,'No','','',''),(5400,'Yes','','',''),(5401,'No','','',''),(5402,'Yes','','',''),(5403,'No','','',''),(5404,'Upload','','',''),(5405,'Yes','','',''),(5406,'No','','',''),(5407,'Topic','','',''),(5408,'Topic','','',''),(5409,'Subject','','',''),(5410,'Subject','','',''),(5411,'Upload','','',''),(5412,'Upload','','',''),(5413,'waiting','','',''),(5414,'Yes','','',''),(5415,'No','','',''),(5416,'Subject','','',''),(5417,'Yes','','',''),(5418,'No','','',''),(5419,'assessments_category','','',''),(5420,'assessments_list','','',''),(5421,'manage_assessments_category','','',''),(5422,'add_assessments_category','','',''),(5423,'assessments_category_name','','',''),(5424,'edit_assessments_category','','',''),(5425,'manage_assessments','','',''),(5426,'add_assessments','','',''),(5427,'assessments_name','','',''),(5428,'edit_assessments','','',''),(5429,'Yes','','',''),(5430,'No','','',''),(5431,'Yes','','',''),(5432,'No','','',''),(5433,'Title','','',''),(5434,'Notice','','',''),(5435,'Category','','',''),(5436,'Class','','',''),(5437,'Title','','',''),(5438,'Notice','','',''),(5439,'Category','','',''),(5440,'Class','','',''),(5441,'Yes','','',''),(5442,'No','','',''),(5443,'Yes','','',''),(5444,'No','','',''),(5445,'Yes','','',''),(5446,'No','','',''),(5447,'waiting','','',''),(5448,'Upload','','',''),(5449,'Subject','','',''),(5450,'Subject','','',''),(5451,'Subject','','',''),(5452,'Subject','','',''),(5453,'Subject','','',''),(5454,'Name','','',''),(5455,'Subject','','',''),(5456,'Yes','','',''),(5457,'No','','',''),(5458,'Yes','','',''),(5459,'No','','',''),(5460,'active','','',''),(5461,'Yes','','',''),(5462,'No','','',''),(5463,'Yes','','',''),(5464,'No','','',''),(5465,'Yes','','',''),(5466,'No','','',''),(5467,'Yes','','',''),(5468,'No','','',''),(5469,'Yes','','',''),(5470,'No','','',''),(5471,'Yes','','',''),(5472,'No','','',''),(5473,'Yes','','',''),(5474,'No','','',''),(5475,'Yes','','',''),(5476,'No','','',''),(5477,'Yes','','',''),(5478,'No','','',''),(5479,'Subject','','',''),(5480,'Subject','','',''),(5481,'Upload','','',''),(5482,'Upload','','',''),(5483,'Upload','','',''),(5484,'Upload','','',''),(5485,'Upload','','',''),(5486,'Upload','','',''),(5487,'Upload','','',''),(5488,'Upload','','',''),(5489,'Upload','','',''),(5490,'Upload','','',''),(5491,'Upload','','',''),(5492,'Upload','','',''),(5493,'Upload','','',''),(5494,'Upload','','',''),(5495,'Upload','','',''),(5496,'Upload','','',''),(5497,'Upload','','',''),(5498,'Upload','','',''),(5499,'Upload','','',''),(5500,'Upload','','',''),(5501,'year','','',''),(5502,'Yes','','',''),(5503,'No','','',''),(5504,'Subject','','',''),(5505,'Subject','','',''),(5506,'Yes','','',''),(5507,'No','','',''),(5508,'Yes','','',''),(5509,'No','','',''),(5510,'Title','','',''),(5511,'Notice','','',''),(5512,'Category','','',''),(5513,'Class','','',''),(5514,'Title','','',''),(5515,'Notice','','',''),(5516,'Category','','',''),(5517,'Class','','',''),(5518,'Subject','','',''),(5519,'Subject','','',''),(5520,'Subject','','',''),(5521,'Title','','',''),(5522,'Notice','','',''),(5523,'Category','','',''),(5524,'Class','','',''),(5525,'Title','','',''),(5526,'Notice','','',''),(5527,'Category','','',''),(5528,'Class','','',''),(5529,'Upload','','',''),(5530,'promote_selected_students','','',''),(5531,'Title','','',''),(5532,'Notice','','',''),(5533,'Category','','',''),(5534,'Class','','',''),(5535,'Title','','',''),(5536,'Notice','','',''),(5537,'Category','','',''),(5538,'Class','','',''),(5539,'Title','','',''),(5540,'Notice','','',''),(5541,'Category','','',''),(5542,'Class','','',''),(5543,'Title','','',''),(5544,'Notice','','',''),(5545,'Category','','',''),(5546,'Class','','',''),(5547,'Subject','','',''),(5548,'Subject','','',''),(5549,'Subject','','',''),(5550,'Subject','','',''),(5551,'Subject','','',''),(5552,'Subject','','',''),(5553,'Subject','','',''),(5554,'Subject','','',''),(5555,'Subject','','',''),(5556,'Subject','','',''),(5557,'Subject','','',''),(5558,'Subject','','',''),(5559,'Subject','','',''),(5560,'Subject','','',''),(5561,'Subject','','',''),(5562,'Subject','','',''),(5563,'Subject','','',''),(5564,'Subject','','',''),(5565,'Subject','','',''),(5566,'Subject','','',''),(5567,'Subject','','',''),(5568,'Subject','','',''),(5569,'Subject','','',''),(5570,'Subject','','',''),(5571,'Subject','','',''),(5572,'Subject','','',''),(5573,'Subject','','',''),(5574,'Subject','','',''),(5575,'Subject','','',''),(5576,'Subject','','',''),(5577,'Name','','',''),(5578,'Yes','','',''),(5579,'No','','',''),(5580,'Yes','','',''),(5581,'No','','',''),(5582,'Upload','','',''),(5583,'Subject','','',''),(5584,'Yes','','',''),(5585,'No','','',''),(5586,'Yes','','',''),(5587,'No','','',''),(5588,'Yes','','',''),(5589,'No','','',''),(5590,'Yes','','',''),(5591,'No','','',''),(5592,'Yes','','',''),(5593,'No','','',''),(5594,'Subject','','',''),(5595,'Subject','','',''),(5596,'Subject','','',''),(5597,'Subject','','',''),(5598,'Subject','','',''),(5599,'Subject','','',''),(5600,'Subject','','',''),(5601,'Subject','','',''),(5602,'Subject','','',''),(5603,'Subject','','',''),(5604,'Subject','','',''),(5605,'Subject','','',''),(5606,'Subject','','',''),(5607,'Subject','','',''),(5608,'Subject','','',''),(5609,'Subject','','',''),(5610,'Subject','','',''),(5611,'Subject','','',''),(5612,'Subject','','',''),(5613,'Subject','','',''),(5614,'Subject','','',''),(5615,'Subject','','',''),(5616,'Subject','','',''),(5617,'Subject','','',''),(5618,'Subject','','',''),(5619,'Subject','','',''),(5620,'Subject','','',''),(5621,'Subject','','',''),(5622,'Subject','','',''),(5623,'Subject','','',''),(5624,'Subject','','',''),(5625,'Title','','',''),(5626,'Notice','','',''),(5627,'Category','','',''),(5628,'Class','','',''),(5629,'Title','','',''),(5630,'Notice','','',''),(5631,'Category','','',''),(5632,'Class','','',''),(5633,'Title','','',''),(5634,'Notice','','',''),(5635,'Category','','',''),(5636,'Class','','',''),(5637,'Title','','',''),(5638,'Notice','','',''),(5639,'Category','','',''),(5640,'Class','','',''),(5641,'Subject','','',''),(5642,'Subject','','',''),(5643,'Subject','','',''),(5644,'Subject','','',''),(5645,'Subject','','',''),(5646,'Subject','','',''),(5647,'Subject','','',''),(5648,'Subject','','',''),(5649,'Subject','','',''),(5650,'Subject','','',''),(5651,'Subject','','',''),(5652,'Subject','','',''),(5653,'Subject','','',''),(5654,'Subject','','',''),(5655,'Subject','','',''),(5656,'date_/_time','','',''),(5657,'Subject','','',''),(5658,'Subject','','',''),(5659,'Name','','',''),(5660,'Subject','','',''),(5661,'Subject','','',''),(5662,'Subject','','',''),(5663,'Subject','','',''),(5664,'Name','','',''),(5665,'Subject','','',''),(5666,'Subject','','',''),(5667,'Subject','','',''),(5668,'Subject','','',''),(5669,'Subject','','',''),(5670,'Subject','','',''),(5671,'Subject','','',''),(5672,'Subject','','',''),(5673,'Subject','','',''),(5674,'Name','','',''),(5675,'Topic','','',''),(5676,'Subject','','',''),(5677,'Subject','','',''),(5678,'Subject','','',''),(5679,'Title','','',''),(5680,'Notice','','',''),(5681,'Category','','',''),(5682,'Class','','',''),(5683,'Title','','',''),(5684,'Notice','','',''),(5685,'Category','','',''),(5686,'Class','','',''),(5687,'Subject','','',''),(5688,'Subject','','',''),(5689,'Subject','','',''),(5690,'Subject','','',''),(5691,'Subject','','',''),(5692,'Subject','','',''),(5693,'Name','','',''),(5694,'Title','','',''),(5695,'Notice','','',''),(5696,'Category','','',''),(5697,'Class','','',''),(5698,'Title','','',''),(5699,'Notice','','',''),(5700,'Category','','',''),(5701,'Class','','',''),(5702,'Subject','','',''),(5703,'Subject','','',''),(5704,'Yes','','',''),(5705,'No','','',''),(5706,'Yes','','',''),(5707,'No','','',''),(5708,'Yes','','',''),(5709,'No','','',''),(5710,'Yes','','',''),(5711,'No','','',''),(5712,'Yes','','',''),(5713,'No','','',''),(5714,'Yes','','',''),(5715,'No','','',''),(5716,'Yes','','',''),(5717,'No','','',''),(5718,'Yes','','',''),(5719,'No','','',''),(5720,'Yes','','',''),(5721,'No','','',''),(5722,'Yes','','',''),(5723,'No','','',''),(5724,'Yes','','',''),(5725,'No','','',''),(5726,'Yes','','',''),(5727,'No','','',''),(5728,'Yes','','',''),(5729,'No','','',''),(5730,'Subject','','',''),(5731,'Yes','','',''),(5732,'No','','',''),(5733,'Subject','','',''),(5734,'Subject','','',''),(5735,'Subject','','',''),(5736,'Subject','','',''),(5737,'Subject','','',''),(5738,'Subject','','',''),(5739,'Subject','','',''),(5740,'Subject','','',''),(5741,'Subject','','',''),(5742,'Subject','','',''),(5743,'Subject','','',''),(5744,'Subject','','',''),(5745,'Name','','',''),(5746,'Topic','','',''),(5747,'Subject','','',''),(5748,'Name','','',''),(5749,'Topic','','',''),(5750,'Subject','','',''),(5751,'Subject','','',''),(5752,'Name','','',''),(5753,'Topic','','',''),(5754,'Subject','','',''),(5755,'Subject','','',''),(5756,'Name','','',''),(5757,'Topic','','',''),(5758,'Subject','','',''),(5759,'Name','','',''),(5760,'Topic','','',''),(5761,'Subject','','',''),(5762,'Name','','',''),(5763,'Topic','','',''),(5764,'Subject','','',''),(5765,'Name','','',''),(5766,'Topic','','',''),(5767,'Subject','','',''),(5768,'Subject','','',''),(5769,'Subject','','',''),(5770,'Subject','','',''),(5771,'Subject','','',''),(5772,'Subject','','',''),(5773,'Subject','','',''),(5774,'Subject','','',''),(5775,'Subject','','',''),(5776,'Subject','','',''),(5777,'Subject','','',''),(5778,'Subject','','',''),(5779,'Subject','','',''),(5780,'Subject','','',''),(5781,'Subject','','',''),(5782,'Subject','','',''),(5783,'Subject','','',''),(5784,'Subject','','',''),(5785,'Subject','','',''),(5786,'Subject','','',''),(5787,'Subject','','',''),(5788,'Subject','','',''),(5789,'Subject','','',''),(5790,'Subject','','',''),(5791,'Subject','','',''),(5792,'Subject','','',''),(5793,'Subject','','',''),(5794,'Subject','','',''),(5795,'Subject','','',''),(5796,'Subject','','',''),(5797,'Subject','','',''),(5798,'Subject','','',''),(5799,'Subject','','',''),(5800,'Subject','','',''),(5801,'Subject','','',''),(5802,'Subject','','',''),(5803,'Subject','','',''),(5804,'Subject','','',''),(5805,'Subject','','',''),(5806,'Subject','','',''),(5807,'Subject','','',''),(5808,'Subject','','',''),(5809,'Subject','','',''),(5810,'Subject','','',''),(5811,'Subject','','',''),(5812,'Subject','','',''),(5813,'Subject','','',''),(5814,'Subject','','',''),(5815,'Subject','','',''),(5816,'Subject','','',''),(5817,'Subject','','',''),(5818,'Subject','','',''),(5819,'Subject','','',''),(5820,'Subject','','',''),(5821,'Subject','','',''),(5822,'Subject','','',''),(5823,'Subject','','',''),(5824,'Subject','','',''),(5825,'Subject','','',''),(5826,'Subject','','',''),(5827,'Subject','','',''),(5828,'Subject','','',''),(5829,'Subject','','',''),(5830,'Subject','','',''),(5831,'Subject','','',''),(5832,'Subject','','',''),(5833,'Subject','','',''),(5834,'Subject','','',''),(5835,'Subject','','',''),(5836,'Subject','','',''),(5837,'Subject','','',''),(5838,'Subject','','',''),(5839,'Subject','','',''),(5840,'Subject','','',''),(5841,'Subject','','',''),(5842,'Subject','','',''),(5843,'Subject','','',''),(5844,'Subject','','',''),(5845,'Subject','','',''),(5846,'Subject','','',''),(5847,'Subject','','',''),(5848,'Subject','','',''),(5849,'Subject','','',''),(5850,'Name','','',''),(5851,'Subject','','',''),(5852,'Subject','','',''),(5853,'Subject','','',''),(5854,'Subject','','',''),(5855,'Subject','','',''),(5856,'Subject','','',''),(5857,'Subject','','',''),(5858,'Subject','','',''),(5859,'Subject','','',''),(5860,'Subject','','',''),(5861,'Subject','','',''),(5862,'Subject','','',''),(5863,'Name','','',''),(5864,'Topic','','',''),(5865,'Subject','','',''),(5866,'Name','','',''),(5867,'Topic','','',''),(5868,'Subject','','',''),(5869,'Subject','','',''),(5870,'Subject','','',''),(5871,'Subject','','',''),(5872,'Subject','','',''),(5873,'Subject','','',''),(5874,'Subject','','',''),(5875,'Subject','','',''),(5876,'Subject','','',''),(5877,'Subject','','',''),(5878,'Subject','','',''),(5879,'Subject','','',''),(5880,'Subject','','',''),(5881,'Subject','','',''),(5882,'Subject','','',''),(5883,'Subject','','',''),(5884,'Subject','','',''),(5885,'Subject','','',''),(5886,'Subject','','',''),(5887,'Subject','','',''),(5888,'Subject','','',''),(5889,'Subject','','',''),(5890,'Subject','','',''),(5891,'Subject','','',''),(5892,'Subject','','',''),(5893,'Subject','','',''),(5894,'Subject','','',''),(5895,'Subject','','',''),(5896,'Subject','','',''),(5897,'Subject','','',''),(5898,'Subject','','',''),(5899,'Subject','','',''),(5900,'Subject','','',''),(5901,'Subject','','',''),(5902,'Subject','','',''),(5903,'Subject','','',''),(5904,'Subject','','',''),(5905,'Subject','','',''),(5906,'Subject','','',''),(5907,'Name','','',''),(5908,'Topic','','',''),(5909,'Subject','','',''),(5910,'Subject','','',''),(5911,'Subject','','',''),(5912,'Subject','','',''),(5913,'Name','','',''),(5914,'Topic','','',''),(5915,'Subject','','',''),(5916,'Subject','','',''),(5917,'Subject','','',''),(5918,'Subject','','',''),(5919,'Name','','',''),(5920,'Topic','','',''),(5921,'Subject','','',''),(5922,'Name','','',''),(5923,'Topic','','',''),(5924,'Subject','','',''),(5925,'Subject','','',''),(5926,'Subject','','',''),(5927,'Subject','','',''),(5928,'Name','','',''),(5929,'Topic','','',''),(5930,'Subject','','',''),(5931,'Name','','',''),(5932,'Topic','','',''),(5933,'Subject','','',''),(5934,'Subject','','',''),(5935,'Subject','','',''),(5936,'Subject','','',''),(5937,'Subject','','',''),(5938,'Subject','','',''),(5939,'Subject','','',''),(5940,'Subject','','',''),(5941,'Subject','','',''),(5942,'Subject','','',''),(5943,'Subject','','',''),(5944,'Name','','',''),(5945,'Subject','','',''),(5946,'Subject','','',''),(5947,'Subject','','',''),(5948,'Subject','','',''),(5949,'Subject','','',''),(5950,'Subject','','',''),(5951,'Subject','','',''),(5952,'Subject','','',''),(5953,'Subject','','',''),(5954,'Subject','','',''),(5955,'Subject','','',''),(5956,'Subject','','',''),(5957,'Subject','','',''),(5958,'Subject','','',''),(5959,'Subject','','',''),(5960,'Subject','','',''),(5961,'Subject','','',''),(5962,'Subject','','',''),(5963,'Subject','','',''),(5964,'Subject','','',''),(5965,'Subject','','',''),(5966,'Name','','',''),(5967,'Topic','','',''),(5968,'Name','','',''),(5969,'Topic','','',''),(5970,'Subject','','',''),(5971,'Name','','',''),(5972,'Topic','','',''),(5973,'Subject','','',''),(5974,'Subject','','',''),(5975,'Subject','','',''),(5976,'Subject','','',''),(5977,'Subject','','',''),(5978,'Title','','',''),(5979,'Notice','','',''),(5980,'Category','','',''),(5981,'Class','','',''),(5982,'Title','','',''),(5983,'Notice','','',''),(5984,'Category','','',''),(5985,'Class','','',''),(5986,'Subject','','',''),(5987,'Subject','','',''),(5988,'Subject','','',''),(5989,'Subject','','',''),(5990,'Subject','','',''),(5991,'Subject','','',''),(5992,'Subject','','',''),(5993,'Subject','','',''),(5994,'Subject','','',''),(5995,'Subject','','',''),(5996,'Subject','','',''),(5997,'Subject','','',''),(5998,'Subject','','',''),(5999,'Subject','','',''),(6000,'Subject','','',''),(6001,'Subject','','',''),(6002,'Name','','',''),(6003,'Topic','','',''),(6004,'Name','','',''),(6005,'Topic','','',''),(6006,'Subject','','',''),(6007,'Name','','',''),(6008,'Topic','','',''),(6009,'Subject','','',''),(6010,'Subject','','',''),(6011,'Name','','',''),(6012,'Topic','','',''),(6013,'Name','','',''),(6014,'Topic','','',''),(6015,'Subject','','',''),(6016,'Subject','','',''),(6017,'Name','','',''),(6018,'Topic','','',''),(6019,'Name','','',''),(6020,'Topic','','',''),(6021,'Subject','','',''),(6022,'Name','','',''),(6023,'Topic','','',''),(6024,'Name','','',''),(6025,'Topic','','',''),(6026,'Subject','','',''),(6027,'Subject','','',''),(6028,'Name','','',''),(6029,'Topic','','',''),(6030,'Name','','',''),(6031,'Topic','','',''),(6032,'Subject','','',''),(6033,'Name','','',''),(6034,'Topic','','',''),(6035,'Name','','',''),(6036,'Topic','','',''),(6037,'Subject','','',''),(6038,'Subject','','',''),(6039,'Subject','','',''),(6040,'Subject','','',''),(6041,'Subject','','',''),(6042,'Subject','','',''),(6043,'Subject','','',''),(6044,'Subject','','',''),(6045,'Subject','','',''),(6046,'Subject','','',''),(6047,'Subject','','',''),(6048,'Subject','','',''),(6049,'Subject','','',''),(6050,'Subject','','',''),(6051,'Subject','','',''),(6052,'Subject','','',''),(6053,'Subject','','',''),(6054,'Subject','','',''),(6055,'Subject','','',''),(6056,'Subject','','',''),(6057,'Subject','','',''),(6058,'Subject','','',''),(6059,'Subject','','',''),(6060,'Subject','','',''),(6061,'Subject','','',''),(6062,'Topic','','',''),(6063,'Subject','','',''),(6064,'Subject','','',''),(6065,'Subject','','',''),(6066,'Subject','','',''),(6067,'Subject','','',''),(6068,'Subject','','',''),(6069,'Subject','','',''),(6070,'Subject','','',''),(6071,'Subject','','',''),(6072,'Subject','','',''),(6073,'Subject','','',''),(6074,'Subject','','',''),(6075,'Subject','','',''),(6076,'Subject','','',''),(6077,'Subject','','',''),(6078,'Subject','','',''),(6079,'Subject','','',''),(6080,'Subject','','',''),(6081,'Subject','','',''),(6082,'Subject','','',''),(6083,'Subject','','',''),(6084,'Subject','','',''),(6085,'Subject','','',''),(6086,'Subject','','',''),(6087,'Subject','','',''),(6088,'Subject','','',''),(6089,'Subject','','',''),(6090,'Subject','','',''),(6091,'Subject','','',''),(6092,'Subject','','',''),(6093,'Subject','','',''),(6094,'Subject','','',''),(6095,'Name','','',''),(6096,'Name','','',''),(6097,'Subject','','',''),(6098,'Name','','',''),(6099,'Subject','','',''),(6100,'Name','','',''),(6101,'Subject','','',''),(6102,'Name','','',''),(6103,'Subject','','',''),(6104,'Subject','','',''),(6105,'Name','','',''),(6106,'Subject','','',''),(6107,'Subject','','',''),(6108,'Subject','','',''),(6109,'Subject','','',''),(6110,'Subject','','',''),(6111,'Subject','','',''),(6112,'Subject','','',''),(6113,'Subject','','',''),(6114,'Subject','','',''),(6115,'Subject','','',''),(6116,'Subject','','',''),(6117,'Subject','','',''),(6118,'Subject','','',''),(6119,'Subject','','',''),(6120,'Name','','',''),(6121,'Subject','','',''),(6122,'Name','','',''),(6123,'Subject','','',''),(6124,'Name','','',''),(6125,'Subject','','',''),(6126,'Name','','',''),(6127,'Subject','','',''),(6128,'Name','','',''),(6129,'Subject','','',''),(6130,'Subject','','',''),(6131,'Subject','','',''),(6132,'Subject','','',''),(6133,'Subject','','',''),(6134,'Subject','','',''),(6135,'Name','','',''),(6136,'Subject','','',''),(6137,'Name','','',''),(6138,'Subject','','',''),(6139,'Name','','',''),(6140,'Subject','','',''),(6141,'Name','','',''),(6142,'Subject','','',''),(6143,'Subject','','',''),(6144,'Subject','','',''),(6145,'Subject','','',''),(6146,'Subject','','',''),(6147,'Subject','','',''),(6148,'Subject','','',''),(6149,'Subject','','',''),(6150,'Subject','','',''),(6151,'Subject','','',''),(6152,'Subject','','',''),(6153,'Subject','','',''),(6154,'Subject','','',''),(6155,'Subject','','',''),(6156,'Subject','','',''),(6157,'Subject','','',''),(6158,'Subject','','',''),(6159,'Subject','','',''),(6160,'Subject','','',''),(6161,'Subject','','',''),(6162,'Subject','','',''),(6163,'Subject','','',''),(6164,'Subject','','',''),(6165,'Subject','','',''),(6166,'Subject','','',''),(6167,'Subject','','',''),(6168,'Subject','','',''),(6169,'Subject','','',''),(6170,'Subject','','',''),(6171,'Subject','','',''),(6172,'Subject','','',''),(6173,'Subject','','',''),(6174,'Subject','','',''),(6175,'Subject','','',''),(6176,'Subject','','',''),(6177,'Subject','','',''),(6178,'Subject','','',''),(6179,'Subject','','',''),(6180,'Subject','','',''),(6181,'Subject','','',''),(6182,'Subject','','',''),(6183,'Subject','','',''),(6184,'Subject','','',''),(6185,'Subject','','',''),(6186,'Subject','','',''),(6187,'Subject','','',''),(6188,'Subject','','',''),(6189,'Yes','','',''),(6190,'No','','',''),(6191,'Subject','','',''),(6192,'Subject','','',''),(6193,'Yes','','',''),(6194,'No','','',''),(6195,'Yes','','',''),(6196,'No','','',''),(6197,'Yes','','',''),(6198,'No','','',''),(6199,'Yes','','',''),(6200,'No','','',''),(6201,'Yes','','',''),(6202,'No','','',''),(6203,'Yes','','',''),(6204,'No','','',''),(6205,'Yes','','',''),(6206,'No','','',''),(6207,'Yes','','',''),(6208,'No','','',''),(6209,'Yes','','',''),(6210,'No','','',''),(6211,'Yes','','',''),(6212,'No','','',''),(6213,'Yes','','',''),(6214,'No','','',''),(6215,'Subject','','',''),(6216,'Subject','','',''),(6217,'Subject','','',''),(6218,'Subject','','',''),(6219,'Subject','','',''),(6220,'Subject','','',''),(6221,'Subject','','',''),(6222,'Yes','','',''),(6223,'No','','',''),(6224,'Yes','','',''),(6225,'No','','',''),(6226,'Yes','','',''),(6227,'No','','',''),(6228,'Yes','','',''),(6229,'No','','',''),(6230,'Yes','','',''),(6231,'No','','',''),(6232,'Yes','','',''),(6233,'No','','',''),(6234,'Yes','','',''),(6235,'No','','',''),(6236,'Yes','','',''),(6237,'No','','',''),(6238,'Yes','','',''),(6239,'No','','',''),(6240,'Yes','','',''),(6241,'No','','',''),(6242,'Yes','','',''),(6243,'No','','',''),(6244,'Yes','','',''),(6245,'No','','',''),(6246,'Yes','','',''),(6247,'No','','',''),(6248,'Yes','','',''),(6249,'No','','',''),(6250,'Yes','','',''),(6251,'No','','',''),(6252,'Yes','','',''),(6253,'No','','',''),(6254,'Yes','','',''),(6255,'No','','',''),(6256,'Yes','','',''),(6257,'No','','',''),(6258,'Yes','','',''),(6259,'No','','',''),(6260,'Yes','','',''),(6261,'No','','',''),(6262,'Yes','','',''),(6263,'No','','',''),(6264,'Yes','','',''),(6265,'No','','',''),(6266,'Title','','',''),(6267,'Notice','','',''),(6268,'Category','','',''),(6269,'Class','','',''),(6270,'Title','','',''),(6271,'Notice','','',''),(6272,'Category','','',''),(6273,'Class','','',''),(6274,'Yes','','',''),(6275,'No','','',''),(6276,'Yes','','',''),(6277,'No','','',''),(6278,'Yes','','',''),(6279,'No','','',''),(6280,'Yes','','',''),(6281,'No','','',''),(6282,'Yes','','',''),(6283,'No','','',''),(6284,'Yes','','',''),(6285,'No','','',''),(6286,'Yes','','',''),(6287,'No','','',''),(6288,'Title','','',''),(6289,'Notice','','',''),(6290,'Category','','',''),(6291,'Class','','',''),(6292,'Title','','',''),(6293,'Notice','','',''),(6294,'Category','','',''),(6295,'Class','','',''),(6296,'Yes','','',''),(6297,'No','','',''),(6298,'Yes','','',''),(6299,'No','','',''),(6300,'Yes','','',''),(6301,'No','','',''),(6302,'Yes','','',''),(6303,'No','','',''),(6304,'Yes','','',''),(6305,'No','','',''),(6306,'Yes','','',''),(6307,'No','','',''),(6308,'Yes','','',''),(6309,'No','','',''),(6310,'Yes','','',''),(6311,'No','','',''),(6312,'Yes','','',''),(6313,'No','','',''),(6314,'Yes','','',''),(6315,'No','','',''),(6316,'Yes','','',''),(6317,'No','','',''),(6318,'Yes','','',''),(6319,'No','','',''),(6320,'Yes','','',''),(6321,'No','','',''),(6322,'Yes','','',''),(6323,'No','','',''),(6324,'Yes','','',''),(6325,'No','','',''),(6326,'Yes','','',''),(6327,'No','','',''),(6328,'Yes','','',''),(6329,'No','','',''),(6330,'Yes','','',''),(6331,'No','','',''),(6332,'Yes','','',''),(6333,'No','','',''),(6334,'Yes','','',''),(6335,'No','','',''),(6336,'Yes','','',''),(6337,'No','','',''),(6338,'Yes','','',''),(6339,'No','','',''),(6340,'Yes','','',''),(6341,'No','','',''),(6342,'Yes','','',''),(6343,'No','','',''),(6344,'Yes','','',''),(6345,'No','','',''),(6346,'Yes','','',''),(6347,'No','','',''),(6348,'Yes','','',''),(6349,'No','','',''),(6350,'Yes','','',''),(6351,'No','','',''),(6352,'Yes','','',''),(6353,'No','','',''),(6354,'Yes','','',''),(6355,'No','','',''),(6356,'Yes','','',''),(6357,'No','','',''),(6358,'Subject','','',''),(6359,'Subject','','',''),(6360,'Yes','','',''),(6361,'No','','',''),(6362,'Subject','','',''),(6363,'Subject','','',''),(6364,'Subject','','',''),(6365,'Upload','','',''),(6366,'Subject','','',''),(6367,'Name','','',''),(6368,'Topic','','',''),(6369,'Subject','','',''),(6370,'Yes','','',''),(6371,'No','','',''),(6372,'Yes','','',''),(6373,'No','','',''),(6374,'Subject','','',''),(6375,'Upload','','',''),(6376,'Yes','','',''),(6377,'No','','',''),(6378,'Yes','','',''),(6379,'No','','',''),(6380,'Yes','','',''),(6381,'No','','',''),(6382,'Yes','','',''),(6383,'No','','',''),(6384,'Yes','','',''),(6385,'No','','',''),(6386,'Yes','','',''),(6387,'No','','',''),(6388,'Yes','','',''),(6389,'No','','',''),(6390,'Upload','','',''),(6391,'Upload','','',''),(6392,'Upload','','',''),(6393,'Upload','','',''),(6394,'Upload','','',''),(6395,'Upload','','',''),(6396,'Upload','','',''),(6397,'Upload','','',''),(6398,'Upload','','',''),(6399,'Upload','','',''),(6400,'Upload','','',''),(6401,'Subject','','',''),(6402,'Subject','','',''),(6403,'Subject','','',''),(6404,'Yes','','',''),(6405,'No','','',''),(6406,'Yes','','',''),(6407,'No','','',''),(6408,'Title','','',''),(6409,'Notice','','',''),(6410,'Category','','',''),(6411,'Class','','',''),(6412,'Title','','',''),(6413,'Notice','','',''),(6414,'Category','','',''),(6415,'Class','','',''),(6416,'Title','','',''),(6417,'Notice','','',''),(6418,'Category','','',''),(6419,'Class','','',''),(6420,'Title','','',''),(6421,'Notice','','',''),(6422,'Category','','',''),(6423,'Class','','',''),(6424,'Subject','','',''),(6425,'Subject','','',''),(6426,'Subject','','',''),(6427,'Upload','','',''),(6428,'Title','','',''),(6429,'Notice','','',''),(6430,'Category','','',''),(6431,'Class','','',''),(6432,'Title','','',''),(6433,'Notice','','',''),(6434,'Category','','',''),(6435,'Class','','',''),(6436,'Subject','','',''),(6437,'Subject','','',''),(6438,'Subject','','',''),(6439,'Subject','','',''),(6440,'Title','','',''),(6441,'Notice','','',''),(6442,'Category','','',''),(6443,'Class','','',''),(6444,'Title','','',''),(6445,'Notice','','',''),(6446,'Category','','',''),(6447,'Class','','',''),(6448,'Title','','',''),(6449,'Notice','','',''),(6450,'Category','','',''),(6451,'Class','','',''),(6452,'Title','','',''),(6453,'Notice','','',''),(6454,'Category','','',''),(6455,'Class','','',''),(6456,'Title','','',''),(6457,'Notice','','',''),(6458,'Category','','',''),(6459,'Class','','',''),(6460,'Title','','',''),(6461,'Notice','','',''),(6462,'Category','','',''),(6463,'Class','','',''),(6464,'Subject','','',''),(6465,'Subject','','',''),(6466,'Subject','','',''),(6467,'Subject','','',''),(6468,'Subject','','',''),(6469,'Subject','','',''),(6470,'Subject','','',''),(6471,'Subject','','',''),(6472,'Subject','','',''),(6473,'Subject','','',''),(6474,'topic_&_sub_topic','','',''),(6475,'Subject','','',''),(6476,'manage_topic_&_sub_topic','','',''),(6477,'Subject','','',''),(6478,'Subject','','',''),(6479,'Subject','','',''),(6480,'Subject','','',''),(6481,'Subject','','',''),(6482,'Name','','',''),(6483,'Topic','','',''),(6484,'Subject','','',''),(6485,'Name','','',''),(6486,'Topic','','',''),(6487,'Subject','','',''),(6488,'Name','','',''),(6489,'Topic','','',''),(6490,'Subject','','',''),(6491,'Subject','','',''),(6492,'Subject','','',''),(6493,'add_topic_&_sub_topic','','',''),(6494,'Subject','','',''),(6495,'Subject','','',''),(6496,'Subject','','',''),(6497,'Subject','','',''),(6498,'Subject','','',''),(6499,'Subject','','',''),(6500,'Subject','','',''),(6501,'Subject','','',''),(6502,'Subject','','',''),(6503,'Subject','','',''),(6504,'Subject','','',''),(6505,'Subject','','',''),(6506,'Subject','','',''),(6507,'Subject','','',''),(6508,'Subject','','',''),(6509,'Subject','','',''),(6510,'Subject','','',''),(6511,'Subject','','',''),(6512,'Subject','','',''),(6513,'Subject','','',''),(6514,'Subject','','',''),(6515,'Subject','','',''),(6516,'Subject','','',''),(6517,'Subject','','',''),(6518,'Subject','','',''),(6519,'Subject','','',''),(6520,'Subject','','',''),(6521,'Subject','','',''),(6522,'Subject','','',''),(6523,'Subject','','',''),(6524,'Subject','','',''),(6525,'Subject','','',''),(6526,'Subject','','',''),(6527,'number_topic','','',''),(6528,'Subject','','',''),(6529,'Subject','','',''),(6530,'number_sub_topic','','',''),(6531,'Subject','','',''),(6532,'Subject','','',''),(6533,'Subject','','',''),(6534,'Subject','','',''),(6535,'Subject','','',''),(6536,'Subject','','',''),(6537,'Subject','','',''),(6538,'Subject','','',''),(6539,'Subject','','',''),(6540,'Subject','','',''),(6541,'Subject','','',''),(6542,'Subject','','',''),(6543,'Subject','','',''),(6544,'Subject','','',''),(6545,'Subject','','',''),(6546,'Subject','','',''),(6547,'Subject','','',''),(6548,'Subject','','',''),(6549,'Subject','','',''),(6550,'Subject','','',''),(6551,'Subject','','',''),(6552,'Subject','','',''),(6553,'Subject','','',''),(6554,'Subject','','',''),(6555,'Subject','','',''),(6556,'Subject','','',''),(6557,'Subject','','',''),(6558,'Subject','','',''),(6559,'Subject','','',''),(6560,'Subject','','',''),(6561,'Subject','','',''),(6562,'Subject','','',''),(6563,'Subject','','',''),(6564,'Subject','','',''),(6565,'Subject','','',''),(6566,'Yes','','',''),(6567,'No','','',''),(6568,'Yes','','',''),(6569,'No','','',''),(6570,'Subject','','',''),(6571,'Subject','','',''),(6572,'Subject','','',''),(6573,'Subject','','',''),(6574,'Subject','','',''),(6575,'Subject','','',''),(6576,'Subject','','',''),(6577,'Subject','','',''),(6578,'Subject','','',''),(6579,'Subject','','',''),(6580,'Subject','','',''),(6581,'Subject','','',''),(6582,'Subject','','',''),(6583,'Subject','','',''),(6584,'Subject','','',''),(6585,'Subject','','',''),(6586,'Subject','','',''),(6587,'Subject','','',''),(6588,'Subject','','',''),(6589,'Subject','','',''),(6590,'Subject','','',''),(6591,'Subject','','',''),(6592,'Subject','','',''),(6593,'Subject','','',''),(6594,'Subject','','',''),(6595,'Subject','','',''),(6596,'Subject','','',''),(6597,'Subject','','',''),(6598,'Subject','','',''),(6599,'Subject','','',''),(6600,'Subject','','',''),(6601,'Subject','','',''),(6602,'Subject','','',''),(6603,'Subject','','',''),(6604,'Subject','','',''),(6605,'Subject','','',''),(6606,'Subject','','',''),(6607,'Subject','','',''),(6608,'Subject','','',''),(6609,'Subject','','',''),(6610,'Subject','','',''),(6611,'Subject','','',''),(6612,'Subject','','',''),(6613,'Subject','','',''),(6614,'Subject','','',''),(6615,'Subject','','',''),(6616,'Subject','','',''),(6617,'Subject','','',''),(6618,'Subject','','',''),(6619,'Subject','','',''),(6620,'Subject','','',''),(6621,'Subject','','',''),(6622,'Subject','','',''),(6623,'Subject','','',''),(6624,'Subject','','',''),(6625,'Yes','','',''),(6626,'No','','',''),(6627,'Subject','','',''),(6628,'demo_social_media','','',''),(6629,'Yes','','',''),(6630,'No','','',''),(6631,'Yes','','',''),(6632,'No','','',''),(6633,'Subject','','',''),(6634,'Subject','','',''),(6635,'Subject','','',''),(6636,'Subject','','',''),(6637,'Subject','','',''),(6638,'Subject','','',''),(6639,'Subject','','',''),(6640,'Subject','','',''),(6641,'Subject','','',''),(6642,'Subject','','',''),(6643,'Subject','','',''),(6644,'Subject','','',''),(6645,'Subject','','',''),(6646,'Yes','','',''),(6647,'No','','',''),(6648,'Yes','','',''),(6649,'No','','',''),(6650,'jurnal','','',''),(6651,'jurnal_form','','',''),(6652,'term','','',''),(6653,'Subject','','',''),(6654,'Topic','','',''),(6655,'Remark','','',''),(6656,'Option','','',''),(6657,'Subject','','',''),(6658,'Topic','','',''),(6659,'Option','','',''),(6660,'Subject','','',''),(6661,'Topic','','',''),(6662,'Option','','',''),(6663,'Subject','','',''),(6664,'Topic','','',''),(6665,'Option','','',''),(6666,'Subject','','',''),(6667,'Topic','','',''),(6668,'Option','','',''),(6669,'Subject','','',''),(6670,'Topic','','',''),(6671,'Option','','',''),(6672,'Subject','','',''),(6673,'Topic','','',''),(6674,'Option','','',''),(6675,'Subject','','',''),(6676,'Topic','','',''),(6677,'Option','','',''),(6678,'Subject','','',''),(6679,'Topic','','',''),(6680,'Option','','',''),(6681,'Subject','','',''),(6682,'Topic','','',''),(6683,'Option','','',''),(6684,'Subject','','',''),(6685,'Subject','','',''),(6686,'Subject','','',''),(6687,'Subject','','',''),(6688,'Topic','','',''),(6689,'Option','','',''),(6690,'Subject','','',''),(6691,'Topic','','',''),(6692,'Option','','',''),(6693,'Subject','','',''),(6694,'Topic','','',''),(6695,'Option','','',''),(6696,'Subject','','',''),(6697,'Topic','','',''),(6698,'Option','','',''),(6699,'Subject','','',''),(6700,'Topic','','',''),(6701,'Option','','',''),(6702,'Subject','','',''),(6703,'Topic','','',''),(6704,'Option','','',''),(6705,'Subject','','',''),(6706,'Topic','','',''),(6707,'Option','','',''),(6708,'Subject','','',''),(6709,'Topic','','',''),(6710,'Option','','',''),(6711,'Subject','','',''),(6712,'Topic','','',''),(6713,'Option','','',''),(6714,'Subject','','',''),(6715,'Topic','','',''),(6716,'Option','','',''),(6717,'Subject','','',''),(6718,'Topic','','',''),(6719,'Option','','',''),(6720,'Subject','','',''),(6721,'Topic','','',''),(6722,'Option','','',''),(6723,'Subject','','',''),(6724,'Topic','','',''),(6725,'Option','','',''),(6726,'Subject','','',''),(6727,'Topic','','',''),(6728,'Option','','',''),(6729,'Subject','','',''),(6730,'Topic','','',''),(6731,'Option','','',''),(6732,'Subject','','',''),(6733,'Topic','','',''),(6734,'Option','','',''),(6735,'Subject','','',''),(6736,'Topic','','',''),(6737,'Option','','',''),(6738,'Subject','','',''),(6739,'Topic','','',''),(6740,'Option','','',''),(6741,'Subject','','',''),(6742,'Topic','','',''),(6743,'Option','','',''),(6744,'Subject','','',''),(6745,'Topic','','',''),(6746,'Option','','',''),(6747,'Subject','','',''),(6748,'Topic','','',''),(6749,'Option','','',''),(6750,'Subject','','',''),(6751,'Topic','','',''),(6752,'Option','','',''),(6753,'Subject','','',''),(6754,'Topic','','',''),(6755,'Option','','',''),(6756,'Subject','','',''),(6757,'Topic','','',''),(6758,'Option','','',''),(6759,'Subject','','',''),(6760,'Topic','','',''),(6761,'Option','','',''),(6762,'Subject','','',''),(6763,'Topic','','',''),(6764,'Option','','',''),(6765,'Subject','','',''),(6766,'Topic','','',''),(6767,'Option','','',''),(6768,'Subject','','',''),(6769,'Topic','','',''),(6770,'Option','','',''),(6771,'Subject','','',''),(6772,'Topic','','',''),(6773,'Option','','',''),(6774,'Subject','','',''),(6775,'Topic','','',''),(6776,'Option','','',''),(6777,'Subject','','',''),(6778,'Topic','','',''),(6779,'Option','','',''),(6780,'Subject','','',''),(6781,'Topic','','',''),(6782,'Option','','',''),(6783,'Subject','','',''),(6784,'Topic','','',''),(6785,'Option','','',''),(6786,'Subject','','',''),(6787,'Topic','','',''),(6788,'Option','','',''),(6789,'Subject','','',''),(6790,'Topic','','',''),(6791,'Option','','',''),(6792,'Subject','','',''),(6793,'Topic','','',''),(6794,'Option','','',''),(6795,'Subject','','',''),(6796,'Topic','','',''),(6797,'Option','','',''),(6798,'Subject','','',''),(6799,'Topic','','',''),(6800,'Option','','',''),(6801,'Subject','','',''),(6802,'Topic','','',''),(6803,'Option','','',''),(6804,'Subject','','',''),(6805,'Topic','','',''),(6806,'Option','','',''),(6807,'Subject','','',''),(6808,'Topic','','',''),(6809,'Option','','',''),(6810,'detail','','',''),(6811,'Subject','','',''),(6812,'Topic','','',''),(6813,'Option','','',''),(6814,'detil','','',''),(6815,'Subject','','',''),(6816,'Topic','','',''),(6817,'Option','','',''),(6818,'Subject','','',''),(6819,'Topic','','',''),(6820,'Option','','',''),(6821,'jurnal_detail','','',''),(6822,'Subject','','',''),(6823,'Topic','','',''),(6824,'Option','','',''),(6825,'Subject','','',''),(6826,'Topic','','',''),(6827,'Option','','',''),(6828,'Subject','','',''),(6829,'Topic','','',''),(6830,'Option','','',''),(6831,'Subject','','',''),(6832,'Topic','','',''),(6833,'Option','','',''),(6834,'Subject','','',''),(6835,'Topic','','',''),(6836,'Option','','',''),(6837,'Subject','','',''),(6838,'Topic','','',''),(6839,'Option','','',''),(6840,'Subject','','',''),(6841,'Topic','','',''),(6842,'Option','','',''),(6843,'Subject','','',''),(6844,'Topic','','',''),(6845,'Option','','',''),(6846,'Subject','','',''),(6847,'Topic','','',''),(6848,'Option','','',''),(6849,'Subject','','',''),(6850,'Topic','','',''),(6851,'Option','','',''),(6852,'Subject','','',''),(6853,'Topic','','',''),(6854,'Option','','',''),(6855,'Subject','','',''),(6856,'Topic','','',''),(6857,'Option','','',''),(6858,'Subject','','',''),(6859,'Topic','','',''),(6860,'Option','','',''),(6861,'Subject','','',''),(6862,'Topic','','',''),(6863,'Option','','',''),(6864,'Subject','','',''),(6865,'Topic','','',''),(6866,'Option','','',''),(6867,'Subject','','',''),(6868,'Topic','','',''),(6869,'Option','','',''),(6870,'Subject','','',''),(6871,'Subject','','',''),(6872,'Subject','','',''),(6873,'Subject','','',''),(6874,'Topic','','',''),(6875,'Option','','',''),(6876,'Subject','','',''),(6877,'Topic','','',''),(6878,'Option','','',''),(6879,'Subject','','',''),(6880,'Topic','','',''),(6881,'Option','','',''),(6882,'Subject','','',''),(6883,'Topic','','',''),(6884,'Option','','',''),(6885,'Subject','','',''),(6886,'Topic','','',''),(6887,'Option','','',''),(6888,'Subject','','',''),(6889,'Topic','','',''),(6890,'Option','','',''),(6891,'Subject','','',''),(6892,'Topic','','',''),(6893,'Option','','',''),(6894,'Subject','','',''),(6895,'Topic','','',''),(6896,'Option','','',''),(6897,'Subject','','',''),(6898,'Topic','','',''),(6899,'Option','','',''),(6900,'Subject','','',''),(6901,'Topic','','',''),(6902,'Option','','',''),(6903,'Subject','','',''),(6904,'Topic','','',''),(6905,'Option','','',''),(6906,'Subject','','',''),(6907,'Topic','','',''),(6908,'Option','','',''),(6909,'Subject','','',''),(6910,'Topic','','',''),(6911,'Option','','',''),(6912,'Subject','','',''),(6913,'Topic','','',''),(6914,'Option','','',''),(6915,'Subject','','',''),(6916,'Topic','','',''),(6917,'Option','','',''),(6918,'Subject','','',''),(6919,'Topic','','',''),(6920,'Option','','',''),(6921,'Subject','','',''),(6922,'Topic','','',''),(6923,'Option','','',''),(6924,'Subject','','',''),(6925,'Topic','','',''),(6926,'Option','','',''),(6927,'Subject','','',''),(6928,'Topic','','',''),(6929,'Option','','',''),(6930,'Subject','','',''),(6931,'Topic','','',''),(6932,'Option','','',''),(6933,'Subject','','',''),(6934,'Topic','','',''),(6935,'Option','','',''),(6936,'Subject','','',''),(6937,'Topic','','',''),(6938,'Option','','',''),(6939,'Subject','','',''),(6940,'Topic','','',''),(6941,'Option','','',''),(6942,'Subject','','',''),(6943,'Topic','','',''),(6944,'Option','','',''),(6945,'Subject','','',''),(6946,'Topic','','',''),(6947,'Option','','',''),(6948,'Subject','','',''),(6949,'Topic','','',''),(6950,'Option','','',''),(6951,'Subject','','',''),(6952,'Topic','','',''),(6953,'Option','','',''),(6954,'Subject','','',''),(6955,'Topic','','',''),(6956,'Option','','',''),(6957,'Subject','','',''),(6958,'Topic','','',''),(6959,'Option','','',''),(6960,'Subject','','',''),(6961,'Topic','','',''),(6962,'Option','','',''),(6963,'Subject','','',''),(6964,'Topic','','',''),(6965,'Option','','',''),(6966,'Yes','','',''),(6967,'No','','',''),(6968,'Subject','','',''),(6969,'Topic','','',''),(6970,'Option','','',''),(6971,'Subject','','',''),(6972,'Topic','','',''),(6973,'Option','','',''),(6974,'Subject','','',''),(6975,'Topic','','',''),(6976,'Option','','',''),(6977,'Subject','','',''),(6978,'Topic','','',''),(6979,'Option','','',''),(6980,'Subject','','',''),(6981,'Topic','','',''),(6982,'Option','','',''),(6983,'Subject','','',''),(6984,'Topic','','',''),(6985,'Option','','',''),(6986,'Subject','','',''),(6987,'Topic','','',''),(6988,'Option','','',''),(6989,'Subject','','',''),(6990,'Topic','','',''),(6991,'Option','','',''),(6992,'Yes','','',''),(6993,'No','','',''),(6994,'Subject','','',''),(6995,'Topic','','',''),(6996,'Option','','',''),(6997,'Subject','','',''),(6998,'Topic','','',''),(6999,'Option','','',''),(7000,'Subject','','',''),(7001,'Topic','','',''),(7002,'Option','','',''),(7003,'Subject','','',''),(7004,'Topic','','',''),(7005,'Option','','',''),(7006,'Subject','','',''),(7007,'Topic','','',''),(7008,'Option','','',''),(7009,'Subject','','',''),(7010,'Topic','','',''),(7011,'Option','','',''),(7012,'Subject','','',''),(7013,'Topic','','',''),(7014,'Option','','',''),(7015,'Subject','','',''),(7016,'Topic','','',''),(7017,'Option','','',''),(7018,'Subject','','',''),(7019,'Topic','','',''),(7020,'Option','','',''),(7021,'Subject','','',''),(7022,'Topic','','',''),(7023,'Option','','',''),(7024,'Subject','','',''),(7025,'Topic','','',''),(7026,'Option','','',''),(7027,'Subject','','',''),(7028,'Topic','','',''),(7029,'Option','','',''),(7030,'Subject','','',''),(7031,'Topic','','',''),(7032,'Option','','',''),(7033,'Subject','','',''),(7034,'Topic','','',''),(7035,'Option','','',''),(7036,'Subject','','',''),(7037,'Topic','','',''),(7038,'Option','','',''),(7039,'Subject','','',''),(7040,'Topic','','',''),(7041,'Option','','',''),(7042,'Subject','','',''),(7043,'Topic','','',''),(7044,'Option','','',''),(7045,'Subject','','',''),(7046,'Topic','','',''),(7047,'Option','','',''),(7048,'Subject','','',''),(7049,'Subject','','',''),(7050,'Yes','','',''),(7051,'No','','',''),(7052,'Subject','','',''),(7053,'Topic','','',''),(7054,'Option','','',''),(7055,'Subject','','',''),(7056,'Topic','','',''),(7057,'Option','','',''),(7058,'Subject','','',''),(7059,'Topic','','',''),(7060,'Option','','',''),(7061,'Subject','','',''),(7062,'Topic','','',''),(7063,'Option','','',''),(7064,'Subject','','',''),(7065,'Topic','','',''),(7066,'Option','','',''),(7067,'Subject','','',''),(7068,'Topic','','',''),(7069,'Option','','',''),(7070,'Subject','','',''),(7071,'Topic','','',''),(7072,'Option','','',''),(7073,'Subject','','',''),(7074,'Topic','','',''),(7075,'Option','','',''),(7076,'Subject','','',''),(7077,'Topic','','',''),(7078,'Option','','',''),(7079,'Subject','','',''),(7080,'Topic','','',''),(7081,'Option','','',''),(7082,'Subject','','',''),(7083,'Topic','','',''),(7084,'Option','','',''),(7085,'Subject','','',''),(7086,'Topic','','',''),(7087,'Option','','',''),(7088,'Subject','','',''),(7089,'Topic','','',''),(7090,'Option','','',''),(7091,'Subject','','',''),(7092,'Topic','','',''),(7093,'Option','','',''),(7094,'Subject','','',''),(7095,'Topic','','',''),(7096,'Option','','',''),(7097,'Subject','','',''),(7098,'Topic','','',''),(7099,'Option','','',''),(7100,'Subject','','',''),(7101,'Topic','','',''),(7102,'Option','','',''),(7103,'Title','','',''),(7104,'Notice','','',''),(7105,'Category','','',''),(7106,'Class','','',''),(7107,'Title','','',''),(7108,'Notice','','',''),(7109,'Category','','',''),(7110,'Class','','',''),(7111,'Yes','','',''),(7112,'No','','',''),(7113,'Yes','','',''),(7114,'No','','',''),(7115,'Yes','','',''),(7116,'No','','',''),(7117,'Yes','','',''),(7118,'No','','',''),(7119,'Subject','','',''),(7120,'Topic','','',''),(7121,'Option','','',''),(7122,'Subject','','',''),(7123,'Subject','','',''),(7124,'Subject','','',''),(7125,'Topic','','',''),(7126,'Option','','',''),(7127,'Subject','','',''),(7128,'Topic','','',''),(7129,'Option','','',''),(7130,'Subject','','',''),(7131,'Upload','','',''),(7132,'Upload','','',''),(7133,'Subject','','',''),(7134,'Subject','','',''),(7135,'Class_Schedule','','',''),(7136,'Subject','','',''),(7137,'Topic','','',''),(7138,'Option','','',''),(7139,'Subject','','',''),(7140,'Topic','','',''),(7141,'Option','','',''),(7142,'Subject','','',''),(7143,'Topic','','',''),(7144,'Option','','',''),(7145,'Title','','',''),(7146,'Notice','','',''),(7147,'Category','','',''),(7148,'Class','','',''),(7149,'Title','','',''),(7150,'Notice','','',''),(7151,'Category','','',''),(7152,'Class','','',''),(7153,'Title','','',''),(7154,'Notice','','',''),(7155,'Category','','',''),(7156,'Class','','',''),(7157,'Title','','',''),(7158,'Notice','','',''),(7159,'Category','','',''),(7160,'Class','','',''),(7161,'Title','','',''),(7162,'Notice','','',''),(7163,'Category','','',''),(7164,'Class','','',''),(7165,'Title','','',''),(7166,'Notice','','',''),(7167,'Category','','',''),(7168,'Class','','',''),(7169,'Title','','',''),(7170,'Notice','','',''),(7171,'Category','','',''),(7172,'Class','','',''),(7173,'Title','','',''),(7174,'Notice','','',''),(7175,'Category','','',''),(7176,'Class','','',''),(7177,'Subject','','',''),(7178,'Topic','','',''),(7179,'Option','','',''),(7180,'Yes','','',''),(7181,'No','','',''),(7182,'Title','','',''),(7183,'Notice','','',''),(7184,'Category','','',''),(7185,'Class','','',''),(7186,'Title','','',''),(7187,'Notice','','',''),(7188,'Category','','',''),(7189,'Class','','',''),(7190,'Title','','',''),(7191,'Notice','','',''),(7192,'Category','','',''),(7193,'Class','','',''),(7194,'Title','','',''),(7195,'Notice','','',''),(7196,'Category','','',''),(7197,'Class','','',''),(7198,'Subject','','',''),(7199,'Subject','','',''),(7200,'Subject','','',''),(7201,'Subject','','',''),(7202,'Topic','','',''),(7203,'Option','','',''),(7204,'journal','','',''),(7205,'Subject','','',''),(7206,'Topic','','',''),(7207,'Option','','',''),(7208,'Subject','','',''),(7209,'Topic','','',''),(7210,'Option','','',''),(7211,'Subject','','',''),(7212,'Topic','','',''),(7213,'Option','','',''),(7214,'Subject','','',''),(7215,'Topic','','',''),(7216,'Option','','',''),(7217,'Subject','','',''),(7218,'Yes','','',''),(7219,'No','','',''),(7220,'Subject','','',''),(7221,'Topic','','',''),(7222,'Option','','',''),(7223,'Subject','','',''),(7224,'Topic','','',''),(7225,'Option','','',''),(7226,'Title','','',''),(7227,'Notice','','',''),(7228,'Category','','',''),(7229,'Class','','',''),(7230,'Title','','',''),(7231,'Notice','','',''),(7232,'Category','','',''),(7233,'Class','','',''),(7234,'Subject','','',''),(7235,'Topic','','',''),(7236,'Option','','',''),(7237,'Subject','','',''),(7238,'Topic','','',''),(7239,'Option','','',''),(7240,'Subject','','',''),(7241,'Subject','','',''),(7242,'Subject','','',''),(7243,'Yes','','',''),(7244,'No','','',''),(7245,'Subject','','',''),(7246,'Topic','','',''),(7247,'Option','','',''),(7248,'Subject','','',''),(7249,'Topic','','',''),(7250,'Option','','',''),(7251,'Subject','','',''),(7252,'Topic','','',''),(7253,'Option','','',''),(7254,'Subject','','',''),(7255,'Topic','','',''),(7256,'Option','','',''),(7257,'Subject','','',''),(7258,'Topic','','',''),(7259,'Option','','',''),(7260,'Yes','','',''),(7261,'No','','',''),(7262,'Subject','','',''),(7263,'Topic','','',''),(7264,'Option','','',''),(7265,'Subject','','',''),(7266,'Topic','','',''),(7267,'Option','','',''),(7268,'Subject','','',''),(7269,'Topic','','',''),(7270,'Option','','',''),(7271,'Subject','','',''),(7272,'Topic','','',''),(7273,'Option','','',''),(7274,'Subject','','',''),(7275,'Topic','','',''),(7276,'Option','','',''),(7277,'Subject','','',''),(7278,'Topic','','',''),(7279,'Option','','',''),(7280,'Subject','','',''),(7281,'Topic','','',''),(7282,'Option','','',''),(7283,'Subject','','',''),(7284,'Topic','','',''),(7285,'Option','','',''),(7286,'Subject','','',''),(7287,'Topic','','',''),(7288,'Option','','',''),(7289,'Subject','','',''),(7290,'Topic','','',''),(7291,'Option','','',''),(7292,'Subject','','',''),(7293,'Topic','','',''),(7294,'Option','','',''),(7295,'Title','','',''),(7296,'Notice','','',''),(7297,'Category','','',''),(7298,'Class','','',''),(7299,'Title','','',''),(7300,'Notice','','',''),(7301,'Category','','',''),(7302,'Class','','',''),(7303,'Subject','','',''),(7304,'Topic','','',''),(7305,'Option','','',''),(7306,'Subject','','',''),(7307,'Title','','',''),(7308,'Notice','','',''),(7309,'Category','','',''),(7310,'Class','','',''),(7311,'Title','','',''),(7312,'Notice','','',''),(7313,'Category','','',''),(7314,'Class','','',''),(7315,'Grade','','',''),(7316,'Grade','','',''),(7317,'Grade','','',''),(7318,'Grade','','',''),(7319,'Grade','','',''),(7320,'Grade','','',''),(7321,'Grade','','',''),(7322,'Grade','','',''),(7323,'Grade','','',''),(7324,'Grade','','',''),(7325,'Grade','','',''),(7326,'Grade','','',''),(7327,'Grade','','',''),(7328,'markbook_pie','','',''),(7329,'Grade','','',''),(7330,'Grade','','',''),(7331,'Grade','','',''),(7332,'Grade','','',''),(7333,'Grade','','',''),(7334,'Grade','','',''),(7335,'Subject','','',''),(7336,'Subject','','',''),(7337,'Yes','','',''),(7338,'No','','',''),(7339,'Yes','','',''),(7340,'No','','',''),(7341,'Yes','','',''),(7342,'No','','',''),(7343,'Subject','','',''),(7344,'Grade','','',''),(7345,'Grade','','',''),(7346,'Grade','','',''),(7347,'Grade','','',''),(7348,'Grade','','',''),(7349,'Grade','','',''),(7350,'Grade','','',''),(7351,'Grade','','',''),(7352,'Grade','','',''),(7353,'Grade','','',''),(7354,'Grade','','',''),(7355,'Grade','','',''),(7356,'Grade','','',''),(7357,'Grade','','',''),(7358,'Grade','','',''),(7359,'Grade','','',''),(7360,'Grade','','',''),(7361,'Grade','','',''),(7362,'Grade','','',''),(7363,'Grade','','',''),(7364,'Grade','','',''),(7365,'Grade','','',''),(7366,'Grade','','',''),(7367,'Grade','','',''),(7368,'Grade','','',''),(7369,'Grade','','',''),(7370,'Subject','','',''),(7371,'Topic','','',''),(7372,'Option','','',''),(7373,'Grade','','',''),(7374,'Grade','','',''),(7375,'Grade','','',''),(7376,'Grade','','',''),(7377,'Grade','','',''),(7378,'Grade','','',''),(7379,'Grade','','',''),(7380,'Grade','','',''),(7381,'Grade','','',''),(7382,'Grade','','',''),(7383,'Grade','','',''),(7384,'Grade','','',''),(7385,'Subject','','',''),(7386,'Topic','','',''),(7387,'Option','','',''),(7388,'Grade','','',''),(7389,'Grade','','',''),(7390,'Grade','','',''),(7391,'Grade','','',''),(7392,'Grade','','',''),(7393,'Grade','','',''),(7394,'Grade','','',''),(7395,'Grade','','',''),(7396,'Subject','','',''),(7397,'Topic','','',''),(7398,'Option','','',''),(7399,'Subject','','',''),(7400,'Topic','','',''),(7401,'Option','','',''),(7402,'Grade','','',''),(7403,'Grade','','',''),(7404,'Grade','','',''),(7405,'Grade','','',''),(7406,'Grade','','',''),(7407,'Grade','','',''),(7408,'Yes','','',''),(7409,'No','','',''),(7410,'Grade','','',''),(7411,'Grade','','',''),(7412,'Grade','','',''),(7413,'Grade','','',''),(7414,'Grade','','',''),(7415,'Grade','','',''),(7416,'Subject','','',''),(7417,'Topic','','',''),(7418,'Option','','',''),(7419,'Grade','','',''),(7420,'Grade','','',''),(7421,'Subject','','',''),(7422,'Topic','','',''),(7423,'Option','','',''),(7424,'Subject','','',''),(7425,'Topic','','',''),(7426,'Option','','',''),(7427,'Subject','','',''),(7428,'Topic','','',''),(7429,'Option','','',''),(7430,'Grade','','',''),(7431,'Grade','','',''),(7432,'Subject','','',''),(7433,'Subject','','',''),(7434,'Grade','','',''),(7435,'Grade','','',''),(7436,'Grade','','',''),(7437,'Grade','','',''),(7438,'Grade','','',''),(7439,'Grade','','',''),(7440,'Subject','','',''),(7441,'Topic','','',''),(7442,'Option','','',''),(7443,'Yes','','',''),(7444,'No','','',''),(7445,'Grade','','',''),(7446,'Grade','','',''),(7447,'Subject','','',''),(7448,'Topic','','',''),(7449,'Option','','',''),(7450,'Subject','','',''),(7451,'Topic','','',''),(7452,'Option','','',''),(7453,'Subject','','',''),(7454,'Topic','','',''),(7455,'Option','','',''),(7456,'Subject','','',''),(7457,'Topic','','',''),(7458,'Option','','',''),(7459,'Subject','','',''),(7460,'Topic','','',''),(7461,'Option','','',''),(7462,'Subject','','',''),(7463,'Topic','','',''),(7464,'Option','','',''),(7465,'Subject','','',''),(7466,'Topic','','',''),(7467,'Option','','',''),(7468,'Subject','','',''),(7469,'Topic','','',''),(7470,'Option','','',''),(7471,'Subject','','',''),(7472,'Topic','','',''),(7473,'Option','','',''),(7474,'Subject','','',''),(7475,'Topic','','',''),(7476,'Option','','',''),(7477,'Subject','','',''),(7478,'Topic','','',''),(7479,'Option','','',''),(7480,'Grade','','',''),(7481,'Grade','','',''),(7482,'Grade','','',''),(7483,'Grade','','',''),(7484,'Subject','','',''),(7485,'Topic','','',''),(7486,'Option','','',''),(7487,'Subject','','',''),(7488,'Topic','','',''),(7489,'Option','','',''),(7490,'Subject','','',''),(7491,'Topic','','',''),(7492,'Option','','',''),(7493,'Subject','','',''),(7494,'Topic','','',''),(7495,'Option','','',''),(7496,'Subject','','',''),(7497,'Topic','','',''),(7498,'Option','','',''),(7499,'Subject','','',''),(7500,'Topic','','',''),(7501,'Option','','',''),(7502,'Subject','','',''),(7503,'Topic','','',''),(7504,'Option','','',''),(7505,'Subject','','',''),(7506,'Topic','','',''),(7507,'Option','','',''),(7508,'Subject','','',''),(7509,'Topic','','',''),(7510,'Option','','',''),(7511,'Subject','','',''),(7512,'Topic','','',''),(7513,'Option','','',''),(7514,'Subject','','',''),(7515,'Topic','','',''),(7516,'Option','','',''),(7517,'Subject','','',''),(7518,'Topic','','',''),(7519,'Option','','',''),(7520,'Subject','','',''),(7521,'Topic','','',''),(7522,'Option','','',''),(7523,'Subject','','',''),(7524,'Topic','','',''),(7525,'Option','','',''),(7526,'Subject','','',''),(7527,'Topic','','',''),(7528,'Option','','',''),(7529,'Subject','','',''),(7530,'Topic','','',''),(7531,'Option','','',''),(7532,'Subject','','',''),(7533,'Topic','','',''),(7534,'Option','','',''),(7535,'Subject','','',''),(7536,'Topic','','',''),(7537,'Option','','',''),(7538,'Subject','','',''),(7539,'Topic','','',''),(7540,'Option','','',''),(7541,'Subject','','',''),(7542,'Topic','','',''),(7543,'Option','','',''),(7544,'Subject','','',''),(7545,'Topic','','',''),(7546,'Option','','',''),(7547,'Subject','','',''),(7548,'Topic','','',''),(7549,'Option','','',''),(7550,'Subject','','',''),(7551,'Topic','','',''),(7552,'Option','','',''),(7553,'Subject','','',''),(7554,'Topic','','',''),(7555,'Option','','',''),(7556,'Subject','','',''),(7557,'Topic','','',''),(7558,'Option','','',''),(7559,'Subject','','',''),(7560,'Topic','','',''),(7561,'Option','','',''),(7562,'Subject','','',''),(7563,'Topic','','',''),(7564,'Option','','',''),(7565,'Subject','','',''),(7566,'Topic','','',''),(7567,'Option','','',''),(7568,'Subject','','',''),(7569,'Topic','','',''),(7570,'Option','','',''),(7571,'Subject','','',''),(7572,'Topic','','',''),(7573,'Option','','',''),(7574,'Subject','','',''),(7575,'Topic','','',''),(7576,'Option','','',''),(7577,'Subject','','',''),(7578,'Topic','','',''),(7579,'Option','','',''),(7580,'Subject','','',''),(7581,'Topic','','',''),(7582,'Option','','',''),(7583,'Subject','','',''),(7584,'Topic','','',''),(7585,'Option','','',''),(7586,'Subject','','',''),(7587,'Topic','','',''),(7588,'Option','','',''),(7589,'Subject','','',''),(7590,'Topic','','',''),(7591,'Option','','',''),(7592,'Subject','','',''),(7593,'Topic','','',''),(7594,'Option','','',''),(7595,'Subject','','',''),(7596,'Topic','','',''),(7597,'Option','','',''),(7598,'Subject','','',''),(7599,'Topic','','',''),(7600,'Option','','',''),(7601,'Subject','','',''),(7602,'Topic','','',''),(7603,'Option','','',''),(7604,'Subject','','',''),(7605,'Topic','','',''),(7606,'Option','','',''),(7607,'Subject','','',''),(7608,'Topic','','',''),(7609,'Option','','',''),(7610,'Subject','','',''),(7611,'Topic','','',''),(7612,'Option','','',''),(7613,'Subject','','',''),(7614,'Topic','','',''),(7615,'Option','','',''),(7616,'Subject','','',''),(7617,'Topic','','',''),(7618,'Option','','',''),(7619,'Subject','','',''),(7620,'Topic','','',''),(7621,'Option','','',''),(7622,'Subject','','',''),(7623,'Topic','','',''),(7624,'Option','','',''),(7625,'Subject','','',''),(7626,'Topic','','',''),(7627,'Option','','',''),(7628,'Subject','','',''),(7629,'Topic','','',''),(7630,'Option','','',''),(7631,'Subject','','',''),(7632,'Topic','','',''),(7633,'Option','','',''),(7634,'Grade','','',''),(7635,'Grade','','',''),(7636,'Subject','','',''),(7637,'Topic','','',''),(7638,'Option','','',''),(7639,'Subject','','',''),(7640,'Topic','','',''),(7641,'Option','','',''),(7642,'Subject','','',''),(7643,'Topic','','',''),(7644,'Option','','',''),(7645,'Subject','','',''),(7646,'Topic','','',''),(7647,'Option','','',''),(7648,'Grade','','',''),(7649,'Grade','','',''),(7650,'Grade','','',''),(7651,'Grade','','',''),(7652,'Grade','','',''),(7653,'Grade','','',''),(7654,'Subject','','',''),(7655,'Topic','','',''),(7656,'Option','','',''),(7657,'Subject','','',''),(7658,'Topic','','',''),(7659,'Option','','',''),(7660,'Subject','','',''),(7661,'Topic','','',''),(7662,'Option','','',''),(7663,'Grade','','',''),(7664,'Grade','','',''),(7665,'Subject','','',''),(7666,'Topic','','',''),(7667,'Option','','',''),(7668,'Subject','','',''),(7669,'Subject','','',''),(7670,'Name','','',''),(7671,'Topic','','',''),(7672,'Subject','','',''),(7673,'Grade','','',''),(7674,'Grade','','',''),(7675,'Upload','','',''),(7676,'Upload','','',''),(7677,'Grade','','',''),(7678,'Grade','','',''),(7679,'Yes','','',''),(7680,'No','','',''),(7681,'Grade','','',''),(7682,'Grade','','',''),(7683,'Grade','','',''),(7684,'Grade','','',''),(7685,'Grade','','',''),(7686,'Grade','','',''),(7687,'Grade','','',''),(7688,'Grade','','',''),(7689,'Grade','','',''),(7690,'Grade','','',''),(7691,'Grade','','',''),(7692,'Grade','','',''),(7693,'Subject','','',''),(7694,'Topic','','',''),(7695,'Option','','',''),(7696,'Subject','','',''),(7697,'Topic','','',''),(7698,'Option','','',''),(7699,'Subject','','',''),(7700,'Topic','','',''),(7701,'Option','','',''),(7702,'Subject','','',''),(7703,'Topic','','',''),(7704,'Option','','',''),(7705,'Yes','','',''),(7706,'No','','',''),(7707,'Yes','','',''),(7708,'No','','',''),(7709,'Grade','','',''),(7710,'Grade','','',''),(7711,'Grade','','',''),(7712,'Grade','','',''),(7713,'Grade','','',''),(7714,'Grade','','',''),(7715,'Grade','','',''),(7716,'Grade','','',''),(7717,'Grade','','',''),(7718,'Grade','','',''),(7719,'Grade','','',''),(7720,'Grade','','',''),(7721,'Grade','','',''),(7722,'Grade','','',''),(7723,'Subject','','',''),(7724,'Subject','','',''),(7725,'Grade','','',''),(7726,'Grade','','',''),(7727,'Grade','','',''),(7728,'Grade','','',''),(7729,'Subject','','',''),(7730,'Topic','','',''),(7731,'Option','','',''),(7732,'Subject','','',''),(7733,'Topic','','',''),(7734,'Option','','',''),(7735,'Subject','','',''),(7736,'Topic','','',''),(7737,'Option','','',''),(7738,'Subject','','',''),(7739,'Topic','','',''),(7740,'Option','','',''),(7741,'Subject','','',''),(7742,'Topic','','',''),(7743,'Option','','',''),(7744,'Grade','','',''),(7745,'Grade','','',''),(7746,'Grade','','',''),(7747,'Grade','','',''),(7748,'Grade','','',''),(7749,'Grade','','',''),(7750,'Grade','','',''),(7751,'Grade','','',''),(7752,'Grade','','',''),(7753,'Grade','','',''),(7754,'Grade','','',''),(7755,'Grade','','',''),(7756,'Grade','','',''),(7757,'Grade','','',''),(7758,'Grade','','',''),(7759,'Grade','','',''),(7760,'Grade','','',''),(7761,'Grade','','',''),(7762,'Subject','','',''),(7763,'Topic','','',''),(7764,'Option','','',''),(7765,'Grade','','',''),(7766,'Grade','','',''),(7767,'Grade','','',''),(7768,'Grade','','',''),(7769,'Grade','','',''),(7770,'Grade','','',''),(7771,'Subject','','',''),(7772,'Topic','','',''),(7773,'Option','','',''),(7774,'Grade','','',''),(7775,'Grade','','',''),(7776,'Subject','','',''),(7777,'Topic','','',''),(7778,'Option','','',''),(7779,'Grade','','',''),(7780,'Grade','','',''),(7781,'Grade','','',''),(7782,'Grade','','',''),(7783,'Grade','','',''),(7784,'Grade','','',''),(7785,'Grade','','',''),(7786,'Grade','','',''),(7787,'Subject','','',''),(7788,'Topic','','',''),(7789,'Option','','',''),(7790,'Subject','','',''),(7791,'Topic','','',''),(7792,'Option','','',''),(7793,'Grade','','',''),(7794,'Grade','','',''),(7795,'Grade','','',''),(7796,'Grade','','',''),(7797,'Grade','','',''),(7798,'Grade','','',''),(7799,'Grade','','',''),(7800,'Grade','','',''),(7801,'Grade','','',''),(7802,'Grade','','',''),(7803,'Grade','','',''),(7804,'Grade','','',''),(7805,'Grade','','',''),(7806,'Grade','','',''),(7807,'Grade','','',''),(7808,'Grade','','',''),(7809,'Grade','','',''),(7810,'Grade','','',''),(7811,'Grade','','',''),(7812,'Grade','','',''),(7813,'Grade','','',''),(7814,'Grade','','',''),(7815,'Grade','','',''),(7816,'Grade','','',''),(7817,'Grade','','',''),(7818,'Grade','','',''),(7819,'markbook_histogram','','',''),(7820,'Grade','','',''),(7821,'Grade','','',''),(7822,'Grade','','',''),(7823,'Grade','','',''),(7824,'Subject','','',''),(7825,'Topic','','',''),(7826,'Option','','',''),(7827,'Subject','','',''),(7828,'Topic','','',''),(7829,'Option','','',''),(7830,'Subject','','',''),(7831,'Topic','','',''),(7832,'Option','','',''),(7833,'Subject','','',''),(7834,'Topic','','',''),(7835,'Option','','',''),(7836,'Subject','','',''),(7837,'Topic','','',''),(7838,'Option','','',''),(7839,'Subject','','',''),(7840,'Topic','','',''),(7841,'Option','','',''),(7842,'Grade','','',''),(7843,'Grade','','',''),(7844,'Subject','','',''),(7845,'Topic','','',''),(7846,'Option','','',''),(7847,'Subject','','',''),(7848,'Topic','','',''),(7849,'Option','','',''),(7850,'Yes','','',''),(7851,'No','','',''),(7852,'Yes','','',''),(7853,'No','','',''),(7854,'Grade','','',''),(7855,'Grade','','',''),(7856,'Grade','','',''),(7857,'Grade','','',''),(7858,'Yes','','',''),(7859,'No','','',''),(7860,'Yes','','',''),(7861,'No','','',''),(7862,'Subject','','',''),(7863,'Topic','','',''),(7864,'Option','','',''),(7865,'Grade','','',''),(7866,'Grade','','',''),(7867,'Subject','','',''),(7868,'Topic','','',''),(7869,'Option','','',''),(7870,'Subject','','',''),(7871,'Topic','','',''),(7872,'Option','','',''),(7873,'Subject','','',''),(7874,'Topic','','',''),(7875,'Option','','',''),(7876,'Subject','','',''),(7877,'Topic','','',''),(7878,'Option','','',''),(7879,'Subject','','',''),(7880,'Topic','','',''),(7881,'Option','','',''),(7882,'Subject','','',''),(7883,'Topic','','',''),(7884,'Option','','',''),(7885,'Subject','','',''),(7886,'Topic','','',''),(7887,'Option','','',''),(7888,'Subject','','',''),(7889,'Topic','','',''),(7890,'Option','','',''),(7891,'Yes','','',''),(7892,'No','','','');

/*Table structure for table `languages` */

DROP TABLE IF EXISTS `languages`;

CREATE TABLE `languages` (
  `id` int(255) NOT NULL AUTO_INCREMENT,
  `type` varchar(25) NOT NULL,
  `keyword` varchar(100) NOT NULL,
  `text` text NOT NULL,
  PRIMARY KEY (`id`)
) ENGINE=InnoDB AUTO_INCREMENT=6266 DEFAULT CHARSET=utf8mb4;

/*Data for the table `languages` */

insert  into `languages`(`id`,`type`,`keyword`,`text`) values (508,'english','sign_up_label','Sign Up'),(509,'english','fullname_label','Full name'),(512,'english','email_label','E-mail'),(514,'english','gender_label','Gender'),(515,'english','birthday_label','Birthday'),(516,'english','location_label','Current City'),(517,'english','hometown_label','Hometown'),(518,'english','captcha_label','Type the letters in the captcha'),(519,'english','gender_male_label','Male'),(520,'english','gender_female_label','Female'),(522,'english','home_label','Home'),(523,'english','notification_label','Notifications'),(524,'english','message_label','Message'),(525,'english','header_search_textarea_label','Search for people, trends, pages and groups'),(526,'english','header_search_header_label','Search Results'),(527,'english','header_search_all_results_label','See all results'),(528,'english','notification_header_label','Notifications'),(529,'english','more_header_label','More'),(530,'english','my_profile_label','My Profile'),(531,'english','my_pages_groups_label','My Pages &amp; Groups'),(532,'english','more_settings_label','Settings'),(533,'english','follow_suggestions_label','Suggestions'),(534,'english','follow_requests_label','Follow requests'),(535,'english','following_label','Following'),(536,'english','followers_label','Followers'),(538,'english','groups_joined_label','Groups Joined'),(540,'english','chat_search_label','Search for online friends'),(541,'english','messages_label','Messages'),(542,'english','messages_search_label','Search'),(543,'english','view_previous_messages_label','View previous messages'),(544,'english','no_messages_to_show_label','No messages to show'),(545,'english','write_a_message_label','Write a message'),(546,'english','edit_profile_label','Edit Profile'),(547,'english','change_avatar_label','Change avatar'),(548,'english','change_cover_label','Change cover'),(549,'english','reposition_cover_label','Reposition cover'),(550,'english','reposition_drag_label','Drag to reposition'),(551,'english','privacy_label','Privacy'),(552,'english','user_location_label','Lives in'),(553,'english','user_hometown_label','From'),(555,'english','filter_label_all','All'),(556,'english','filter_label_texts','Texts'),(557,'english','filter_label_photos','Photos'),(558,'english','filter_label_videos','Videos'),(559,'english','filter_label_music','Music'),(560,'english','filter_label_places','Places'),(561,'english','filter_label_likes','Likes'),(562,'english','filter_label_shares','Shares'),(565,'english','post_textarea_label','Write something... #hashtags @mentions'),(566,'english','comment_textarea_label','Write a comment... Press Enter to post'),(567,'english','people_likes_this_label','people likes this'),(568,'english','liked_people_label','People who like this'),(569,'english','shared_people_label','People who shared this'),(571,'english','no_shares_label','No shares yet!'),(572,'english','delete_post_label','Delete post'),(573,'english','view_all_comments_label','View all comments'),(574,'english','view_previous_posts_label','View previous posts'),(575,'english','page_create_label','Create Page'),(576,'english','page_category_label','Category'),(577,'english','description_label','Description'),(578,'english','page_name_textarea_label','Name of your page'),(579,'english','page_username_textarea_label','Username, e.g. YouTubeOfficial'),(580,'english','page_description_textarea_label','Write about your page...'),(581,'english','page_name_label','Name'),(582,'english','pages_name_label','Name'),(583,'english','address_label','Address'),(584,'english','awards_label','Awards'),(585,'english','phone_label','Phone'),(586,'english','products_label','Products'),(587,'english','pages_admin_roles_label','Admin Roles'),(588,'english','pages_add_admins_label','Add admins'),(589,'english','pages_likes_label','Page Likes'),(590,'english','pages_message_privacy','Allow people to send messages to Page'),(591,'english','pages_timeline_post_privacy','Allow people to post on Page&#039;s timeline'),(592,'english','group_create_label','Create Group'),(593,'english','group_name_textarea_label','Name of your group'),(594,'english','group_username_textarea_label','Username, e.g. Germany_Supporters_Group'),(595,'english','group_description_textarea_label','Write about your group...'),(596,'english','group_name_label','Name'),(597,'english','group_add_members_label','Add Members'),(598,'english','group_admins_label','Admins'),(599,'english','group_members_label','Members'),(600,'english','group_requests_label','Requests'),(601,'english','group_settings_label','Group Settings'),(602,'english','group_add_privacy_label','Who can add members to this group?'),(603,'english','group_timeline_post_privacy_label','Who can post on this group'),(604,'english','open_group_description','Anyone can see and join the group'),(605,'english','closed_group_description','Anyone can see and request to join the group. Requests can be accepted or declined by admins'),(606,'english','secret_group_description','Only members can access the group'),(607,'english','manage_pages_header_label','Pages You Manage'),(608,'english','no_managed_pages_label','You do not have any pages to manage'),(609,'english','manage_groups_header_label','Groups You Manage'),(610,'english','no_managed_groups_label','You do not have any groups to manage'),(611,'english','settings_label','Settings'),(612,'english','general_settings_label','General Settings'),(613,'english','privacy_settings_label','Privacy Settings'),(614,'english','timeline_avatar_label','Timeline Avatar'),(615,'english','timeline_cover_label','Timeline Cover'),(616,'english','confirm_follow_request_label','Confirm request when someone follows you'),(617,'english','follow_privacy_label','Who can follow you'),(618,'english','message_privacy_label','Who can message you'),(619,'english','comment_privacy_label','Who can comment on your posts'),(620,'english','timeline_post_privacy_label','Who can post on your timeline'),(622,'english','new_password_label','New password'),(623,'english','update_password_label','Update password'),(624,'english','search_header_label','Search'),(625,'english','search_textarea_label','Search using name, username, email or ID'),(626,'english','search_result_header_label','Search results'),(627,'english','hashtag_search_header_label','See what&#039;s happening!'),(628,'english','hashtag_search_textarea_label','Search for posts using #hashtag'),(629,'english','terms_about_label','About'),(630,'english','terms_contact_label','Contact'),(631,'english','terms_privacy_label','Privacy Policy'),(633,'english','terms_disclaimer_label','Disclaimer'),(634,'english','about_us_label','About Us'),(635,'english','contact_us_label','Contact Us'),(636,'english','save_changes_button','Save Changes'),(637,'english','upload_button','Upload'),(638,'english','delete_button','Delete'),(639,'english','admin_link_label','Admin'),(640,'english','languages_label','Languages'),(641,'english','logout','Log Out'),(642,'english','menu_label','Menu'),(643,'english','refresh_label','Refresh'),(644,'english','january','January'),(645,'english','february','February'),(646,'english','march','March'),(647,'english','april','April'),(648,'english','may','May'),(649,'english','june','June'),(650,'english','july','July'),(651,'english','august','August'),(652,'english','september','September'),(653,'english','october','October'),(654,'english','november','November'),(655,'english','december','December'),(656,'english','accept','Accept'),(657,'english','accepting','Accepting'),(658,'english','add','Add'),(659,'english','added','Added'),(660,'english','adding','Adding'),(661,'english','added_all_followers_to_page','You have added all your followers as admins of this Page.'),(662,'english','admin','Admin'),(663,'english','admin_editor_difference','Editors have same abilities as Admins except they cannot add or remove any admins or editors.'),(664,'english','cancel','Cancel'),(665,'english','cannot_reply_to_conversation','You cannot reply to this conversation'),(666,'english','changes_saved','Changes saved!'),(667,'english','chat_new_update_alert','New!'),(668,'english','closed_group','Closed Group'),(669,'english','comments','Comments'),(670,'english','creating','Creating'),(671,'english','day','Day'),(672,'english','decline','Decline'),(673,'english','declining','Declining'),(674,'english','edit_label','Edit'),(675,'english','editor','Editor'),(676,'english','error_bad_captcha','Your captcha is incorrect.'),(677,'english','error_bad_login','Invalid username and/or password.'),(678,'english','error_empty_login','Please fill in all login details.'),(679,'english','error_empty_registration','Please fill in all registration details.'),(680,'english','error_verify_email','Please verify your email first.'),(681,'english','everyone','Everyone'),(682,'english','follow_button_label','Follow'),(683,'english','forgot_password','Forgot Password'),(684,'english','group_intro_header','Learn more about Groups'),(685,'english','group_intro_list1_header','Share different things with different people'),(686,'english','group_intro_list1_description','Groups let you share things with the people who will care about them most. By creating a group for each of the important parts of your life  family, teammates, coworkers  you decide who sees what you share.'),(687,'english','group_intro_list2_header','Who can you add to a group?'),(688,'english','group_intro_list2_description','You can add anyone you are following/are friends with.'),(689,'english','group_intro_list3_header','Who can join your group?'),(690,'english','group_intro_list3_description','Anyone can join your group if your group&#039;s privacy is set to Open. For Closed groups, anyone can request to join but requests have to be accepted by admins first. Secret groups are not visible to anyone but only the members of the group.'),(691,'english','group_label','Groups'),(692,'english','groups_label','Groups'),(693,'english','header_following_label','Following'),(694,'english','header_join_label','Join'),(695,'english','join_button_label','Join'),(696,'english','leave_button_label','Joined'),(698,'english','likes_label','Likes'),(699,'english','likes_this_label','likes this'),(701,'english','log_in_facebook','Login with Facebook'),(702,'english','month','Month'),(703,'english','no','No'),(704,'english','no_admins','There are no admins.'),(705,'english','no_follow_requests','does not have any follow requests.'),(706,'english','no_followers','has no followers yet.'),(707,'english','no_followers_to_add_to_group','You do not have any followers to add to this group.'),(708,'english','no_followers_to_add_to_page','You do not have any followers to add as an admin of this Page.'),(709,'english','no_followings','has not followed anyone yet.'),(710,'english','no_groups_joined','has not joined any groups yet.'),(711,'english','no_liked_pages','has not liked any pages yet.'),(712,'english','no_notifications','You do not have any notifications'),(713,'english','no_one','No one'),(714,'english','no_result_found','No result found!'),(715,'english','open_group','Open Group'),(716,'english','page_intro_header','About Pages'),(717,'english','page_intro_list1_header','Brand your Page'),(718,'english','page_intro_list1_description','Add a unique cover photo and showcase your most important news on your Page timeline.'),(719,'english','page_intro_list2_header','Connect with a wide range of people'),(720,'english','page_intro_list2_description','Post new updates so people who cares knows what&#039;s going on and what matters.'),(721,'english','password_reset_mail_confirm','We have sent you an e-mail with instructions to reset your password. Please check your inbox.'),(722,'english','password_reset_mail_unknown','We could not recognize your username/e-mail.'),(723,'english','passwords_not_match','Passwords do not match.'),(724,'english','people_i_follow','People I Follow'),(725,'english','please_wait','Please wait'),(726,'english','post_button','Post'),(727,'english','post_follow_button_label','Get notifications'),(728,'english','post_followers_label','Followers'),(731,'english','post_not_exist','This story does not exist anymore.'),(734,'english','post_publisher_soundcloud_placeholder','What are you listening?'),(735,'english','post_publisher_youtube_placeholder','What are you watching?'),(736,'english','post_publisher_googlemap_placeholder','Where are you?'),(737,'english','processing','Processing'),(738,'english','remove','Remove'),(739,'english','removing','Removing'),(740,'english','report','Report'),(741,'english','repositioning','Repositioning'),(742,'english','reset','Reset'),(743,'english','reset_password_label','Reset Password'),(744,'english','reset_password_reset','Request Password Reset'),(745,'english','request_sent_label','Requested'),(746,'english','requests_label','Requests'),(747,'english','save_position_label','Save Position'),(748,'english','search_button','Search'),(749,'english','searching','Searching...'),(750,'english','secret_group','Secret Group'),(752,'english','shares_label','Shares'),(753,'english','shared_this_label','shared this'),(754,'english','tagged_on_this_label','was tagged on this'),(755,'english','timezone','Timezone'),(756,'english','trending_header_label','Trending!'),(757,'english','unfollow_button_label','Following'),(760,'english','upload_photo','Upload Photo'),(761,'english','uploaded','Uploaded'),(762,'english','uploading','Uploading'),(763,'english','verification_email_sent','Registration successful. We have sent you an email. Please check your inbox/spam to verify your email ID.'),(764,'english','year','Year'),(765,'english','yes','Yes'),(767,'english','accepted_friend_request','accepted your friend request'),(769,'english','add_as_friend_button','Add as friend'),(770,'english','added_all_followings_to_page','You have added all your followings as admins of this Page.'),(771,'english','added_all_friends_to_page','You have added all your friends as admins of this Page.'),(772,'english','added_to_group','added you to the group &quot;{group_name}&quot;'),(773,'english','album_create_label','Create Album'),(774,'english','albums','Albums'),(775,'english','commented_on_post','commented on your post &quot;{post}&quot;'),(776,'english','commented_on_user_post','commented on {user}&#039;s post &quot;{post}...&quot;'),(777,'english','create','Create'),(778,'english','following_you_plural','and {count} others are following you.'),(779,'english','following_you_singular','is following you.'),(780,'english','friends_button','Friends'),(781,'english','friends_label','Friends'),(782,'english','friends_requests_label','Friend Requests'),(783,'english','header_friends_label','Friends'),(784,'english','likes_your_post','likes your post &quot;{post}...&quot;'),(785,'english','made_group_admin','made you an admin of the group &quot;{group_name}&quot;'),(786,'english','made_page_admin','made you an admin of their Page'),(787,'english','mentioned_in_comment','mentioned you in a comment'),(788,'english','mentioned_in_post','mentioned you in a post'),(789,'english','my_friends','My Friends'),(790,'english','no_friends','has no friends yet!'),(791,'english','no_friends_to_add_to_group','You do not have any friends to add to this group.'),(792,'english','no_friends_to_add_to_page','You do not have any friends to add as an admin of this Page.'),(793,'english','notif_other_people','and {count} others'),(794,'english','post_privacy','Who can see your posts'),(795,'english','posted_on_timeline','posted on your timeline'),(796,'english','shared_your_post','shared your post &quot;{post}...&quot;'),(803,'english','announcements','Announcements'),(804,'english','close_chat','Close chat'),(805,'english','connect_with_fb','Connect with Facebook'),(806,'english','copyright','Copyright'),(807,'english','create_an_album','Create album'),(808,'english','description_of_album','Description'),(809,'english','delete_album','Delete Album'),(810,'english','delete_photo','Delete Photo'),(811,'english','invalid_token','Invalid token'),(812,'english','keep_me_logged_in','Keep me logged in'),(813,'english','name_of_album','Name of album'),(814,'english','name_of_album_label','Name'),(815,'english','no_friends_online','None of your friends are online right now.'),(816,'english','no_followers_online','None of the people you follow are online right now.'),(817,'english','oops','Oops!'),(818,'english','no_search_result','No result found for your search.'),(819,'english','photos_selected','photo(s) selected'),(820,'english','upload_photos','Upload Photos'),(821,'english','welcome_to_sitename','Welcome to %sitename%'),(822,'english','close','Close'),(823,'english','likes_your_comment','likes your comment &quot;{comment}...&quot;'),(824,'english','delete_comment_label','Delete comment'),(825,'english','no_user_found','No user found.'),(826,'english','incorrect_password','Incorrect password.'),(827,'english','username_available','Username available!'),(828,'english','username_this_is_you','This is you!'),(829,'english','username_not_available','Username not available!'),(830,'english','username_requirements','Username should atleast be 4 characters, cannot be only numbers, can contain alphabets [A-Z], numbers [0-9] and underscores (_) only.'),(831,'english','view_more','View more'),(832,'english','loading','Loading...'),(833,'english','no_more_recipients','No more recipients'),(835,'english','email_notification_comment_label','E-mail me when someone comments on my posts'),(836,'english','email_notification_postlike_label','E-mail me when someone likes my post'),(837,'english','email_notification_postshare_label','E-mail me when someone shares my post'),(838,'english','email_notification_follow_label','E-mail me when someone follows me'),(839,'english','email_notification_friendrequest_label','E-mail me when someone sends me a friend request'),(840,'english','email_notification_groupjoined_label','E-mail me when someone wants to join my group'),(841,'english','email_notification_pagelike_label','E-mail me when someone likes my page'),(842,'english','email_notification_message_label','E-mail me when someone messages me'),(843,'english','email_notification_timelinepost_label','E-mail me when someone posts on my timeline'),(844,'english','error_email_exists','An account with this e-mail is already registered.'),(845,'english','new_comment_email_subject','{user} has commented on your post'),(846,'english','new_like_email_subject','{user} has liked your post'),(847,'english','new_share_email_subject','{user} has shared your post'),(848,'english','new_follower_email_subject','{user} is following you'),(849,'english','new_friend_request_email_subject','{user} has sent you a friend request'),(850,'english','new_groupmember_email_subject','{user} has joined your group'),(851,'english','new_grouprequest_email_subject','{user} wants to join your group'),(852,'english','new_message_email_subject','{user} messaged you'),(853,'english','new_pagelike_email_subject','{user} has liked your page'),(854,'english','new_timelinepost_email_subject','{user} posted on your timeline'),(855,'english','liked_your_page','{user} has liked your page: {page}'),(856,'english','joined_your_group','{user} has joined your group: {group}'),(857,'english','requested_to_join_your_group','{user} requested to join your group: {group}'),(858,'english','posted_on_page_timeline','has posted on your page {page}&#039;s timeline'),(859,'english','pcat_local_business_or_place','Local Business or Place'),(860,'english','pcat_airport','Airport'),(861,'english','pcat_arts_entertainment_nightlife','Arts/Entertainment/Nightlife'),(862,'english','pcat_attractions_things_to_do','Attractions/Things to Do'),(863,'english','pcat_automotive','Automotive'),(864,'english','pcat_bank_financial_services','Bank/Financial Services'),(865,'english','pcat_bar','Bar'),(866,'english','pcat_book_store','Book Store'),(867,'english','pcat_business_services','Business Services'),(868,'english','pcat_church_religious_organization','Church/Religious Organization'),(869,'english','pcat_club','Club'),(870,'english','pcat_community_government','Community/Government'),(871,'english','pcat_concert_venue','Concert Venue'),(872,'english','pcat_doctor','Doctor'),(873,'english','pcat_education','Education'),(874,'english','pcat_event_planning_event_services','Event Planning/Event Services'),(875,'english','pcat_food_grocery','Food/Grocery'),(876,'english','pcat_health_medical_pharmacy','Health/Medical/Pharmacy'),(877,'english','pcat_home_improvement','Home Improvement'),(878,'english','pcat_hospital_clinic','Hospital/Clinic'),(879,'english','pcat_hotel','Hotel'),(880,'english','pcat_landmark','Landmark'),(881,'english','pcat_lawyer','Lawyer'),(882,'english','pcat_library','Library'),(883,'english','pcat_local_business','Local Business'),(884,'english','pcat_middle_school','Middle School'),(885,'english','pcat_movie_theater','Movie Theater'),(886,'english','pcat_museum_art_gallery','Museum/Art Gallery'),(887,'english','pcat_outdoor_gear_sporting_goods','Outdoor Gear/Sporting Goods'),(888,'english','pcat_pet_services','Pet Services'),(889,'english','pcat_professional_services','Professional Services'),(890,'english','pcat_public_places','Public Places'),(891,'english','pcat_real_estate','Real Estate'),(892,'english','pcat_restaurant_cafe','Restaurant/Cafe'),(893,'english','pcat_school','School'),(894,'english','pcat_shopping_retail','Shopping/Retail'),(895,'english','pcat_spas_beauty_personal_care','Spas/Beauty/Personal Care'),(896,'english','pcat_sports_venue','Sports Venue'),(897,'english','pcat_sports_recreation_activities','Sports/Recreation/Activities'),(898,'english','pcat_tours_sightseeing','Tours/Sightseeing'),(899,'english','pcat_transportation','Transportation'),(900,'english','pcat_university','University'),(901,'english','pcat_company__organization_or_institution','Company, Organization or Institution'),(902,'english','pcat_aerospace_defense','Aerospace/Defense'),(903,'english','pcat_automobiles_and_parts','Automobiles and Parts'),(904,'english','pcat_bank_financial_institution','Bank/Financial Institution'),(905,'english','pcat_biotechnology','Biotechnology'),(906,'english','pcat_cause','Cause'),(907,'english','pcat_chemicals','Chemicals'),(908,'english','pcat_community_organization','Community Organization'),(909,'english','pcat_company','Company'),(910,'english','pcat_computers_technology','Computers/Technology'),(911,'english','pcat_consulting_business_services','Consulting/Business Services'),(912,'english','pcat_energy_utility','Energy/Utility'),(913,'english','pcat_engineering_construction','Engineering/Construction'),(914,'english','pcat_farming_agriculture','Farming/Agriculture'),(915,'english','pcat_food_beverages','Food/Beverages'),(916,'english','pcat_government_organization','Government Organization'),(917,'english','pcat_health_beauty','Health/Beauty'),(918,'english','pcat_health_medical_pharmaceuticals','Health/Medical/Pharmaceuticals'),(919,'english','pcat_industrials','Industrials'),(920,'english','pcat_insurance_company','Insurance Company'),(921,'english','pcat_internet_software','Internet/Software'),(922,'english','pcat_legal_law','Legal/Law'),(923,'english','pcat_media_news_publishing','Media/News/Publishing'),(924,'english','pcat_mining_materials','Mining/Materials'),(925,'english','pcat_non_governmental_organization__ngo_','Non-Governmental Organization (NGO)'),(926,'english','pcat_non_profit_organization','Non-Profit Organization'),(927,'english','pcat_organization','Organization'),(928,'english','pcat_political_organization','Political Organization'),(929,'english','pcat_political_party','Political Party'),(930,'english','pcat_retail_and_consumer_merchandise','Retail and Consumer Merchandise'),(931,'english','pcat_small_business','Small Business'),(932,'english','pcat_telecommunication','Telecommunication'),(933,'english','pcat_transport_freight','Transport/Freight'),(934,'english','pcat_travel_leisure','Travel/Leisure'),(935,'english','pcat_brand_or_product','Brand or Product'),(936,'english','pcat_appliances','Appliances'),(937,'english','pcat_baby_goods_kids_goods','Baby Goods/Kids Goods'),(938,'english','pcat_bags_luggage','Bags/Luggage'),(939,'english','pcat_board_game','Board Game'),(940,'english','pcat_building_materials','Building Materials'),(941,'english','pcat_camera_photo','Camera/Photo'),(942,'english','pcat_cars','Cars'),(943,'english','pcat_clothing','Clothing'),(944,'english','pcat_commercial_equipment','Commercial Equipment'),(945,'english','pcat_computers','Computers'),(946,'english','pcat_drugs','Drugs'),(947,'english','pcat_electronics','Electronics'),(948,'english','pcat_furniture','Furniture'),(949,'english','pcat_games_toys','Games/Toys'),(950,'english','pcat_home_decor','Home Decor'),(951,'english','pcat_household_supplies','Household Supplies'),(952,'english','pcat_jewelry_watches','Jewelry/Watches'),(953,'english','pcat_kitchen_cooking','Kitchen/Cooking'),(954,'english','pcat_office_supplies','Office Supplies'),(955,'english','pcat_patio_garden','Patio/Garden'),(956,'english','pcat_pet_supplies','Pet Supplies'),(957,'english','pcat_phone_tablet','Phone/Tablet'),(958,'english','pcat_product_service','Product/Service'),(959,'english','pcat_software','Software'),(960,'english','pcat_tools_equipment','Tools/Equipment'),(961,'english','pcat_video_game','Video Game'),(962,'english','pcat_vitamins_supplements','Vitamins/Supplements'),(963,'english','pcat_website','Website'),(964,'english','pcat_wine_spirits','Wine/Spirits'),(965,'english','pcat_artist__band_or_public_figure','Artist, Band or Public Figure'),(966,'english','pcat_actor_director','Actor/Director'),(967,'english','pcat_artist','Artist'),(968,'english','pcat_athlete','Athlete'),(969,'english','pcat_author','Author'),(970,'english','pcat_business_person','Business Person'),(971,'english','pcat_chef','Chef'),(972,'english','pcat_coach','Coach'),(973,'english','pcat_comedian','Comedian'),(974,'english','pcat_dancer','Dancer'),(975,'english','pcat_designer','Designer'),(976,'english','pcat_entertainer','Entertainer'),(977,'english','pcat_entrepreneur','Entrepreneur'),(978,'english','pcat_fictional_character','Fictional Character'),(979,'english','pcat_government_official','Government Official'),(980,'english','pcat_journalist','Journalist'),(981,'english','pcat_movie_character','Movie Character'),(982,'english','pcat_musician_band','Musician/Band'),(983,'english','pcat_news_personality','News Personality'),(984,'english','pcat_pet','Pet'),(985,'english','pcat_photographer','Photographer'),(986,'english','pcat_politician','Politician'),(987,'english','pcat_producer','Producer'),(988,'english','pcat_public_figure','Public Figure'),(989,'english','pcat_teacher','Teacher'),(990,'english','pcat_writer','Writer'),(991,'english','pcat_entertainment','Entertainment'),(992,'english','pcat_album','Album'),(993,'english','pcat_amateur_sports_team','Amateur Sports Team'),(994,'english','pcat_book','Book'),(995,'english','pcat_book_series','Book Series'),(996,'english','pcat_concert_tour','Concert Tour'),(997,'english','pcat_magazine','Magazine'),(998,'english','pcat_movie','Movie'),(999,'english','pcat_music_award','Music Award'),(1000,'english','pcat_music_chart','Music Chart'),(1001,'english','pcat_music_video','Music Video'),(1002,'english','pcat_professional_sports_team','Professional Sports Team'),(1003,'english','pcat_radio_station','Radio Station'),(1004,'english','pcat_record_label','Record Label'),(1005,'english','pcat_school_sports_team','School Sports Team'),(1006,'english','pcat_song','Song'),(1007,'english','pcat_sports_league','Sports League'),(1008,'english','pcat_studio','Studio'),(1009,'english','pcat_tv_channel','TV Channel'),(1010,'english','pcat_tv_network','TV Network'),(1011,'english','pcat_tv_show','TV Show'),(1012,'english','pcat_tv_movie_award','TV/Movie Award'),(1015,'english','group_join_suggestions_label','Groups You May Join'),(1016,'english','deactivate_account_label','Deactivate account'),(2041,'indonesian','sign_up_label','Daftar'),(2042,'indonesian','fullname_label','Nama lengkap'),(2045,'indonesian','email_label','E-mail'),(2047,'indonesian','gender_label','Jenis Kelamin'),(2048,'indonesian','birthday_label','Ulang Tahun'),(2049,'indonesian','location_label','Kota'),(2050,'indonesian','hometown_label','Rumah kota'),(2051,'indonesian','captcha_label','Ketik huruf di captcha'),(2052,'indonesian','gender_male_label','Pria'),(2053,'indonesian','gender_female_label','wanita'),(2055,'indonesian','home_label','Beranda'),(2056,'indonesian','notification_label','Pemberitahuan'),(2057,'indonesian','message_label','Pesan'),(2058,'indonesian','header_search_textarea_label','Cari orang, tren, halaman dan Group'),(2059,'indonesian','header_search_header_label','Hasil Pencarian'),(2060,'indonesian','header_search_all_results_label','Lihat semua hasil'),(2061,'indonesian','notification_header_label','Pemberitahuan'),(2062,'indonesian','more_header_label','Lebih'),(2063,'indonesian','my_profile_label','Profil saya'),(2064,'indonesian','my_pages_groups_label','Halaman saya &amp; Grup'),(2065,'indonesian','more_settings_label','Pengaturan'),(2066,'indonesian','follow_suggestions_label','Saran'),(2067,'indonesian','follow_requests_label','Ikuti Permintaan'),(2068,'indonesian','following_label','Mengikuti'),(2069,'indonesian','followers_label','Pengikut'),(2071,'indonesian','groups_joined_label','Grup Bergabung'),(2073,'indonesian','chat_search_label','Cari teman-teman online'),(2074,'indonesian','messages_label','Pesan'),(2075,'indonesian','messages_search_label','Cari'),(2076,'indonesian','view_previous_messages_label','Lihat pesan sebelumnya'),(2077,'indonesian','no_messages_to_show_label','Tidak ada pesan untuk di tunjukkan'),(2078,'indonesian','write_a_message_label','Tulis pesan'),(2079,'indonesian','edit_profile_label','Sunting Profile'),(2080,'indonesian','change_avatar_label','Ubah avatar'),(2081,'indonesian','change_cover_label','Perubahan tutupan'),(2082,'indonesian','reposition_cover_label','Reposisi cover'),(2083,'indonesian','reposition_drag_label','Tarik untuk memposisikan'),(2084,'indonesian','privacy_label','Privasi'),(2085,'indonesian','user_location_label','Tinggal di'),(2086,'indonesian','user_hometown_label','Dari'),(2088,'indonesian','filter_label_all','semua'),(2089,'indonesian','filter_label_texts','Teks'),(2090,'indonesian','filter_label_photos','Foto'),(2091,'indonesian','filter_label_videos','Video'),(2092,'indonesian','filter_label_music','Musik'),(2093,'indonesian','filter_label_places','Tempat'),(2094,'indonesian','filter_label_likes','Suka'),(2095,'indonesian','filter_label_shares','Saham'),(2098,'indonesian','post_textarea_label','Tuliskan sesuatu ... #hashtags @sebutan'),(2099,'indonesian','comment_textarea_label','Tulis komentar ... Tekan Enter untuk mengirim'),(2100,'indonesian','people_likes_this_label','orang menyukai ini'),(2101,'indonesian','liked_people_label','Orang yang menyukai ini'),(2102,'indonesian','shared_people_label','Orang-orang yang berbagi ini'),(2104,'indonesian','no_shares_label','Belum ada saham!'),(2105,'indonesian','delete_post_label','menghapus postingan'),(2106,'indonesian','view_all_comments_label','Lihat semua komentar'),(2107,'indonesian','view_previous_posts_label','Lihat posting sebelumnya'),(2108,'indonesian','page_create_label','Buat Halaman'),(2109,'indonesian','page_category_label','Kategori'),(2110,'indonesian','description_label','Deskripsi'),(2111,'indonesian','page_name_textarea_label','Nama halaman Anda'),(2112,'indonesian','page_username_textarea_label','Nama pengguna, misalnya mbahgito'),(2113,'indonesian','page_description_textarea_label','Tulis tentang halaman Anda ...'),(2114,'indonesian','page_name_label','Nama'),(2115,'indonesian','pages_name_label','Nama'),(2116,'indonesian','address_label','Alamat'),(2117,'indonesian','awards_label','Choice'),(2118,'indonesian','phone_label','Telepon'),(2119,'indonesian','products_label','Produk'),(2120,'indonesian','pages_admin_roles_label','Peran Admin'),(2121,'indonesian','pages_add_admins_label','Tambahkan admin'),(2122,'indonesian','pages_likes_label','Halaman Suka'),(2123,'indonesian','pages_message_privacy','Izinkan orang untuk mengirim pesan ke Halaman'),(2124,'indonesian','pages_timeline_post_privacy','Izinkan orang untuk mengirim pada Halaman&#039;s waktu'),(2125,'indonesian','group_create_label','Buat Grup'),(2126,'indonesian','group_name_textarea_label','Nama grup'),(2127,'indonesian','group_username_textarea_label','Nama pengguna, e.g. Rembon'),(2128,'indonesian','group_description_textarea_label','Tulis tentang grup Anda ...'),(2129,'indonesian','group_name_label','Nama'),(2130,'indonesian','group_add_members_label','Tambahkan Members'),(2131,'indonesian','group_admins_label','Admin'),(2132,'indonesian','group_members_label','Anggota'),(2133,'indonesian','group_requests_label','Permintaan'),(2134,'indonesian','group_settings_label','Pengaturan Grup'),(2135,'indonesian','group_add_privacy_label','Siapa yang dapat menambahkan anggota ke grup ini?'),(2136,'indonesian','group_timeline_post_privacy_label','Siapa yang bisa posting di grup ini'),(2137,'indonesian','open_group_description','Siapapun dapat melihat dan bergabung dengan grup'),(2138,'indonesian','closed_group_description','Siapapun bisa melihat dan meminta untuk bergabung dengan grup. Permintaan dapat diterima atau ditolak oleh admin'),(2139,'indonesian','secret_group_description','Hanya anggota yang dapat mengakses kelompok'),(2140,'indonesian','manage_pages_header_label','Halaman Anda Mengelola'),(2141,'indonesian','no_managed_pages_label','Anda tidak memiliki halaman untuk mengelola'),(2142,'indonesian','manage_groups_header_label','Grup Anda Kelola'),(2143,'indonesian','no_managed_groups_label','Anda tidak memiliki kelompok untuk mengelola'),(2144,'indonesian','settings_label','Pengaturan'),(2145,'indonesian','general_settings_label','Pengaturan Umum'),(2146,'indonesian','privacy_settings_label','Pengaturan Privasi'),(2147,'indonesian','timeline_avatar_label','Timeline Avatar'),(2148,'indonesian','timeline_cover_label','Timeline Sampul'),(2149,'indonesian','confirm_follow_request_label','Konfirmasi permintaan ketika seseorang mengikuti Anda'),(2150,'indonesian','follow_privacy_label','Siapa yang dapat mengikuti Anda'),(2151,'indonesian','message_privacy_label','Siapa yang dapat mengirimi Anda pesan'),(2152,'indonesian','comment_privacy_label','Siapa yang dapat mengomentari posting Anda'),(2153,'indonesian','timeline_post_privacy_label','Siapa yang bisa posting di timeline Anda'),(2155,'indonesian','new_password_label','Kata sandi baru'),(2156,'indonesian','update_password_label','Ubah password'),(2157,'indonesian','search_header_label','Cari'),(2158,'indonesian','search_textarea_label','Cari menggunakan nama, username, email atau ID'),(2159,'indonesian','search_result_header_label','Hasil pencarian'),(2160,'indonesian','hashtag_search_header_label','Lihat apa&#039;s terjadi!'),(2161,'indonesian','hashtag_search_textarea_label','Cari posting menggunakan #hashtag'),(2162,'indonesian','terms_about_label','Tentang'),(2163,'indonesian','terms_contact_label','Kontak'),(2164,'indonesian','terms_privacy_label','Kebijakan privasi'),(2166,'indonesian','terms_disclaimer_label','Sangkalan'),(2167,'indonesian','about_us_label','Tentang Kami'),(2168,'indonesian','contact_us_label','Tentang Kami'),(2169,'indonesian','save_changes_button','Simpan Perubahan'),(2170,'indonesian','upload_button','Upload'),(2171,'indonesian','delete_button','Hapus'),(2172,'indonesian','admin_link_label','Pengurus'),(2173,'indonesian','languages_label','Bahasa'),(2174,'indonesian','logout','Keluar'),(2175,'indonesian','menu_label','Menu'),(2176,'indonesian','refresh_label','Segarkan'),(2177,'indonesian','january','Januari'),(2178,'indonesian','february','Februari'),(2179,'indonesian','march','Maret'),(2180,'indonesian','april','April'),(2181,'indonesian','may','May'),(2182,'indonesian','june','Juni'),(2183,'indonesian','july','Juli'),(2184,'indonesian','august','Agustus'),(2185,'indonesian','september','September'),(2186,'indonesian','october','Oktober'),(2187,'indonesian','november','November'),(2188,'indonesian','december','Desember'),(2189,'indonesian','accept','Terima'),(2190,'indonesian','accepting','Menerima'),(2191,'indonesian','add','Tambahkan'),(2192,'indonesian','added','Ditambahkan'),(2193,'indonesian','adding','Menambahkan'),(2194,'indonesian','added_all_followers_to_page','Anda telah menambahkan semua pengikut Anda sebagai admin dari halaman ini.'),(2195,'indonesian','admin','Pengurus'),(2196,'indonesian','admin_editor_difference','Editor memiliki kemampuan sama seperti Admin kecuali mereka tidak dapat menambah atau menghapus admin atau editor.'),(2197,'indonesian','cancel','Batal'),(2198,'indonesian','cannot_reply_to_conversation','Anda tidak dapat menjawab percakapan ini'),(2199,'indonesian','changes_saved','Perubahan disimpan!'),(2200,'indonesian','chat_new_update_alert','Baru!'),(2201,'indonesian','closed_group','Grup Tertutup'),(2202,'indonesian','comments','Komentar'),(2203,'indonesian','creating','Membuat'),(2204,'indonesian','day','Hari'),(2205,'indonesian','decline','penurunan'),(2206,'indonesian','declining','penurunan'),(2207,'indonesian','edit_label','Sunting'),(2208,'indonesian','editor','Editor'),(2209,'indonesian','error_bad_captcha','Sepertinya Captcha Anda tidak benar.'),(2210,'indonesian','error_bad_login','Waduh Username atau katasandi yang anda masukan tidak valid.'),(2211,'indonesian','error_empty_login','Silahkan isi semua rincian login dengan benar ya.'),(2212,'indonesian','error_empty_registration','Silahkan isi semua rincian pendaftaran.'),(2213,'indonesian','error_verify_email','Silakan verifikasi email Anda terlebih dahulu, sebelum anda bisa masuk ke situs paling bergengsi se dunia ini.'),(2214,'indonesian','everyone','Semua orang'),(2215,'indonesian','follow_button_label','Mengikuti'),(2216,'indonesian','forgot_password','Lupa Kata Sandi'),(2217,'indonesian','group_intro_header','Selengkapnya tentang Grup'),(2218,'indonesian','group_intro_list1_header','Berbagi hal yang berbeda dengan orang yang berbeda'),(2219,'indonesian','group_intro_list1_description','Grup memungkinkan Anda berbagi hal-hal dengan orang-orang yang akan peduli tentang mereka yang paling. Dengan membuat kelompok untuk masing-masing bagian penting dari hidup Anda - keluarga, teman-teman, rekan kerja - Anda memutuskan yang melihat apa yang Anda berbagi.'),(2220,'indonesian','group_intro_list2_header','Siapa yang dapat Anda tambahkan ke grup?'),(2221,'indonesian','group_intro_list2_description','Anda dapat menambahkan siapa saja yang mengikuti Anda.'),(2222,'indonesian','group_intro_list3_header','Siapa yang dapat bergabung dengan grup Anda?'),(2223,'indonesian','group_intro_list3_description','Siapapun dapat bergabung dengan grup Anda jika grup Anda &#039; s privasi diatur ke Buka. Untuk Grup tertutup, siapa pun dapat meminta untuk bergabung, tapi permintaan harus diterima oleh admin pertama. Kelompok rahasia yang tidak dapat dilihat orang tetapi hanya anggota kelompok.'),(2224,'indonesian','group_label','Grup'),(2225,'indonesian','groups_label','Grup'),(2226,'indonesian','header_following_label','Setelah'),(2227,'indonesian','header_join_label','Gabung'),(2228,'indonesian','join_button_label','Gabung'),(2229,'indonesian','leave_button_label','Gabung'),(2231,'indonesian','likes_label','Suka'),(2232,'indonesian','likes_this_label','menyukai ini'),(2234,'indonesian','log_in_facebook','Login dengan Facebook'),(2235,'indonesian','month','Bulan'),(2236,'indonesian','no','Tidak'),(2237,'indonesian','no_admins','Tidak ada pengurus.'),(2238,'indonesian','no_follow_requests','tidak memiliki mengikuti permintaan.'),(2239,'indonesian','no_followers','tidak memiliki pengikut belum.'),(2240,'indonesian','no_followers_to_add_to_group','. Anda tidak memiliki pengikut untuk menambahkan ke grup ini'),(2241,'indonesian','no_followers_to_add_to_page','. Anda tidak memiliki pengikut menambahkan sebagai admin dari halaman ini'),(2242,'indonesian','no_followings','tidak mengikuti siapa pun belum.'),(2243,'indonesian','no_groups_joined','belum bergabung dengan kelompok mana pun.'),(2244,'indonesian','no_liked_pages','belum menyukai halaman belum.'),(2245,'indonesian','no_notifications','Anda tidak memiliki pemberitahuan apapun'),(2246,'indonesian','no_one','Tidak ada satu'),(2247,'indonesian','no_result_found','Tidak ada hasil ditemukan!'),(2248,'indonesian','open_group','Grup Terbuka'),(2249,'indonesian','page_intro_header','Tentang Pages'),(2250,'indonesian','page_intro_list1_header','Merek Page'),(2251,'indonesian','page_intro_list1_description','Tambahkan foto sampul unik dan menampilkan berita yang paling penting Anda pada timeline Halaman Anda.'),(2252,'indonesian','page_intro_list2_header','Terhubung dengan berbagai macam orang'),(2253,'indonesian','page_intro_list2_description','Posting update baru sehingga orang yang peduli tahu apa &#039; s terjadi dan apa yang penting.'),(2254,'indonesian','password_reset_mail_confirm','Kami telah mengirim e-mail dengan instruksi untuk mereset password Anda. Silakan periksa kotak masuk Anda.'),(2255,'indonesian','password_reset_mail_unknown','Maaf banget kami tidak bisa mengenali username atau e-mail Anda.'),(2256,'indonesian','passwords_not_match','Kata sandi tidak cocok.'),(2257,'indonesian','people_i_follow','Orang yang saya Ikuti'),(2258,'indonesian','please_wait','Harap tunggu'),(2259,'indonesian','post_button','Kirim'),(2260,'indonesian','post_follow_button_label','Dapatkan pemberitahuan'),(2261,'indonesian','post_followers_label','Pengikut'),(2264,'indonesian','post_not_exist','Cerita ini tidak ada lagi.'),(2267,'indonesian','post_publisher_soundcloud_placeholder','Apa yang Anda dengarkan?'),(2268,'indonesian','post_publisher_youtube_placeholder','Apa yang Anda tonton?'),(2269,'indonesian','post_publisher_googlemap_placeholder','Di mana Anda?'),(2270,'indonesian','processing','pengolahan'),(2271,'indonesian','remove','Hapus'),(2272,'indonesian','removing','Menghapus'),(2273,'indonesian','report','laporan'),(2274,'indonesian','repositioning','Repositioning'),(2275,'indonesian','reset','Atur ulang'),(2276,'indonesian','reset_password_label','Reset Password'),(2277,'indonesian','reset_password_reset','Permintaan Password Reset'),(2278,'indonesian','request_sent_label','Diminta'),(2279,'indonesian','requests_label','Permintaan'),(2280,'indonesian','save_position_label','Simpan Posisi'),(2281,'indonesian','search_button','Cari'),(2282,'indonesian','searching','Mencari...'),(2283,'indonesian','secret_group','Secret Grup'),(2285,'indonesian','shares_label','Saham'),(2286,'indonesian','shared_this_label','berbagi ini'),(2287,'indonesian','tagged_on_this_label','diberi tag pada ini'),(2288,'indonesian','timezone','Zona'),(2289,'indonesian','trending_header_label','Cenderung!'),(2290,'indonesian','unfollow_button_label','Mengikuti'),(2293,'indonesian','upload_photo','Upload Foto'),(2294,'indonesian','uploaded','Uploaded'),(2295,'indonesian','uploading','Mengunggah'),(2296,'indonesian','verification_email_sent','Pendaftaran berhasil. Kami telah mengirimi email Anda. Silakan periksa kotak masuk / spam untuk memverifikasi ID Anda.'),(2297,'indonesian','year','Tahun'),(2298,'indonesian','yes','Ya'),(2300,'indonesian','accepted_friend_request','menerima permintaan teman Anda'),(2302,'indonesian','add_as_friend_button','Tambahkan sebagai teman'),(2303,'indonesian','added_all_followings_to_page','Anda telah menambahkan semua berikut Anda sebagai admin dari halaman ini.'),(2304,'indonesian','added_all_friends_to_page','Anda telah menambahkan semua teman Anda sebagai admin dari halaman ini.'),(2305,'indonesian','added_to_group','menambahkan Anda ke grup &quot;{} group_name&quot;'),(2306,'indonesian','album_create_label','Buat Album'),(2307,'indonesian','albums','Album'),(2308,'indonesian','commented_on_post','mengomentari tulisan &quot;{} posting&quot;'),(2309,'indonesian','commented_on_user_post','mengomentari {user} post &#039;s &quot;{post}...&quot;'),(2310,'indonesian','create','Membuat'),(2311,'indonesian','following_you_plural','dan {count} lain mengikuti Anda.'),(2312,'indonesian','following_you_singular','adalah sebagai berikut Anda.'),(2313,'indonesian','friends_button','Teman'),(2314,'indonesian','friends_label','Teman'),(2315,'indonesian','friends_requests_label','Permintaan Pertemanan'),(2316,'indonesian','header_friends_label','Teman'),(2317,'indonesian','likes_your_post','menyukai posting Anda &quot;{post}...&quot;'),(2318,'indonesian','made_group_admin','membuat Anda seorang admin dari grup &quot;{group_name}&quot;'),(2319,'indonesian','made_page_admin','membuat Anda seorang admin Page mereka'),(2320,'indonesian','mentioned_in_comment','menyebut nama Anda dalam komentar'),(2321,'indonesian','mentioned_in_post','menyebut nama Anda dalam sebuah pos'),(2322,'indonesian','my_friends','Teman-Teman Saya'),(2323,'indonesian','no_friends','tidak memiliki teman belum!'),(2324,'indonesian','no_friends_to_add_to_group','Anda tidak memiliki teman untuk menambahkan ke grup ini.'),(2325,'indonesian','no_friends_to_add_to_page','Anda tidak memiliki teman untuk menambahkan sebagai admin dari halaman ini.'),(2326,'indonesian','notif_other_people','dan {count} lain'),(2327,'indonesian','post_privacy','Siapa yang dapat melihat posting Anda'),(2328,'indonesian','posted_on_timeline','diposting pada timeline Anda'),(2329,'indonesian','shared_your_post','bersama tulisan &quot;{post}...&quot;'),(2336,'indonesian','announcements','Pengumuman'),(2337,'indonesian','close_chat','Tutup chatting'),(2338,'indonesian','connect_with_fb','Terhubung dengan Facebook'),(2339,'indonesian','copyright','Hak Cipta'),(2340,'indonesian','create_an_album','Buat album'),(2341,'indonesian','description_of_album','Deskripsi'),(2342,'indonesian','delete_album','Hapus Album'),(2343,'indonesian','delete_photo','Hapus Foto'),(2344,'indonesian','invalid_token','Token valid'),(2345,'indonesian','keep_me_logged_in','Biarkan saya tetap masuk'),(2346,'indonesian','name_of_album','Nama album'),(2347,'indonesian','name_of_album_label','Nama'),(2348,'indonesian','no_friends_online','Tak satu pun dari teman-teman Anda sedang online sekarang.'),(2349,'indonesian','no_followers_online','Tak satu pun dari orang yang Anda ikuti sedang online sekarang.'),(2350,'indonesian','oops','Ups!'),(2351,'indonesian','no_search_result','Tidak ada hasil yang ditemukan untuk pencarian Anda.'),(2352,'indonesian','photos_selected','foto (s) yang dipilih'),(2353,'indonesian','upload_photos','Upload Foto'),(2354,'indonesian','welcome_to_sitename','Selamat Datang %sitename%'),(2355,'indonesian','close','Dekat'),(2356,'indonesian','likes_your_comment','menyukai komentar Anda &quot;{comment}...&quot;'),(2357,'indonesian','delete_comment_label','Hapus komentar'),(2358,'indonesian','no_user_found','Pengguna tidak ditemukan.'),(2359,'indonesian','incorrect_password','Kata kunci Salah.'),(2360,'indonesian','username_available','Nama pengguna tersedia!'),(2361,'indonesian','username_this_is_you','Ini kamu!'),(2362,'indonesian','username_not_available','Nama pengguna tidak tersedia!'),(2363,'indonesian','username_requirements','Nama pengguna harus minimal harus 4 karakter, tidak bisa hanya angka, dapat berisi huruf [AZ], angka [0-9] dan garis bawah (_) saja.'),(2364,'indonesian','view_more','Lihat lebih'),(2365,'indonesian','loading','Pemuatan...'),(2366,'indonesian','no_more_recipients','Tidak ada lagi penerima'),(2368,'indonesian','email_notification_comment_label','E-mail me when someone comments on my posts'),(2369,'indonesian','email_notification_postlike_label','E-mail me when someone likes my post'),(2370,'indonesian','email_notification_postshare_label','E-mail me when someone shares my post'),(2371,'indonesian','email_notification_follow_label','E-mail me when someone follows me'),(2372,'indonesian','email_notification_friendrequest_label','E-mail me when someone sends me a friend request'),(2373,'indonesian','email_notification_groupjoined_label','E-mail me when someone wants to join my group'),(2374,'indonesian','email_notification_pagelike_label','E-mail me when someone likes my page'),(2375,'indonesian','email_notification_message_label','E-mail me when someone messages me'),(2376,'indonesian','email_notification_timelinepost_label','E-mail me when someone posts on my timeline'),(2377,'indonesian','error_email_exists','An account with this e-mail is already registered.'),(2378,'indonesian','new_comment_email_subject','{user} has commented on your post'),(2379,'indonesian','new_like_email_subject','{user} has liked your post'),(2380,'indonesian','new_share_email_subject','{user} has shared your post'),(2381,'indonesian','new_follower_email_subject','{user} is following you'),(2382,'indonesian','new_friend_request_email_subject','{user} has sent you a friend request'),(2383,'indonesian','new_groupmember_email_subject','{user} has joined your group'),(2384,'indonesian','new_grouprequest_email_subject','{user} wants to join your group'),(2385,'indonesian','new_message_email_subject','{user} messaged you'),(2386,'indonesian','new_pagelike_email_subject','{user} has liked your page'),(2387,'indonesian','new_timelinepost_email_subject','{user} posted on your timeline'),(2388,'indonesian','liked_your_page','{user} has liked your page: {page}'),(2389,'indonesian','joined_your_group','{user} has joined your group: {group}'),(2390,'indonesian','requested_to_join_your_group','{user} requested to join your group: {group}'),(2391,'indonesian','posted_on_page_timeline','has posted on your page {page}&#039;s timeline'),(2392,'indonesian','pcat_local_business_or_place','Bisnis Lokal atau Daerah'),(2393,'indonesian','pcat_airport','Bandara'),(2394,'indonesian','pcat_arts_entertainment_nightlife','Seni / Hiburan / Kehidupan Malam'),(2395,'indonesian','pcat_attractions_things_to_do','Atraksi / Atraksi'),(2396,'indonesian','pcat_automotive','Otomotif'),(2397,'indonesian','pcat_bank_financial_services','Bank / Jasa Keuangan'),(2398,'indonesian','pcat_bar','Bar'),(2399,'indonesian','pcat_book_store','Toko Buku'),(2400,'indonesian','pcat_business_services','Layanan Bisnis'),(2401,'indonesian','pcat_church_religious_organization','Gereja / Organisasi Keagamaan'),(2402,'indonesian','pcat_club','Klub'),(2403,'indonesian','pcat_community_government','Masyarakat / Pemerintah'),(2404,'indonesian','pcat_concert_venue','Konser Venue'),(2405,'indonesian','pcat_doctor','Dokter'),(2406,'indonesian','pcat_education','Pendidikan'),(2407,'indonesian','pcat_event_planning_event_services','Acara Perencanaan / Jasa'),(2408,'indonesian','pcat_food_grocery','Makanan / Grocery'),(2409,'indonesian','pcat_health_medical_pharmacy','Kesehatan / Kedokteran / Farmasi'),(2410,'indonesian','pcat_home_improvement','Home Improvement'),(2411,'indonesian','pcat_hospital_clinic','Rumah Sakit / Klinik'),(2412,'indonesian','pcat_hotel','Hotel'),(2413,'indonesian','pcat_landmark','Landmark'),(2414,'indonesian','pcat_lawyer','Pengacara'),(2415,'indonesian','pcat_library','Perpustakaan'),(2416,'indonesian','pcat_local_business','Bisnis Lokal'),(2417,'indonesian','pcat_middle_school','Sekolah Menengah'),(2418,'indonesian','pcat_movie_theater','Bioskop'),(2419,'indonesian','pcat_museum_art_gallery','Museum / Galeri Seni'),(2420,'indonesian','pcat_outdoor_gear_sporting_goods','Outdoor Gear / Alat Olah Raga'),(2421,'indonesian','pcat_pet_services','Layanan Pet'),(2422,'indonesian','pcat_professional_services','Layanan Profesional'),(2423,'indonesian','pcat_public_places','Tempat Umum'),(2424,'indonesian','pcat_real_estate','Real Estat'),(2425,'indonesian','pcat_restaurant_cafe','Restaurant / Cafe'),(2426,'indonesian','pcat_school','Sekolah'),(2427,'indonesian','pcat_shopping_retail','Belanja / Retail'),(2428,'indonesian','pcat_spas_beauty_personal_care','Spa / Kecantikan / Personal Care'),(2429,'indonesian','pcat_sports_venue','Olahraga Venue'),(2430,'indonesian','pcat_sports_recreation_activities','Olahraga / Rekreasi / Kegiatan'),(2431,'indonesian','pcat_tours_sightseeing','Tours / Tamasya'),(2432,'indonesian','pcat_transportation','Angkutan'),(2433,'indonesian','pcat_university','Universitas'),(2434,'indonesian','pcat_company__organization_or_institution','Perusahaan, Organisasi atau Lembaga'),(2435,'indonesian','pcat_aerospace_defense','Aerospace / Pertahanan'),(2436,'indonesian','pcat_automobiles_and_parts','Mobil dan Suku Cadang'),(2437,'indonesian','pcat_bank_financial_institution','Bank / Lembaga Keuangan'),(2438,'indonesian','pcat_biotechnology','Bioteknologi'),(2439,'indonesian','pcat_cause','Penyebab'),(2440,'indonesian','pcat_chemicals','Bahan kimia'),(2441,'indonesian','pcat_community_organization','Organisasi Masyarakat'),(2442,'indonesian','pcat_company','Perusahaan'),(2443,'indonesian','pcat_computers_technology','Komputer / Teknologi'),(2444,'indonesian','pcat_consulting_business_services','Konsultasi / Layanan Bisnis'),(2445,'indonesian','pcat_energy_utility','Energi / Utilitas'),(2446,'indonesian','pcat_engineering_construction','Teknik / Konstruksi'),(2447,'indonesian','pcat_farming_agriculture','Pertanian / Pertanian'),(2448,'indonesian','pcat_food_beverages','Makanan / Minuman'),(2449,'indonesian','pcat_government_organization','Organisasi Pemerintah'),(2450,'indonesian','pcat_health_beauty','Kesehatan / Kecantikan'),(2451,'indonesian','pcat_health_medical_pharmaceuticals','Kesehatan / Kedokteran / Farmasi'),(2452,'indonesian','pcat_industrials','Industrials'),(2453,'indonesian','pcat_insurance_company','Perusahaan Asuransi'),(2454,'indonesian','pcat_internet_software','Internet / Software'),(2455,'indonesian','pcat_legal_law','Hukum / Undang-Undang'),(2456,'indonesian','pcat_media_news_publishing','Media / Berita / Penerbitan'),(2457,'indonesian','pcat_mining_materials','Pertambangan / Bahan'),(2458,'indonesian','pcat_non_governmental_organization__ngo_','Non-Governmental Organization (NGO)'),(2459,'indonesian','pcat_non_profit_organization','Organisasi Sosial'),(2460,'indonesian','pcat_organization','Organisasi'),(2461,'indonesian','pcat_political_organization','Organisasi politik'),(2462,'indonesian','pcat_political_party','Partai Politik'),(2463,'indonesian','pcat_retail_and_consumer_merchandise','Merchandise ritel dan Konsumen'),(2464,'indonesian','pcat_small_business','Bisnis Kecil'),(2465,'indonesian','pcat_telecommunication','Telekomunikasi'),(2466,'indonesian','pcat_transport_freight','Transportasi / Pengangkutan'),(2467,'indonesian','pcat_travel_leisure','Perjalanan / Kenyamanan'),(2468,'indonesian','pcat_brand_or_product','Merk atau Produk'),(2469,'indonesian','pcat_appliances','Tangga'),(2470,'indonesian','pcat_baby_goods_kids_goods','Bayi Barang / Anak Barang'),(2471,'indonesian','pcat_bags_luggage','Tas / Luggage'),(2472,'indonesian','pcat_board_game','Papan Permainan'),(2473,'indonesian','pcat_building_materials','Bahan Bangunan'),(2474,'indonesian','pcat_camera_photo','Kamera / Foto'),(2475,'indonesian','pcat_cars','Mobil'),(2476,'indonesian','pcat_clothing','Pakaian'),(2477,'indonesian','pcat_commercial_equipment','Peralatan komersial'),(2478,'indonesian','pcat_computers','Komputer'),(2479,'indonesian','pcat_drugs','Obat-obatan'),(2480,'indonesian','pcat_electronics','Elektronik'),(2481,'indonesian','pcat_furniture','Mebel'),(2482,'indonesian','pcat_games_toys','Permainan / Mainan'),(2483,'indonesian','pcat_home_decor','Home Decor'),(2484,'indonesian','pcat_household_supplies','Kebutuhan Rumah Tangga'),(2485,'indonesian','pcat_jewelry_watches','Perhiasan / Jam'),(2486,'indonesian','pcat_kitchen_cooking','Dapur / Memasak'),(2487,'indonesian','pcat_office_supplies','Peralatan Kantor'),(2488,'indonesian','pcat_patio_garden','Patio / Garden'),(2489,'indonesian','pcat_pet_supplies','Supplies Pet'),(2490,'indonesian','pcat_phone_tablet','Telepon / Tablet'),(2491,'indonesian','pcat_product_service','Produk / Jasa'),(2492,'indonesian','pcat_software','Perangkat lunak'),(2493,'indonesian','pcat_tools_equipment','Alat / Peralatan'),(2494,'indonesian','pcat_video_game','Video Game'),(2495,'indonesian','pcat_vitamins_supplements','Vitamin / Suplemen'),(2496,'indonesian','pcat_website','Situs web'),(2497,'indonesian','pcat_wine_spirits','Anggur / Alkohol'),(2498,'indonesian','pcat_artist__band_or_public_figure','Artis, Band atau Public Figure'),(2499,'indonesian','pcat_actor_director','Aktor / Direktur'),(2500,'indonesian','pcat_artist','Artis'),(2501,'indonesian','pcat_athlete','Atlet'),(2502,'indonesian','pcat_author','Penulis'),(2503,'indonesian','pcat_business_person','Orang Bisnis'),(2504,'indonesian','pcat_chef','Koki'),(2505,'indonesian','pcat_coach','Pelatih'),(2506,'indonesian','pcat_comedian','Pelawak'),(2507,'indonesian','pcat_dancer','Penari'),(2508,'indonesian','pcat_designer','Perancang'),(2509,'indonesian','pcat_entertainer','Penghibur'),(2510,'indonesian','pcat_entrepreneur','Pengusaha'),(2511,'indonesian','pcat_fictional_character','Karakter Fiksi'),(2512,'indonesian','pcat_government_official','Pejabat Pemerintah'),(2513,'indonesian','pcat_journalist','Wartawan'),(2514,'indonesian','pcat_movie_character','Karakter Film'),(2515,'indonesian','pcat_musician_band','Musisi / Band'),(2516,'indonesian','pcat_news_personality','Berita Kepribadian'),(2517,'indonesian','pcat_pet','Pet'),(2518,'indonesian','pcat_photographer','Juru potret'),(2519,'indonesian','pcat_politician','Politikus'),(2520,'indonesian','pcat_producer','Produsen'),(2521,'indonesian','pcat_public_figure','Tokoh Masyarakat'),(2522,'indonesian','pcat_teacher','Ibu Guru'),(2523,'indonesian','pcat_writer','Penulis'),(2524,'indonesian','pcat_entertainment','Hiburan'),(2525,'indonesian','pcat_album','Album'),(2526,'indonesian','pcat_amateur_sports_team','Amatir Olahraga Tim'),(2527,'indonesian','pcat_book','Buku'),(2528,'indonesian','pcat_book_series','Buku Seri'),(2529,'indonesian','pcat_concert_tour','Konser Tour'),(2530,'indonesian','pcat_magazine','Majalah'),(2531,'indonesian','pcat_movie','Film'),(2532,'indonesian','pcat_music_award','Penghargaan Musik'),(2533,'indonesian','pcat_music_chart','Chart Musik'),(2534,'indonesian','pcat_music_video','Video Musik'),(2535,'indonesian','pcat_professional_sports_team','Tim Olahraga Profesional'),(2536,'indonesian','pcat_radio_station','Stasiun Radio'),(2537,'indonesian','pcat_record_label','Rekam Label'),(2538,'indonesian','pcat_school_sports_team','Tim Olahraga Sekolah'),(2539,'indonesian','pcat_song','Lagu'),(2540,'indonesian','pcat_sports_league','Liga Olahraga'),(2541,'indonesian','pcat_studio','Studio'),(2542,'indonesian','pcat_tv_channel','Saluran televisi'),(2543,'indonesian','pcat_tv_network','TV Jaringan'),(2544,'indonesian','pcat_tv_show','TV Show'),(2545,'indonesian','pcat_tv_movie_award','TV / Movie Award'),(2548,'indonesian','group_join_suggestions_label','Groups You May Join'),(2549,'indonesian','deactivate_account_label','Deactivate account'),(2550,'indonesian','my_profile_faq','Spurt Og Svara'),(2551,'indonesian','umokkur','Um Okkur'),(2552,'indonesian','welcome_front','Velkomin '),(4109,'english','404_error','&#60;h2&#62;Sorry, this page isn&#39;t available&#60;/h3&#62;&#60;br&#62;&#60;h3&#62;The link you followed may be broken, or the page may have been removed.&#60;/h5&#62;'),(4112,'indonesian','404_error','&#60;h2&#62;Waduh maaf, halaman ini isn&#39;t tersedia. Mungkin halamannya sedang di perbaiki atau malah hilang entah di mana. Kembali ke beranda saja ya.&#60;/h3&#62;&#60;br&#62;&#60;h3&#62;Link yang Anda ikuti mungkin rusak, atau halaman yang anda tuju sedang istirahat.&#60;/h5&#62;'),(5146,'english','about_label','About'),(5149,'indonesian','about_label','Tentang'),(5154,'english','deactivate_account_confirm_message','Are you sure you want to deactivate your account?'),(5157,'indonesian','deactivate_account_confirm_message','Are you sure you want to deactivate your account?'),(5162,'english','deactivate_account_button','Yes, deactivate'),(5165,'indonesian','deactivate_account_button','Yes, deactivate'),(5178,'english','something_went_wrong','Oops! Something went wrong. Please try again.'),(5181,'indonesian','something_went_wrong','Oops! Something went wrong. Please try again.'),(5186,'english','reaction_wow_label','Wow'),(5189,'indonesian','reaction_wow_label','Wow'),(5194,'english','reaction_haha_label','Haha'),(5197,'indonesian','reaction_haha_label','Haha'),(5202,'english','reaction_sad_label','Sad'),(5205,'indonesian','reaction_sad_label','Sad'),(5210,'english','reaction_angry_label','Angry'),(5213,'indonesian','reaction_angry_label','Angry'),(5218,'english','reaction_love_label','Love'),(5221,'indonesian','reaction_love_label','Love'),(5226,'english','new_reaction_email_subject','{user} has reacted to your post'),(5229,'indonesian','new_reaction_email_subject','{user} has reacted to your post'),(5234,'english','reacted_to_your_post','reacted to your post &quot;{post}...&quot;'),(5237,'indonesian','reacted_to_your_post','reacted to your post &quot;{post}...&quot;'),(5242,'english','reactions_label','Reactions'),(5245,'indonesian','reactions_label','Reactions'),(5250,'english','terms_developers_label','Developers'),(5253,'indonesian','terms_developers_label','Developers'),(5258,'english','api_documentation_label','API Documentation'),(5261,'indonesian','api_documentation_label','API Documentation'),(5776,'english','api_version_label','API Version'),(5779,'indonesian','api_version_label','API Version'),(5792,'english','edit_post_placeholder','Write your text here...'),(5795,'indonesian','edit_post_placeholder','Write your text here...'),(5808,'english','event_create_label','Create Event'),(5809,'english','event_name_label','Event Name'),(5810,'english','event_location_label','Event Location'),(5811,'english','event_name_textarea_label','Name of your event'),(5812,'english','event_location_textarea_label','Where is it taking place?'),(5813,'english','private_event_label','Private Event'),(5814,'english','private_event_description','Visible to only people who are invited'),(5815,'english','public_event_label','Public Event'),(5816,'english','public_event_description','Visible to everyone'),(5835,'indonesian','event_create_label','Create Event'),(5836,'indonesian','event_name_label','Event Name'),(5837,'indonesian','event_location_label','Event Location'),(5838,'indonesian','event_name_textarea_label','Name of your event'),(5839,'indonesian','event_location_textarea_label','Where is it taking place?'),(5840,'indonesian','private_event_label','Private Event'),(5841,'indonesian','private_event_description','Visible to only people who are invited'),(5842,'indonesian','public_event_label','Public Event'),(5843,'indonesian','public_event_description','Visible to everyone'),(5873,'english','event_start_time','Start time'),(5874,'english','event_end_time','End time'),(5879,'indonesian','event_start_time','Start time'),(5880,'indonesian','event_end_time','End time'),(5889,'english','event_description_label','Description'),(5890,'english','event_description_textarea_label','Describe your event'),(5895,'indonesian','event_description_label','Description'),(5896,'indonesian','event_description_textarea_label','Describe your event'),(5914,'english','event_invite_search_placeholder','Search for people by name...'),(5915,'english','event_going_label','Going'),(5916,'english','event_interested_label','Interested'),(5917,'english','event_invited_label','Invited'),(5919,'english','private_label','Private'),(5920,'english','event_hosted_by_label','Hosted by'),(5921,'english','invite_people_label','Invite People'),(5922,'english','search_by_name_label','Search for people by name...'),(5923,'english','edit_save_label','Edit and Save'),(5924,'english','invite_label','Invite'),(5947,'indonesian','event_invite_search_placeholder','Search for people by name...'),(5948,'indonesian','event_going_label','Going'),(5949,'indonesian','event_interested_label','Interested'),(5950,'indonesian','event_invited_label','Invited'),(5952,'indonesian','private_label','Private'),(5953,'indonesian','event_hosted_by_label','Hosted by'),(5954,'indonesian','invite_people_label','Invite People'),(5955,'indonesian','search_by_name_label','Search for people by name...'),(5956,'indonesian','edit_save_label','Edit and Save'),(5957,'indonesian','invite_label','Invite'),(5997,'english','events_label','Events'),(5998,'english','new_event_label','New Event'),(5999,'english','happening_now_label','Happening Now'),(6000,'english','event_in_minutes_label','In {minCount} minutes'),(6001,'english','event_in_hours_label','In {hrsCount} hours'),(6002,'english','on_event_time_label','On {eventTime}'),(6015,'indonesian','events_label','Events'),(6016,'indonesian','new_event_label','New Event'),(6017,'indonesian','happening_now_label','Happening Now'),(6018,'indonesian','event_in_minutes_label','In {minCount} minutes'),(6019,'indonesian','event_in_hours_label','In {hrsCount} hours'),(6020,'indonesian','on_event_time_label','On {eventTime}'),(6040,'english','event_invite_notif_text','has invited you to an event: {eventName}'),(6043,'indonesian','event_invite_notif_text','has invited you to an event: {eventName}'),(6048,'english','event_going_notif_text','is going to your event: {eventName}'),(6051,'indonesian','event_going_notif_text','is going to your event: {eventName}'),(6059,'english','events_header_label','Events'),(6060,'english','events_search_textarea_label','Search for events by name...'),(6061,'english','event_upcoming_label','Upcoming'),(6062,'english','event_past_label','Past Events'),(6071,'indonesian','events_header_label','Events'),(6072,'indonesian','events_search_textarea_label','Search for events by name...'),(6073,'indonesian','event_upcoming_label','Upcoming'),(6074,'indonesian','event_past_label','Past Events'),(6088,'english','event_notgoing_label','Not going'),(6091,'indonesian','event_notgoing_label','Not going'),(6099,'english','event_intro_header','Bring people together'),(6100,'english','event_intro_list1_header','All the people you care about in one place'),(6101,'english','event_intro_list2_header','Capture the memories'),(6102,'english','event_intro_list2_description','Share photos, videos and updates with everybody before, during and after your event'),(6111,'indonesian','event_intro_header','Bring people together'),(6112,'indonesian','event_intro_list1_header','All the people you care about in one place'),(6113,'indonesian','event_intro_list2_header','Capture the memories'),(6114,'indonesian','event_intro_list2_description','Share photos, videos and updates with everybody before, during and after your event'),(6128,'english','event_intro_list1_description','Reach everyone you want at your event and keep track of who&apos;s coming'),(6131,'indonesian','event_intro_list1_description','Reach everyone you want at your event and keep track of who&apos;s coming'),(6144,'english','site_description','Always connected with friends school.'),(6145,'indonesian','site_description','Selalu terhubung dengan teman sekolahmu.'),(6150,'english','site_description_paragraph','Never miss anything about school friends all the time!'),(6151,'indonesian','site_description_paragraph','Jangan pernah melewatkan sesuatu tentang teman sekolah sepanjang waktu!'),(6159,'english','go_mobile_description','Heading Out? Go Mobile!'),(6160,'indonesian','go_mobile_description','Diluar sekolah? Go Mobile!'),(6165,'english','go_mobile_description_paragraph','One website for all devices. Whether you use desktop, tablet or smartphone, keep in touch with your friends!'),(6166,'indonesian','go_mobile_description_paragraph','Satu aplikasi dekstop, tablet atau smartphone, untuk tetap berhubungan dengan temanmu!'),(6171,'english','trending_description','Always update school information!'),(6172,'indonesian','trending_description','Selalu update info sekolah!'),(6180,'english','trending_description_paragraph','Always update school information and information network of friends!'),(6181,'indonesian','trending_description_paragraph','Tidak pernah ketinggalan informasi sekolah dan informasi temanmu!'),(6183,'english','like_button_label','React'),(6184,'indonesian','like_button_label','Reaksi'),(6186,'english','post_like_button_label','React'),(6187,'indonesian','post_like_button_label','Reaksi'),(6189,'english','share_button_label','Share'),(6190,'indonesian','share_button_label','Bagikan'),(6192,'english','post_unfollow_button_label','Stop notifications'),(6193,'indonesian','post_unfollow_button_label','Nonaktifkan pemberitahuan'),(6195,'english','public_label','Public'),(6196,'indonesian','public_label','Publik'),(6198,'english','unshare_button_label','Unshare'),(6199,'indonesian','unshare_button_label','Batal bagikan'),(6201,'english','login_id_label','username or e-mail'),(6202,'indonesian','login_id_label','username atau email'),(6204,'english','terms_tos_label','Terms of Use'),(6205,'indonesian','terms_tos_label','Syarat Penggunaan'),(6207,'english','log_in','Log In'),(6208,'indonesian','log_in','Masuk'),(6210,'english','post_textarea_header_label','What&#39;s on your mind?'),(6211,'indonesian','post_textarea_header_label','Apa yang Anda pikirkan?'),(6213,'english','posts_label','Posts'),(6214,'indonesian','posts_label','Kiriman'),(6216,'english','filters_header','Post Filters'),(6217,'indonesian','filters_header','Saring Kiriman'),(6219,'english','user_follow_suggestions_label','People You May Know'),(6220,'indonesian','user_follow_suggestions_label','Orang yang mungkin Anda kenal'),(6222,'english','page_like_suggestions_label','Pages You May Like'),(6223,'indonesian','page_like_suggestions_label','Halaman yang mungkin Anda sukai'),(6225,'english','accepted_group_join_request','accepted your request to join the group {group_name}'),(6226,'indonesian','accepted_group_join_request','menerima permintaan Anda untuk bergabung dengan grup {} group_name'),(6228,'english','account_deactivated','Your account has been deactivated! You will be logged out shortly.'),(6229,'indonesian','account_deactivated','Akun Anda telah dinonaktifkan! Anda akan segera keluar.'),(6231,'english','chat_label','Chat'),(6232,'indonesian','chat_label','Obrolan'),(6237,'english','username_label','Username'),(6238,'indonesian','username_label','Nama Pengguna'),(6240,'english','email_notifications_label','Email Notifications'),(6241,'indonesian','email_notifications_label','Pemberitahuan Email'),(6243,'english','password_label','Password'),(6244,'indonesian','password_label','Kata Sandi'),(6246,'english','current_password_label','Current password'),(6247,'indonesian','current_password_label','Kata Sandi saat ini'),(6249,'english','all_rights_reserved','All rights reserved'),(6250,'indonesian','all_rights_reserved','All right reserved'),(6252,'english','filter_label_post_by_others','Post by Others'),(6253,'indonesian','filter_label_post_by_others','Kiriman dari Lainnya'),(6255,'english','unlike_button_label','Liked'),(6256,'indonesian','unlike_button_label','Suka'),(6258,'english','liked_pages_label','Liked pages'),(6259,'indonesian','liked_pages_label','Suka'),(6261,'english','post_unlike_button_label','Unlike'),(6262,'indonesian','post_unlike_button_label','Tidak Suka'),(6264,'english','no_likes_label','No likes yet!'),(6265,'indonesian','no_likes_label','Tidak suka!');

/*Table structure for table `logs` */

DROP TABLE IF EXISTS `logs`;

CREATE TABLE `logs` (
  `id` int(11) NOT NULL AUTO_INCREMENT,
  `alert` varchar(300) NOT NULL,
  `user` varchar(40) NOT NULL,
  `date` varchar(40) NOT NULL,
  `ip` varchar(40) NOT NULL,
  `status` int(1) NOT NULL,
  PRIMARY KEY (`id`)
) ENGINE=InnoDB AUTO_INCREMENT=84 DEFAULT CHARSET=latin1;

/*Data for the table `logs` */

insert  into `logs`(`id`,`alert`,`user`,`date`,`ip`,`status`) values (1,'User Login Success','admin@rembon.com','10/12/2016 06:24 AM','110.138.158.104',0),(2,'User Login Success','admin@rembon.com','10/12/2016 06:24 AM','110.138.158.104',0),(3,'User Profile Updated','admin@rembon.com','10/12/2016 06:25 AM','110.138.158.104',0),(4,'User Profile Updated','admin@rembon.com','10/12/2016 06:25 AM','110.138.158.104',0),(5,'User Login Success','admin@rembon.com','10/12/2016 06:55 AM','110.138.158.104',0),(6,'User Login Success','admin@rembon.com','10/12/2016 07:47 AM','110.138.158.104',0),(7,'User Login Success','admin@rembon.com','10/12/2016 07:52 AM','110.138.158.104',0),(8,'User Login Success','admin@rembon.com','10/12/2016 12:09 PM','110.138.158.104',0),(9,'User Login Success','admin@rembon.com','10/12/2016 12:58 PM','110.138.158.104',0),(10,'User Login Success','admin@rembon.com','10/13/2016 01:48 PM','110.138.158.104',0),(11,'Visitor Deleted 17','admin@rembon.com','10/13/2016 01:54 PM','110.138.158.104',0),(12,'Visitor Deleted 15','admin@rembon.com','10/13/2016 01:54 PM','110.138.158.104',0),(13,'Visitor Deleted 16','admin@rembon.com','10/13/2016 01:57 PM','110.138.158.104',0),(14,'Visitor Deleted 14','admin@rembon.com','10/13/2016 01:58 PM','110.138.158.104',0),(15,'Visitor Deleted 13','admin@rembon.com','10/13/2016 01:58 PM','110.138.158.104',0),(16,'Visitor Deleted 12','admin@rembon.com','10/13/2016 01:58 PM','110.138.158.104',0),(17,'Visitor Deleted 11','admin@rembon.com','10/13/2016 01:58 PM','110.138.158.104',0),(18,'Visitor Deleted 10','admin@rembon.com','10/13/2016 01:58 PM','110.138.158.104',0),(19,'Visitor Deleted 7','admin@rembon.com','10/13/2016 01:58 PM','110.138.158.104',0),(20,'User Login Success','admin@rembon.com','10/13/2016 04:35 PM','110.138.158.104',0),(21,'Visitor Deleted 28','admin@rembon.com','10/13/2016 04:46 PM','110.138.158.104',0),(22,'Visitor Deleted 27','admin@rembon.com','10/13/2016 04:46 PM','110.138.158.104',0),(23,'Visitor Deleted 26','admin@rembon.com','10/13/2016 04:46 PM','110.138.158.104',0),(24,'Visitor Deleted 25','admin@rembon.com','10/13/2016 04:46 PM','110.138.158.104',0),(25,'Visitor Deleted 24','admin@rembon.com','10/13/2016 04:46 PM','110.138.158.104',0),(26,'Visitor Deleted 23','admin@rembon.com','10/13/2016 04:46 PM','110.138.158.104',0),(27,'Visitor Deleted 22','admin@rembon.com','10/13/2016 04:46 PM','110.138.158.104',0),(28,'Visitor Deleted 21','admin@rembon.com','10/13/2016 04:46 PM','110.138.158.104',0),(29,'Visitor Deleted 20','admin@rembon.com','10/13/2016 04:46 PM','110.138.158.104',0),(30,'Visitor Deleted 19','admin@rembon.com','10/13/2016 04:46 PM','110.138.158.104',0),(31,'Visitor Deleted 18','admin@rembon.com','10/13/2016 04:46 PM','110.138.158.104',0),(32,'Visitor Deleted 9','admin@rembon.com','10/13/2016 04:46 PM','110.138.158.104',0),(33,'Visitor Deleted 8','admin@rembon.com','10/13/2016 04:46 PM','110.138.158.104',0),(34,'User Login Success','admin@rembon.com','10/14/2016 12:11 AM','110.138.158.104',0),(35,'Visitor Deleted 40','admin@rembon.com','10/14/2016 12:12 AM','110.138.158.104',0),(36,'Visitor Deleted 39','admin@rembon.com','10/14/2016 12:12 AM','110.138.158.104',0),(37,'Visitor Deleted 38','admin@rembon.com','10/14/2016 12:12 AM','110.138.158.104',0),(38,'Visitor Deleted 37','admin@rembon.com','10/14/2016 12:12 AM','110.138.158.104',0),(39,'Visitor Deleted 36','admin@rembon.com','10/14/2016 12:12 AM','110.138.158.104',0),(40,'Visitor Deleted 35','admin@rembon.com','10/14/2016 12:12 AM','110.138.158.104',0),(41,'Visitor Deleted 34','admin@rembon.com','10/14/2016 12:12 AM','110.138.158.104',0),(42,'Visitor Deleted 33','admin@rembon.com','10/14/2016 12:12 AM','110.138.158.104',0),(43,'Visitor Deleted 32','admin@rembon.com','10/14/2016 12:12 AM','110.138.158.104',0),(44,'Visitor Deleted 31','admin@rembon.com','10/14/2016 12:12 AM','110.138.158.104',0),(45,'Visitor Deleted 30','admin@rembon.com','10/14/2016 12:12 AM','110.138.158.104',0),(46,'Visitor Deleted 29','admin@rembon.com','10/14/2016 12:12 AM','110.138.158.104',0),(47,'User Login Success','admiN@rembon.com','10/14/2016 07:11 AM','110.138.158.104',0),(48,'User Login Success','admiN@rembon.com','10/14/2016 09:37 AM','110.138.158.104',0),(49,'User Login Success','admiN@rembon.com','10/14/2016 11:40 AM','110.138.158.104',0),(50,'User Login Success','admin@rembon.com','10/18/2016 01:12 PM','125.161.208.131',0),(51,'User Login Success','admin@rembon.com','10/18/2016 01:12 PM','125.161.208.131',0),(52,'User Login Success','admin@rembon.com','10/20/2016 09:52 AM','125.161.208.131',0),(53,'User Login Success','admin@rembon.com','10/29/2016 02:43 PM','125.161.222.15',0),(54,'Visitor Deleted 66','admin@rembon.com','10/29/2016 02:44 PM','125.161.222.15',0),(55,'Visitor Deleted 65','admin@rembon.com','10/29/2016 02:45 PM','125.161.222.15',0),(56,'Visitor Deleted 64','admin@rembon.com','10/29/2016 02:46 PM','125.161.222.15',0),(57,'Visitor Deleted 63','admin@rembon.com','10/29/2016 02:47 PM','125.161.222.15',0),(58,'Visitor Deleted 62','admin@rembon.com','10/29/2016 02:47 PM','125.161.222.15',0),(59,'Visitor Deleted 61','admin@rembon.com','10/29/2016 02:47 PM','125.161.222.15',0),(60,'Visitor Deleted 60','admin@rembon.com','10/29/2016 02:47 PM','125.161.222.15',0),(61,'Visitor Deleted 59','admin@rembon.com','10/29/2016 02:47 PM','125.161.222.15',0),(62,'Visitor Deleted 58','admin@rembon.com','10/29/2016 02:47 PM','125.161.222.15',0),(63,'Visitor Deleted 57','admin@rembon.com','10/29/2016 02:47 PM','125.161.222.15',0),(64,'Visitor Deleted 56','admin@rembon.com','10/29/2016 02:47 PM','125.161.222.15',0),(65,'Visitor Deleted 55','admin@rembon.com','10/29/2016 02:47 PM','125.161.222.15',0),(66,'Visitor Deleted 50','admin@rembon.com','10/29/2016 02:48 PM','125.161.222.15',0),(67,'Visitor Deleted 49','admin@rembon.com','10/29/2016 02:48 PM','125.161.222.15',0),(68,'Visitor Deleted 47','admin@rembon.com','10/29/2016 02:49 PM','125.161.222.15',0),(69,'Visitor Deleted 48','admin@rembon.com','10/29/2016 02:50 PM','125.161.222.15',0),(70,'User Login Success','admin@rembon.com','11/02/2016 02:16 PM','110.138.157.206',0),(71,'Visitor Deleted 70','admin@rembon.com','11/02/2016 02:16 PM','110.138.157.206',0),(72,'Visitor Deleted 69','admin@rembon.com','11/02/2016 02:18 PM','110.138.157.206',0),(73,'Visitor Deleted 68','admin@rembon.com','11/02/2016 02:18 PM','110.138.157.206',0),(74,'Visitor Deleted 67','admin@rembon.com','11/02/2016 02:18 PM','110.138.157.206',0),(75,'Visitor Deleted 54','admin@rembon.com','11/02/2016 02:18 PM','110.138.157.206',0),(76,'Visitor Deleted 53','admin@rembon.com','11/02/2016 02:18 PM','110.138.157.206',0),(77,'Visitor Deleted 52','admin@rembon.com','11/02/2016 02:18 PM','110.138.157.206',0),(78,'Visitor Deleted 51','admin@rembon.com','11/02/2016 02:18 PM','110.138.157.206',0),(79,'User Login Success','admin@rembon.com','11/07/2016 10:56 AM','110.138.157.206',0),(80,'User Login Success','admin@rembon.com','11/14/2016 09:59 AM','125.161.209.135',0),(81,'User Login Success','admin@rembon.com','11/14/2016 02:13 PM','125.161.209.135',0),(82,'User Login Success','admin@rembon.com','12/29/2016 11:05 AM','125.165.140.252',0),(83,'Panel Settings Failed to Update','admin@rembon.com','12/29/2016 11:07 AM','125.165.140.252',0);

/*Table structure for table `marbook` */

DROP TABLE IF EXISTS `marbook`;

CREATE TABLE `marbook` (
  `markbook_id` int(20) NOT NULL AUTO_INCREMENT,
  `class_id` int(20) NOT NULL,
  `section_id` int(11) NOT NULL,
  `subject_id` int(20) NOT NULL,
  `teacher_id` int(11) NOT NULL,
  `semester` int(4) DEFAULT NULL,
  `quarter` int(4) DEFAULT NULL,
  `running_session` varchar(10) DEFAULT NULL,
  `date` varchar(100) NOT NULL,
  `assesment` varchar(20) DEFAULT NULL,
  `instrument` varchar(20) DEFAULT NULL,
  `instrument_id` int(11) NOT NULL,
  `topic_id` int(20) DEFAULT NULL,
  `subtopic` int(11) NOT NULL,
  `status` enum('0','1') NOT NULL DEFAULT '0',
  PRIMARY KEY (`markbook_id`)
) ENGINE=InnoDB AUTO_INCREMENT=90 DEFAULT CHARSET=latin1;

/*Data for the table `marbook` */

insert  into `marbook`(`markbook_id`,`class_id`,`section_id`,`subject_id`,`teacher_id`,`semester`,`quarter`,`running_session`,`date`,`assesment`,`instrument`,`instrument_id`,`topic_id`,`subtopic`,`status`) values (2,1,0,8,16,1,3,'2016-2017','02-05-2017','2','2',0,1,2,'1'),(3,1,0,8,16,1,3,'2016-2017','03-05-2017','1',NULL,12,1,0,'1'),(4,1,0,8,16,1,3,'2016-2017','03-05-2017','3',NULL,13,NULL,0,'1'),(5,1,0,8,1,2,3,'2016-2017','05-05-2017','1',NULL,12,1,0,'1'),(6,5,0,56,1,2,3,'2016-2017','05-05-2017','2','2',0,0,0,'1'),(7,1,0,11,16,1,1,'2016-2017','15-05-2017','2','1',0,41,1,'1'),(8,1,0,11,16,1,1,'2016-2017','15-05-2017','2','3',0,35,2,'1'),(9,1,0,11,16,1,1,'2016-2017','15-05-2017','1',NULL,12,35,0,'1'),(10,1,0,11,16,1,1,'2016-2017','15-05-2017','1',NULL,12,41,0,'1'),(11,1,0,8,16,1,1,'2016-2017','18-05-2017','3',NULL,0,NULL,0,'1'),(12,1,0,11,16,1,1,'2016-2017','18-05-2017','3',NULL,13,NULL,0,'1'),(13,1,0,10,16,2,3,'2016-2017','05-06-2017','1',NULL,12,139,0,'1'),(14,3,0,0,16,1,3,'2017-2018','14-07-2017','2','1',0,NULL,0,'1'),(15,3,0,24,1,1,3,'2017-2018','21-07-2017','1',NULL,12,95,0,'1'),(16,3,0,24,1,1,3,'2017-2018','21-07-2017','1',NULL,12,85,0,'1'),(17,3,0,20,2,1,3,'2017-2018','10-08-2017','1',NULL,12,248,0,'1'),(18,3,0,24,16,1,3,'2017-2018','10-08-2017','1',NULL,12,95,0,'1'),(19,3,0,24,16,1,3,'2017-2018','10-08-2017','1',NULL,12,95,0,'1'),(20,2,0,14,16,1,3,'2017-2018','10-08-2017','1',NULL,12,36,0,'1'),(21,3,0,20,2,1,3,'2017-2018','10-08-2017','1',NULL,12,248,0,'1'),(22,3,0,20,16,1,3,'2017-2018','10-08-2017','1',NULL,12,248,0,'1'),(23,1,0,0,16,1,3,'2017-2018','22-08-2017','3',NULL,0,NULL,0,'1'),(24,1,0,0,16,1,3,'2017-2018','22-08-2017','3',NULL,13,NULL,0,'1'),(25,1,0,72,1,1,3,'2017-2018','26-08-2017','1',NULL,12,205,0,'1'),(26,1,0,72,1,1,3,'2017-2018','26-08-2017','2','1',0,205,1,'1'),(27,1,0,11,1,2,3,'2017-2018','02-10-2017','1',NULL,12,35,0,'1'),(28,1,0,11,1,2,3,'2017-2018','02-10-2017','1',NULL,12,35,0,'1'),(29,1,0,11,1,1,3,'2017-2018','02-10-2017','2','1',0,37,0,'1'),(30,1,0,11,1,1,3,'2017-2018','02-10-2017','2','1',0,37,0,'1'),(31,1,0,11,1,2,3,'2017-2018','02-10-2017','1',NULL,15,37,0,'1'),(32,1,0,11,1,2,3,'2017-2018','02-10-2017','1',NULL,12,37,0,'1'),(33,1,0,11,1,2,3,'2017-2018','02-10-2017','2','1',0,37,0,'1'),(34,1,0,11,7,2,3,'2017-2018','02-10-2017','1',NULL,12,37,0,'1'),(35,1,0,11,7,2,3,'2017-2018','03-10-2017','2','1',0,69,0,'1'),(36,1,0,11,7,2,3,'2017-2018','03-10-2017','2','1',0,35,1,'1'),(37,1,0,11,7,2,3,'2017-2018','03-10-2017','3',NULL,0,NULL,0,'1'),(38,1,0,11,7,2,3,'2017-2018','03-10-2017','3',NULL,13,NULL,0,'1'),(39,1,0,11,7,2,3,'2017-2018','03-10-2017','3',NULL,0,NULL,0,'1'),(40,1,0,11,7,2,3,'2017-2018','03-10-2017','3',NULL,14,NULL,0,'1'),(41,1,0,11,7,2,3,'2017-2018','03-10-2017','1',NULL,12,35,0,'1'),(42,1,0,72,7,2,3,'2017-2018','03-10-2017','2','1',0,206,1,'1'),(43,1,0,10,7,1,3,'2017-2018','04-10-2017','2','1',0,147,0,'1'),(44,2,0,18,11,1,3,'2017-2018','06-10-2017','1',NULL,12,210,0,'1'),(45,3,0,19,16,1,3,'2017-2018','19-10-2017','3',NULL,0,NULL,0,'1'),(46,3,0,19,16,1,3,'2017-2018','19-10-2017','3',NULL,13,NULL,0,'1'),(47,1,0,11,7,1,3,'2017-2018','31-10-2017','2','1',0,43,0,'1'),(48,1,0,11,7,1,3,'2017-2018','31-10-2017','1',NULL,12,35,0,'1'),(49,1,0,11,7,1,3,'2017-2018','31-10-2017','1',NULL,12,35,0,'1'),(50,1,0,11,7,1,3,'2017-2018','31-10-2017','2','1',0,39,0,'1'),(51,1,0,11,7,1,3,'2017-2018','01-11-2017','1',NULL,12,37,0,'1'),(52,2,0,18,7,1,3,'2017-2018','01-11-2017','1',NULL,12,210,0,'1'),(53,3,0,23,7,1,3,'2017-2018','01-11-2017','2','1',0,157,0,'1'),(54,1,0,11,7,1,3,'2017-2018','01-11-2017','2','1',0,39,0,'1'),(55,1,0,11,7,1,3,'2017-2018','02-11-2017','1',NULL,12,35,0,'1'),(56,1,0,10,7,1,3,'2017-2018','02-11-2017','1',NULL,12,137,0,'1'),(57,1,0,10,7,1,3,'2017-2018','02-11-2017','1',NULL,12,139,0,'1'),(58,1,0,27,7,1,3,'2017-2018','02-11-2017','2','1',0,0,0,'1'),(59,1,0,11,7,1,3,'2017-2018','02-11-2017','2','1',0,39,0,'1'),(60,1,0,72,7,1,3,'2017-2018','02-11-2017','2','1',0,209,1,'1'),(61,1,0,11,7,1,3,'2017-2018','02-11-2017','2','1',0,65,0,'1'),(62,1,0,10,16,1,3,'2017-2018','02-11-2017','1',NULL,12,135,0,'1'),(63,1,0,72,7,1,3,'2017-2018','02-11-2017','1',NULL,12,207,0,'1'),(64,1,0,11,7,1,3,'2017-2018','02-11-2017','2','1',0,35,2,'1'),(65,1,0,11,7,1,3,'2017-2018','02-11-2017','2','1',0,57,0,'1'),(66,1,1,11,7,1,3,'2017-2018','03-11-2017','2','1',0,45,1,'1'),(67,1,8,10,2,2,3,'2017-2018','06-11-2017','2','1',0,135,1,'1'),(68,1,1,10,7,1,3,'2017-2018','07-11-2017','1',NULL,12,135,0,'1'),(69,1,1,11,7,1,3,'2017-2018','07-11-2017','1',NULL,12,35,0,'1'),(70,1,1,11,7,1,3,'2017-2018','07-11-2017','1',NULL,12,35,0,'1'),(71,1,1,11,7,1,3,'2017-2018','07-11-2017','2','3',0,41,2,'1'),(72,1,1,11,7,1,3,'2017-2018','08-11-2017','2','1',0,37,1,'1'),(73,1,8,11,7,1,3,'2017-2018','08-11-2017','1',NULL,12,35,0,'1'),(74,1,8,11,7,1,3,'2017-2018','08-11-2017','3',NULL,0,NULL,0,'1'),(75,1,8,11,7,1,3,'2017-2018','08-11-2017','3',NULL,13,NULL,0,'1'),(76,1,1,11,7,1,3,'2017-2018','08-11-2017','1',NULL,12,35,0,'1'),(77,1,8,11,7,1,3,'2017-2018','08-11-2017','1',NULL,12,35,0,'1'),(78,1,1,11,7,1,3,'2017-2018','10-11-2017','1',NULL,12,49,0,'1'),(79,1,8,11,7,1,3,'2017-2018','10-11-2017','1',NULL,12,49,0,'1'),(80,1,1,8,7,1,3,'2017-2018','12-11-2017','1',NULL,12,0,0,'0'),(81,1,1,8,7,1,3,'2017-2018','12-11-2017','1',NULL,15,0,0,'0'),(82,1,8,8,7,1,3,'2017-2018','12-11-2017','2','1',0,0,0,'0'),(83,1,8,10,7,1,3,'2017-2018','13-11-2017','1',NULL,12,139,0,'0'),(84,1,8,11,7,1,3,'2017-2018','13-11-2017','2','1',0,59,1,'0'),(85,1,8,11,7,1,3,'2017-2018','13-11-2017','1',NULL,12,41,0,'0'),(86,1,8,11,7,1,3,'2017-2018','13-11-2017','2','1',0,35,1,'0'),(87,1,1,27,7,1,3,'2017-2018','14-11-2017','1',NULL,15,0,0,'0'),(88,1,1,11,7,1,3,'2017-2018','14-11-2017','1',NULL,15,77,0,'0'),(89,1,8,11,7,1,3,'2017-2018','14-11-2017','2','2',0,41,1,'0');

/*Table structure for table `mark` */

DROP TABLE IF EXISTS `mark`;

CREATE TABLE `mark` (
  `mark_id` int(11) NOT NULL AUTO_INCREMENT,
  `student_id` int(11) NOT NULL,
  `subject_id` int(11) NOT NULL,
  `class_id` int(11) NOT NULL,
  `section_id` int(11) NOT NULL,
  `exam_id` int(11) NOT NULL,
  `exam_category_ids` int(11) DEFAULT NULL,
  `mark_obtained` int(11) NOT NULL DEFAULT '0',
  `mark_total` int(11) NOT NULL DEFAULT '100',
  `comment` longtext COLLATE utf8_unicode_ci NOT NULL,
  `year` longtext COLLATE utf8_unicode_ci NOT NULL,
  PRIMARY KEY (`mark_id`)
) ENGINE=InnoDB AUTO_INCREMENT=720 DEFAULT CHARSET=utf8 COLLATE=utf8_unicode_ci;

/*Data for the table `mark` */

insert  into `mark`(`mark_id`,`student_id`,`subject_id`,`class_id`,`section_id`,`exam_id`,`exam_category_ids`,`mark_obtained`,`mark_total`,`comment`,`year`) values (1,1,55,5,7,12,1,100,100,'','2016-2017'),(2,2,64,5,7,4,1,100,100,'','2016-2017'),(3,3,55,5,7,12,1,100,100,'','2016-2017'),(4,4,55,5,7,12,1,100,100,'','2016-2017'),(5,5,55,5,7,12,1,100,100,'','2016-2017'),(6,6,55,5,7,12,1,100,100,'','2016-2017'),(7,7,55,5,7,12,1,100,100,'','2017-2018'),(8,8,55,5,7,12,1,100,100,'','2016-2017'),(9,14,55,5,7,12,1,100,100,'','2016-2017'),(10,15,55,5,7,12,1,100,100,'','2016-2017'),(11,16,55,5,7,12,1,100,100,'','2016-2017'),(12,17,55,5,7,12,1,90,100,'','2016-2017'),(13,18,55,5,7,12,1,90,100,'','2016-2017'),(14,19,55,5,7,12,1,90,100,'','2016-2017'),(15,20,55,5,7,12,1,90,100,'','2016-2017'),(16,21,55,5,7,12,1,90,100,'','2016-2017'),(17,22,55,5,7,12,1,90,100,'','2016-2017'),(18,23,55,5,7,12,1,90,100,'','2016-2017'),(19,24,55,5,7,12,1,90,100,'','2016-2017'),(20,25,55,5,7,12,1,90,100,'','2016-2017'),(21,26,55,5,7,12,1,90,100,'','2016-2017'),(22,77,55,5,7,12,1,90,100,'','2016-2017'),(23,78,55,5,7,12,1,90,100,'','2016-2017'),(24,2,55,5,7,4,1,100,100,'','2016-2017'),(25,155,10,5,7,12,1,100,100,'','2016-2017'),(26,2,10,1,1,12,1,80,100,'','2016-2017'),(27,81,10,1,1,12,1,90,100,'','2016-2017'),(28,88,10,1,1,12,1,70,100,'','2016-2017'),(29,89,10,1,1,12,1,80,100,'','2016-2017'),(30,90,10,1,1,12,1,90,100,'','2016-2017'),(31,92,10,1,1,12,1,0,100,'','2016-2017'),(32,93,10,1,1,12,1,0,100,'','2016-2017'),(33,94,10,1,1,12,1,0,100,'','2016-2017'),(34,96,10,1,1,12,1,0,100,'','2016-2017'),(35,97,10,1,1,12,1,0,100,'','2016-2017'),(36,100,10,1,1,12,1,0,100,'','2016-2017'),(37,102,10,1,1,12,1,0,100,'','2016-2017'),(38,106,10,1,1,12,1,0,100,'','2016-2017'),(39,108,10,1,1,12,1,0,100,'','2016-2017'),(40,110,10,1,1,12,1,0,100,'','2016-2017'),(41,113,10,1,1,12,1,0,100,'','2016-2017'),(42,114,10,1,1,12,1,0,100,'','2016-2017'),(43,115,10,1,1,12,1,0,100,'','2016-2017'),(44,116,10,1,1,12,1,0,100,'','2016-2017'),(45,117,10,1,1,12,1,0,100,'','2016-2017'),(46,118,10,1,1,12,1,0,100,'','2016-2017'),(47,122,10,1,1,12,1,0,100,'','2016-2017'),(48,124,10,1,1,12,1,0,100,'','2016-2017'),(49,125,10,1,1,12,1,0,100,'','2016-2017'),(50,2,9,1,1,12,1,90,100,'','2016-2017'),(51,81,9,1,1,12,1,0,100,'','2016-2017'),(52,88,9,1,1,12,1,0,100,'','2016-2017'),(53,89,9,1,1,12,1,0,100,'','2016-2017'),(54,90,9,1,1,12,1,0,100,'','2016-2017'),(55,92,9,1,1,12,1,0,100,'','2016-2017'),(56,93,9,1,1,12,1,0,100,'','2016-2017'),(57,94,9,1,1,12,1,0,100,'','2016-2017'),(58,96,9,1,1,12,1,0,100,'','2016-2017'),(59,97,9,1,1,12,1,0,100,'','2016-2017'),(60,100,9,1,1,12,1,0,100,'','2016-2017'),(61,102,9,1,1,12,1,0,100,'','2016-2017'),(62,106,9,1,1,12,1,0,100,'','2016-2017'),(63,108,9,1,1,12,1,0,100,'','2016-2017'),(64,110,9,1,1,12,1,0,100,'','2016-2017'),(65,113,9,1,1,12,1,0,100,'','2016-2017'),(66,114,9,1,1,12,1,0,100,'','2016-2017'),(67,115,9,1,1,12,1,0,100,'','2016-2017'),(68,116,9,1,1,12,1,0,100,'','2016-2017'),(69,117,9,1,1,12,1,0,100,'','2016-2017'),(70,118,9,1,1,12,1,0,100,'','2016-2017'),(71,122,9,1,1,12,1,0,100,'','2016-2017'),(72,124,9,1,1,12,1,0,100,'','2016-2017'),(73,125,9,1,1,12,1,0,100,'','2016-2017'),(74,2,9,1,1,13,1,80,100,'','2016-2017'),(75,81,9,1,1,13,1,0,100,'','2016-2017'),(76,88,9,1,1,13,1,0,100,'','2016-2017'),(77,89,9,1,1,13,1,0,100,'','2016-2017'),(78,90,9,1,1,13,1,0,100,'','2016-2017'),(79,92,9,1,1,13,1,0,100,'','2016-2017'),(80,93,9,1,1,13,1,0,100,'','2016-2017'),(81,94,9,1,1,13,1,0,100,'','2016-2017'),(82,96,9,1,1,13,1,0,100,'','2016-2017'),(83,97,9,1,1,13,1,0,100,'','2016-2017'),(84,100,9,1,1,13,1,0,100,'','2016-2017'),(85,102,9,1,1,13,1,0,100,'','2016-2017'),(86,106,9,1,1,13,1,0,100,'','2016-2017'),(87,108,9,1,1,13,1,0,100,'','2016-2017'),(88,110,9,1,1,13,1,0,100,'','2016-2017'),(89,113,9,1,1,13,1,0,100,'','2016-2017'),(90,114,9,1,1,13,1,0,100,'','2016-2017'),(91,115,9,1,1,13,1,0,100,'','2016-2017'),(92,116,9,1,1,13,1,0,100,'','2016-2017'),(93,117,9,1,1,13,1,0,100,'','2016-2017'),(94,118,9,1,1,13,1,0,100,'','2016-2017'),(95,122,9,1,1,13,1,0,100,'','2016-2017'),(96,124,9,1,1,13,1,0,100,'','2016-2017'),(97,125,9,1,1,13,1,0,100,'','2016-2017'),(98,2,9,1,1,4,2,70,100,'','2016-2017'),(99,81,9,1,1,4,2,0,100,'','2016-2017'),(100,88,9,1,1,4,2,0,100,'','2016-2017'),(101,89,9,1,1,4,2,0,100,'','2016-2017'),(102,90,9,1,1,4,2,0,100,'','2016-2017'),(103,92,9,1,1,4,2,0,100,'','2016-2017'),(104,93,9,1,1,4,2,0,100,'','2016-2017'),(105,94,9,1,1,4,2,0,100,'','2016-2017'),(106,96,9,1,1,4,2,0,100,'','2016-2017'),(107,97,9,1,1,4,2,0,100,'','2016-2017'),(108,100,9,1,1,4,2,0,100,'','2016-2017'),(109,102,9,1,1,4,2,0,100,'','2016-2017'),(110,106,9,1,1,4,2,0,100,'','2016-2017'),(111,108,9,1,1,4,2,0,100,'','2016-2017'),(112,110,9,1,1,4,2,0,100,'','2016-2017'),(113,113,9,1,1,4,2,0,100,'','2016-2017'),(114,114,9,1,1,4,2,0,100,'','2016-2017'),(115,115,9,1,1,4,2,0,100,'','2016-2017'),(116,116,9,1,1,4,2,0,100,'','2016-2017'),(117,117,9,1,1,4,2,0,100,'','2016-2017'),(118,118,9,1,1,4,2,0,100,'','2016-2017'),(119,122,9,1,1,4,2,0,100,'','2016-2017'),(120,124,9,1,1,4,2,0,100,'','2016-2017'),(121,125,9,1,1,4,2,0,100,'','2016-2017'),(122,2,8,1,1,4,2,80,100,'','2016-2017'),(123,81,8,1,1,4,2,2,100,'','2016-2017'),(124,88,8,1,1,4,2,3,100,'','2016-2017'),(125,89,8,1,1,4,2,4,100,'','2016-2017'),(126,90,8,1,1,4,2,5,100,'','2016-2017'),(127,92,8,1,1,4,2,6,100,'','2016-2017'),(128,93,8,1,1,4,2,8,100,'','2016-2017'),(129,94,8,1,1,4,2,9,100,'','2016-2017'),(130,96,8,1,1,4,2,10,100,'','2016-2017'),(131,97,8,1,1,4,2,11,100,'','2016-2017'),(132,100,8,1,1,4,2,12,100,'','2016-2017'),(133,102,8,1,1,4,2,13,100,'','2016-2017'),(134,106,8,1,1,4,2,14,100,'','2016-2017'),(135,108,8,1,1,4,2,15,100,'','2016-2017'),(136,110,8,1,1,4,2,16,100,'','2016-2017'),(137,113,8,1,1,4,2,17,100,'','2016-2017'),(138,114,8,1,1,4,2,18,100,'','2016-2017'),(139,115,8,1,1,4,2,19,100,'','2016-2017'),(140,116,8,1,1,4,2,20,100,'','2016-2017'),(141,117,8,1,1,4,2,21,100,'','2016-2017'),(142,118,8,1,1,4,2,22,100,'','2016-2017'),(143,122,8,1,1,4,2,23,100,'','2016-2017'),(144,124,8,1,1,4,2,24,100,'','2016-2017'),(145,125,8,1,1,4,2,25,100,'','2016-2017'),(146,2,10,1,1,13,1,90,100,'','2016-2017'),(147,81,10,1,1,13,1,0,100,'','2016-2017'),(148,88,10,1,1,13,1,0,100,'','2016-2017'),(149,89,10,1,1,13,1,0,100,'','2016-2017'),(150,90,10,1,1,13,1,0,100,'','2016-2017'),(151,92,10,1,1,13,1,0,100,'','2016-2017'),(152,93,10,1,1,13,1,0,100,'','2016-2017'),(153,94,10,1,1,13,1,0,100,'','2016-2017'),(154,96,10,1,1,13,1,0,100,'','2016-2017'),(155,97,10,1,1,13,1,0,100,'','2016-2017'),(156,100,10,1,1,13,1,0,100,'','2016-2017'),(157,102,10,1,1,13,1,0,100,'','2016-2017'),(158,106,10,1,1,13,1,0,100,'','2016-2017'),(159,108,10,1,1,13,1,0,100,'','2016-2017'),(160,110,10,1,1,13,1,0,100,'','2016-2017'),(161,113,10,1,1,13,1,0,100,'','2016-2017'),(162,114,10,1,1,13,1,0,100,'','2016-2017'),(163,115,10,1,1,13,1,0,100,'','2016-2017'),(164,116,10,1,1,13,1,0,100,'','2016-2017'),(165,117,10,1,1,13,1,0,100,'','2016-2017'),(166,118,10,1,1,13,1,0,100,'','2016-2017'),(167,122,10,1,1,13,1,0,100,'','2016-2017'),(168,124,10,1,1,13,1,0,100,'','2016-2017'),(169,125,10,1,1,13,1,0,100,'','2016-2017'),(170,2,12,1,1,13,1,90,100,'','2016-2017'),(171,81,12,1,1,13,1,0,100,'','2016-2017'),(172,88,12,1,1,13,1,0,100,'','2016-2017'),(173,89,12,1,1,13,1,0,100,'','2016-2017'),(174,90,12,1,1,13,1,0,100,'','2016-2017'),(175,92,12,1,1,13,1,0,100,'','2016-2017'),(176,93,12,1,1,13,1,0,100,'','2016-2017'),(177,94,12,1,1,13,1,0,100,'','2016-2017'),(178,96,12,1,1,13,1,0,100,'','2016-2017'),(179,97,12,1,1,13,1,0,100,'','2016-2017'),(180,100,12,1,1,13,1,0,100,'','2016-2017'),(181,102,12,1,1,13,1,0,100,'','2016-2017'),(182,106,12,1,1,13,1,0,100,'','2016-2017'),(183,108,12,1,1,13,1,0,100,'','2016-2017'),(184,110,12,1,1,13,1,0,100,'','2016-2017'),(185,113,12,1,1,13,1,0,100,'','2016-2017'),(186,114,12,1,1,13,1,0,100,'','2016-2017'),(187,115,12,1,1,13,1,0,100,'','2016-2017'),(188,116,12,1,1,13,1,0,100,'','2016-2017'),(189,117,12,1,1,13,1,0,100,'','2016-2017'),(190,118,12,1,1,13,1,0,100,'','2016-2017'),(191,122,12,1,1,13,1,0,100,'','2016-2017'),(192,124,12,1,1,13,1,0,100,'','2016-2017'),(193,125,12,1,1,13,1,0,100,'','2016-2017'),(194,155,57,5,7,12,1,70,100,'w','2016-2017'),(195,2,10,1,1,6,2,100,100,'','2016-2017'),(196,81,10,1,1,6,2,0,100,'','2016-2017'),(197,88,10,1,1,6,2,0,100,'','2016-2017'),(198,89,10,1,1,6,2,0,100,'','2016-2017'),(199,90,10,1,1,6,2,0,100,'','2016-2017'),(200,92,10,1,1,6,2,0,100,'','2016-2017'),(201,93,10,1,1,6,2,0,100,'','2016-2017'),(202,94,10,1,1,6,2,0,100,'','2016-2017'),(203,96,10,1,1,6,2,0,100,'','2016-2017'),(204,97,10,1,1,6,2,0,100,'','2016-2017'),(205,100,10,1,1,6,2,0,100,'','2016-2017'),(206,102,10,1,1,6,2,0,100,'','2016-2017'),(207,106,10,1,1,6,2,0,100,'','2016-2017'),(208,108,10,1,1,6,2,0,100,'','2016-2017'),(209,110,10,1,1,6,2,0,100,'','2016-2017'),(210,113,10,1,1,6,2,0,100,'','2016-2017'),(211,114,10,1,1,6,2,0,100,'','2016-2017'),(212,115,10,1,1,6,2,0,100,'','2016-2017'),(213,116,10,1,1,6,2,0,100,'','2016-2017'),(214,117,10,1,1,6,2,0,100,'','2016-2017'),(215,118,10,1,1,6,2,0,100,'','2016-2017'),(216,122,10,1,1,6,2,0,100,'','2016-2017'),(217,124,10,1,1,6,2,0,100,'','2016-2017'),(218,125,10,1,1,6,2,0,100,'','2016-2017'),(219,2,14,2,2,13,1,70,100,'','2016-2017'),(220,82,14,2,2,13,1,0,100,'','2016-2017'),(221,83,14,2,2,13,1,0,100,'','2016-2017'),(222,84,14,2,2,13,1,0,100,'','2016-2017'),(223,85,14,2,2,13,1,0,100,'','2016-2017'),(224,86,14,2,2,13,1,0,100,'','2016-2017'),(225,87,14,2,2,13,1,0,100,'','2016-2017'),(226,91,14,2,2,13,1,0,100,'','2016-2017'),(227,95,14,2,2,13,1,0,100,'','2016-2017'),(228,98,14,2,2,13,1,0,100,'','2016-2017'),(229,99,14,2,2,13,1,0,100,'','2016-2017'),(230,101,14,2,2,13,1,0,100,'','2016-2017'),(231,103,14,2,2,13,1,0,100,'','2016-2017'),(232,104,14,2,2,13,1,0,100,'','2016-2017'),(233,105,14,2,2,13,1,0,100,'','2016-2017'),(234,107,14,2,2,13,1,0,100,'','2016-2017'),(235,109,14,2,2,13,1,0,100,'','2016-2017'),(236,111,14,2,2,13,1,0,100,'','2016-2017'),(237,112,14,2,2,13,1,0,100,'','2016-2017'),(238,119,14,2,2,13,1,0,100,'','2016-2017'),(239,120,14,2,2,13,1,0,100,'','2016-2017'),(240,121,14,2,2,13,1,0,100,'','2016-2017'),(241,123,14,2,2,13,1,0,100,'','2016-2017'),(242,126,14,2,2,13,1,0,100,'','2016-2017'),(243,1,62,5,7,13,1,0,100,'','2016-2017'),(244,2,62,5,7,4,1,90,100,'','2016-2017'),(245,3,62,5,7,13,1,0,100,'','2016-2017'),(246,4,62,5,7,13,1,0,100,'','2016-2017'),(247,5,62,5,7,13,1,0,100,'','2016-2017'),(248,6,62,5,7,13,1,0,100,'','2016-2017'),(249,7,62,5,7,13,1,0,100,'','2016-2017'),(250,8,62,5,7,13,1,0,100,'','2016-2017'),(251,14,62,5,7,13,1,0,100,'','2016-2017'),(252,15,62,5,7,13,1,0,100,'','2016-2017'),(253,16,62,5,7,13,1,0,100,'','2016-2017'),(254,17,62,5,7,13,1,0,100,'','2016-2017'),(255,18,62,5,7,13,1,0,100,'','2016-2017'),(256,19,62,5,7,13,1,0,100,'','2016-2017'),(257,20,62,5,7,13,1,0,100,'','2016-2017'),(258,21,62,5,7,13,1,0,100,'','2016-2017'),(259,22,62,5,7,13,1,0,100,'','2016-2017'),(260,23,62,5,7,13,1,0,100,'','2016-2017'),(261,24,62,5,7,13,1,0,100,'','2016-2017'),(262,25,62,5,7,13,1,0,100,'','2016-2017'),(263,26,62,5,7,13,1,0,100,'','2016-2017'),(264,77,62,5,7,13,1,0,100,'','2016-2017'),(265,78,62,5,7,13,1,0,100,'','2016-2017'),(266,154,62,5,7,13,1,0,100,'','2016-2017'),(267,155,62,5,7,13,1,55,100,'','2016-2017'),(268,2,8,1,1,5,2,80,100,'','2016-2017'),(269,81,8,1,1,5,2,0,100,'','2016-2017'),(270,88,8,1,1,5,2,0,100,'','2016-2017'),(271,89,8,1,1,5,2,0,100,'','2016-2017'),(272,90,8,1,1,5,2,0,100,'','2016-2017'),(273,92,8,1,1,5,2,0,100,'','2016-2017'),(274,93,8,1,1,5,2,0,100,'','2016-2017'),(275,94,8,1,1,5,2,0,100,'','2016-2017'),(276,96,8,1,1,5,2,0,100,'','2016-2017'),(277,97,8,1,1,5,2,0,100,'','2016-2017'),(278,100,8,1,1,5,2,0,100,'','2016-2017'),(279,102,8,1,1,5,2,0,100,'','2016-2017'),(280,106,8,1,1,5,2,0,100,'','2016-2017'),(281,108,8,1,1,5,2,0,100,'','2016-2017'),(282,110,8,1,1,5,2,0,100,'','2016-2017'),(283,113,8,1,1,5,2,0,100,'','2016-2017'),(284,114,8,1,1,5,2,0,100,'','2016-2017'),(285,115,8,1,1,5,2,0,100,'','2016-2017'),(286,116,8,1,1,5,2,0,100,'','2016-2017'),(287,117,8,1,1,5,2,0,100,'','2016-2017'),(288,118,8,1,1,5,2,0,100,'','2016-2017'),(289,122,8,1,1,5,2,0,100,'','2016-2017'),(290,124,8,1,1,5,2,0,100,'','2016-2017'),(291,125,8,1,1,5,2,0,100,'','2016-2017'),(292,2,8,1,1,12,1,100,100,'','2016-2017'),(293,81,8,1,1,12,1,43,100,'','2016-2017'),(294,88,8,1,1,12,1,95,100,'','2016-2017'),(295,89,8,1,1,12,1,95,100,'','2016-2017'),(296,90,8,1,1,12,1,83,100,'','2016-2017'),(297,92,8,1,1,12,1,92,100,'','2016-2017'),(298,93,8,1,1,12,1,92,100,'','2016-2017'),(299,94,8,1,1,12,1,92,100,'','2016-2017'),(300,96,8,1,1,12,1,100,100,'','2016-2017'),(301,97,8,1,1,12,1,66,100,'','2016-2017'),(302,100,8,1,1,12,1,78,100,'','2016-2017'),(303,102,8,1,1,12,1,80,100,'','2016-2017'),(304,106,8,1,1,12,1,95,100,'','2016-2017'),(305,108,8,1,1,12,1,44,100,'','2016-2017'),(306,110,8,1,1,12,1,49,100,'','2016-2017'),(307,113,8,1,1,12,1,66,100,'','2016-2017'),(308,114,8,1,1,12,1,95,100,'','2016-2017'),(309,115,8,1,1,12,1,100,100,'','2016-2017'),(310,116,8,1,1,12,1,89,100,'','2016-2017'),(311,117,8,1,1,12,1,80,100,'','2016-2017'),(312,118,8,1,1,12,1,92,100,'','2016-2017'),(313,122,8,1,1,12,1,92,100,'','2016-2017'),(314,124,8,1,1,12,1,66,100,'','2016-2017'),(315,125,8,1,1,12,1,66,100,'','2016-2017'),(316,1,54,5,7,13,1,0,100,'','2016-2017'),(317,2,54,5,7,4,1,90,100,'','2016-2017'),(318,3,54,5,7,13,1,0,100,'','2016-2017'),(319,4,54,5,7,13,1,0,100,'','2016-2017'),(320,5,54,5,7,13,1,0,100,'','2016-2017'),(321,6,54,5,7,13,1,0,100,'','2016-2017'),(322,7,54,5,7,13,1,0,100,'','2016-2017'),(323,8,54,5,7,13,1,0,100,'','2016-2017'),(324,14,54,5,7,13,1,0,100,'','2016-2017'),(325,15,54,5,7,13,1,0,100,'','2016-2017'),(326,16,54,5,7,13,1,0,100,'','2016-2017'),(327,17,54,5,7,13,1,0,100,'','2016-2017'),(328,18,54,5,7,13,1,0,100,'','2016-2017'),(329,19,54,5,7,13,1,0,100,'','2016-2017'),(330,20,54,5,7,13,1,0,100,'','2016-2017'),(331,21,54,5,7,13,1,0,100,'','2016-2017'),(332,22,54,5,7,13,1,0,100,'','2016-2017'),(333,23,54,5,7,13,1,0,100,'','2016-2017'),(334,24,54,5,7,13,1,0,100,'','2016-2017'),(335,25,54,5,7,13,1,0,100,'','2016-2017'),(336,26,54,5,7,13,1,0,100,'','2016-2017'),(337,77,54,5,7,13,1,0,100,'','2016-2017'),(338,78,54,5,7,13,1,0,100,'','2016-2017'),(339,154,54,5,7,13,1,0,100,'','2016-2017'),(340,155,54,5,7,13,1,95,100,'','2016-2017'),(341,156,54,5,7,13,1,0,100,'','2016-2017'),(342,161,54,5,7,13,1,0,100,'','2016-2017'),(343,162,54,5,7,13,1,0,100,'','2016-2017'),(344,163,54,5,7,13,1,0,100,'','2016-2017'),(345,164,54,5,7,13,1,0,100,'','2016-2017'),(346,165,54,5,7,13,1,0,100,'','2016-2017'),(347,2,54,5,7,13,1,90,100,'','2016-2017'),(348,167,54,5,7,13,1,0,100,'','2016-2017'),(349,169,54,5,7,13,1,0,100,'','2016-2017'),(350,170,54,5,7,13,1,0,100,'','2016-2017'),(351,171,54,5,7,13,1,0,100,'','2016-2017'),(352,172,54,5,7,13,1,0,100,'','2016-2017'),(353,173,54,5,7,13,1,0,100,'','2016-2017'),(354,2,17,2,2,7,2,80,100,'','2016-2017'),(355,82,17,2,2,7,2,0,100,'','2016-2017'),(356,83,17,2,2,7,2,0,100,'','2016-2017'),(357,84,17,2,2,7,2,0,100,'','2016-2017'),(358,85,17,2,2,7,2,0,100,'','2016-2017'),(359,86,17,2,2,7,2,0,100,'','2016-2017'),(360,87,17,2,2,7,2,0,100,'','2016-2017'),(361,91,17,2,2,7,2,0,100,'','2016-2017'),(362,95,17,2,2,7,2,0,100,'','2016-2017'),(363,98,17,2,2,7,2,0,100,'','2016-2017'),(364,99,17,2,2,7,2,0,100,'','2016-2017'),(365,101,17,2,2,7,2,0,100,'','2016-2017'),(366,103,17,2,2,7,2,0,100,'','2016-2017'),(367,104,17,2,2,7,2,0,100,'','2016-2017'),(368,105,17,2,2,7,2,0,100,'','2016-2017'),(369,107,17,2,2,7,2,0,100,'','2016-2017'),(370,109,17,2,2,7,2,0,100,'','2016-2017'),(371,111,17,2,2,7,2,0,100,'','2016-2017'),(372,112,17,2,2,7,2,0,100,'','2016-2017'),(373,119,17,2,2,7,2,0,100,'','2016-2017'),(374,120,17,2,2,7,2,0,100,'','2016-2017'),(375,121,17,2,2,7,2,0,100,'','2016-2017'),(376,123,17,2,2,7,2,0,100,'','2016-2017'),(377,126,17,2,2,7,2,0,100,'','2016-2017'),(378,2,8,1,1,13,1,70,100,'','2016-2017'),(379,81,8,1,1,13,1,0,100,'','2016-2017'),(380,88,8,1,1,13,1,0,100,'','2016-2017'),(381,89,8,1,1,13,1,0,100,'','2016-2017'),(382,90,8,1,1,13,1,0,100,'','2016-2017'),(383,92,8,1,1,13,1,0,100,'','2016-2017'),(384,93,8,1,1,13,1,0,100,'','2016-2017'),(385,94,8,1,1,13,1,0,100,'','2016-2017'),(386,96,8,1,1,13,1,0,100,'','2016-2017'),(387,97,8,1,1,13,1,0,100,'','2016-2017'),(388,100,8,1,1,13,1,0,100,'','2016-2017'),(389,102,8,1,1,13,1,0,100,'','2016-2017'),(390,106,8,1,1,13,1,0,100,'','2016-2017'),(391,108,8,1,1,13,1,0,100,'','2016-2017'),(392,110,8,1,1,13,1,0,100,'','2016-2017'),(393,113,8,1,1,13,1,0,100,'','2016-2017'),(394,114,8,1,1,13,1,0,100,'','2016-2017'),(395,115,8,1,1,13,1,0,100,'','2016-2017'),(396,116,8,1,1,13,1,0,100,'','2016-2017'),(397,117,8,1,1,13,1,0,100,'','2016-2017'),(398,118,8,1,1,13,1,0,100,'','2016-2017'),(399,122,8,1,1,13,1,0,100,'','2016-2017'),(400,124,8,1,1,13,1,0,100,'','2016-2017'),(401,125,8,1,1,13,1,0,100,'','2016-2017'),(402,2,16,2,2,5,2,90,100,'','2016-2017'),(403,82,16,2,2,5,2,0,100,'','2016-2017'),(404,83,16,2,2,5,2,0,100,'','2016-2017'),(405,84,16,2,2,5,2,0,100,'','2016-2017'),(406,85,16,2,2,5,2,0,100,'','2016-2017'),(407,86,16,2,2,5,2,0,100,'','2016-2017'),(408,87,16,2,2,5,2,0,100,'','2016-2017'),(409,91,16,2,2,5,2,0,100,'','2016-2017'),(410,95,16,2,2,5,2,0,100,'','2016-2017'),(411,98,16,2,2,5,2,0,100,'','2016-2017'),(412,99,16,2,2,5,2,0,100,'','2016-2017'),(413,101,16,2,2,5,2,0,100,'','2016-2017'),(414,103,16,2,2,5,2,0,100,'','2016-2017'),(415,104,16,2,2,5,2,0,100,'','2016-2017'),(416,105,16,2,2,5,2,0,100,'','2016-2017'),(417,107,16,2,2,5,2,0,100,'','2016-2017'),(418,109,16,2,2,5,2,0,100,'','2016-2017'),(419,111,16,2,2,5,2,0,100,'','2016-2017'),(420,112,16,2,2,5,2,0,100,'','2016-2017'),(421,119,16,2,2,5,2,0,100,'','2016-2017'),(422,120,16,2,2,5,2,0,100,'','2016-2017'),(423,121,16,2,2,5,2,0,100,'','2016-2017'),(424,123,16,2,2,5,2,0,100,'','2016-2017'),(425,126,16,2,2,5,2,0,100,'','2016-2017'),(426,1,58,5,7,12,1,80,100,'','2016-2017'),(427,2,58,5,7,4,1,80,100,'','2016-2017'),(428,3,58,5,7,12,1,80,100,'','2016-2017'),(429,4,58,5,7,12,1,80,100,'','2016-2017'),(430,5,58,5,7,12,1,80,100,'','2016-2017'),(431,6,58,5,7,12,1,80,100,'','2016-2017'),(432,7,58,5,7,12,1,80,100,'','2016-2017'),(433,8,58,5,7,12,1,80,100,'','2016-2017'),(434,14,58,5,7,12,1,80,100,'','2016-2017'),(435,15,58,5,7,12,1,80,100,'','2016-2017'),(436,16,58,5,7,12,1,80,100,'','2016-2017'),(437,17,58,5,7,12,1,80,100,'','2016-2017'),(438,18,58,5,7,12,1,80,100,'','2016-2017'),(439,19,58,5,7,12,1,80,100,'','2016-2017'),(440,20,58,5,7,12,1,80,100,'','2016-2017'),(441,21,58,5,7,12,1,80,100,'','2016-2017'),(442,22,58,5,7,12,1,80,100,'','2016-2017'),(443,23,58,5,7,12,1,80,100,'','2016-2017'),(444,24,58,5,7,12,1,80,100,'','2016-2017'),(445,25,58,5,7,12,1,80,100,'','2016-2017'),(446,26,58,5,7,12,1,80,100,'','2016-2017'),(447,77,58,5,7,12,1,80,100,'','2016-2017'),(448,78,58,5,7,12,1,80,100,'','2016-2017'),(449,154,58,5,7,12,1,80,100,'','2016-2017'),(450,155,58,5,7,12,1,80,100,'','2016-2017'),(451,156,58,5,7,12,1,80,100,'','2016-2017'),(452,161,58,5,7,12,1,80,100,'','2016-2017'),(453,162,58,5,7,12,1,80,100,'','2016-2017'),(454,163,58,5,7,12,1,80,100,'','2016-2017'),(455,164,58,5,7,12,1,80,100,'','2016-2017'),(456,165,58,5,7,12,1,80,100,'','2016-2017'),(457,2,58,5,7,12,1,80,100,'','2016-2017'),(458,167,58,5,7,12,1,80,100,'','2016-2017'),(459,169,58,5,7,12,1,80,100,'','2016-2017'),(460,170,58,5,7,12,1,80,100,'','2016-2017'),(461,171,58,5,7,12,1,80,100,'','2016-2017'),(462,172,58,5,7,12,1,80,100,'','2016-2017'),(463,173,58,5,7,12,1,80,100,'','2016-2017'),(464,176,58,5,7,12,1,80,100,'','2016-2017'),(465,2,11,1,1,12,1,80,100,'','2016-2017'),(466,81,11,1,1,12,1,80,100,'','2016-2017'),(467,88,11,1,1,12,1,80,100,'','2016-2017'),(468,89,11,1,1,12,1,80,100,'','2016-2017'),(469,90,11,1,1,12,1,80,100,'','2016-2017'),(470,92,11,1,1,12,1,80,100,'','2016-2017'),(471,93,11,1,1,12,1,80,100,'','2016-2017'),(472,94,11,1,1,12,1,80,100,'','2016-2017'),(473,96,11,1,1,12,1,80,100,'','2016-2017'),(474,97,11,1,1,12,1,80,100,'','2016-2017'),(475,100,11,1,1,12,1,80,100,'','2016-2017'),(476,102,11,1,1,12,1,80,100,'','2016-2017'),(477,106,11,1,1,12,1,80,100,'','2016-2017'),(478,108,11,1,1,12,1,80,100,'','2016-2017'),(479,110,11,1,1,12,1,80,100,'','2016-2017'),(480,113,11,1,1,12,1,80,100,'','2016-2017'),(481,114,11,1,1,12,1,80,100,'','2016-2017'),(482,115,11,1,1,12,1,80,100,'','2016-2017'),(483,116,11,1,1,12,1,80,100,'','2016-2017'),(484,117,11,1,1,12,1,80,100,'','2016-2017'),(485,118,11,1,1,12,1,80,100,'','2016-2017'),(486,122,11,1,1,12,1,80,100,'','2016-2017'),(487,124,11,1,1,12,1,80,100,'','2016-2017'),(488,125,11,1,1,12,1,80,100,'','2016-2017'),(489,2,12,1,1,14,1,90,100,'','2016-2017'),(490,81,12,1,1,14,1,0,100,'','2016-2017'),(491,88,12,1,1,14,1,0,100,'','2016-2017'),(492,89,12,1,1,14,1,0,100,'','2016-2017'),(493,90,12,1,1,14,1,0,100,'','2016-2017'),(494,92,12,1,1,14,1,0,100,'','2016-2017'),(495,93,12,1,1,14,1,0,100,'','2016-2017'),(496,94,12,1,1,14,1,0,100,'','2016-2017'),(497,96,12,1,1,14,1,0,100,'','2016-2017'),(498,97,12,1,1,14,1,0,100,'','2016-2017'),(499,100,12,1,1,14,1,0,100,'','2016-2017'),(500,102,12,1,1,14,1,0,100,'','2016-2017'),(501,106,12,1,1,14,1,0,100,'','2016-2017'),(502,108,12,1,1,14,1,0,100,'','2016-2017'),(503,110,12,1,1,14,1,0,100,'','2016-2017'),(504,113,12,1,1,14,1,0,100,'','2016-2017'),(505,114,12,1,1,14,1,0,100,'','2016-2017'),(506,115,12,1,1,14,1,0,100,'','2016-2017'),(507,116,12,1,1,14,1,0,100,'','2016-2017'),(508,117,12,1,1,14,1,0,100,'','2016-2017'),(509,118,12,1,1,14,1,0,100,'','2016-2017'),(510,122,12,1,1,14,1,0,100,'','2016-2017'),(511,124,12,1,1,14,1,0,100,'','2016-2017'),(512,125,12,1,1,14,1,0,100,'','2016-2017'),(513,2,15,2,2,12,1,80,100,'','2016-2017'),(514,82,15,2,2,12,1,0,100,'','2016-2017'),(515,83,15,2,2,12,1,0,100,'','2016-2017'),(516,84,15,2,2,12,1,0,100,'','2016-2017'),(517,85,15,2,2,12,1,0,100,'','2016-2017'),(518,86,15,2,2,12,1,0,100,'','2016-2017'),(519,87,15,2,2,12,1,0,100,'','2016-2017'),(520,91,15,2,2,12,1,0,100,'','2016-2017'),(521,95,15,2,2,12,1,0,100,'','2016-2017'),(522,98,15,2,2,12,1,0,100,'','2016-2017'),(523,99,15,2,2,12,1,0,100,'','2016-2017'),(524,101,15,2,2,12,1,0,100,'','2016-2017'),(525,103,15,2,2,12,1,0,100,'','2016-2017'),(526,104,15,2,2,12,1,0,100,'','2016-2017'),(527,105,15,2,2,12,1,0,100,'','2016-2017'),(528,107,15,2,2,12,1,0,100,'','2016-2017'),(529,109,15,2,2,12,1,0,100,'','2016-2017'),(530,111,15,2,2,12,1,0,100,'','2016-2017'),(531,112,15,2,2,12,1,0,100,'','2016-2017'),(532,119,15,2,2,12,1,0,100,'','2016-2017'),(533,120,15,2,2,12,1,0,100,'','2016-2017'),(534,121,15,2,2,12,1,0,100,'','2016-2017'),(535,123,15,2,2,12,1,0,100,'','2016-2017'),(536,126,15,2,2,12,1,0,100,'','2016-2017'),(537,1,55,5,7,14,1,90,100,'','2016-2017'),(538,2,59,5,7,4,1,90,100,'','2016-2017'),(539,3,55,5,7,14,1,90,100,'','2016-2017'),(540,4,55,5,7,14,1,90,100,'','2016-2017'),(541,5,55,5,7,14,1,90,100,'','2016-2017'),(542,6,55,5,7,14,1,90,100,'','2016-2017'),(543,7,55,5,7,14,1,90,100,'','2016-2017'),(544,8,55,5,7,14,1,90,100,'','2016-2017'),(545,14,55,5,7,14,1,90,100,'','2016-2017'),(546,15,55,5,7,14,1,90,100,'','2016-2017'),(547,16,55,5,7,14,1,90,100,'','2016-2017'),(548,17,55,5,7,14,1,90,100,'','2016-2017'),(549,18,55,5,7,14,1,90,100,'','2016-2017'),(550,19,55,5,7,14,1,90,100,'','2016-2017'),(551,20,55,5,7,14,1,90,100,'','2016-2017'),(552,21,55,5,7,14,1,90,100,'','2016-2017'),(553,22,55,5,7,14,1,90,100,'','2016-2017'),(554,23,55,5,7,14,1,90,100,'','2016-2017'),(555,24,55,5,7,14,1,90,100,'','2016-2017'),(556,25,55,5,7,14,1,90,100,'','2016-2017'),(557,26,55,5,7,14,1,90,100,'','2016-2017'),(558,77,55,5,7,14,1,90,100,'','2016-2017'),(559,78,55,5,7,14,1,90,100,'','2016-2017'),(560,154,55,5,7,14,1,90,100,'','2016-2017'),(561,155,55,5,7,14,1,90,100,'','2016-2017'),(562,156,55,5,7,14,1,90,100,'','2016-2017'),(563,161,55,5,7,14,1,90,100,'','2016-2017'),(564,162,55,5,7,14,1,90,100,'','2016-2017'),(565,163,55,5,7,14,1,90,100,'','2016-2017'),(566,164,55,5,7,14,1,90,100,'','2016-2017'),(567,165,55,5,7,14,1,90,100,'','2016-2017'),(568,2,55,5,7,14,1,90,100,'','2016-2017'),(569,167,55,5,7,14,1,90,100,'','2016-2017'),(570,169,55,5,7,14,1,90,100,'','2016-2017'),(571,170,55,5,7,14,1,90,100,'','2016-2017'),(572,171,55,5,7,14,1,90,100,'','2016-2017'),(573,172,55,5,7,14,1,90,100,'','2016-2017'),(574,173,55,5,7,14,1,90,100,'','2016-2017'),(575,176,55,5,7,14,1,90,100,'','2016-2017'),(576,2,14,2,2,12,1,90,100,'','2016-2017'),(577,82,14,2,2,12,1,0,100,'','2016-2017'),(578,83,14,2,2,12,1,0,100,'','2016-2017'),(579,84,14,2,2,12,1,0,100,'','2016-2017'),(580,85,14,2,2,12,1,0,100,'','2016-2017'),(581,86,14,2,2,12,1,0,100,'','2016-2017'),(582,87,14,2,2,12,1,0,100,'','2016-2017'),(583,91,14,2,2,12,1,0,100,'','2016-2017'),(584,95,14,2,2,12,1,0,100,'','2016-2017'),(585,98,14,2,2,12,1,0,100,'','2016-2017'),(586,99,14,2,2,12,1,0,100,'','2016-2017'),(587,101,14,2,2,12,1,0,100,'','2016-2017'),(588,103,14,2,2,12,1,0,100,'','2016-2017'),(589,104,14,2,2,12,1,0,100,'','2016-2017'),(590,105,14,2,2,12,1,0,100,'','2016-2017'),(591,107,14,2,2,12,1,0,100,'','2016-2017'),(592,109,14,2,2,12,1,0,100,'','2016-2017'),(593,111,14,2,2,12,1,0,100,'','2016-2017'),(594,112,14,2,2,12,1,0,100,'','2016-2017'),(595,119,14,2,2,12,1,0,100,'','2016-2017'),(596,120,14,2,2,12,1,0,100,'','2016-2017'),(597,121,14,2,2,12,1,0,100,'','2016-2017'),(598,123,14,2,2,12,1,0,100,'','2016-2017'),(599,126,14,2,2,12,1,0,100,'','2016-2017'),(600,2,25,1,1,14,1,80,100,'','2016-2017'),(601,81,25,1,1,14,1,0,100,'','2016-2017'),(602,88,25,1,1,14,1,0,100,'','2016-2017'),(603,89,25,1,1,14,1,0,100,'','2016-2017'),(604,90,25,1,1,14,1,0,100,'','2016-2017'),(605,92,25,1,1,14,1,0,100,'','2016-2017'),(606,93,25,1,1,14,1,0,100,'','2016-2017'),(607,94,25,1,1,14,1,0,100,'','2016-2017'),(608,96,25,1,1,14,1,0,100,'','2016-2017'),(609,97,25,1,1,14,1,0,100,'','2016-2017'),(610,100,25,1,1,14,1,0,100,'','2016-2017'),(611,102,25,1,1,14,1,0,100,'','2016-2017'),(612,106,25,1,1,14,1,0,100,'','2016-2017'),(613,108,25,1,1,14,1,0,100,'','2016-2017'),(614,110,25,1,1,14,1,0,100,'','2016-2017'),(615,113,25,1,1,14,1,0,100,'','2016-2017'),(616,114,25,1,1,14,1,0,100,'','2016-2017'),(617,115,25,1,1,14,1,0,100,'','2016-2017'),(618,116,25,1,1,14,1,0,100,'','2016-2017'),(619,117,25,1,1,14,1,0,100,'','2016-2017'),(620,118,25,1,1,14,1,0,100,'','2016-2017'),(621,122,25,1,1,14,1,0,100,'','2016-2017'),(622,124,25,1,1,14,1,0,100,'','2016-2017'),(623,125,25,1,1,14,1,0,100,'','2016-2017'),(624,2,27,1,1,13,1,100,100,'','2016-2017'),(625,81,27,1,1,13,1,0,100,'','2016-2017'),(626,88,27,1,1,13,1,0,100,'','2016-2017'),(627,89,27,1,1,13,1,0,100,'','2016-2017'),(628,90,27,1,1,13,1,0,100,'','2016-2017'),(629,92,27,1,1,13,1,0,100,'','2016-2017'),(630,93,27,1,1,13,1,0,100,'','2016-2017'),(631,94,27,1,1,13,1,0,100,'','2016-2017'),(632,96,27,1,1,13,1,0,100,'','2016-2017'),(633,97,27,1,1,13,1,0,100,'','2016-2017'),(634,100,27,1,1,13,1,0,100,'','2016-2017'),(635,102,27,1,1,13,1,0,100,'','2016-2017'),(636,106,27,1,1,13,1,0,100,'','2016-2017'),(637,108,27,1,1,13,1,0,100,'','2016-2017'),(638,110,27,1,1,13,1,0,100,'','2016-2017'),(639,113,27,1,1,13,1,0,100,'','2016-2017'),(640,114,27,1,1,13,1,0,100,'','2016-2017'),(641,115,27,1,1,13,1,0,100,'','2016-2017'),(642,116,27,1,1,13,1,0,100,'','2016-2017'),(643,117,27,1,1,13,1,0,100,'','2016-2017'),(644,118,27,1,1,13,1,0,100,'','2016-2017'),(645,122,27,1,1,13,1,0,100,'','2016-2017'),(646,124,27,1,1,13,1,0,100,'','2016-2017'),(647,125,27,1,1,13,1,0,100,'','2016-2017'),(648,2,10,1,1,5,2,90,100,'','2016-2017'),(649,81,10,1,1,5,2,0,100,'','2016-2017'),(650,88,10,1,1,5,2,0,100,'','2016-2017'),(651,89,10,1,1,5,2,0,100,'','2016-2017'),(652,90,10,1,1,5,2,0,100,'','2016-2017'),(653,92,10,1,1,5,2,0,100,'','2016-2017'),(654,93,10,1,1,5,2,0,100,'','2016-2017'),(655,94,10,1,1,5,2,0,100,'','2016-2017'),(656,96,10,1,1,5,2,0,100,'','2016-2017'),(657,97,10,1,1,5,2,0,100,'','2016-2017'),(658,100,10,1,1,5,2,0,100,'','2016-2017'),(659,102,10,1,1,5,2,0,100,'','2016-2017'),(660,106,10,1,1,5,2,0,100,'','2016-2017'),(661,108,10,1,1,5,2,0,100,'','2016-2017'),(662,110,10,1,1,5,2,0,100,'','2016-2017'),(663,113,10,1,1,5,2,0,100,'','2016-2017'),(664,114,10,1,1,5,2,0,100,'','2016-2017'),(665,115,10,1,1,5,2,0,100,'','2016-2017'),(666,116,10,1,1,5,2,0,100,'','2016-2017'),(667,117,10,1,1,5,2,0,100,'','2016-2017'),(668,118,10,1,1,5,2,0,100,'','2016-2017'),(669,122,10,1,1,5,2,0,100,'','2016-2017'),(670,124,10,1,1,5,2,0,100,'','2016-2017'),(671,125,10,1,1,5,2,0,100,'','2016-2017'),(672,2,8,1,1,13,3,90,100,'','2016-2017'),(673,81,8,1,1,13,3,0,100,'','2016-2017'),(674,88,8,1,1,13,3,0,100,'','2016-2017'),(675,89,8,1,1,13,3,0,100,'','2016-2017'),(676,90,8,1,1,13,3,0,100,'','2016-2017'),(677,92,8,1,1,13,3,0,100,'','2016-2017'),(678,93,8,1,1,13,3,0,100,'','2016-2017'),(679,94,8,1,1,13,3,0,100,'','2016-2017'),(680,96,8,1,1,13,3,0,100,'','2016-2017'),(681,97,8,1,1,13,3,0,100,'','2016-2017'),(682,100,8,1,1,13,3,0,100,'','2016-2017'),(683,102,8,1,1,13,3,0,100,'','2016-2017'),(684,106,8,1,1,13,3,0,100,'','2016-2017'),(685,108,8,1,1,13,3,0,100,'','2016-2017'),(686,110,8,1,1,13,3,0,100,'','2016-2017'),(687,113,8,1,1,13,3,0,100,'','2016-2017'),(688,114,8,1,1,13,3,0,100,'','2016-2017'),(689,115,8,1,1,13,3,0,100,'','2016-2017'),(690,116,8,1,1,13,3,0,100,'','2016-2017'),(691,117,8,1,1,13,3,0,100,'','2016-2017'),(692,118,8,1,1,13,3,0,100,'','2016-2017'),(693,122,8,1,1,13,3,0,100,'','2016-2017'),(694,124,8,1,1,13,3,0,100,'','2016-2017'),(695,1,8,1,1,4,3,70,100,'','2017-2018'),(696,2,14,2,2,4,2,100,100,'','2016-2017'),(697,82,14,2,2,4,2,0,100,'','2016-2017'),(698,83,14,2,2,4,2,0,100,'','2016-2017'),(699,84,14,2,2,4,2,0,100,'','2016-2017'),(700,85,14,2,2,4,2,0,100,'','2016-2017'),(701,86,14,2,2,4,2,0,100,'','2016-2017'),(702,87,14,2,2,4,2,0,100,'','2016-2017'),(703,91,14,2,2,4,2,0,100,'','2016-2017'),(704,95,14,2,2,4,2,0,100,'','2016-2017'),(705,98,14,2,2,4,2,0,100,'','2016-2017'),(706,99,14,2,2,4,2,0,100,'','2016-2017'),(707,101,14,2,2,4,2,0,100,'','2016-2017'),(708,103,14,2,2,4,2,0,100,'','2016-2017'),(709,104,14,2,2,4,2,0,100,'','2016-2017'),(710,105,14,2,2,4,2,0,100,'','2016-2017'),(711,107,14,2,2,4,2,0,100,'','2016-2017'),(712,109,14,2,2,4,2,0,100,'','2016-2017'),(713,111,14,2,2,4,2,0,100,'','2016-2017'),(714,112,14,2,2,4,2,0,100,'','2016-2017'),(715,119,14,2,2,4,2,0,100,'','2016-2017'),(716,120,14,2,2,4,2,0,100,'','2016-2017'),(717,121,14,2,2,4,2,0,100,'','2016-2017'),(718,123,14,2,2,4,2,0,100,'','2016-2017'),(719,7,14,1,1,4,2,90,100,'','2017-2018');

/*Table structure for table `mark_test` */

DROP TABLE IF EXISTS `mark_test`;

CREATE TABLE `mark_test` (
  `mark_id` int(11) NOT NULL AUTO_INCREMENT,
  `student_id` int(11) NOT NULL,
  `subject_id` int(11) NOT NULL,
  `topic_id` int(11) NOT NULL,
  `class_id` int(11) NOT NULL,
  `section_id` int(11) NOT NULL,
  `exam_id` int(11) NOT NULL,
  `exam_category_ids` int(11) DEFAULT NULL,
  `mark_obtained` int(11) NOT NULL DEFAULT '0',
  `mark_total` int(11) NOT NULL DEFAULT '100',
  `comment` longtext COLLATE utf8_unicode_ci NOT NULL,
  `year` longtext COLLATE utf8_unicode_ci NOT NULL,
  PRIMARY KEY (`mark_id`)
) ENGINE=InnoDB AUTO_INCREMENT=53 DEFAULT CHARSET=utf8 COLLATE=utf8_unicode_ci;

/*Data for the table `mark_test` */

insert  into `mark_test`(`mark_id`,`student_id`,`subject_id`,`topic_id`,`class_id`,`section_id`,`exam_id`,`exam_category_ids`,`mark_obtained`,`mark_total`,`comment`,`year`) values (2,155,55,1,5,1,1,1,40,100,'',''),(51,155,55,2,5,1,1,1,70,100,'',''),(52,155,55,3,5,1,1,1,60,100,'','');

/*Table structure for table `mark_topic` */

DROP TABLE IF EXISTS `mark_topic`;

CREATE TABLE `mark_topic` (
  `mark_topic_id` int(11) NOT NULL AUTO_INCREMENT,
  `topic_name` varchar(50) COLLATE utf8_unicode_ci NOT NULL,
  `subject_id` int(11) NOT NULL,
  PRIMARY KEY (`mark_topic_id`)
) ENGINE=InnoDB AUTO_INCREMENT=9 DEFAULT CHARSET=utf8 COLLATE=utf8_unicode_ci;

/*Data for the table `mark_topic` */

insert  into `mark_topic`(`mark_topic_id`,`topic_name`,`subject_id`) values (1,'Grammar',55),(2,'Speaking',55),(3,'writing',55),(8,'test',16);

/*Table structure for table `markbook_nilai` */

DROP TABLE IF EXISTS `markbook_nilai`;

CREATE TABLE `markbook_nilai` (
  `markbook_nilai_id` int(11) NOT NULL AUTO_INCREMENT,
  `markbook_id` int(11) NOT NULL,
  `mm_sub_id` int(11) NOT NULL,
  `exam_id` int(11) NOT NULL,
  `student_id` int(11) NOT NULL,
  `nilai` varchar(50) NOT NULL,
  `nilai_previous` varchar(100) NOT NULL,
  PRIMARY KEY (`markbook_nilai_id`)
) ENGINE=InnoDB AUTO_INCREMENT=1406 DEFAULT CHARSET=latin1;

/*Data for the table `markbook_nilai` */

insert  into `markbook_nilai`(`markbook_nilai_id`,`markbook_id`,`mm_sub_id`,`exam_id`,`student_id`,`nilai`,`nilai_previous`) values (1,2,1,4,79,'70',''),(2,2,1,4,2,'32',''),(3,2,1,4,88,'60',''),(4,2,1,4,89,'40',''),(5,2,1,4,90,'50',''),(6,2,1,4,92,'90',''),(7,2,1,4,93,'80',''),(8,2,1,4,94,'60',''),(9,2,1,4,96,'70',''),(10,2,1,4,97,'50',''),(11,2,1,4,100,'90',''),(12,2,1,4,102,'80',''),(13,2,1,4,106,'70',''),(14,2,1,4,108,'90',''),(15,2,1,4,110,'80',''),(16,2,1,4,113,'60',''),(17,2,1,4,114,'90',''),(18,2,1,4,115,'70',''),(19,2,1,4,116,'90',''),(20,2,1,4,117,'80',''),(21,2,1,4,118,'80',''),(22,2,1,4,122,'60',''),(23,2,1,4,124,'90',''),(24,2,1,4,125,'60',''),(25,2,1,5,79,'33',''),(26,2,1,5,2,'90',''),(27,2,1,5,88,'70',''),(28,2,1,5,89,'30',''),(29,2,1,5,90,'90',''),(30,2,1,5,92,'100',''),(31,2,1,5,93,'',''),(32,2,1,5,94,'',''),(33,2,1,5,96,'',''),(35,2,1,5,100,'',''),(36,2,1,5,102,'',''),(37,2,1,5,106,'',''),(38,2,1,5,108,'',''),(39,2,1,5,110,'',''),(40,2,1,5,113,'',''),(41,2,1,5,114,'',''),(42,2,1,5,115,'',''),(43,2,1,5,116,'',''),(44,2,1,5,117,'',''),(45,2,1,5,118,'',''),(46,2,1,5,122,'',''),(47,2,1,5,124,'',''),(48,2,1,5,125,'',''),(49,2,2,4,79,'30',''),(50,2,2,4,2,'100',''),(51,2,2,4,88,'80',''),(52,2,2,4,89,'80',''),(53,2,2,4,90,'60',''),(54,2,2,4,92,'',''),(55,2,2,4,93,'',''),(56,2,2,4,94,'',''),(57,2,2,4,96,'',''),(59,2,2,4,100,'',''),(60,2,2,4,102,'',''),(61,2,2,4,106,'',''),(62,2,2,4,108,'',''),(63,2,2,4,110,'',''),(64,2,2,4,113,'',''),(65,2,2,4,114,'',''),(66,2,2,4,115,'',''),(67,2,2,4,116,'',''),(68,2,2,4,117,'',''),(69,2,2,4,118,'',''),(70,2,2,4,122,'',''),(71,2,2,4,124,'',''),(72,2,2,4,125,'',''),(73,2,2,5,79,'40',''),(74,2,2,5,2,'50',''),(75,2,2,5,88,'50',''),(76,2,2,5,89,'10',''),(77,2,2,5,90,'70',''),(78,2,2,5,92,'',''),(79,2,2,5,93,'',''),(80,2,2,5,94,'',''),(81,2,2,5,96,'',''),(83,2,2,5,100,'',''),(84,2,2,5,102,'',''),(85,2,2,5,106,'',''),(86,2,2,5,108,'',''),(87,2,2,5,110,'',''),(88,2,2,5,113,'',''),(89,2,2,5,114,'',''),(90,2,2,5,115,'',''),(91,2,2,5,116,'',''),(92,2,2,5,117,'',''),(93,2,2,5,118,'',''),(94,2,2,5,122,'',''),(95,2,2,5,124,'',''),(96,2,2,5,125,'',''),(97,3,0,0,79,'80',''),(98,3,0,0,2,'60',''),(99,3,0,0,88,'30',''),(100,3,0,0,89,'70',''),(101,3,0,0,90,'50',''),(102,3,0,0,92,'90',''),(103,3,0,0,93,'80',''),(104,3,0,0,94,'60',''),(105,3,0,0,96,'50',''),(107,3,0,0,100,'100',''),(108,3,0,0,102,'90',''),(109,3,0,0,106,'50',''),(110,3,0,0,108,'',''),(111,3,0,0,110,'',''),(112,3,0,0,113,'',''),(113,3,0,0,114,'',''),(114,3,0,0,115,'',''),(115,3,0,0,116,'',''),(116,3,0,0,117,'',''),(117,3,0,0,118,'',''),(118,3,0,0,122,'',''),(119,3,0,0,124,'',''),(120,3,0,0,125,'',''),(121,4,0,0,79,'90',''),(122,4,0,0,2,'80',''),(123,4,0,0,88,'80',''),(124,4,0,0,89,'60',''),(125,4,0,0,90,'70',''),(126,4,0,0,92,'80',''),(127,4,0,0,93,'90',''),(128,4,0,0,94,'70',''),(129,4,0,0,96,'80',''),(131,4,0,0,100,'70',''),(132,4,0,0,102,'50',''),(133,4,0,0,106,'90',''),(134,4,0,0,108,'80',''),(135,4,0,0,110,'60',''),(136,4,0,0,113,'50',''),(137,4,0,0,114,'70',''),(138,4,0,0,115,'80',''),(139,4,0,0,116,'90',''),(140,4,0,0,117,'90',''),(141,4,0,0,118,'60',''),(142,4,0,0,122,'70',''),(143,4,0,0,124,'80',''),(144,4,0,0,125,'90',''),(145,5,0,0,79,'',''),(146,5,0,0,2,'',''),(147,5,0,0,88,'',''),(148,5,0,0,89,'',''),(149,5,0,0,90,'',''),(150,5,0,0,92,'',''),(151,5,0,0,93,'',''),(152,5,0,0,94,'',''),(153,5,0,0,96,'',''),(155,5,0,0,100,'',''),(156,5,0,0,102,'',''),(157,5,0,0,106,'',''),(158,5,0,0,108,'',''),(159,5,0,0,110,'',''),(160,5,0,0,113,'',''),(161,5,0,0,114,'',''),(162,5,0,0,115,'',''),(163,5,0,0,116,'',''),(164,5,0,0,117,'',''),(165,5,0,0,118,'',''),(166,5,0,0,122,'',''),(167,5,0,0,124,'',''),(168,5,0,0,125,'',''),(169,7,3,4,79,'80',''),(170,7,3,4,2,'70',''),(171,7,3,4,88,'60',''),(172,7,3,4,89,'80',''),(173,7,3,4,90,'90',''),(174,7,3,4,92,'80',''),(175,7,3,4,93,'80',''),(176,7,3,4,94,'80',''),(177,7,3,4,96,'80',''),(178,7,3,4,97,'80',''),(179,7,3,4,100,'80',''),(180,7,3,4,102,'80',''),(181,7,3,4,106,'80',''),(182,7,3,4,108,'80',''),(183,7,3,4,110,'80',''),(184,7,3,4,113,'80',''),(185,7,3,4,114,'80',''),(186,7,3,4,115,'80',''),(187,7,3,4,116,'80',''),(188,7,3,4,117,'80',''),(189,7,3,4,118,'80',''),(190,7,3,4,122,'80',''),(191,7,3,4,124,'80',''),(192,7,3,4,125,'80',''),(193,8,4,4,79,'75',''),(194,8,4,4,2,'75',''),(195,8,4,4,88,'75',''),(196,8,4,4,89,'75',''),(197,8,4,4,90,'75',''),(198,8,4,4,92,'75',''),(199,8,4,4,93,'85',''),(200,8,4,4,94,'85',''),(201,8,4,4,96,'85',''),(202,8,4,4,97,'85',''),(203,8,4,4,100,'85',''),(204,8,4,4,102,'85',''),(205,8,4,4,106,'95',''),(206,8,4,4,108,'95',''),(207,8,4,4,110,'95',''),(208,8,4,4,113,'95',''),(209,8,4,4,114,'95',''),(210,8,4,4,115,'100',''),(211,8,4,4,116,'100',''),(212,8,4,4,117,'100',''),(213,8,4,4,118,'100',''),(214,8,4,4,122,'100',''),(215,8,4,4,124,'100',''),(216,8,4,4,125,'100',''),(217,8,4,5,79,'75',''),(218,8,4,5,2,'75',''),(219,8,4,5,88,'75',''),(220,8,4,5,89,'75',''),(221,8,4,5,90,'75',''),(222,8,4,5,92,'75',''),(223,8,4,5,93,'85',''),(224,8,4,5,94,'85',''),(225,8,4,5,96,'85',''),(226,8,4,5,97,'90',''),(227,8,4,5,100,'85',''),(228,8,4,5,102,'85',''),(229,8,4,5,106,'95',''),(230,8,4,5,108,'95',''),(231,8,4,5,110,'95',''),(232,8,4,5,113,'95',''),(233,8,4,5,114,'95',''),(234,8,4,5,115,'100',''),(235,8,4,5,116,'100',''),(236,8,4,5,117,'100',''),(237,8,4,5,118,'100',''),(238,8,4,5,122,'100',''),(239,8,4,5,124,'100',''),(240,8,4,5,125,'100',''),(241,8,4,6,79,'75',''),(242,8,4,6,2,'75',''),(243,8,4,6,88,'75',''),(244,8,4,6,89,'75',''),(245,8,4,6,90,'75',''),(246,8,4,6,92,'75',''),(247,8,4,6,93,'85',''),(248,8,4,6,94,'85',''),(249,8,4,6,96,'85',''),(250,8,4,6,97,'60',''),(251,8,4,6,100,'85',''),(252,8,4,6,102,'85',''),(253,8,4,6,106,'95',''),(254,8,4,6,108,'95',''),(255,8,4,6,110,'95',''),(256,8,4,6,113,'95',''),(257,8,4,6,114,'95',''),(258,8,4,6,115,'100',''),(259,8,4,6,116,'100',''),(260,8,4,6,117,'100',''),(261,8,4,6,118,'100',''),(262,8,4,6,122,'100',''),(263,8,4,6,124,'100',''),(264,8,4,6,125,'100',''),(265,8,5,4,79,'75',''),(266,8,5,4,2,'75',''),(267,8,5,4,88,'75',''),(268,8,5,4,89,'75',''),(269,8,5,4,90,'75',''),(270,8,5,4,92,'75',''),(271,8,5,4,93,'85',''),(272,8,5,4,94,'85',''),(273,8,5,4,96,'85',''),(274,8,5,4,97,'70',''),(275,8,5,4,100,'85',''),(276,8,5,4,102,'85',''),(277,8,5,4,106,'95',''),(278,8,5,4,108,'95',''),(279,8,5,4,110,'95',''),(280,8,5,4,113,'95',''),(281,8,5,4,114,'95',''),(282,8,5,4,115,'100',''),(283,8,5,4,116,'100',''),(284,8,5,4,117,'100',''),(285,8,5,4,118,'100',''),(286,8,5,4,122,'100',''),(287,8,5,4,124,'100',''),(288,8,5,4,125,'100',''),(289,8,5,5,79,'75',''),(290,8,5,5,2,'75',''),(291,8,5,5,88,'75',''),(292,8,5,5,89,'75',''),(293,8,5,5,90,'75',''),(294,8,5,5,92,'75',''),(295,8,5,5,93,'85',''),(296,8,5,5,94,'85',''),(297,8,5,5,96,'85',''),(298,8,5,5,97,'40',''),(299,8,5,5,100,'85',''),(300,8,5,5,102,'85',''),(301,8,5,5,106,'95',''),(302,8,5,5,108,'95',''),(303,8,5,5,110,'95',''),(304,8,5,5,113,'95',''),(305,8,5,5,114,'95',''),(306,8,5,5,115,'100',''),(307,8,5,5,116,'100',''),(308,8,5,5,117,'100',''),(309,8,5,5,118,'100',''),(310,8,5,5,122,'100',''),(311,8,5,5,124,'100',''),(312,8,5,5,125,'100',''),(313,8,5,6,79,'75',''),(314,8,5,6,2,'75',''),(315,8,5,6,88,'75',''),(316,8,5,6,89,'75',''),(317,8,5,6,90,'75',''),(318,8,5,6,92,'75',''),(319,8,5,6,93,'85',''),(320,8,5,6,94,'85',''),(321,8,5,6,96,'85',''),(322,8,5,6,97,'65',''),(323,8,5,6,100,'85',''),(324,8,5,6,102,'85',''),(325,8,5,6,106,'95',''),(326,8,5,6,108,'95',''),(327,8,5,6,110,'95',''),(328,8,5,6,113,'95',''),(329,8,5,6,114,'95',''),(330,8,5,6,115,'100',''),(331,8,5,6,116,'100',''),(332,8,5,6,117,'100',''),(333,8,5,6,118,'100',''),(334,8,5,6,122,'100',''),(335,8,5,6,124,'100',''),(336,8,5,6,125,'100',''),(337,9,0,0,79,'80',''),(338,9,0,0,2,'80',''),(339,9,0,0,88,'80',''),(340,9,0,0,89,'80',''),(341,9,0,0,90,'80',''),(342,9,0,0,92,'80',''),(343,9,0,0,93,'80',''),(344,9,0,0,94,'80',''),(345,9,0,0,96,'80',''),(347,9,0,0,100,'75',''),(348,9,0,0,102,'75',''),(349,9,0,0,106,'75',''),(350,9,0,0,108,'75',''),(351,9,0,0,110,'75',''),(352,9,0,0,113,'75',''),(353,9,0,0,114,'75',''),(354,9,0,0,115,'75',''),(355,9,0,0,116,'75',''),(356,9,0,0,117,'75',''),(357,9,0,0,118,'75',''),(358,9,0,0,122,'75',''),(359,9,0,0,124,'75',''),(360,9,0,0,125,'75',''),(361,10,0,0,79,'90',''),(362,10,0,0,2,'85',''),(363,10,0,0,88,'90',''),(364,10,0,0,89,'85',''),(365,10,0,0,90,'90',''),(366,10,0,0,92,'90',''),(367,10,0,0,93,'90',''),(368,10,0,0,94,'90',''),(369,10,0,0,96,'90',''),(371,10,0,0,100,'90',''),(372,10,0,0,102,'90',''),(373,10,0,0,106,'85',''),(374,10,0,0,108,'85',''),(375,10,0,0,110,'85',''),(376,10,0,0,113,'85',''),(377,10,0,0,114,'85',''),(378,10,0,0,115,'85',''),(379,10,0,0,116,'85',''),(380,10,0,0,117,'85',''),(381,10,0,0,118,'85',''),(382,10,0,0,122,'85',''),(383,10,0,0,124,'85',''),(384,10,0,0,125,'85',''),(385,12,0,0,79,'80',''),(386,12,0,0,2,'70',''),(387,12,0,0,88,'80',''),(388,12,0,0,89,'70',''),(389,12,0,0,90,'80',''),(390,12,0,0,92,'70',''),(391,12,0,0,93,'80',''),(392,12,0,0,94,'70',''),(393,12,0,0,96,'80',''),(395,12,0,0,100,'80',''),(396,12,0,0,102,'70',''),(397,12,0,0,106,'80',''),(398,12,0,0,108,'70',''),(399,12,0,0,110,'80',''),(400,12,0,0,113,'70',''),(401,12,0,0,114,'80',''),(402,12,0,0,115,'70',''),(403,12,0,0,116,'80',''),(404,12,0,0,117,'70',''),(405,12,0,0,118,'80',''),(406,12,0,0,122,'70',''),(407,12,0,0,124,'80',''),(408,12,0,0,125,'70',''),(409,13,0,0,79,'',''),(410,13,0,0,2,'',''),(411,13,0,0,88,'',''),(412,13,0,0,89,'',''),(413,13,0,0,90,'',''),(414,13,0,0,92,'',''),(415,13,0,0,93,'',''),(416,13,0,0,94,'',''),(417,13,0,0,96,'',''),(419,13,0,0,100,'',''),(420,13,0,0,102,'',''),(421,13,0,0,106,'',''),(422,13,0,0,108,'',''),(423,13,0,0,110,'',''),(424,13,0,0,113,'',''),(425,13,0,0,114,'',''),(426,13,0,0,115,'',''),(427,13,0,0,116,'',''),(428,13,0,0,117,'',''),(429,13,0,0,118,'',''),(430,13,0,0,122,'',''),(431,13,0,0,124,'',''),(432,13,0,0,125,'',''),(433,15,0,0,1,'',''),(434,15,0,0,2,'',''),(435,15,0,0,3,'',''),(436,15,0,0,4,'',''),(437,15,0,0,5,'',''),(438,15,0,0,6,'',''),(439,15,0,0,7,'80',''),(440,15,0,0,8,'',''),(441,15,0,0,14,'',''),(442,15,0,0,15,'',''),(443,15,0,0,16,'',''),(444,15,0,0,17,'',''),(445,15,0,0,18,'',''),(446,15,0,0,19,'',''),(447,15,0,0,20,'',''),(448,15,0,0,21,'',''),(449,15,0,0,22,'',''),(450,15,0,0,23,'',''),(451,15,0,0,24,'',''),(452,15,0,0,25,'',''),(453,15,0,0,26,'',''),(454,15,0,0,28,'',''),(455,15,0,0,29,'',''),(456,15,0,0,30,'',''),(457,15,0,0,31,'',''),(458,15,0,0,32,'',''),(459,15,0,0,33,'',''),(460,15,0,0,34,'',''),(461,15,0,0,35,'',''),(462,15,0,0,36,'',''),(463,15,0,0,37,'',''),(464,15,0,0,38,'',''),(465,15,0,0,39,'',''),(466,15,0,0,40,'',''),(467,15,0,0,41,'',''),(468,15,0,0,42,'',''),(469,15,0,0,43,'',''),(470,15,0,0,44,'',''),(471,15,0,0,45,'',''),(472,15,0,0,46,'',''),(473,15,0,0,47,'',''),(474,15,0,0,48,'',''),(475,15,0,0,49,'',''),(476,15,0,0,50,'',''),(477,15,0,0,51,'',''),(478,15,0,0,52,'',''),(479,15,0,0,53,'',''),(480,15,0,0,54,'',''),(481,15,0,0,55,'',''),(482,15,0,0,56,'',''),(483,15,0,0,57,'',''),(484,15,0,0,58,'',''),(485,15,0,0,59,'',''),(486,15,0,0,60,'',''),(487,15,0,0,61,'',''),(488,15,0,0,62,'',''),(489,15,0,0,63,'',''),(490,15,0,0,64,'',''),(491,15,0,0,65,'',''),(492,15,0,0,66,'',''),(493,15,0,0,67,'',''),(494,15,0,0,68,'',''),(495,15,0,0,69,'',''),(496,15,0,0,70,'',''),(497,15,0,0,71,'',''),(498,15,0,0,72,'',''),(499,15,0,0,73,'',''),(500,15,0,0,74,'',''),(501,15,0,0,75,'',''),(502,15,0,0,76,'',''),(503,15,0,0,77,'',''),(504,15,0,0,78,'',''),(505,15,0,0,129,'',''),(506,15,0,0,154,'',''),(507,15,0,0,155,'',''),(508,15,0,0,156,'',''),(509,15,0,0,161,'',''),(510,15,0,0,162,'',''),(511,15,0,0,163,'',''),(512,15,0,0,164,'',''),(513,15,0,0,165,'',''),(514,15,0,0,166,'',''),(515,15,0,0,167,'',''),(516,15,0,0,169,'',''),(517,15,0,0,170,'',''),(518,15,0,0,171,'',''),(519,15,0,0,172,'',''),(520,15,0,0,173,'',''),(521,15,0,0,176,'',''),(522,15,0,0,177,'',''),(523,16,0,0,1,'10',''),(524,16,0,0,2,'',''),(525,16,0,0,3,'',''),(526,16,0,0,4,'',''),(527,16,0,0,5,'',''),(528,16,0,0,6,'',''),(529,16,0,0,7,'50',''),(530,16,0,0,8,'',''),(531,16,0,0,14,'',''),(532,16,0,0,15,'',''),(533,16,0,0,16,'',''),(534,16,0,0,17,'',''),(535,16,0,0,18,'',''),(536,16,0,0,19,'',''),(537,16,0,0,20,'',''),(538,16,0,0,21,'',''),(539,16,0,0,22,'',''),(540,16,0,0,23,'',''),(541,16,0,0,24,'',''),(542,16,0,0,25,'',''),(543,16,0,0,26,'',''),(544,16,0,0,28,'',''),(545,16,0,0,29,'',''),(546,16,0,0,30,'',''),(547,16,0,0,31,'',''),(548,16,0,0,32,'',''),(549,16,0,0,33,'',''),(550,16,0,0,34,'',''),(551,16,0,0,35,'',''),(552,16,0,0,36,'',''),(553,16,0,0,37,'',''),(554,16,0,0,38,'',''),(555,16,0,0,39,'',''),(556,16,0,0,40,'',''),(557,16,0,0,41,'',''),(558,16,0,0,42,'',''),(559,16,0,0,43,'',''),(560,16,0,0,44,'',''),(561,16,0,0,45,'',''),(562,16,0,0,46,'',''),(563,16,0,0,47,'',''),(564,16,0,0,48,'',''),(565,16,0,0,49,'',''),(566,16,0,0,50,'',''),(567,16,0,0,51,'',''),(568,16,0,0,52,'',''),(569,16,0,0,53,'',''),(570,16,0,0,54,'',''),(571,16,0,0,55,'',''),(572,16,0,0,56,'',''),(573,16,0,0,57,'',''),(574,16,0,0,58,'',''),(575,16,0,0,59,'',''),(576,16,0,0,60,'',''),(577,16,0,0,61,'',''),(578,16,0,0,62,'',''),(579,16,0,0,63,'',''),(580,16,0,0,64,'',''),(581,16,0,0,65,'',''),(582,16,0,0,66,'',''),(583,16,0,0,67,'',''),(584,16,0,0,68,'',''),(585,16,0,0,69,'',''),(586,16,0,0,70,'',''),(587,16,0,0,71,'',''),(588,16,0,0,72,'',''),(589,16,0,0,73,'',''),(590,16,0,0,74,'',''),(591,16,0,0,75,'',''),(592,16,0,0,76,'',''),(593,16,0,0,77,'',''),(594,16,0,0,78,'',''),(595,16,0,0,129,'',''),(596,16,0,0,154,'',''),(597,16,0,0,155,'100',''),(598,16,0,0,156,'',''),(599,16,0,0,161,'',''),(600,16,0,0,162,'',''),(601,16,0,0,163,'',''),(602,16,0,0,164,'',''),(603,16,0,0,165,'',''),(604,16,0,0,166,'',''),(605,16,0,0,167,'',''),(606,16,0,0,169,'',''),(607,16,0,0,170,'',''),(608,16,0,0,171,'',''),(609,16,0,0,172,'',''),(610,16,0,0,173,'',''),(611,16,0,0,176,'',''),(612,16,0,0,177,'',''),(613,17,0,0,1,'',''),(614,17,0,0,2,'',''),(615,17,0,0,3,'',''),(616,17,0,0,4,'',''),(617,17,0,0,5,'',''),(618,17,0,0,6,'',''),(619,17,0,0,7,'60',''),(620,17,0,0,8,'',''),(621,17,0,0,14,'',''),(622,17,0,0,15,'',''),(623,17,0,0,16,'',''),(624,17,0,0,17,'',''),(625,17,0,0,18,'',''),(626,17,0,0,19,'',''),(627,17,0,0,20,'',''),(628,17,0,0,21,'',''),(629,17,0,0,22,'',''),(630,17,0,0,23,'',''),(631,17,0,0,24,'',''),(632,17,0,0,25,'',''),(633,17,0,0,26,'',''),(634,17,0,0,28,'',''),(635,17,0,0,29,'',''),(636,17,0,0,30,'',''),(637,17,0,0,31,'',''),(638,17,0,0,32,'',''),(639,17,0,0,33,'',''),(640,17,0,0,34,'',''),(641,17,0,0,35,'',''),(642,17,0,0,36,'',''),(643,17,0,0,37,'',''),(644,17,0,0,38,'',''),(645,17,0,0,39,'',''),(646,17,0,0,40,'',''),(647,17,0,0,41,'',''),(648,17,0,0,42,'',''),(649,17,0,0,43,'',''),(650,17,0,0,44,'',''),(651,17,0,0,45,'',''),(652,17,0,0,46,'',''),(653,17,0,0,47,'',''),(654,17,0,0,48,'',''),(655,17,0,0,49,'',''),(656,17,0,0,50,'',''),(657,17,0,0,51,'',''),(658,17,0,0,52,'',''),(659,17,0,0,53,'',''),(660,17,0,0,54,'',''),(661,17,0,0,55,'',''),(662,17,0,0,56,'',''),(663,17,0,0,57,'',''),(664,17,0,0,58,'',''),(665,17,0,0,59,'',''),(666,17,0,0,60,'',''),(667,17,0,0,61,'',''),(668,17,0,0,62,'',''),(669,17,0,0,63,'',''),(670,17,0,0,64,'',''),(671,17,0,0,65,'',''),(672,17,0,0,66,'',''),(673,17,0,0,67,'',''),(674,17,0,0,68,'',''),(675,17,0,0,69,'',''),(676,17,0,0,70,'',''),(677,17,0,0,71,'',''),(678,17,0,0,72,'',''),(679,17,0,0,73,'',''),(680,17,0,0,74,'',''),(681,17,0,0,75,'',''),(682,17,0,0,76,'',''),(683,17,0,0,77,'',''),(684,17,0,0,78,'',''),(685,17,0,0,129,'',''),(686,17,0,0,155,'',''),(687,17,0,0,177,'',''),(688,18,0,0,1,'',''),(689,18,0,0,2,'',''),(690,18,0,0,3,'',''),(691,18,0,0,4,'',''),(692,18,0,0,5,'',''),(693,18,0,0,6,'',''),(694,18,0,0,7,'75',''),(695,18,0,0,8,'',''),(696,18,0,0,14,'',''),(697,18,0,0,15,'',''),(698,18,0,0,16,'',''),(699,18,0,0,17,'',''),(700,18,0,0,18,'',''),(701,18,0,0,19,'',''),(702,18,0,0,20,'',''),(703,18,0,0,21,'',''),(704,18,0,0,22,'',''),(705,18,0,0,23,'',''),(706,18,0,0,24,'',''),(707,18,0,0,25,'',''),(708,18,0,0,26,'',''),(709,18,0,0,28,'',''),(710,18,0,0,29,'',''),(711,18,0,0,30,'',''),(712,18,0,0,31,'',''),(713,18,0,0,32,'',''),(714,18,0,0,33,'',''),(715,18,0,0,34,'',''),(716,18,0,0,35,'',''),(717,18,0,0,36,'',''),(718,18,0,0,37,'',''),(719,18,0,0,38,'',''),(720,18,0,0,39,'',''),(721,18,0,0,40,'',''),(722,18,0,0,41,'',''),(723,18,0,0,42,'',''),(724,18,0,0,43,'',''),(725,18,0,0,44,'',''),(726,18,0,0,45,'',''),(727,18,0,0,46,'',''),(728,18,0,0,47,'',''),(729,18,0,0,48,'',''),(730,18,0,0,49,'',''),(731,18,0,0,50,'',''),(732,18,0,0,51,'',''),(733,18,0,0,52,'',''),(734,18,0,0,53,'',''),(735,18,0,0,54,'',''),(736,18,0,0,55,'',''),(737,18,0,0,56,'',''),(738,18,0,0,57,'',''),(739,18,0,0,58,'',''),(740,18,0,0,59,'',''),(741,18,0,0,60,'',''),(742,18,0,0,61,'',''),(743,18,0,0,62,'',''),(744,18,0,0,63,'',''),(745,18,0,0,64,'',''),(746,18,0,0,65,'',''),(747,18,0,0,66,'',''),(748,18,0,0,67,'',''),(749,18,0,0,68,'',''),(750,18,0,0,69,'',''),(751,18,0,0,70,'',''),(752,18,0,0,71,'',''),(753,18,0,0,72,'',''),(754,18,0,0,73,'',''),(755,18,0,0,74,'',''),(756,18,0,0,75,'',''),(757,18,0,0,76,'',''),(758,18,0,0,77,'',''),(759,18,0,0,78,'',''),(760,18,0,0,129,'',''),(761,18,0,0,155,'',''),(762,18,0,0,177,'',''),(763,19,0,0,1,'',''),(764,19,0,0,2,'',''),(765,19,0,0,3,'',''),(766,19,0,0,4,'',''),(767,19,0,0,5,'',''),(768,19,0,0,6,'',''),(769,19,0,0,7,'60',''),(770,19,0,0,8,'',''),(771,19,0,0,14,'',''),(772,19,0,0,15,'',''),(773,19,0,0,16,'',''),(774,19,0,0,17,'',''),(775,19,0,0,18,'',''),(776,19,0,0,19,'',''),(777,19,0,0,20,'',''),(778,19,0,0,21,'',''),(779,19,0,0,22,'',''),(780,19,0,0,23,'',''),(781,19,0,0,24,'',''),(782,19,0,0,25,'',''),(783,19,0,0,26,'',''),(784,19,0,0,28,'',''),(785,19,0,0,29,'',''),(786,19,0,0,30,'',''),(787,19,0,0,31,'',''),(788,19,0,0,32,'',''),(789,19,0,0,33,'',''),(790,19,0,0,34,'',''),(791,19,0,0,35,'',''),(792,19,0,0,36,'',''),(793,19,0,0,37,'',''),(794,19,0,0,38,'',''),(795,19,0,0,39,'',''),(796,19,0,0,40,'',''),(797,19,0,0,41,'',''),(798,19,0,0,42,'',''),(799,19,0,0,43,'',''),(800,19,0,0,44,'',''),(801,19,0,0,45,'',''),(802,19,0,0,46,'',''),(803,19,0,0,47,'',''),(804,19,0,0,48,'',''),(805,19,0,0,49,'',''),(806,19,0,0,50,'',''),(807,19,0,0,51,'',''),(808,19,0,0,52,'',''),(809,19,0,0,53,'',''),(810,19,0,0,54,'',''),(811,19,0,0,55,'',''),(812,19,0,0,56,'',''),(813,19,0,0,57,'',''),(814,19,0,0,58,'',''),(815,19,0,0,59,'',''),(816,19,0,0,60,'',''),(817,19,0,0,61,'',''),(818,19,0,0,62,'',''),(819,19,0,0,63,'',''),(820,19,0,0,64,'',''),(821,19,0,0,65,'',''),(822,19,0,0,66,'',''),(823,19,0,0,67,'',''),(824,19,0,0,68,'',''),(825,19,0,0,69,'',''),(826,19,0,0,70,'',''),(827,19,0,0,71,'',''),(828,19,0,0,72,'',''),(829,19,0,0,73,'',''),(830,19,0,0,74,'',''),(831,19,0,0,75,'',''),(832,19,0,0,76,'',''),(833,19,0,0,77,'',''),(834,19,0,0,78,'',''),(835,19,0,0,129,'',''),(836,19,0,0,155,'',''),(837,19,0,0,177,'',''),(838,20,0,0,79,'',''),(839,20,0,0,80,'',''),(840,20,0,0,2,'',''),(841,20,0,0,82,'',''),(842,20,0,0,83,'',''),(843,20,0,0,84,'',''),(844,20,0,0,85,'',''),(845,20,0,0,86,'',''),(846,20,0,0,87,'',''),(847,20,0,0,88,'',''),(848,20,0,0,89,'',''),(849,20,0,0,90,'',''),(850,20,0,0,91,'',''),(851,20,0,0,93,'',''),(852,20,0,0,94,'',''),(853,20,0,0,95,'',''),(854,20,0,0,96,'',''),(855,20,0,0,97,'',''),(856,20,0,0,98,'',''),(857,20,0,0,99,'',''),(858,20,0,0,100,'',''),(859,20,0,0,101,'',''),(860,20,0,0,103,'',''),(861,20,0,0,104,'',''),(862,20,0,0,105,'',''),(863,20,0,0,106,'',''),(864,20,0,0,107,'',''),(865,20,0,0,108,'',''),(866,20,0,0,109,'',''),(867,20,0,0,110,'',''),(868,20,0,0,111,'',''),(869,20,0,0,112,'',''),(870,20,0,0,113,'',''),(871,20,0,0,114,'',''),(872,20,0,0,115,'',''),(873,20,0,0,116,'',''),(874,20,0,0,117,'',''),(875,20,0,0,118,'',''),(876,20,0,0,119,'',''),(877,20,0,0,120,'',''),(878,20,0,0,121,'',''),(879,20,0,0,122,'',''),(880,20,0,0,123,'',''),(881,20,0,0,124,'',''),(882,20,0,0,125,'',''),(883,20,0,0,126,'',''),(884,21,0,0,1,'',''),(885,21,0,0,2,'',''),(886,21,0,0,3,'',''),(887,21,0,0,4,'',''),(888,21,0,0,5,'',''),(889,21,0,0,6,'',''),(890,21,0,0,7,'80',''),(891,21,0,0,8,'',''),(892,21,0,0,14,'',''),(893,21,0,0,15,'',''),(894,21,0,0,16,'',''),(895,21,0,0,17,'',''),(896,21,0,0,18,'',''),(897,21,0,0,19,'',''),(898,21,0,0,20,'',''),(899,21,0,0,21,'',''),(900,21,0,0,22,'',''),(901,21,0,0,23,'',''),(902,21,0,0,24,'',''),(903,21,0,0,25,'',''),(904,21,0,0,26,'',''),(905,21,0,0,28,'',''),(906,21,0,0,29,'',''),(907,21,0,0,30,'',''),(908,21,0,0,31,'',''),(909,21,0,0,32,'',''),(910,21,0,0,33,'',''),(911,21,0,0,34,'',''),(912,21,0,0,35,'',''),(913,21,0,0,36,'',''),(914,21,0,0,37,'',''),(915,21,0,0,38,'',''),(916,21,0,0,39,'',''),(917,21,0,0,40,'',''),(918,21,0,0,41,'',''),(919,21,0,0,42,'',''),(920,21,0,0,43,'',''),(921,21,0,0,44,'',''),(922,21,0,0,45,'',''),(923,21,0,0,46,'',''),(924,21,0,0,47,'',''),(925,21,0,0,48,'',''),(926,21,0,0,49,'',''),(927,21,0,0,50,'',''),(928,21,0,0,51,'',''),(929,21,0,0,52,'',''),(930,21,0,0,53,'',''),(931,21,0,0,54,'',''),(932,21,0,0,55,'',''),(933,21,0,0,56,'',''),(934,21,0,0,57,'',''),(935,21,0,0,58,'',''),(936,21,0,0,59,'',''),(937,21,0,0,60,'',''),(938,21,0,0,61,'',''),(939,21,0,0,62,'',''),(940,21,0,0,63,'',''),(941,21,0,0,64,'',''),(942,21,0,0,65,'',''),(943,21,0,0,66,'',''),(944,21,0,0,67,'',''),(945,21,0,0,68,'',''),(946,21,0,0,69,'',''),(947,21,0,0,70,'',''),(948,21,0,0,71,'',''),(949,21,0,0,72,'',''),(950,21,0,0,73,'',''),(951,21,0,0,74,'',''),(952,21,0,0,75,'',''),(953,21,0,0,76,'',''),(954,21,0,0,77,'',''),(955,21,0,0,78,'',''),(956,21,0,0,129,'',''),(957,21,0,0,155,'',''),(958,21,0,0,177,'',''),(959,22,0,0,28,'',''),(960,22,0,0,29,'',''),(961,22,0,0,30,'',''),(962,22,0,0,31,'',''),(963,22,0,0,32,'',''),(964,22,0,0,33,'',''),(965,22,0,0,34,'',''),(966,22,0,0,35,'',''),(967,22,0,0,36,'',''),(968,22,0,0,37,'',''),(969,22,0,0,38,'',''),(970,22,0,0,39,'',''),(971,22,0,0,40,'',''),(972,22,0,0,41,'',''),(973,22,0,0,42,'',''),(974,22,0,0,43,'',''),(975,22,0,0,44,'',''),(976,22,0,0,45,'',''),(977,22,0,0,46,'',''),(978,22,0,0,47,'',''),(979,22,0,0,48,'',''),(980,22,0,0,49,'',''),(981,22,0,0,50,'',''),(982,22,0,0,51,'',''),(983,22,0,0,52,'',''),(984,22,0,0,53,'',''),(985,22,0,0,54,'',''),(986,22,0,0,55,'',''),(987,22,0,0,56,'',''),(988,22,0,0,57,'',''),(989,22,0,0,58,'',''),(990,22,0,0,59,'',''),(991,22,0,0,60,'',''),(992,22,0,0,61,'',''),(993,22,0,0,62,'',''),(994,22,0,0,63,'',''),(995,22,0,0,64,'',''),(996,22,0,0,65,'',''),(997,22,0,0,66,'',''),(998,22,0,0,67,'',''),(999,22,0,0,68,'',''),(1000,22,0,0,69,'',''),(1001,22,0,0,70,'',''),(1002,22,0,0,71,'',''),(1003,22,0,0,72,'',''),(1004,22,0,0,73,'',''),(1005,22,0,0,74,'',''),(1006,22,0,0,75,'',''),(1007,22,0,0,76,'',''),(1008,22,0,0,129,'',''),(1009,22,0,0,155,'',''),(1010,24,0,0,198,'',''),(1011,24,0,0,199,'',''),(1012,24,0,0,200,'',''),(1013,24,0,0,201,'',''),(1014,24,0,0,203,'',''),(1015,24,0,0,204,'',''),(1016,24,0,0,205,'',''),(1017,24,0,0,206,'',''),(1018,24,0,0,207,'',''),(1019,24,0,0,208,'',''),(1020,24,0,0,209,'',''),(1021,24,0,0,210,'',''),(1022,24,0,0,211,'',''),(1023,24,0,0,212,'',''),(1024,24,0,0,213,'',''),(1025,24,0,0,214,'',''),(1026,24,0,0,215,'',''),(1027,24,0,0,216,'',''),(1028,24,0,0,217,'',''),(1029,24,0,0,218,'',''),(1030,24,0,0,219,'',''),(1031,24,0,0,220,'',''),(1032,24,0,0,221,'',''),(1033,24,0,0,222,'',''),(1034,24,0,0,223,'',''),(1035,24,0,0,224,'',''),(1036,24,0,0,225,'',''),(1037,24,0,0,226,'',''),(1038,24,0,0,227,'',''),(1039,24,0,0,228,'',''),(1040,24,0,0,229,'',''),(1041,24,0,0,230,'',''),(1042,24,0,0,231,'',''),(1043,24,0,0,232,'',''),(1044,24,0,0,233,'',''),(1045,24,0,0,234,'',''),(1046,24,0,0,235,'',''),(1047,24,0,0,236,'',''),(1048,24,0,0,237,'',''),(1049,24,0,0,238,'',''),(1050,24,0,0,239,'',''),(1051,24,0,0,240,'',''),(1052,24,0,0,241,'',''),(1053,24,0,0,242,'',''),(1054,24,0,0,243,'',''),(1055,24,0,0,244,'',''),(1056,24,0,0,245,'',''),(1057,24,0,0,246,'',''),(1058,24,0,0,247,'',''),(1059,24,0,0,248,'',''),(1060,24,0,0,250,'',''),(1061,25,0,0,1,'85',''),(1062,25,0,0,2,'90',''),(1063,25,0,0,3,'75',''),(1064,25,0,0,4,'95',''),(1065,26,6,4,1,'70',''),(1066,26,6,4,2,'80',''),(1067,26,6,4,3,'75',''),(1068,26,6,4,4,'95',''),(1069,27,0,0,1,'80',''),(1070,27,0,0,2,'75',''),(1071,27,0,0,3,'80',''),(1072,27,0,0,4,'75',''),(1073,28,0,0,1,'',''),(1074,28,0,0,2,'',''),(1075,28,0,0,3,'',''),(1076,28,0,0,4,'',''),(1077,31,0,0,1,'89',''),(1078,31,0,0,2,'80',''),(1079,31,0,0,3,'95',''),(1080,31,0,0,4,'79',''),(1081,31,0,0,7,'80',''),(1082,31,0,0,8,'86',''),(1083,31,0,0,9,'85',''),(1084,31,0,0,10,'75',''),(1085,31,0,0,11,'85',''),(1086,31,0,0,12,'85',''),(1087,32,0,0,1,'',''),(1088,32,0,0,2,'',''),(1089,32,0,0,3,'',''),(1090,32,0,0,4,'',''),(1091,32,0,0,7,'',''),(1092,32,0,0,8,'',''),(1093,32,0,0,9,'',''),(1094,32,0,0,10,'',''),(1095,32,0,0,11,'',''),(1096,32,0,0,12,'',''),(1097,34,0,0,1,'100',''),(1098,34,0,0,2,'100',''),(1099,34,0,0,3,'90',''),(1100,34,0,0,4,'90',''),(1101,34,0,0,7,'90',''),(1102,34,0,0,8,'90',''),(1103,34,0,0,9,'90',''),(1104,34,0,0,10,'90',''),(1105,34,0,0,11,'90',''),(1106,34,0,0,12,'90',''),(1107,36,7,4,1,'100',''),(1108,36,7,4,2,'79',''),(1109,36,7,4,3,'80',''),(1110,36,7,4,4,'80',''),(1111,36,7,4,7,'90',''),(1112,36,7,4,8,'75',''),(1113,36,7,4,9,'85',''),(1114,36,7,4,10,'90',''),(1115,36,7,4,11,'85',''),(1116,36,7,4,12,'90',''),(1117,38,0,0,1,'95',''),(1118,38,0,0,2,'75',''),(1119,38,0,0,3,'75',''),(1120,38,0,0,4,'85',''),(1121,38,0,0,7,'90',''),(1122,38,0,0,8,'85',''),(1123,38,0,0,9,'85',''),(1124,38,0,0,10,'80',''),(1125,38,0,0,11,'75',''),(1126,38,0,0,12,'80',''),(1127,40,0,0,1,'',''),(1128,40,0,0,2,'',''),(1129,40,0,0,3,'',''),(1130,40,0,0,4,'',''),(1131,40,0,0,7,'',''),(1132,40,0,0,8,'',''),(1133,40,0,0,9,'',''),(1134,40,0,0,10,'',''),(1135,40,0,0,11,'',''),(1136,40,0,0,12,'',''),(1137,41,0,0,1,'80',''),(1138,41,0,0,2,'80',''),(1139,41,0,0,3,'80',''),(1140,41,0,0,4,'80',''),(1141,41,0,0,7,'80',''),(1142,41,0,0,8,'80',''),(1143,41,0,0,9,'89',''),(1144,41,0,0,10,'80',''),(1145,41,0,0,11,'80',''),(1146,41,0,0,12,'84',''),(1147,42,8,7,1,'80',''),(1148,42,8,7,2,'90',''),(1149,42,8,7,3,'90',''),(1150,42,8,7,4,'90',''),(1151,42,8,7,7,'90',''),(1152,42,8,7,8,'90',''),(1153,42,8,7,9,'90',''),(1154,42,8,7,10,'90',''),(1155,42,8,7,11,'90',''),(1156,42,8,7,12,'90',''),(1157,44,0,0,5,'',''),(1158,44,0,0,6,'',''),(1159,46,0,0,13,'80',''),(1160,48,0,0,1,'75',''),(1161,48,0,0,2,'80',''),(1162,48,0,0,3,'65',''),(1163,48,0,0,4,'75',''),(1164,48,0,0,7,'75',''),(1165,48,0,0,8,'50',''),(1166,48,0,0,9,'60',''),(1167,48,0,0,10,'70',''),(1168,48,0,0,11,'55',''),(1169,48,0,0,12,'85',''),(1170,49,0,0,1,'75',''),(1171,49,0,0,2,'60',''),(1172,49,0,0,3,'55',''),(1173,49,0,0,4,'80',''),(1174,49,0,0,7,'95',''),(1175,49,0,0,8,'45',''),(1176,49,0,0,9,'90',''),(1177,49,0,0,10,'60',''),(1178,49,0,0,11,'90',''),(1179,49,0,0,12,'75',''),(1180,51,0,0,1,'40',''),(1181,51,0,0,2,'90',''),(1182,51,0,0,3,'95',''),(1183,51,0,0,4,'60',''),(1184,51,0,0,7,'70',''),(1185,51,0,0,8,'95',''),(1186,51,0,0,9,'50',''),(1187,51,0,0,10,'100',''),(1188,51,0,0,11,'65',''),(1189,51,0,0,12,'80',''),(1190,52,0,0,5,'90',''),(1191,52,0,0,6,'100',''),(1192,55,0,0,1,'75',''),(1193,55,0,0,2,'65',''),(1194,55,0,0,3,'75',''),(1195,55,0,0,4,'78',''),(1196,55,0,0,7,'80',''),(1197,55,0,0,8,'90',''),(1198,55,0,0,9,'79',''),(1199,55,0,0,10,'98',''),(1200,55,0,0,11,'67',''),(1201,55,0,0,12,'98',''),(1202,56,0,0,1,'79',''),(1203,56,0,0,2,'87',''),(1204,56,0,0,3,'65',''),(1205,56,0,0,4,'98',''),(1206,56,0,0,7,'90',''),(1207,56,0,0,8,'76',''),(1208,56,0,0,9,'78',''),(1209,56,0,0,10,'98',''),(1210,56,0,0,11,'45',''),(1211,56,0,0,12,'98',''),(1212,57,0,0,1,'65',''),(1213,57,0,0,2,'45',''),(1214,57,0,0,3,'90',''),(1215,57,0,0,4,'54',''),(1216,57,0,0,7,'76',''),(1217,57,0,0,8,'87',''),(1218,57,0,0,9,'87',''),(1219,57,0,0,10,'98',''),(1220,57,0,0,11,'65',''),(1221,57,0,0,12,'45',''),(1222,60,9,4,1,'67',''),(1223,60,9,4,2,'87',''),(1224,60,9,4,3,'56',''),(1225,60,9,4,4,'34',''),(1226,60,9,4,7,'98',''),(1227,60,9,4,8,'23',''),(1228,60,9,4,9,'76',''),(1229,60,9,4,10,'45',''),(1230,60,9,4,11,'76',''),(1231,60,9,4,12,'65',''),(1232,62,0,0,1,'80',''),(1233,62,0,0,2,'90',''),(1234,62,0,0,3,'78',''),(1235,62,0,0,4,'56',''),(1236,62,0,0,7,'76',''),(1237,62,0,0,8,'45',''),(1238,62,0,0,9,'76',''),(1239,62,0,0,10,'56',''),(1240,62,0,0,11,'87',''),(1241,62,0,0,12,'56',''),(1242,63,0,0,1,'',''),(1243,63,0,0,2,'',''),(1244,63,0,0,3,'',''),(1245,63,0,0,4,'',''),(1246,63,0,0,7,'50',''),(1247,63,0,0,8,'',''),(1248,63,0,0,9,'',''),(1249,63,0,0,10,'',''),(1250,63,0,0,11,'',''),(1251,63,0,0,12,'',''),(1252,64,10,4,1,'',''),(1253,64,10,4,2,'',''),(1254,64,10,4,3,'',''),(1255,64,10,4,4,'',''),(1256,64,10,4,7,'',''),(1257,64,10,4,8,'',''),(1258,64,10,4,9,'',''),(1259,64,10,4,10,'',''),(1260,64,10,4,11,'',''),(1261,64,10,4,12,'',''),(1262,64,11,4,1,'',''),(1263,64,11,4,2,'',''),(1264,64,11,4,3,'',''),(1265,64,11,4,4,'',''),(1266,64,11,4,7,'',''),(1267,64,11,4,8,'',''),(1268,64,11,4,9,'',''),(1269,64,11,4,10,'',''),(1270,64,11,4,11,'',''),(1271,64,11,4,12,'',''),(1272,66,12,4,1,'',''),(1273,66,12,4,2,'',''),(1274,66,12,4,3,'',''),(1275,66,12,4,4,'',''),(1276,67,13,5,7,'',''),(1277,67,13,5,8,'',''),(1278,67,13,5,9,'',''),(1279,67,13,5,10,'',''),(1280,67,13,5,11,'',''),(1281,67,13,5,12,'',''),(1282,68,0,0,1,'',''),(1283,68,0,0,2,'',''),(1284,68,0,0,3,'',''),(1285,68,0,0,4,'',''),(1286,69,0,0,1,'',''),(1287,69,0,0,2,'',''),(1288,69,0,0,3,'',''),(1289,69,0,0,4,'',''),(1290,70,0,0,1,'',''),(1291,70,0,0,2,'',''),(1292,70,0,0,3,'',''),(1293,70,0,0,4,'',''),(1294,71,14,5,1,'',''),(1295,71,14,5,2,'',''),(1296,71,14,5,3,'',''),(1297,71,14,5,4,'',''),(1298,71,14,6,1,'',''),(1299,71,14,6,2,'',''),(1300,71,14,6,3,'',''),(1301,71,14,6,4,'',''),(1302,71,14,10,1,'',''),(1303,71,14,10,2,'',''),(1304,71,14,10,3,'',''),(1305,71,14,10,4,'',''),(1306,71,15,5,1,'',''),(1307,71,15,5,2,'',''),(1308,71,15,5,3,'',''),(1309,71,15,5,4,'',''),(1310,71,15,6,1,'',''),(1311,71,15,6,2,'',''),(1312,71,15,6,3,'',''),(1313,71,15,6,4,'',''),(1314,71,15,10,1,'',''),(1315,71,15,10,2,'',''),(1316,71,15,10,3,'',''),(1317,71,15,10,4,'',''),(1318,72,16,4,1,'',''),(1319,72,16,4,2,'',''),(1320,72,16,4,3,'',''),(1321,72,16,4,4,'',''),(1322,73,0,0,7,'20',''),(1323,73,0,0,8,'70',''),(1324,73,0,0,9,'45',''),(1325,73,0,0,10,'75',''),(1326,73,0,0,11,'80',''),(1327,73,0,0,12,'90',''),(1328,75,0,0,7,'',''),(1329,75,0,0,8,'',''),(1330,75,0,0,9,'',''),(1331,75,0,0,10,'',''),(1332,75,0,0,11,'',''),(1333,75,0,0,12,'',''),(1334,76,0,0,1,'100',''),(1335,76,0,0,2,'50',''),(1336,76,0,0,3,'79',''),(1337,76,0,0,4,'90',''),(1338,77,0,0,7,'75',''),(1339,77,0,0,8,'80',''),(1340,77,0,0,9,'89',''),(1341,77,0,0,10,'90',''),(1342,77,0,0,11,'100',''),(1343,77,0,0,12,'89',''),(1344,78,0,0,1,'75',''),(1345,78,0,0,2,'75',''),(1346,78,0,0,3,'80',''),(1347,78,0,0,4,'80',''),(1348,79,0,0,7,'75',''),(1349,79,0,0,8,'80',''),(1350,79,0,0,9,'87',''),(1351,79,0,0,10,'79',''),(1352,79,0,0,11,'66',''),(1353,79,0,0,12,'97',''),(1354,80,0,0,1,'65',''),(1355,80,0,0,2,'75',''),(1356,80,0,0,3,'95',''),(1357,80,0,0,4,'85',''),(1358,81,0,0,1,'65',''),(1359,81,0,0,2,'85',''),(1360,81,0,0,3,'85',''),(1361,81,0,0,4,'95',''),(1362,83,0,0,7,'',''),(1363,83,0,0,8,'',''),(1364,83,0,0,9,'',''),(1365,83,0,0,10,'',''),(1366,83,0,0,11,'',''),(1367,83,0,0,12,'',''),(1368,84,17,4,7,'',''),(1369,84,17,4,8,'',''),(1370,84,17,4,9,'',''),(1371,84,17,4,10,'',''),(1372,84,17,4,11,'',''),(1373,84,17,4,12,'',''),(1374,85,0,0,7,'',''),(1375,85,0,0,8,'',''),(1376,85,0,0,9,'',''),(1377,85,0,0,10,'',''),(1378,85,0,0,11,'',''),(1379,85,0,0,12,'',''),(1380,86,18,7,7,'97',''),(1381,86,18,7,8,'56',''),(1382,86,18,7,9,'87',''),(1383,86,18,7,10,'89',''),(1384,86,18,7,11,'90',''),(1385,86,18,7,12,'65',''),(1386,87,0,0,1,'100',''),(1387,87,0,0,2,'98',''),(1388,87,0,0,3,'79',''),(1389,87,0,0,4,'98',''),(1390,88,0,0,1,'100',''),(1391,88,0,0,2,'79',''),(1392,88,0,0,3,'90',''),(1393,88,0,0,4,'79',''),(1394,89,19,5,7,'67',''),(1395,89,19,5,8,'90',''),(1396,89,19,5,9,'90',''),(1397,89,19,5,10,'89',''),(1398,89,19,5,11,'78',''),(1399,89,19,5,12,'87',''),(1400,89,19,4,7,'90',''),(1401,89,19,4,8,'89',''),(1402,89,19,4,9,'87',''),(1403,89,19,4,10,'67',''),(1404,89,19,4,11,'90',''),(1405,89,19,4,12,'89','');

/*Table structure for table `markbook_subtopic` */

DROP TABLE IF EXISTS `markbook_subtopic`;

CREATE TABLE `markbook_subtopic` (
  `mm_sub_id` int(20) NOT NULL AUTO_INCREMENT,
  `markbook_id` int(20) NOT NULL,
  `subtopic_id` int(20) NOT NULL,
  KEY `mm_sub_id` (`mm_sub_id`)
) ENGINE=InnoDB AUTO_INCREMENT=20 DEFAULT CHARSET=latin1;

/*Data for the table `markbook_subtopic` */

insert  into `markbook_subtopic`(`mm_sub_id`,`markbook_id`,`subtopic_id`) values (1,2,1),(2,2,4),(3,7,20),(4,8,22),(5,8,23),(6,26,34),(7,36,8),(8,42,38),(9,60,48),(10,64,8),(11,64,37),(12,66,0),(13,67,0),(14,71,20),(15,71,21),(16,72,0),(17,84,0),(18,86,8),(19,89,20);

/*Table structure for table `media` */

DROP TABLE IF EXISTS `media`;

CREATE TABLE `media` (
  `id` int(11) NOT NULL AUTO_INCREMENT,
  `active` int(1) NOT NULL DEFAULT '0',
  `album_id` int(11) NOT NULL DEFAULT '0',
  `descr` text COLLATE utf8_unicode_ci NOT NULL,
  `extension` varchar(4) COLLATE utf8_unicode_ci NOT NULL DEFAULT 'none',
  `name` text COLLATE utf8_unicode_ci NOT NULL,
  `post_id` int(11) NOT NULL,
  `temp` int(1) NOT NULL DEFAULT '1',
  `timeline_id` int(11) NOT NULL,
  `type` enum('photo','album') COLLATE utf8_unicode_ci NOT NULL,
  `url` text COLLATE utf8_unicode_ci NOT NULL,
  PRIMARY KEY (`id`)
) ENGINE=InnoDB AUTO_INCREMENT=445 DEFAULT CHARSET=utf8 COLLATE=utf8_unicode_ci;

/*Data for the table `media` */

insert  into `media`(`id`,`active`,`album_id`,`descr`,`extension`,`name`,`post_id`,`temp`,`timeline_id`,`type`,`url`) values (1,1,0,'','jpg','andry.jpg',0,0,1,'photo','photos/2016/10/UsatT_1_c4ca4238a0b923820dcc509a6f75849b'),(2,1,0,'','jpg','Jellyfish.jpg',0,0,2,'photo','photos/2016/10/EUVMn_2_c81e728d9d4c2f636f067f89cc14862c'),(3,1,0,'','jpg','12.jpg',0,0,2,'photo','photos/2016/10/Eo2R3_3_eccbc87e4b5ce2fe28308fd9f2a7baf3'),(4,1,0,'','png','ms-icon-144x144.png',0,0,0,'photo','photos/2016/10/ZPeW6_4_a87ff679a2f3e71d9181a67b7542122c'),(5,1,0,'','png','apple-icon-60x60.png',0,0,0,'photo','photos/2016/10/ssY2j_5_e4da3b7fbbce2345d7772b0674a318d5'),(6,1,0,'','jpg','back1.jpg',0,0,0,'photo','photos/2016/10/G2pyZ_6_1679091c5a880faf6fb5e6087eb1b2dc'),(7,1,0,'','jpg','19.JPG',0,0,3,'photo','photos/2016/10/jgUps_7_8f14e45fceea167a5a36dedd4bea2543'),(8,1,0,'','jpg','14233057_10154184477263122_6761703596227294276_n.jpg',0,0,0,'photo','photos/2016/10/EXcr6_8_c9f0f895fb98ab9159f51fd0297e236d'),(9,1,0,'','jpg','106_4a71c1b1f5436c74d6cf_Lighthouse.jpg',0,0,0,'photo','photos/2016/10/2sjfj_9_45c48cce2e2d7fbdea1afc51c7c6ad26'),(10,0,0,'','jpg','b4.jpg',0,1,0,'photo',''),(11,0,0,'','jpg','b4.jpg',0,1,0,'photo',''),(12,0,0,'','jpg','b4.jpg',0,1,0,'photo',''),(13,0,0,'','jpg','b4.jpg',0,1,0,'photo',''),(14,0,0,'','jpg','19.JPG',0,1,0,'photo',''),(15,0,0,'','jpg','19.JPG',0,1,0,'photo',''),(16,0,0,'','jpg','b4.jpg',0,1,0,'photo',''),(17,0,0,'','png','av1.png',0,1,0,'photo',''),(18,0,0,'','png','av1.png',0,1,0,'photo',''),(19,0,0,'','jpg','b4.jpg',0,1,0,'photo',''),(20,0,0,'','jpg','b4.jpg',0,1,0,'photo',''),(21,0,0,'','jpg','b4.jpg',0,1,0,'photo',''),(22,0,0,'','jpg','1.jpg',0,1,0,'photo',''),(23,0,0,'','jpg','1.jpg',0,1,0,'photo',''),(24,0,0,'','jpg','1.jpg',0,1,0,'photo',''),(25,0,0,'','jpg','1.jpg',0,1,0,'photo',''),(26,0,0,'','jpg','1.jpg',0,1,0,'photo',''),(27,0,0,'','jpg','1.jpg',0,1,0,'photo',''),(28,0,0,'','jpg','1.jpg',0,1,0,'photo',''),(29,0,0,'','jpg','1.jpg',0,1,0,'photo',''),(30,0,0,'','jpg','1.jpg',0,1,0,'photo',''),(31,0,0,'','jpg','1.jpg',0,1,0,'photo',''),(32,0,0,'','jpg','1.jpg',0,1,0,'photo',''),(33,0,0,'','jpg','1.jpg',0,1,0,'photo',''),(34,0,0,'','jpg','1.jpg',0,1,0,'photo',''),(35,0,0,'','jpg','1.jpg',0,1,0,'photo',''),(36,0,0,'','jpg','1.jpg',0,1,0,'photo',''),(37,0,0,'','jpg','HansNathanael.jpg',0,1,0,'photo',''),(38,0,0,'','jpg','HansNathanael.jpg',0,1,0,'photo',''),(39,0,0,'','jpg','HansNathanael.jpg',0,1,0,'photo',''),(40,0,0,'','jpg','HansNathanael.jpg',0,1,0,'photo',''),(41,1,0,'','jpg','AdeliaPadmariniRistyoputri.jpg',0,0,82,'photo','photos/2017/01/t4FVt_41_3416a75f4cea9109507cacd8e2f2aefc'),(42,1,0,'','jpg','AndikaAriansyahNugroho.jpg',0,0,14,'photo','photos/2017/01/cV8bU_42_a1d0c6e83f027327d8461063f4ac58a6'),(43,1,0,'','jpg','AndikaAriansyahNugroho.jpg',0,0,14,'photo','photos/2017/01/PUCBy_43_17e62166fc8586dfa4d1bc0e1742c08b'),(44,1,0,'','jpg','DarrylAndhikaMoniaga.jpg',0,0,133,'photo','photos/2017/01/4IgZG_44_f7177163c833dff4b38fc8d2872f1ec6'),(45,1,0,'','jpg','DarrylAndhikaMoniaga.jpg',0,0,133,'photo','photos/2017/01/SM5jP_45_6c8349cc7260ae62e3b1396831a8398f'),(46,1,0,'','jpg','HansNathanael.jpg',0,0,15,'photo','photos/2017/01/HsHgZ_46_d9d4f495e875a2e075a1a4a6e1b9770f'),(47,1,0,'','jpg','HansNathanael.jpg',0,0,15,'photo','photos/2017/01/Y97tA_47_67c6a1e7ce56d3d6fa748ab6d9af3fd7'),(48,1,0,'','jpg','KanaLee.jpg',0,0,16,'photo','photos/2017/01/rFgte_48_642e92efb79421734881b53e1e1b18b6'),(49,1,0,'','jpg','KanaLee.jpg',0,0,16,'photo','photos/2017/01/XRiUF_49_f457c545a9ded88f18ecee47145a72c0'),(50,1,0,'','jpg','MarshaAisyahHaryadi.jpg',0,0,17,'photo','photos/2017/01/Ba5qL_50_c0c7c76d30bd3dcaefc96f40275bdc0a'),(51,1,0,'','jpg','MarshaKalyanaDewiLaksono.jpg',0,0,18,'photo','photos/2017/01/R3AYj_51_2838023a778dfaecdc212708f721b788'),(52,1,0,'','jpg','MarshaKalyanaDewiLaksono.jpg',0,0,18,'photo','photos/2017/01/ezAU3_52_9a1158154dfa42caddbd0694a4e9bdc8'),(53,1,0,'','jpg','MarvelWilliam.jpg',0,0,19,'photo','photos/2017/01/88ubN_53_d82c8d1619ad8176d665453cfb2e55f0'),(54,1,0,'','jpg','MarvelWilliam.jpg',0,0,19,'photo','photos/2017/01/8e8HJ_54_a684eceee76fc522773286a895bc8436'),(55,1,0,'','jpg','MinervaTeresa.jpg',0,0,20,'photo','photos/2017/01/hV2Jj_55_b53b3a3d6ab90ce0268229151c9bde11'),(56,1,0,'','jpg','MinervaTeresa.jpg',0,0,20,'photo','photos/2017/01/TqDc7_56_9f61408e3afb633e50cdf1b20de6f466'),(57,1,0,'','jpg','MuhammadHaekalRachman.jpg',0,0,21,'photo','photos/2017/01/abJXi_57_72b32a1f754ba1c09b3695e0cb6cde7f'),(58,1,0,'','jpg','MuhammadHaekalRachman.jpg',0,0,21,'photo','photos/2017/01/epqZ8_58_66f041e16a60928b05a7e228a89c3799'),(59,1,0,'','jpg','OlafianFarenzaOkiandi.jpg',0,0,22,'photo','photos/2017/01/clOoq_59_093f65e080a295f8076b1c5722a46aa2'),(60,1,0,'','jpg','OlafianFarenzaOkiandi.jpg',0,0,22,'photo','photos/2017/01/fug9e_60_072b030ba126b2f4b2374f342be9ed44'),(61,1,0,'','jpg','RaihanWidariantoPutra.jpg',0,0,23,'photo','photos/2017/01/M2EeC_61_7f39f8317fbdb1988ef4c628eba02591'),(62,1,0,'','jpg','RaihanWidariantoPutra.jpg',0,0,23,'photo','photos/2017/01/mdBdU_62_44f683a84163b3523afe57c2e008bc8c'),(63,1,0,'','jpg','RevienaAryanto.jpg',0,0,24,'photo','photos/2017/01/vxEe1_63_03afdbd66e7929b125f8597834fa83a4'),(64,1,0,'','jpg','RevienaAryanto.jpg',0,0,24,'photo','photos/2017/01/4aVXL_64_ea5d2f1c4608232e07d3aa3d998e5135'),(65,1,0,'','jpg','SalinoMadandanPongTengko.jpg',0,0,25,'photo','photos/2017/01/NokLL_65_fc490ca45c00b1249bbe3554a4fdf6fb'),(66,1,0,'','jpg','SalinoMadandanPongTengko.jpg',0,0,25,'photo','photos/2017/01/Np81b_66_3295c76acbf4caaed33c36b1b5fc2cb1'),(67,1,0,'','jpg','TesyaLeonikaSipayung.jpg',0,0,26,'photo','photos/2017/01/eJOtq_67_735b90b4568125ed6c3f678819b6e058'),(68,1,0,'','jpg','TesyaLeonikaSipayung.jpg',0,0,26,'photo','photos/2017/01/SLdJA_68_a3f390d88e4c41f2747bfa2f1b5f87db'),(69,1,0,'','jpg','YoelImanuel.jpg',0,0,28,'photo','photos/2017/01/nfWJx_69_14bfa6bb14875e45bba028a21ed38046'),(70,1,0,'','jpg','YoelImanuel.jpg',0,0,28,'photo','photos/2017/01/W3cxq_70_7cbbc409ec990f19c78c75bd1e06f215'),(71,1,0,'','jpg','AlikaNajmaAlex.jpg',0,0,30,'photo','photos/2017/01/alC22_71_e2c420d928d4bf8ce0ff2ec19b371514'),(72,1,0,'','jpg','AlikaNajmaAlex.jpg',0,0,30,'photo','photos/2017/01/7zaBR_72_32bb90e8976aab5298d5da10fe66f21d'),(73,1,0,'','jpg','AndreshaPradana.jpg',0,0,31,'photo','photos/2017/01/9MJuR_73_d2ddea18f00665ce8623e36bd4e3c7c5'),(74,1,0,'','jpg','AndreshaPradana.jpg',0,0,31,'photo','photos/2017/01/LTIaw_74_ad61ab143223efbc24c7d2583be69251'),(75,1,0,'','jpg','BrynaShafiyyaRusmana.jpg',0,0,32,'photo','photos/2017/01/3TFTh_75_d09bf41544a3365a46c9077ebb5e35c3'),(76,1,0,'','jpg','BrynaShafiyyaRusmana.jpg',0,0,32,'photo','photos/2017/01/C8ZcX_76_fbd7939d674997cdb4692d34de8633c4'),(77,1,0,'','jpg','ClarissaAbelia.jpg',0,0,33,'photo','photos/2017/01/ZhRwa_77_28dd2c7955ce926456240b2ff0100bde'),(78,1,0,'','jpg','ClarissaAbelia.jpg',0,0,33,'photo','photos/2017/01/nMYAO_78_35f4a8d465e6e1edc05f3d8ab658c551'),(79,1,0,'','jpg','ConstantineKezia.jpg',0,0,34,'photo','photos/2017/01/1e1Tf_79_d1fe173d08e959397adf34b1d77e88d7'),(80,1,0,'','jpg','ConstantineKezia.jpg',0,0,34,'photo','photos/2017/01/THTHC_80_f033ab37c30201f73f142449d037028d'),(81,1,0,'','jpg','DanuPratamaWijanarko.jpg',0,0,35,'photo','photos/2017/01/Q5EVM_81_43ec517d68b6edd3015b3edc9a11367b'),(82,1,0,'','jpg','DanuPratamaWijanarko.jpg',0,0,35,'photo','photos/2017/01/ATa4G_82_9778d5d219c5080b9a6a17bef029331c'),(83,1,0,'','jpg','FabianDarrellWidyadhanaReswara.jpg',0,0,36,'photo','photos/2017/01/8Afng_83_fe9fc289c3ff0af142b6d3bead98a923'),(84,1,0,'','jpg','FabianDarrellWidyadhanaReswara.jpg',0,0,36,'photo','photos/2017/01/DK7UZ_84_68d30a9594728bc39aa24be94b319d21'),(85,1,0,'','jpg','FarelRishadAkasya.jpg',0,0,37,'photo','photos/2017/01/9Unbd_85_3ef815416f775098fe977004015c6193'),(86,1,0,'','jpg','FarelRishadAkasya.jpg',0,0,37,'photo','photos/2017/01/Y7plj_86_93db85ed909c13838ff95ccfa94cebd9'),(87,1,0,'','jpg','FayzaArdani.jpg',0,0,38,'photo','photos/2017/01/XNQNo_87_c7e1249ffc03eb9ded908c236bd1996d'),(88,1,0,'','jpg','FayzaArdani.jpg',0,0,38,'photo','photos/2017/01/bhPcK_88_2a38a4a9316c49e5a833517c45d31070'),(89,1,0,'','jpg','GraziellaValenciaCong.jpg',0,0,39,'photo','photos/2017/01/WBoSG_89_7647966b7343c29048673252e490f736'),(90,1,0,'','jpg','GraziellaValenciaCong.jpg',0,0,39,'photo','photos/2017/01/zu1Va_90_8613985ec49eb8f757ae6439e879bb2a'),(91,1,0,'','jpg','HenzelTheodorePutra.jpg',0,0,40,'photo','photos/2017/01/TJXeq_91_54229abfcfa5649e7003b83dd4755294'),(92,1,0,'','jpg','HenzelTheodorePutra.jpg',0,0,40,'photo','photos/2017/01/qa4yK_92_92cc227532d17e56e07902b254dfad10'),(93,1,0,'','jpg','JessicaBaby.jpg',0,0,41,'photo','photos/2017/01/idxwR_93_98dce83da57b0395e163467c9dae521b'),(94,1,0,'','jpg','JessicaBaby.jpg',0,0,41,'photo','photos/2017/01/meWOA_94_f4b9ec30ad9f68f89b29639786cb62ef'),(95,1,0,'','jpg','JonathanBriantWijaya.jpg',0,0,42,'photo','photos/2017/01/R8lJE_95_812b4ba287f5ee0bc9d43bbf5bbe87fb'),(96,1,0,'','jpg','JonathanBriantWijaya.jpg',0,0,42,'photo','photos/2017/01/xCqON_96_26657d5ff9020d2abefe558796b99584'),(97,1,0,'','jpg','MichaelStevenMaheswara.jpg',0,0,43,'photo','photos/2017/01/7Z79T_97_e2ef524fbf3d9fe611d5a8e90fefdc9c'),(98,1,0,'','jpg','MichaelStevenMaheswara.jpg',0,0,43,'photo','photos/2017/01/q8ShS_98_ed3d2c21991e3bef5e069713af9fa6ca'),(99,1,0,'','jpg','MikaelAdimasPradayan.jpg',0,0,44,'photo','photos/2017/01/83IBa_99_ac627ab1ccbdb62ec96e702f07f6425b'),(100,1,0,'','jpg','MikaelAdimasPradayan.jpg',0,0,44,'photo','photos/2017/01/IpQsE_100_f899139df5e1059396431415e770c6dd'),(101,1,0,'','jpg','MuhammadLutfiFatahillah.jpg',0,0,45,'photo','photos/2017/01/gIGxN_101_38b3eff8baf56627478ec76a704e9b52'),(102,1,0,'','jpg','MuhammadLutfiFatahillah.jpg',0,0,45,'photo','photos/2017/01/bAJOx_102_ec8956637a99787bd197eacd77acce5e'),(103,1,0,'','jpg','NaylaAlmasaHartono.jpg',0,0,46,'photo','photos/2017/01/1ien9_103_6974ce5ac660610b44d9b9fed0ff9548'),(104,1,0,'','jpg','NaylaAlmasaHartono.jpg',0,0,46,'photo','photos/2017/01/C8uco_104_c9e1074f5b3f9fc8ea15d152add07294'),(105,1,0,'','jpg','NicholasVigo.jpg',0,0,47,'photo','photos/2017/01/9JlNA_105_65b9eea6e1cc6bb9f0cd2a47751a186f'),(106,1,0,'','jpg','NicholasVigo.jpg',0,0,47,'photo','photos/2017/01/fP6VY_106_f0935e4cd5920aa6c7c996a5ee53a70f'),(107,1,0,'','jpg','RagilSinatrioTrisdewastu.jpg',0,0,48,'photo','photos/2017/01/eGgxd_107_a97da629b098b75c294dffdc3e463904'),(108,1,0,'','jpg','RagilSinatrioTrisdewastu.jpg',0,0,48,'photo','photos/2017/01/uIaeu_108_a3c65c2974270fd093ee8a9bf8ae7d0b'),(109,1,0,'','jpg','SakuntalaDwilaniaMandayani.jpg',0,0,49,'photo','photos/2017/01/iSuP3_109_2723d092b63885e0d7c260cc007e8b9d'),(110,1,0,'','jpg','SennaWijaya.jpg',0,0,50,'photo','photos/2017/01/aae7i_110_5f93f983524def3dca464469d2cf9f3e'),(111,1,0,'','jpg','SennaWijaya.jpg',0,0,50,'photo','photos/2017/01/L7Nv3_111_698d51a19d8a121ce581499d7b701668'),(112,1,0,'','jpg','SherilynGabyAlcyniaSilalahi.jpg',0,0,51,'photo','photos/2017/01/xax2Z_112_7f6ffaa6bb0b408017b62254211691b5'),(113,1,0,'','jpg','SherilynGabyAlcyniaSilalahi.jpg',0,0,51,'photo','photos/2017/01/xmXIy_113_73278a4a86960eeb576a8fd4c9ec6997'),(114,1,0,'','jpg','SyahMu039afaAlKautsar.jpg',0,0,52,'photo','photos/2017/01/Ih24K_114_5fd0b37cd7dbbb00f97ba6ce92bf5add'),(115,1,0,'','jpg','ZidnySadanDamarjati.jpg',0,0,53,'photo','photos/2017/01/m4cCA_115_2b44928ae11fb9384c4cf38708677c48'),(116,1,0,'','jpg','AdrianKsatriaBoediman.jpg',0,0,54,'photo','photos/2017/01/ialWS_116_c45147dee729311ef5b5c3003946c48f'),(117,1,0,'','jpg','AdrianKsatriaBoediman.jpg',0,0,54,'photo','photos/2017/01/itY1I_117_eb160de1de89d9058fcb0b968dbbbd68'),(118,1,0,'','jpg','AnabellaRizkianiHapsari.jpg',0,0,55,'photo','photos/2017/01/rp6ox_118_5ef059938ba799aaa845e1c2e8a762bd'),(119,1,0,'','jpg','AnabellaRizkianiHapsari.jpg',0,0,55,'photo','photos/2017/01/s1xSu_119_07e1cd7dca89a1678042477183b7ac3f'),(120,1,0,'','jpg','Anissa.jpg',0,0,56,'photo','photos/2017/01/LnMZ8_120_da4fb5c6e93e74d3df8527599fa62642'),(121,1,0,'','jpg','Anissa.jpg',0,0,56,'photo','photos/2017/01/btbny_121_4c56ff4ce4aaf9573aa5dff913df997a'),(122,1,0,'','jpg','ArielTehillaHamonanganMarbun.jpg',0,0,57,'photo','photos/2017/01/Q3oO5_122_a0a080f42e6f13b3a2df133f073095dd'),(123,1,0,'','jpg','ArielTehillaHamonanganMarbun.jpg',0,0,57,'photo','photos/2017/01/JzkUW_123_202cb962ac59075b964b07152d234b70'),(124,1,0,'','jpg','ArvinRayhandiPrayoga.jpg',0,0,59,'photo','photos/2017/01/fs3ly_124_c8ffe9a587b126f152ed3d89a146b445'),(125,1,0,'','jpg','ArvinRayhandiPrayoga.jpg',0,0,59,'photo','photos/2017/01/DJSpg_125_3def184ad8f4755ff269862ea77393dd'),(126,1,0,'','jpg','AryaNarendra.jpg',0,0,60,'photo','photos/2017/01/ww8Xz_126_069059b7ef840f0c74a814ec9237b6ec'),(127,1,0,'','jpg','AryaNarendra.jpg',0,0,60,'photo','photos/2017/01/bgKEL_127_ec5decca5ed3d6b8079e2e7e7bacc9f2'),(128,1,0,'','jpg','BumiPradipaPriyaUntara.jpg',0,0,61,'photo','photos/2017/01/3iYsW_128_76dc611d6ebaafc66cc0879c71b5db5c'),(129,1,0,'','jpg','BumiPradipaPriyaUntara.jpg',0,0,61,'photo','photos/2017/01/1QpOb_129_d1f491a404d6854880943e5c3cd9ca25'),(130,1,0,'','jpg','Clarissa.jpg',0,0,62,'photo','photos/2017/01/9Q5zh_130_9b8619251a19057cff70779273e95aa6'),(131,1,0,'','jpg','Clarissa.jpg',0,0,62,'photo','photos/2017/01/rjv5Y_131_1afa34a7f984eeabdbb0a7d494132ee5'),(132,1,0,'','jpg','DewiAyuniAtmatanyaDiponegoro.jpg',0,0,63,'photo','photos/2017/01/dCvqQ_132_65ded5353c5ee48d0b7d48c591b8f430'),(133,1,0,'','jpg','DewiAyuniAtmatanyaDiponegoro.jpg',0,0,63,'photo','photos/2017/01/LJK8T_133_9fc3d7152ba9336a670e36d0ed79bc43'),(134,1,0,'','jpg','FadhilAkbarSyahputra.jpg',0,0,64,'photo','photos/2017/01/G6VMh_134_02522a2b2726fb0a03bb19f2d8d9524d'),(135,1,0,'','jpg','FadhilAkbarSyahputra.jpg',0,0,64,'photo','photos/2017/01/DGIin_135_7f1de29e6da19d22b51c68001e7e0e54'),(136,1,0,'','jpg','FresnoDaliSuryonegoro.jpg',0,0,66,'photo','photos/2017/01/6vgBL_136_42a0e188f5033bc65bf8d78622277c4e'),(137,1,0,'','jpg','FresnoDaliSuryonegoro.jpg',0,0,66,'photo','photos/2017/01/dTnsE_137_3988c7f88ebcb58c6ce932b957b6f332'),(138,1,0,'','jpg','IvanRadityatama.jpg',0,0,67,'photo','photos/2017/01/fqrLi_138_013d407166ec4fa56eb1e1f8cbe183b9'),(139,1,0,'','jpg','IvanRadityatama.jpg',0,0,67,'photo','photos/2017/01/YQGOj_139_e00da03b685a0dd18fb6a08af0923de0'),(140,1,0,'','jpg','KesyaVionaJonathan.jpg',0,0,68,'photo','photos/2017/01/TmJdn_140_1385974ed5904a438616ff7bdb3f7439'),(141,1,0,'','jpg','KesyaVionaJonathan.jpg',0,0,68,'photo','photos/2017/01/6yE28_141_0f28b5d49b3020afeecd95b4009adf4c'),(142,1,0,'','jpg','KlaudiaAmaraWindra.jpg',0,0,69,'photo','photos/2017/01/GmKN2_142_a8baa56554f96369ab93e4f3bb068c22'),(143,1,0,'','jpg','KlaudiaAmaraWindra.jpg',0,0,69,'photo','photos/2017/01/9k1L1_143_903ce9225fca3e988c2af215d4e544d3'),(144,1,0,'','jpg','MuhammadRaziMahardika.jpg',0,0,70,'photo','photos/2017/01/w8Txq_144_0a09c8844ba8f0936c20bd791130d6b6'),(145,1,0,'','jpg','MuhammadRaziMahardika.jpg',0,0,70,'photo','photos/2017/01/O9Ivq_145_2b24d495052a8ce66358eb576b8912c8'),(146,1,0,'','jpg','NiLuhNyomanDevasyaPadmaParameswari.jpg',0,0,71,'photo','photos/2017/01/KGsaz_146_a5e00132373a7031000fd987a3c9f87b'),(147,1,0,'','jpg','NiLuhNyomanDevasyaPadmaParameswari.jpg',0,0,71,'photo','photos/2017/01/oFxYa_147_8d5e957f297893487bd98fa830fa6413'),(148,1,0,'','jpg','OscarPutraUtomo.jpg',0,0,72,'photo','photos/2017/01/ZmX8k_148_47d1e990583c9c67424d369f3414728e'),(149,1,0,'','jpg','OscarPutraUtomo.jpg',0,0,72,'photo','photos/2017/01/SA8pw_149_f2217062e9a397a1dca429e7d70bc6ca'),(150,1,0,'','jpg','PrasantiPutrianaCurnita.jpg',0,0,73,'photo','photos/2017/01/2Mvkt_150_7ef605fc8dba5425d6965fbd4c8fbe1f'),(151,1,0,'','jpg','PrasantiPutrianaCurnita.jpg',0,0,73,'photo','photos/2017/01/MLPVr_151_a8f15eda80c50adb0e71943adc8015cf'),(152,1,0,'','jpg','TerrisOgilvyMorteza.jpg',0,0,74,'photo','photos/2017/01/KERLi_152_37a749d808e46495a8da1e5352d03cae'),(153,1,0,'','jpg','TerrisOgilvyMorteza.jpg',0,0,74,'photo','photos/2017/01/cpB1L_153_b3e3e393c77e35a4a3f3cbd1e429b5dc'),(154,1,0,'','jpg','TissaYuan.jpg',0,0,75,'photo','photos/2017/01/69wsu_154_1d7f7abc18fcb43975065399b0d1e48e'),(155,1,0,'','jpg','TissaYuan.jpg',0,0,75,'photo','photos/2017/01/vbut5_155_2a79ea27c279e471f4d180b08d62b00a'),(156,1,0,'','jpg','VictoriaAmandaGraceHutauruk.jpg',0,0,76,'photo','photos/2017/01/dR7d3_156_1c9ac0159c94d8d0cbedc973445af2da'),(157,1,0,'','jpg','VictoriaAmandaGraceHutauruk.jpg',0,0,76,'photo','photos/2017/01/jy6WE_157_6c4b761a28b734fe93831e3fb400ce87'),(158,1,0,'','jpg','VirgieAubreyHemasSianipar.jpg',0,0,77,'photo','photos/2017/01/aNNNd_158_06409663226af2f3114485aa4e0a23b4'),(159,1,0,'','jpg','VirgieAubreyHemasSianipar.jpg',0,0,77,'photo','photos/2017/01/7az6X_159_140f6969d5213fd0ece03148e62e461e'),(160,1,0,'','jpg','ZiqoMuhammadSudjono.jpg',0,0,78,'photo','photos/2017/01/jI3SA_160_b73ce398c39f506af761d2277d853a92'),(161,1,0,'','jpg','ZiqoMuhammadSudjono.jpg',0,0,78,'photo','photos/2017/01/j3qHZ_161_bd4c9ab730f5513206b999ec0d90d1fb'),(162,1,0,'','jpg','AbrahamXavierZukriansyah.jpg',0,0,81,'photo','photos/2017/01/lw6mD_162_82aa4b0af34c2313a562076992e50aa3'),(163,1,0,'','jpg','AbrahamXavierZukriansyah.jpg',0,0,81,'photo','photos/2017/01/YYNYx_163_0777d5c17d4066b82ab86dff8a46af6f'),(164,1,0,'','jpg','AhmadRizaAlatas.jpg',0,0,83,'photo','photos/2017/01/6S6Ek_164_fa7cdfad1a5aaf8370ebeda47a1ff1c3'),(165,1,0,'','jpg','AhmadRizaAlatas.jpg',0,0,83,'photo','photos/2017/01/aoUoT_165_9766527f2b5d3e95d4a733fcfb77bd7e'),(166,1,0,'','jpg','AlishaNayaPutri.jpg',0,0,84,'photo','photos/2017/01/NmFfk_166_7e7757b1e12abcb736ab9a754ffb617a'),(167,1,0,'','jpg','AlishaNayaPutri.jpg',0,0,84,'photo','photos/2017/01/X7Uhg_167_5878a7ab84fb43402106c575658472fa'),(168,1,0,'','jpg','AnandaKhansaCettaTabina.jpg',0,0,85,'photo','photos/2017/01/eP2nM_168_006f52e9102a8d3be2fe5614f42ba989'),(169,1,0,'','jpg','AnandaKhansaCettaTabina.jpg',0,0,85,'photo','photos/2017/01/oYEZx_169_3636638817772e42b59d74cff571fbb3'),(170,1,0,'','jpg','AndreaZefanyWirjolukito.jpg',0,0,86,'photo','photos/2017/01/2drHZ_170_149e9677a5989fd342ae44213df68868'),(171,1,0,'','jpg','AndreaZefanyWirjolukito.jpg',0,0,86,'photo','photos/2017/01/83K8M_171_a4a042cf4fd6bfb47701cbc8a1653ada'),(172,1,0,'','jpg','AndrianoHaeckelSudarmansyah.jpg',0,0,87,'photo','photos/2017/01/378bh_172_1ff8a7b5dc7a7d1f0ed65aaa29c04b1e'),(173,1,0,'','jpg','AndrianoHaeckelSudarmansyah.jpg',0,0,87,'photo','photos/2017/01/BPnxH_173_f7e6c85504ce6e82442c770f7c8606f0'),(174,1,0,'','jpg','AristotelesBramantyoUtomo.jpg',0,0,88,'photo','photos/2017/01/K5R1M_174_bf8229696f7a3bb4700cfddef19fa23f'),(175,1,0,'','jpg','AristotelesBramantyoUtomo.jpg',0,0,88,'photo','photos/2017/01/6ALYo_175_82161242827b703e6acf9c726942a1e4'),(176,1,0,'','jpg','AureliaClaraAverisa.jpg',0,0,89,'photo','photos/2017/01/jK1bt_176_38af86134b65d0f10fe33d30dd76442e'),(177,1,0,'','jpg','AureliaClaraAverisa.jpg',0,0,89,'photo','photos/2017/01/p1o2C_177_96da2f590cd7246bbde0051047b0d6f7'),(178,1,0,'','jpg','AwlunaRamadhya.jpg',0,0,90,'photo','photos/2017/01/SIkBN_178_8f85517967795eeef66c225f7883bdcb'),(179,1,0,'','jpg','AwlunaRamadhya.jpg',0,0,90,'photo','photos/2017/01/GTwKi_179_8f53295a73878494e9bc8dd6c3c7104f'),(180,1,0,'','jpg','BeningKinantiAlia.jpg',0,0,91,'photo','photos/2017/01/9BCxV_180_045117b0e0a11a242b9765e79cbf113f'),(181,1,0,'','jpg','BeningKinantiAlia.jpg',0,0,91,'photo','photos/2017/01/A3Zrk_181_fc221309746013ac554571fbd180e1c8'),(182,1,0,'','jpg','CarissaNajaZurafa.jpg',0,0,92,'photo','photos/2017/01/sXMvy_182_4c5bde74a8f110656874902f07378009'),(183,1,0,'','jpg','CarissaNajaZurafa.jpg',0,0,92,'photo','photos/2017/01/2kiFZ_183_cedebb6e872f539bef8c3f919874e9d7'),(184,1,0,'','jpg','CharismaAliyaAzahra.jpg',0,0,93,'photo','photos/2017/01/X4uXG_184_6cdd60ea0045eb7a6ec44c54d29ed402'),(185,1,0,'','jpg','CharismaAliyaAzahra.jpg',0,0,93,'photo','photos/2017/01/26hfD_185_eecca5b6365d9607ee5a9d336962c534'),(186,1,0,'','jpg','FeliciaBiancaHarris.jpg',0,0,94,'photo','photos/2017/01/bVaf8_186_9872ed9fc22fc182d371c3e9ed316094'),(187,1,0,'','jpg','FeliciaBiancaHarris.jpg',0,0,94,'photo','photos/2017/01/6Ynon_187_31fefc0e570cb3860f2a6d4b38c6490d'),(188,1,0,'','jpg','GabriellaMeredithTan.jpg',0,0,95,'photo','photos/2017/01/HfOUy_188_9dcb88e0137649590b755372b040afad'),(189,1,0,'','jpg','GabriellaMeredithTan.jpg',0,0,95,'photo','photos/2017/01/lHsca_189_a2557a7b2e94197ff767970b67041697'),(190,1,0,'','jpg','HerbianAlfarisiIswanto.jpg',0,0,96,'photo','photos/2017/01/kaWTo_190_cfecdb276f634854f3ef915e2e980c31'),(191,1,0,'','jpg','HerbianAlfarisiIswanto.jpg',0,0,96,'photo','photos/2017/01/SD3Tx_191_0aa1883c6411f7873cb83dacb17b0afc'),(192,1,0,'','jpg','JaniceEmiriaAngelicaAritonang.jpg',0,0,97,'photo','photos/2017/01/MuBPO_192_58a2fc6ed39fd083f55d4182bf88826d'),(193,1,0,'','jpg','JaniceEmiriaAngelicaAritonang.jpg',0,0,97,'photo','photos/2017/01/Iwnhq_193_bd686fd640be98efaae0091fa301e613'),(194,1,0,'','jpg','JohannesGioHazelle.jpg',0,0,98,'photo','photos/2017/01/mblCE_194_a597e50502f5ff68e3e25b9114205d4a'),(195,1,0,'','jpg','JohannesGioHazelle.jpg',0,0,98,'photo','photos/2017/01/pdyUb_195_0336dcbab05b9d5ad24f4333c7658a0e'),(196,1,0,'','jpg','JuanPierreRichardo.jpg',0,0,99,'photo','photos/2017/01/o6RNC_196_084b6fbb10729ed4da8c3d3f5a3ae7c9'),(197,1,0,'','jpg','JuanPierreRichardo.jpg',0,0,99,'photo','photos/2017/01/1ExJ7_197_85d8ce590ad8981ca2c8286f79f59954'),(198,1,0,'','jpg','KeishaRacheliaPutri.jpg',0,0,100,'photo','photos/2017/01/IstkV_198_0e65972dce68dad4d52d063967f0a705'),(199,1,0,'','jpg','KeishaRacheliaPutri.jpg',0,0,100,'photo','photos/2017/01/wqpCS_199_84d9ee44e457ddef7f2c4f25dc8fa865'),(200,1,0,'','jpg','KadekAryasatya.jpg',0,0,100,'photo','photos/2017/01/zoqEm_200_3644a684f98ea8fe223c713b77189a77'),(201,1,0,'','jpg','KeishaRacheliaPutri.jpg',0,0,101,'photo','photos/2017/01/gOOKD_201_757b505cfd34c64c85ca5b5690ee5293'),(202,1,0,'','jpg','KeishaRacheliaPutri.jpg',0,0,101,'photo','photos/2017/01/JYqBm_202_854d6fae5ee42911677c739ee1734486'),(203,1,0,'','jpg','KemalSusanto.jpg',0,0,102,'photo','photos/2017/01/XIxfE_203_e2c0be24560d78c5e599c2a9c9d0bbd2'),(204,1,0,'','jpg','KemalSusanto.jpg',0,0,102,'photo','photos/2017/01/EEGUZ_204_274ad4786c3abca69fa097b85867d9a4'),(205,1,0,'','jpg','KerenHapuchGeorginaGracielaSimanjuntak.jpg',0,0,103,'photo','photos/2017/01/d2cPA_205_eae27d77ca20db309e056e3d2dcd7d69'),(206,1,0,'','jpg','KeziahBlytheSaragih.jpg',0,0,104,'photo','photos/2017/01/PQgyE_206_7eabe3a1649ffa2b3ff8c02ebfd5659f'),(207,1,0,'','jpg','KeziahBlytheSaragih.jpg',0,0,104,'photo','photos/2017/01/EgQcP_207_69adc1e107f7f7d035d7baf04342e1ca'),(208,1,0,'','jpg','KimmiFahmiChew.jpg',0,0,105,'photo','photos/2017/01/OXDyO_208_091d584fced301b442654dd8c23b3fc9'),(209,1,0,'','jpg','KimmiFahmiChew.jpg',0,0,105,'photo','photos/2017/01/2NTBz_209_b1d10e7bafa4421218a51b1e1f1b0ba2'),(210,1,0,'','jpg','KrishnaSiddhartha.jpg',0,0,106,'photo','photos/2017/01/S2LtT_210_6f3ef77ac0e3619e98159e9b6febf557'),(211,1,0,'','jpg','KrishnaSiddhartha.jpg',0,0,106,'photo','photos/2017/01/hx3Mf_211_eb163727917cbba1eea208541a643e74'),(212,1,0,'','jpg','LarasFebryantiPutri.jpg',0,0,107,'photo','photos/2017/01/qYic8_212_1534b76d325a8f591b52d302e7181331'),(213,1,0,'','jpg','LarasFebryantiPutri.jpg',0,0,107,'photo','photos/2017/01/PslL6_213_979d472a84804b9f647bc185a877a8b5'),(214,1,0,'','jpg','MarcelinoRoskan.jpg',0,0,108,'photo','photos/2017/01/jvgUH_214_ca46c1b9512a7a8315fa3c5a946e8265'),(215,1,0,'','jpg','MarcelinoRoskan.jpg',0,0,108,'photo','photos/2017/01/1CI6L_215_3b8a614226a953a8cd9526fca6fe9ba5'),(216,1,0,'','jpg','MitchNathanaelChrislee.jpg',0,0,109,'photo','photos/2017/01/j86rw_216_45fbc6d3e05ebd93369ce542e8f2322d'),(217,1,0,'','jpg','MitchNathanaelChrislee.jpg',0,0,109,'photo','photos/2017/01/xfXt9_217_63dc7ed1010d3c3b8269faf0ba7491d4'),(218,1,0,'','jpg','MuhamadRayhanRinaldo.jpg',0,0,110,'photo','photos/2017/01/JH11d_218_e96ed478dab8595a7dbda4cbcbee168f'),(219,1,0,'','jpg','MuhamadRayhanRinaldo.jpg',0,0,110,'photo','photos/2017/01/PToPV_219_c0e190d8267e36708f955d7ab048990d'),(220,1,0,'','jpg','MuhammadRidhoImran.jpg',0,0,111,'photo','photos/2017/01/GlQo7_220_ec8ce6abb3e952a85b8551ba726a1227'),(221,1,0,'','jpg','MuhammadRidhoImran.jpg',0,0,111,'photo','photos/2017/01/Aff82_221_060ad92489947d410d897474079c1477'),(222,1,0,'','jpg','NadeleneZetaIllona.jpg',0,0,112,'photo','photos/2017/01/ST73k_222_bcbe3365e6ac95ea2c0343a2395834dd'),(223,1,0,'','jpg','NadeleneZetaIllona.jpg',0,0,112,'photo','photos/2017/01/mlRNH_223_115f89503138416a242f40fb7d7f338e'),(224,1,0,'','jpg','NaomiAllyssaSimoWibowo.jpg',0,0,113,'photo','photos/2017/01/wopex_224_13fe9d84310e77f13a6d184dbf1232f3'),(225,1,0,'','jpg','NaomiAllyssaSimoWibowo.jpg',0,0,113,'photo','photos/2017/01/M1Lcb_225_d1c38a09acc34845c6be3a127a5aacaf'),(226,1,0,'','jpg','NiMadeAyuShantyKirana.jpg',0,0,114,'photo','photos/2017/01/xZnb3_226_9cfdf10e8fc047a44b08ed031e1f0ed1'),(227,1,0,'','jpg','QueenaQurrotaAyun.jpg',0,0,115,'photo','photos/2017/01/eeqzf_227_705f2172834666788607efbfca35afb3'),(228,1,0,'','jpg','QueenaQurrotaAyun.jpg',0,0,115,'photo','photos/2017/01/afEqq_228_74db120f0a8e5646ef5a30154e9f6deb'),(229,1,0,'','jpg','QueenonesFredlinaRudiantono.jpg',0,0,116,'photo','photos/2017/01/k4WLR_229_57aeee35c98205091e18d1140e9f38cf'),(230,1,0,'','jpg','QueenonesFredlinaRudiantono.jpg',0,0,116,'photo','photos/2017/01/Kk3dZ_230_6da9003b743b65f4c0ccd295cc484e57'),(231,1,0,'','jpg','RafiIndraFattaSucipto.jpg',0,0,117,'photo','photos/2017/01/nDo34_231_9b04d152845ec0a378394003c96da594'),(232,1,0,'','jpg','RafiIndraFattaSucipto.jpg',0,0,117,'photo','photos/2017/01/8SPgg_232_be83ab3ecd0db773eb2dc1b0a17836a1'),(233,1,0,'','jpg','RainheartTanazzalMalayka.jpg',0,0,118,'photo','photos/2017/01/56onk_233_e165421110ba03099a1c0393373c5b43'),(234,1,0,'','jpg','RainheartTanazzalMalayka.jpg',0,0,118,'photo','photos/2017/01/6951C_234_289dff07669d7a23de0ef88d2f7129e7'),(235,1,0,'','jpg','RaulRaphaelJonathanTogarmaSimalango.jpg',0,0,119,'photo','photos/2017/01/E9kD1_235_577ef1154f3240ad5b9b413aa7346a1e'),(236,1,0,'','jpg','RaulRaphaelJonathanTogarmaSimalango.jpg',0,0,119,'photo','photos/2017/01/tnEPQ_236_01161aaa0b6d1345dd8fe4e481144d84'),(237,1,0,'','jpg','ReishaAryanto.jpg',0,0,120,'photo','photos/2017/01/7yW47_237_539fd53b59e3bb12d203f45a912eeaf2'),(238,1,0,'','jpg','ReishaAryanto.jpg',0,0,120,'photo','photos/2017/01/BXMln_238_ac1dd209cbcc5e5d1c6e28598e8cbbe8'),(239,1,0,'','jpg','ReyhobothDillon.jpg',0,0,121,'photo','photos/2017/01/YbKD7_239_555d6702c950ecb729a966504af0a635'),(240,1,0,'','jpg','ReyhobothDillon.jpg',0,0,121,'photo','photos/2017/01/in5Eb_240_335f5352088d7d9bf74191e006d8e24c'),(241,1,0,'','jpg','ReynardAxellePutraPriantoro.jpg',0,0,122,'photo','photos/2017/01/Am5dY_241_f340f1b1f65b6df5b5e3f94d95b11daf'),(242,1,0,'','jpg','ReynardAxellePutraPriantoro.jpg',0,0,122,'photo','photos/2017/01/qMAKQ_242_e4a6222cdb5b34375400904f03d8e6a5'),(243,1,0,'','jpg','SafinFarrashidiqArfan.jpg',0,0,123,'photo','photos/2017/01/oRFAJ_243_cb70ab375662576bd1ac5aaf16b3fca4'),(244,1,0,'','jpg','SafinFarrashidiqArfan.jpg',0,0,123,'photo','photos/2017/01/SS3Ex_244_9188905e74c28e489b44e954ec0b9bca'),(245,1,0,'','jpg','SandrynaAliviaLubis.jpg',0,0,124,'photo','photos/2017/01/cnvv8_245_0266e33d3f546cb5436a10798e657d97'),(246,1,0,'','jpg','SandrynaAliviaLubis.jpg',0,0,124,'photo','photos/2017/01/3ufwk_246_38db3aed920cf82ab059bfccbd02be6a'),(247,1,0,'','jpg','ShaynaAlmaAzifah.jpg',0,0,126,'photo','photos/2017/01/qOwIW_247_3cec07e9ba5f5bb252d13f5f431e4bbb'),(248,1,0,'','jpg','ShaynaAlmaAzifah.jpg',0,0,126,'photo','photos/2017/01/FRVsd_248_621bf66ddb7c962aa0d22ac97d69b793'),(249,1,0,'','jpg','StevenSamuelHutagalung.jpg',0,0,127,'photo','photos/2017/01/EED7u_249_077e29b11be80ab57e1a2ecabb7da330'),(250,1,0,'','jpg','StevenSamuelHutagalung.jpg',0,0,127,'photo','photos/2017/01/Sp3Pb_250_6c9882bbac1c7093bd25041881277658'),(251,1,0,'','jpg','AirellWishnuAmanta.jpg',0,0,29,'photo','photos/2017/01/La398_251_19f3cd308f1455b3fa09a282e0d496f4'),(252,1,0,'','jpg','AirellWishnuAmanta.jpg',0,0,29,'photo','photos/2017/01/zrrma_252_03c6b06952c750899bb03d998e631860'),(253,1,0,'','jpg','JonathanOriantoAng.jpg',0,0,146,'photo','photos/2017/01/JEm8b_253_c24cd76e1ce41366a4bbe8a49b02a028'),(254,1,0,'','jpg','JoanBidadariAnnandale.jpg',0,0,145,'photo','photos/2017/01/mWfFo_254_c52f1bd66cc19d05628bd8bf27af3ad6'),(255,1,0,'','jpg','JoanBidadariAnnandale.jpg',0,0,145,'photo','photos/2017/01/CntNw_255_fe131d7f5a6b38b23cc967316c13dae2'),(256,1,0,'','jpg','EdnaAmariNata.jpg',0,0,144,'photo','photos/2017/01/5zID8_256_f718499c1c8cef6730f9fd03c8125cab'),(257,1,0,'','jpg','EdnaAmariNata.jpg',0,0,144,'photo','photos/2017/01/anxdp_257_d96409bf894217686ba124d7356686c9'),(258,1,0,'','jpg','DhiraVidhea.jpg',0,0,143,'photo','photos/2017/01/LxUjP_258_502e4a16930e414107ee22b6198c578f'),(259,1,0,'','jpg','DhiraVidhea.jpg',0,0,143,'photo','photos/2017/01/787KO_259_cfa0860e83a4c3a763a7e62d825349f7'),(260,1,0,'','jpg','DaviraOxanaKalyazifa.jpg',0,0,142,'photo','photos/2017/01/84ecb_260_a4f23670e1833f3fdb077ca70bbd5d66'),(261,1,0,'','jpg','DaviraOxanaKalyazifa.jpg',0,0,142,'photo','photos/2017/01/I4yW8_261_b1a59b315fc9a3002ce38bbe070ec3f5'),(262,1,0,'','jpg','ZephaniahMarceilaMaelissa.jpg',0,0,128,'photo','photos/2017/01/8MHmM_262_36660e59856b4de58a219bcf4e27eba3'),(263,1,0,'','jpg','SangKompiangAnantaViriyaKusuma.jpg',0,0,125,'photo','photos/2017/01/lKq24_263_8c19f571e251e61cb8dd3612f26d5ecf'),(264,1,0,'','jpg','IlhamAryaSena.jpg',0,0,79,'photo','photos/2017/01/j3anl_264_d6baf65e0b240ce177cf70da146c8dc8'),(265,1,0,'','jpg','78.jpg',0,0,78,'photo','photos/2017/02/MAZIS_265_e56954b4f6347e897f954495eab16a88'),(266,1,0,'','jpg','63.jpg',0,0,63,'photo','photos/2017/02/rpHZX_266_f7664060cc52bc6f3d620bcedc94a4b6'),(267,1,0,'','jpg','63.jpg',0,0,63,'photo','photos/2017/02/XRUjt_267_eda80a3d5b344bc40f3bc04f65b7a357'),(268,1,0,'','jpg','56.jpg',0,0,56,'photo','photos/2017/02/hV23i_268_8f121ce07d74717e0b1f21d122e04521'),(269,1,0,'','jpg','25.jpg',0,0,25,'photo','photos/2017/02/rL6TW_269_06138bc5af6023646ede0e1f7c1eac75'),(270,1,0,'','jpg','IMG_20170210_163939_878.jpg',0,0,1,'photo','photos/2017/03/wrlWx_270_39059724f73a9969845dfe4146c5660e'),(271,1,0,'','jpg','Nike-Was-Founded-By-Men.jpg',0,0,107,'photo','photos/2017/03/i2DWo_271_7f100b7b36092fb9b06dfb4fac360931'),(272,1,0,'','png','OutlineLogo_fojan.png',0,0,63,'photo','photos/2017/03/hqKfD_272_7a614fd06c325499f1680b9896beedeb'),(273,1,0,'','png','OutlineLogo_fojan.png',0,0,0,'photo','photos/2017/03/qARGJ_273_4734ba6f3de83d861c3176a6273cac6d'),(274,1,0,'','jpg','walsss.jpg',0,0,63,'photo','photos/2017/03/awLez_274_d947bf06a885db0d477d707121934ff8'),(275,1,0,'','jpg','csg0.jpg',0,0,63,'photo','photos/2017/03/wnSfq_275_63923f49e5241343aa7acb6a06a751e7'),(276,1,0,'','jpg','navi.jpg',0,0,63,'photo','photos/2017/03/Lnobs_276_db8e1af0cb3aca1ae2d0018624204529'),(277,1,0,'','png','OutlineLogo_fojan.png',0,0,63,'photo','photos/2017/03/p9S6j_277_20f07591c6fcb220ffe637cda29bb3f6'),(278,1,0,'','jpg','walls.jpg',0,0,0,'photo','photos/2017/03/eSH9x_278_07cdfd23373b17c6b337251c22b7ea57'),(279,1,0,'','jpg','csg0.jpg',0,0,0,'photo','photos/2017/03/iOlQG_279_d395771085aab05244a4fb8fd91bf4ee'),(280,1,0,'','jpg','walls.jpg',0,0,0,'photo','photos/2017/03/XNJrO_280_92c8c96e4c37100777c7190b76d28233'),(281,1,0,'','jpg','1471278517502.jpg',0,0,63,'photo','photos/2017/03/3FcVU_281_e3796ae838835da0b6f6ea37bcf8bcb7'),(282,1,0,'','jpg','IMG_1515.JPG',0,0,29,'photo','photos/2017/03/D4FEl_282_6a9aeddfc689c1d0e3b9ccc3ab651bc5'),(283,1,0,'','jpg','IMG_1376.JPG',0,0,0,'photo','photos/2017/03/YB9DV_283_0f49c89d1e7298bb9930789c8ed59d48'),(284,1,0,'','jpg','IMG_1338.JPG',0,0,0,'photo','photos/2017/03/GBvKo_284_46ba9f2a6976570b0353203ec4474217'),(285,1,0,'','png','IMG_1554.PNG',0,0,0,'photo','photos/2017/03/bh86G_285_0e01938fc48a2cfb5f2217fbfb00722d'),(286,1,0,'','jpg','IMG_1534.JPG',0,0,0,'photo','photos/2017/03/deYzw_286_16a5cdae362b8d27a1d8f8c7b78b4330'),(287,1,0,'','jpg','IMG_0126.JPG',0,0,99,'photo','photos/2017/03/HHsKA_287_918317b57931b6b7a7d29490fe5ec9f9'),(288,1,0,'','jpg','IMG_0126.JPG',0,0,99,'photo','photos/2017/03/tYQFf_288_48aedb8880cab8c45637abc7493ecddd'),(289,1,0,'','jpg','IMG_20170209_172413_239.jpg',0,0,70,'photo','photos/2017/03/mu8O1_289_839ab46820b524afda05122893c2fe8e'),(290,1,0,'','jpg','IMG_20170227_165843_202.jpg',0,0,85,'photo','photos/2017/03/11fOV_290_f90f2aca5c640289d0a29417bcb63a37'),(291,1,0,'','jpg','IMG_0129.JPG',0,0,99,'photo','photos/2017/03/vw5Lm_291_9c838d2e45b2ad1094d42f4ef36764f6'),(292,1,0,'','png','IMG_0128.PNG',0,0,0,'photo','photos/2017/03/W2zkH_292_1700002963a49da13542e0726b7bb758'),(293,1,0,'','png','IMG_0128.PNG',0,0,0,'photo','photos/2017/03/eX14j_293_53c3bce66e43be4f209556518c2fcb54'),(294,1,0,'','jpg','birds1_1_t.jpg',0,0,32,'photo','photos/2017/03/hUxui_294_6883966fd8f918a4aa29be29d2c386fb'),(295,1,0,'','png','IMG_0128.PNG',0,0,0,'photo','photos/2017/03/oL8bY_295_49182f81e6a13cf5eaa496d51fea6406'),(296,1,0,'','jpg','IMG_20160813_110338.jpg',0,0,70,'photo','photos/2017/03/sVgbn_296_d296c101daa88a51f6ca8cfc1ac79b50'),(297,1,0,'','jpg','PicsArt_02-15-02.43.56.jpg',0,0,54,'photo','photos/2017/03/kvwfd_297_9fd81843ad7f202f26c1a174c7357585'),(298,1,0,'','jpg','IMG_20170220_234912_660.jpg',0,0,45,'photo','photos/2017/03/4nFuH_298_26e359e83860db1d11b6acca57d8ea88'),(299,1,0,'','jpg','IMG_20170303_194502_738.jpg',0,0,76,'photo','photos/2017/03/SDJyC_299_ef0d3930a7b6c95bd2b32ed45989c61f'),(300,1,0,'','png','IMG_1135.PNG',0,0,89,'photo','photos/2017/03/P2tmM_300_94f6d7e04a4d452035300f18b984988c'),(301,1,0,'','jpg','IMG_20170303_084507.jpg',0,0,0,'photo','photos/2017/03/3elwM_301_34ed066df378efacc9b924ec161e7639'),(302,1,0,'','png','IMG_1135.PNG',0,0,89,'photo','photos/2017/03/aY9vD_302_577bcc914f9e55d5e4e4f82f9f00e7d4'),(303,1,0,'','jpg','IMG_20170303_194502_738.jpg',0,0,76,'photo','photos/2017/03/aH99c_303_11b9842e0a271ff252c1903e7132cd68'),(304,1,0,'','jpg','4886FA40-DA01-43D7-A7EB-D1AE92D185DA.jpg',0,0,89,'photo','photos/2017/03/q3gyE_304_37bc2f75bf1bcfe8450a1a41c200364c'),(305,1,0,'','png','IMG_1135.PNG',0,0,89,'photo','photos/2017/03/OsP9F_305_496e05e1aea0a9c4655800e8a7b9ea28'),(306,1,0,'','jpg','20160818_173744.jpg',0,0,45,'photo','photos/2017/03/2YOtv_306_b2eb7349035754953b57a32e2841bda5'),(307,1,0,'','jpg','IMG_9352.JPG',0,0,89,'photo','photos/2017/03/AcAxh_307_8e98d81f8217304975ccb23337bb5761'),(308,1,0,'','jpg','IMG_9350.JPG',0,0,89,'photo','photos/2017/03/bNRVe_308_a8c88a0055f636e4a163a5e3d16adab7'),(309,1,0,'','jpg','IMG_20161205_151931.jpg',0,0,45,'photo','photos/2017/03/GRoXi_309_eddea82ad2755b24c4e168c5fc2ebd40'),(310,1,0,'','jpg','image.jpg',0,0,70,'photo','photos/2017/03/EbvCX_310_06eb61b839a0cefee4967c67ccb099dc'),(311,1,0,'','jpg','IMG_1136.JPG',0,0,0,'photo','photos/2017/03/31J8M_311_9dfcd5e558dfa04aaf37f137a1d9d3e5'),(312,1,0,'','jpg','PicsArt_02-25-02.58.43.jpg',0,0,44,'photo','photos/2017/03/Qmcj4_312_950a4152c2b4aa3ad78bdd6b366cc179'),(313,1,0,'','png','Screenshot_2017-02-23-18-47-25.png',0,0,44,'photo','photos/2017/03/2cqDI_313_158f3069a435b314a80bdcb024f8e422'),(314,1,0,'','jpg','IMG_0114.JPG',0,0,122,'photo','photos/2017/03/cZMbI_314_758874998f5bd0c393da094e1967a72b'),(315,1,0,'','png','Screenshot_2017-02-11-19-11-18.png',0,0,44,'photo','photos/2017/03/k7UeN_315_ad13a2a07ca4b7642959dc0c4c740ab6'),(316,1,0,'','png','image.png',0,0,71,'photo','photos/2017/03/cuVtR_316_3fe94a002317b5f9259f82690aeea4cd'),(317,1,0,'','jpg','image.jpg',0,0,71,'photo','photos/2017/03/J5YCD_317_5b8add2a5d98b1a652ea7fd72d942dac'),(318,1,0,'','jpg','IMG_5447.JPG',0,0,90,'photo','photos/2017/03/i8W2Y_318_432aca3a1e345e339f35a30c8f65edce'),(319,1,0,'','jpg','IMG_1045.JPG',0,0,42,'photo','photos/2017/03/zKKWP_319_8d3bba7425e7c98c50f52ca1b52d3735'),(320,1,0,'','jpg','IMG_0157.JPG',0,0,0,'photo','photos/2017/03/4c4r2_320_320722549d1751cf3f247855f937b982'),(321,1,0,'','jpg','1488414315153.jpg',0,0,28,'photo','photos/2017/03/bFkBf_321_caf1a3dfb505ffed0d024130f58c5cfa'),(322,1,0,'','jpg','2017-02-2210.33.371.jpg',0,0,129,'photo','photos/2017/03/mWWFo_322_5737c6ec2e0716f3d8a7a5c4e0de0d9a'),(323,1,0,'','jpg','2017-02-2210.33.371.jpg',0,0,129,'photo','photos/2017/03/yudCE_323_bc6dc48b743dc5d013b1abaebd2faed2'),(324,1,0,'','png','marble.png',0,0,0,'photo','photos/2017/03/9anWJ_324_f2fc990265c712c49d51a18a32b39f0c'),(325,1,0,'','jpeg','1486730012540.jpeg',0,0,0,'photo','photos/2017/03/DHFrL_325_89f0fd5c927d466d6ec9a21b9ac34ffa'),(326,1,0,'','jpeg','1486730012540.jpeg',0,0,0,'photo','photos/2017/03/dRcBj_326_a666587afda6e89aec274a3657558a27'),(327,1,0,'','jpg','IMG_1712.JPG',0,0,95,'photo','photos/2017/03/gqX94_327_b83aac23b9528732c23cc7352950e880'),(328,1,0,'','jpg','IMG_1712.JPG',0,0,0,'photo','photos/2017/03/tLYBA_328_cd00692c3bfe59267d5ecfac5310286c'),(329,1,0,'','jpeg','1486730012540.jpeg',0,0,95,'photo','photos/2017/03/ObLOt_329_6faa8040da20ef399b63a72d0e4ab575'),(330,1,0,'','jpg','IMG_1712.JPG',0,0,0,'photo','photos/2017/03/NodjI_330_fe73f687e5bc5280214e0486b273a5f9'),(331,1,0,'','jpg','IMG_1712.JPG',0,0,0,'photo','photos/2017/03/UlCWK_331_6da37dd3139aa4d9aa55b8d237ec5d4a'),(332,1,0,'','png','042cd268-dade-4669-8c6b-17c867699231.png',0,0,66,'photo','photos/2017/03/IMhuk_332_c042f4db68f23406c6cecf84a7ebb0fe'),(333,1,0,'','jpg','IMG_20170119_003141.jpg',0,0,0,'photo','photos/2017/03/jBJJM_333_310dcbbf4cce62f762a2aaa148d556bd'),(334,1,0,'','jpg','IMG_20170111_011935.jpg',0,0,0,'photo','photos/2017/03/9UXkF_334_2f2b265625d76a6704b08093c652fd79'),(335,1,0,'','jpg','IMG_20170119_003141.jpg',0,0,0,'photo','photos/2017/03/mzrYK_335_f9b902fc3289af4dd08de5d1de54f68f'),(336,1,0,'','jpg','IMG_20170111_011935.jpg',0,0,66,'photo','photos/2017/03/ZXzru_336_6855456e2fe46a9d49d3d3af4f57443d'),(337,1,0,'','png','042cd268-dade-4669-8c6b-17c867699231.png',0,0,66,'photo','photos/2017/03/Mhd7X_337_357a6fdf7642bf815a88822c447d9dc4'),(338,1,0,'','jpg','IMG20170224142108.jpg',0,0,60,'photo','photos/2017/03/ojPW5_338_819f46e52c25763a55cc642422644317'),(339,1,0,'','jpg','1486659832034.jpg',0,0,0,'photo','photos/2017/03/PlF2z_339_04025959b191f8f9de3f924f0940515f'),(340,1,0,'','jpg','1486659832034.jpg',0,0,0,'photo','photos/2017/03/4GuNG_340_40008b9a5380fcacce3976bf7c08af5b'),(341,1,0,'','jpg','PicsArt_02-24-09.19.34.jpg',0,0,74,'photo','photos/2017/03/hlYyi_341_3dd48ab31d016ffcbf3314df2b3cb9ce'),(342,1,0,'','jpg','IMG20170223202531.jpg',0,0,74,'photo','photos/2017/03/vGWQf_342_58238e9ae2dd305d79c2ebc8c1883422'),(343,1,0,'','jpg','4-upon1-13-17at1.27AM5.jpg',0,0,31,'photo','photos/2017/03/zxXj2_343_3ad7c2ebb96fcba7cda0cf54a2e802f5'),(344,1,0,'','jpg','IMG_0891.JPG',0,0,31,'photo','photos/2017/03/VIbra_344_b3967a0e938dc2a6340e258630febd5a'),(345,1,0,'','jpg','Photoon11-13-16at4.13PM7.jpg',0,0,31,'photo','photos/2017/03/K3bCG_345_d81f9c1be2e08964bf9f24b15f0e4900'),(346,1,0,'','jpg','4-upon10-1-16at5.08PM6.jpg',0,0,31,'photo','photos/2017/03/66Srn_346_13f9896df61279c928f19721878fac41'),(347,1,0,'','jpg','Photoon11-13-16at4.13PM7.jpg',0,0,31,'photo','photos/2017/03/jkC12_347_c5ff2543b53f4cc0ad3819a36752467b'),(348,1,0,'','jpg','Photoon3-4-17at8.56AM.jpg',0,0,31,'photo','photos/2017/03/dVVBZ_348_01386bd6d8e091c2ab4c7c7de644d37b'),(349,1,0,'','jpeg','1484287054695.jpeg',0,0,69,'photo','photos/2017/03/Wr3RU_349_0bb4aec1710521c12ee76289d9440817'),(350,1,0,'','jpg','Screenshot_2016-12-12-19-31-51.jpg',0,0,37,'photo','photos/2017/03/UMGuS_350_9de6d14fff9806d4bcd1ef555be766cd'),(351,1,0,'','jpg','IMG_20161220_193857.jpg',0,0,0,'photo','photos/2017/03/pPBpy_351_efe937780e95574250dabe07151bdc23'),(352,1,0,'','jpg','IMG_20170225_130634_913.jpg',0,0,0,'photo','photos/2017/03/1Qgr2_352_371bce7dc83817b7893bcdeed13799b5'),(353,1,0,'','jpg','Studio_20170304_104705.jpg',0,0,0,'photo','photos/2017/03/ER4RI_353_138bb0696595b338afbab333c555292a'),(354,1,0,'','jpg','442ee2f16b51328372c8e4943fa369f1.jpg',0,0,53,'photo','photos/2017/03/2Wmes_354_8dd48d6a2e2cad213179a3992c0be53c'),(355,1,0,'','jpg','442ee2f16b51328372c8e4943fa369f1.jpg',0,0,53,'photo','photos/2017/03/zkmHV_355_82cec96096d4281b7c95cd7e74623496'),(356,1,0,'','jpg','1488535455588.jpg',0,0,53,'photo','photos/2017/03/i7XiL_356_6c524f9d5d7027454a783c841250ba71'),(357,1,0,'','png','Screenshot_20170303-053942.png',0,0,53,'photo','photos/2017/03/Ye4Gr_357_fb7b9ffa5462084c5f4e7e85a093e6d7'),(358,1,0,'','jpg','PicsArt_11-06-07.23.32.jpg',0,0,53,'photo','photos/2017/03/9XUu1_358_aa942ab2bfa6ebda4840e7360ce6e7ef'),(359,1,0,'','jpg','PicsArt_11-06-07.23.32.jpg',0,0,53,'photo','photos/2017/03/FvOsw_359_c058f544c737782deacefa532d9add4c'),(360,1,0,'','jpg','1482021128242.jpg',0,0,0,'photo','photos/2017/03/AwP7s_360_e7b24b112a44fdd9ee93bdf998c6ca0e'),(361,1,0,'','jpg','IMG_5865.JPG',0,0,0,'photo','photos/2017/03/fJJUY_361_52720e003547c70561bf5e03b95aa99f'),(362,1,0,'','jpg','image.jpg',0,0,0,'photo','photos/2017/03/hgpx6_362_c3e878e27f52e2a57ace4d9a76fd9acf'),(363,1,0,'','jpg','IMG_20170304_080657_738.jpg',0,0,44,'photo','photos/2017/03/6YrUm_363_00411460f7c92d2124a67ea0f4cb5f85'),(364,1,0,'','jpg','PicsArt_02-25-02.58.43.jpg',0,0,44,'photo','photos/2017/03/MkHr8_364_bac9162b47c56fc8a4d2a519803d51b3'),(365,1,0,'','png','Screenshot_2017-02-11-19-11-18.png',0,0,0,'photo','photos/2017/03/MrZJp_365_9be40cee5b0eee1462c82c6964087ff9'),(366,1,0,'','jpg','1486710416514.jpg',0,0,0,'photo','photos/2017/03/pUMlL_366_5ef698cd9fe650923ea331c15af3b160'),(367,1,0,'','png','Screenshot_2017-03-04-20-28-07.png',0,0,93,'photo','photos/2017/03/EJXnO_367_05049e90fa4f5039a8cadc6acbb4b2cc'),(368,1,0,'','png','Screenshot_2017-03-04-20-28-07.png',0,0,93,'photo','photos/2017/03/hZaWA_368_cf004fdc76fa1a4f25f62e0eb5261ca3'),(369,1,0,'','jpg','1488108010007.jpg',0,0,105,'photo','photos/2017/03/UMvEB_369_0c74b7f78409a4022a2c4c5a5ca3ee19'),(370,1,0,'','jpeg','images-1.jpeg',0,0,92,'photo','photos/2017/03/vunX1_370_d709f38ef758b5066ef31b18039b8ce5'),(371,1,0,'','jpeg','images-1.jpeg',0,0,0,'photo','photos/2017/03/mTdMO_371_41f1f19176d383480afa65d325c06ed0'),(372,1,0,'','jpg','Screenshot_2017-03-04-19-28-02.jpg',0,0,92,'photo','photos/2017/03/IxoIq_372_24b16fede9a67c9251d3e7c7161c83ac'),(373,1,0,'','jpeg','images.jpeg',0,0,92,'photo','photos/2017/03/SC5XY_373_ffd52f3c7e12435a724a8f30fddadd9c'),(374,1,0,'','jpg','Screenshot_2017-03-04-21-14-02.jpg',0,0,92,'photo','photos/2017/03/ALF1g_374_ad972f10e0800b49d76fed33a21f6698'),(375,1,0,'','jpg','Screenshot_2017-03-04-21-14-55.jpg',0,0,92,'photo','photos/2017/03/nXvXj_375_f61d6947467ccd3aa5af24db320235dd'),(376,1,0,'','jpg','Screenshot_2017-03-04-21-15-39.jpg',0,0,92,'photo','photos/2017/03/uvd3A_376_142949df56ea8ae0be8b5306971900a4'),(377,1,0,'','jpeg','images-1.jpeg',0,0,92,'photo','photos/2017/03/e79My_377_d34ab169b70c9dcd35e62896010cd9ff'),(378,1,0,'','jpg','IMG_2181.JPG',0,0,42,'photo','photos/2017/03/5mMs8_378_8bf1211fd4b7b94528899de0a43b9fb3'),(379,1,0,'','jpg','IMG_2243.JPG',0,0,0,'photo','photos/2017/03/6svIS_379_a02ffd91ece5e7efeb46db8f10a74059'),(380,1,0,'','jpg','bts_spring_day_jin_2.jpg',0,0,91,'photo','photos/2017/03/D7Yfv_380_bca82e41ee7b0833588399b1fcd177c7'),(381,1,0,'','jpg','17-02-20-21-30-11-893_deco.jpg',0,0,91,'photo','photos/2017/03/BmQ5y_381_00ec53c4682d36f5c4359f4ae7bd7ba1'),(382,1,0,'','jpg','17-02-20-21-30-11-893_deco.jpg',0,0,91,'photo','photos/2017/03/JPUfb_382_4f6ffe13a5d75b2d6a3923922b3922e5'),(383,1,0,'','jpg','IMG_1376.JPG',0,0,0,'photo','photos/2017/03/u9nCB_383_beed13602b9b0e6ecb5b568ff5058f07'),(384,1,0,'','jpg','IMG_5578.JPG',0,0,90,'photo','photos/2017/03/MIJ19_384_0584ce565c824b7b7f50282d9a19945b'),(385,1,0,'','jpg','4-upon7-23-16at2.26PMcompiled.jpg',0,0,88,'photo','photos/2017/03/PC5et_385_dc912a253d1e9ba40e2c597ed2376640'),(386,1,0,'','png','marble.png',0,0,0,'photo','photos/2017/03/eobo7_386_39461a19e9eddfb385ea76b26521ea48'),(387,1,0,'','jpg','rvpxw5J.jpg',0,0,55,'photo','photos/2017/03/OUUt9_387_8efb100a295c0c690931222ff4467bb8'),(388,1,0,'','jpg','IMG20161231141058.jpg',0,0,82,'photo','photos/2017/03/WJ6Dt_388_d9fc5b73a8d78fad3d6dffe419384e70'),(389,1,0,'','jpg','IMG20161231141058.jpg',0,0,82,'photo','photos/2017/03/BQzwV_389_c86a7ee3d8ef0b551ed58e354a836f2b'),(390,1,0,'','jpg','PicsArt_11-17-04.18.18.jpg',0,0,22,'photo','photos/2017/03/4c1MZ_390_a01a0380ca3c61428c26a231f0e49a09'),(391,1,0,'','jpg','PicsArt_11-17-04.18.18.jpg',0,0,22,'photo','photos/2017/03/lzHxv_391_5a4b25aaed25c2ee1b74de72dc03c14e'),(392,1,0,'','jpg','1484060023232.jpg',0,0,14,'photo','photos/2017/03/mxZNr_392_f73b76ce8949fe29bf2a537cfa420e8f'),(393,1,0,'','jpg','1483873925847.jpg',0,0,0,'photo','photos/2017/03/ZcwZw_393_70c639df5e30bdee440e4cdf599fec2b'),(394,1,0,'','jpg','1488022333777.jpg',0,0,113,'photo','photos/2017/03/iv3cB_394_28f0b864598a1291557bed248a998d4e'),(395,1,0,'','png','Screenshot_20170307-181803.png',0,0,104,'photo','photos/2017/03/bpTMp_395_1543843a4723ed2ab08e18053ae6dc5b'),(396,1,0,'','jpg','Screenshot_20170307-181912.jpg',0,0,104,'photo','photos/2017/03/kFsNM_396_f8c1f23d6a8d8d7904fc0ea8e066b3bb'),(397,1,0,'','jpg','Screenshot_20170307-181912.jpg',0,0,104,'photo','photos/2017/03/yKyBI_397_e46de7e1bcaaced9a54f1e9d0d2f800d'),(398,1,0,'','jpg','Screenshot_20170307-182123.jpg',0,0,104,'photo','photos/2017/03/aCzbN_398_b7b16ecf8ca53723593894116071700c'),(399,1,0,'','jpg','Screenshot_20170307-182844.jpg',0,0,0,'photo','photos/2017/03/rrQ5s_399_352fe25daf686bdb4edca223c921acea'),(400,1,0,'','jpg','Screenshot_20170307-183011.jpg',0,0,0,'photo','photos/2017/03/sBDbf_400_18d8042386b79e2c279fd162df0205c8'),(401,1,0,'','jpg','Screenshot_20170307-183114.jpg',0,0,0,'photo','photos/2017/03/S8ggM_401_816b112c6105b3ebd537828a39af4818'),(402,1,0,'','jpg','Screenshot_20170307-183300.jpg',0,0,0,'photo','photos/2017/03/PLmZZ_402_69cb3ea317a32c4e6143e665fdb20b14'),(403,1,0,'','jpg','Screenshot_20170307-183417.jpg',0,0,0,'photo','photos/2017/03/EK976_403_bbf94b34eb32268ada57a3be5062fe7d'),(404,1,0,'','jpg','Screenshot_20170307-183519.jpg',0,0,0,'photo','photos/2017/03/C1CCk_404_4f4adcbf8c6f66dcfc8a3282ac2bf10a'),(405,1,0,'','jpg','Screenshot_20170307-183543.jpg',0,0,0,'photo','photos/2017/03/qBqQu_405_bbcbff5c1f1ded46c25d28119a85c6c2'),(406,1,0,'','jpg','Screenshot_20170307-183636.jpg',0,0,0,'photo','photos/2017/03/RIIWV_406_8cb22bdd0b7ba1ab13d742e22eed8da2'),(407,1,0,'','jpg','Screenshot_20170307-183710.jpg',0,0,0,'photo','photos/2017/03/RCGTn_407_f4f6dce2f3a0f9dada0c2b5b66452017'),(408,1,0,'','jpg','Screenshot_20170307-183750.jpg',0,0,0,'photo','photos/2017/03/PCIoH_408_0d0fd7c6e093f7b804fa0150b875b868'),(409,1,0,'','jpg','Screenshot_20170307-183819.jpg',0,0,0,'photo','photos/2017/03/bEwUF_409_a96b65a721e561e1e3de768ac819ffbb'),(410,1,0,'','jpg','Screenshot_20170307-183852.jpg',0,0,0,'photo','photos/2017/03/UVFFd_410_1068c6e4c8051cfd4e9ea8072e3189e2'),(411,1,0,'','jpg','Screenshot_20170307-183924.jpg',0,0,0,'photo','photos/2017/03/olm85_411_17d63b1625c816c22647a73e1482372b'),(412,1,0,'','jpg','Screenshot_20170307-183852.jpg',0,0,0,'photo','photos/2017/03/vjGjV_412_b9228e0962a78b84f3d5d92f4faa000b'),(413,1,0,'','jpg','Screenshot_20170307-184006.jpg',0,0,0,'photo','photos/2017/03/t2Yyx_413_0deb1c54814305ca9ad266f53bc82511'),(414,1,0,'','jpg','image.jpg',0,0,34,'photo','photos/2017/03/s741h_414_66808e327dc79d135ba18e051673d906'),(415,1,0,'','png','PAPAPYRO.png',0,0,38,'photo','photos/2017/03/IDq1L_415_42e7aaa88b48137a16a1acd04ed91125'),(416,1,0,'','png','IMG_2353.PNG',0,0,33,'photo','photos/2017/03/m3qmJ_416_8fe0093bb30d6f8c31474bd0764e6ac0'),(417,1,0,'','jpg','website.jpg',0,0,0,'photo','photos/2017/03/EdYNq_417_41ae36ecb9b3eee609d05b90c14222fb'),(418,1,0,'','jpg','asus_rog-black.jpg',0,0,0,'photo','photos/2017/03/2pjTL_418_d1f255a373a3cef72e03aa9d980c7eca'),(419,1,0,'','jpg','website.jpg',0,0,0,'photo','photos/2017/03/23SyW_419_7eacb532570ff6858afd2723755ff790'),(420,1,0,'','jpg','image.jpg',0,0,52,'photo','photos/2017/03/pZzdj_420_b6f0479ae87d244975439c6124592772'),(421,1,0,'','jpg','image.jpg',0,0,0,'photo','photos/2017/03/so1oR_421_e0c641195b27425bb056ac56f8953d24'),(422,1,0,'','jpg','2.jpg',0,0,46,'photo','photos/2017/03/KtHfX_422_f85454e8279be180185cac7d243c5eb3'),(423,1,0,'','jpg','wp2.jpg',0,0,0,'photo','photos/2017/03/iX4G8_423_faa9afea49ef2ff029a833cccc778fd0'),(424,1,0,'','jpg','wow.jpg',0,0,0,'photo','photos/2017/03/Jmq5m_424_3c7781a36bcd6cf08c11a970fbe0e2a6'),(425,1,0,'','png','FNATEC9.png',0,0,0,'photo','photos/2017/03/cN88O_425_25b2822c2f5a3230abfadd476e8b04c9'),(426,1,0,'','png','Everyday-Hero-Entry---Android-Phones---720-x-1280.png',0,0,0,'photo','photos/2017/03/mKx3W_426_6ecbdd6ec859d284dc13885a37ce8d81'),(427,1,0,'','jpg','BigSmoke-GTASA.jpg',0,0,38,'photo','photos/2017/03/oqbZt_427_18997733ec258a9fcaf239cc55d53363'),(428,1,0,'','jpg','kyungsoo2.jpg',0,0,75,'photo','photos/2017/03/vQ1bU_428_8d7d8ee069cb0cbbf816bbb65d56947e'),(429,1,0,'','jpg','kyungsoo2.jpg',0,0,75,'photo','photos/2017/03/7BVJo_429_75fc093c0ee742f6dddaa13fff98f104'),(430,1,0,'','jpg','aesthetic2.jpg',0,0,0,'photo','photos/2017/03/TEBi7_430_f74909ace68e51891440e4da0b65a70c'),(431,1,0,'','jpg','aesthetic.jpg',0,0,0,'photo','photos/2017/03/jMi7n_431_66368270ffd51418ec58bd793f2d9b1b'),(432,1,0,'','jpg','aesthetic3.jpg',0,0,0,'photo','photos/2017/03/UDrXJ_432_248e844336797ec98478f85e7626de4a'),(433,1,0,'','jpg','images.jpg',0,0,0,'photo','photos/2017/03/Qd6nJ_433_019d385eb67632a7e958e23f24bd07d7'),(434,1,0,'','jpg','tumblr_static_tumblr_static__640.jpg',0,0,0,'photo','photos/2017/03/XTg6q_434_a49e9411d64ff53eccfdd09ad10a15b3'),(435,1,0,'','png','AestheticEXO2.png',0,0,0,'photo','photos/2017/03/Tipiv_435_ddb30680a691d157187ee1cf9e896d03'),(436,1,0,'','jpg','EXOOT12.jpg',0,0,0,'photo','photos/2017/03/7CRbD_436_2421fcb1263b9530df88f7f002e78ea5'),(437,1,0,'','jpg','FlowerBoys.jpg',0,0,0,'photo','photos/2017/03/jwyup_437_fccb60fb512d13df5083790d64c4d5dd'),(438,1,0,'','png','AestheticKpop3.png',0,0,0,'photo','photos/2017/03/ASxzP_438_1651cf0d2f737d7adeab84d339dbabd3'),(439,1,0,'','jpg','AestheticKpop2.jpg',0,0,0,'photo','photos/2017/03/ji2qV_439_eed5af6add95a9a6f1252739b1ad8c24'),(440,1,0,'','jpg','AestheticKpop.jpg',0,0,0,'photo','photos/2017/03/JraOh_440_a8abb4bb284b5b27aa7cb790dc20f80b'),(441,1,0,'','png','AestheticKpop3.png',0,0,0,'photo','photos/2017/03/lDOkS_441_15d4e891d784977cacbfcbb00c48f133'),(442,1,0,'','jpg','AestheticKpop2.jpg',0,0,0,'photo','photos/2017/03/DdY8z_442_c203d8a151612acf12457e4d67635a95'),(443,1,0,'','jpg','SMFAMILYPIC.jpg',0,0,0,'photo','photos/2017/03/pwewj_443_13f3cf8c531952d72e5847c4183e6910'),(444,1,0,'','jpg','SNSD.jpg',0,0,0,'photo','photos/2017/03/lMgB5_444_550a141f12de6341fba65b0ad0433500');

/*Table structure for table `message` */

DROP TABLE IF EXISTS `message`;

CREATE TABLE `message` (
  `message_id` int(11) NOT NULL AUTO_INCREMENT,
  `message_thread_code` longtext NOT NULL,
  `message` longtext NOT NULL,
  `sender` longtext NOT NULL,
  `noticeboard_id` int(11) NOT NULL DEFAULT '0',
  `status_id` int(11) NOT NULL DEFAULT '0',
  `assigment_id` int(11) NOT NULL DEFAULT '0',
  `type` enum('0','1','2','3') NOT NULL DEFAULT '0',
  `timestamp` longtext NOT NULL,
  `read_status` int(11) NOT NULL DEFAULT '0' COMMENT '0 unread 1 read',
  PRIMARY KEY (`message_id`)
) ENGINE=MyISAM AUTO_INCREMENT=74 DEFAULT CHARSET=latin1;

/*Data for the table `message` */

insert  into `message`(`message_id`,`message_thread_code`,`message`,`sender`,`noticeboard_id`,`status_id`,`assigment_id`,`type`,`timestamp`,`read_status`) values (1,'a952d64fa30906a','tes dari parent','parent-125',0,0,0,'0','1500282596',1),(2,'a952d64fa30906a','asem','teacher-1',0,0,0,'0','1500282609',0),(3,'a952d64fa30906a','hahaha','parent-125',0,0,0,'0','1500282623',1),(4,'a952d64fa30906a','hahaha','parent-125',0,0,0,'0','1500282965',1),(5,'a952d64fa30906a','tes','parent-125',0,0,0,'0','1500570449',1),(6,'a952d64fa30906a','Pagi pak','parent-125',0,0,0,'0','1500600595',1),(7,'a952d64fa30906a','Pagi Demo Parent,','teacher-1',0,0,0,'0','1500618954',0),(8,'c45868ad65fe6ed','Selamat siang pak','student-155',0,0,0,'0','1500957204',1),(9,'c45868ad65fe6ed','siang','teacher-1',0,0,0,'0','1500964801',0),(10,'c45868ad65fe6ed','bapak ada di kantor?','student-155',0,0,0,'0','1500964845',1),(11,'c45868ad65fe6ed','iya ada, kenapa?\r\n','teacher-1',0,0,0,'0','1500964886',0),(12,'a952d64fa30906a','balas dari guru','teacher-1',0,0,0,'0','1500978058',0),(13,'7b2cb4b2f3ebb7d','Tes dari Pak william ortu','parent-172',0,0,0,'0','1500980091',0),(14,'7b2cb4b2f3ebb7d','oke pak','teacher-1',0,0,0,'0','1501044775',0),(15,'a952d64fa30906a','yoi','teacher-1',0,0,0,'0','1501045002',0),(16,'a952d64fa30906a','iyai','parent-125',0,0,0,'0','1501045017',0),(17,'c45868ad65fe6ed','ga papa pak','student-155',0,0,0,'0','1501058146',0),(18,'c45868ad65fe6ed','oke','teacher-1',0,0,0,'0','1501058160',0),(19,'6c66b8a22f7ca50','tes dari guru demo','parent-1',0,0,0,'0','1501058281',1),(20,'a952d64fa30906a','cek','parent-125',0,0,0,'0','1501673131',0),(21,'0eb3ea70e274829','Excuse me ms viska I have sent the IT assignment  can you download the file??','student-236',0,0,0,'0','1502273290',0),(22,'fc77f007da81a08','Miss mohon maaf,  saya orangtuanya andrew kelas 7B..mau tanya walikelasnya kelas 7B siapa ya?.\r\nSaya hanya mau tanya keberadaan Andrew karena sampai saat ini tidak ada kabar kalau dia sudah sampai sekolah..\r\nTerima kasih.','parent-156',0,0,0,'0','1502331019',0),(23,'826ef1327b399a5','Ms. Antin, hari ini Daafi gak ada absen nya kenapa ya?','parent-175',0,0,0,'0','1502341753',0),(24,'8c30e55379cc361','Test','parent-5',0,0,0,'0','1502352867',0),(25,'8c30e55379cc361','Test','parent-5',0,0,0,'0','1502352883',0),(26,'584c2c288b2802a','Hai there','parent-4',0,0,0,'0','1503679603',0),(27,'1e523918db0fc97','Pak Bambang, mau tanya tentang anak saya, kenapa dia suka merenung dirumah dan takut sekolah','parent-5',0,0,0,'0','1503758371',1),(28,'1e523918db0fc97','Mohon maaf ya Pak Bambang, kira2 ada apa ya?','parent-5',0,0,0,'0','1503758413',1),(29,'1e523918db0fc97','Haallo','parent-5',0,0,0,'0','1503758482',1),(30,'60dcc267800b1f0','Haloo ','parent-5',0,0,0,'0','1504416283',0),(31,'1e523918db0fc97','Siang Pak Bambang','parent-5',0,0,0,'0','1504416303',1),(32,'6c66b8a22f7ca50','Tes','parent-1',0,0,0,'0','1504861647',1),(33,'8c30e55379cc361','Haloo\r\n','parent-5',0,0,0,'0','1506932266',0),(34,'523d4a9ca015ba8','Selamat siang ms dini, \r\n','student-7',0,0,0,'0','1507001072',1),(35,'523d4a9ca015ba8','Selamat siang amanda, ada uyg bisa ms bantu?','teacher-7',0,0,0,'0','1507001164',1),(36,'523d4a9ca015ba8','Iya ms dini, mohon bimbingan untuk mengerjakan tugas wawancara ms, siapa kah yang harus saya wawancara, terimakasih.','student-7',0,0,0,'0','1507001261',1),(37,'523d4a9ca015ba8','Oh, okay silahkan, cari nara sumber untuk diwawancarai dilingkungan sekitar tempat tinggal amanda, siapa saja terserah, tema wawancara tentang lingkungan.','teacher-7',0,0,0,'0','1507001391',1),(38,'523d4a9ca015ba8','Baik ms dini terimakasih.','student-7',0,0,0,'0','1507001436',1),(39,'9c1e923c024e1b2','Selamat pagi ms dini perkenalkan saya orang tua dari amanda.\r\n','parent-7',0,0,0,'0','1507001542',1),(40,'9c1e923c024e1b2','Selamat pagi bpk, salam kenal saya walikelas ananda amanda 7 b.terimakasih.','teacher-7',0,0,0,'0','1507001620',1),(41,'24715aaf2924002','hello, good morning','parent-3',0,0,0,'0','1508319579',0),(42,'85ad29048d8779b','Hn about mu son to day, Teacher ?','student-13',0,0,0,'0','1508585247',0),(43,'b64f744280daaaf','Hello teacher','student-13',0,0,0,'0','1508585430',1),(44,'6235b7793c94c21','Test','parent-3',0,0,0,'0','1508827708',0),(45,'6235b7793c94c21','Test','parent-3',0,0,0,'0','1508828168',0),(46,'667db0a4616eb54','Test','parent-3',0,0,0,'0','1509338905',1),(47,'e61cc14a6ad0b99','Tes','student-1',0,0,0,'0','1509343102',1),(48,'1919b427befafbd','','student-1',0,0,0,'0','1509349215',0),(49,'667db0a4616eb54','Test','parent-3',0,0,0,'0','1509437948',1),(50,'fb0fac43d761ef9','We','parent-3',0,0,0,'0','1509438220',0),(51,'d44374f16982996','selamat pagi ms dini\r\n','admin-1',0,0,0,'0','1509595881',1),(52,'890116b93517c0c','Fgdff','parent-4',0,0,0,'0','1509610294',1),(53,'890116b93517c0c','Reply from Dini','teacher-7',0,0,0,'0','1509610336',1),(54,'cba708cf7f448a9','De','parent-5',0,0,0,'0','1509887791',0),(55,'cba708cf7f448a9','Rrr','parent-5',0,0,0,'0','1509887809',0),(56,'890116b93517c0c','Hello...','parent-4',0,0,0,'0','1510037702',1),(57,'890116b93517c0c','Hello lagi','parent-4',0,0,0,'0','1510038071',1),(58,'890116b93517c0c','Lagi ya','parent-4',0,0,0,'0','1510038256',1),(59,'890116b93517c0c','Lagi ya','parent-4',0,0,0,'0','1510038293',1),(60,'890116b93517c0c','Lagi ya','parent-4',0,0,0,'0','1510038308',1),(61,'890116b93517c0c','Lagi ya','parent-4',0,0,0,'0','1510038321',1),(62,'890116b93517c0c','Lagi ya','parent-4',0,0,0,'0','1510038338',1),(63,'890116b93517c0c','Kirim lagi','parent-4',0,0,0,'0','1510039808',1),(64,'9c1e923c024e1b2','hello ms dini apa kabar','parent-7',0,0,0,'0','1510110599',1),(65,'584c2c288b2802a','Test','parent-4',0,0,0,'0','1510112464',0),(66,'272db4578d76d6a','coba','parent-4',0,0,0,'0','1510123088',0),(67,'9c1e923c024e1b2','coba','parent-7',0,0,0,'0','1510296269',1),(68,'9c1e923c024e1b2','yang benar bu','parent-7',0,0,23,'3','1510297224',1),(69,'9c1e923c024e1b2','saya akan bimbing','parent-7',162,0,0,'1','1510542254',1),(70,'d44374f16982996','tessslagii','admin-1',0,0,0,'0','1510546295',1),(71,'9c1e923c024e1b2','coba','parent-7',0,0,24,'3','1510549251',0),(72,'9c1e923c024e1b2','Tes rubhi','parent-7',0,0,0,'0','1510651330',0),(73,'9c1e923c024e1b2','Tes rubhi lagi','parent-7',0,0,0,'0','1510651397',0);

/*Table structure for table `message_thread` */

DROP TABLE IF EXISTS `message_thread`;

CREATE TABLE `message_thread` (
  `message_thread_id` int(11) NOT NULL AUTO_INCREMENT,
  `message_thread_code` longtext COLLATE utf8_unicode_ci NOT NULL,
  `sender` longtext COLLATE utf8_unicode_ci NOT NULL,
  `reciever` longtext COLLATE utf8_unicode_ci NOT NULL,
  `parent_id` int(11) NOT NULL,
  `teacher_id` int(11) NOT NULL,
  `student_id` int(11) NOT NULL,
  `admin_id` int(11) NOT NULL,
  `delete_from_user` enum('y','n') COLLATE utf8_unicode_ci NOT NULL DEFAULT 'n',
  `delete_from_teacher` enum('y','n') COLLATE utf8_unicode_ci NOT NULL DEFAULT 'n',
  `last_message_timestamp` longtext COLLATE utf8_unicode_ci NOT NULL,
  PRIMARY KEY (`message_thread_id`)
) ENGINE=InnoDB AUTO_INCREMENT=26 DEFAULT CHARSET=utf8 COLLATE=utf8_unicode_ci;

/*Data for the table `message_thread` */

insert  into `message_thread`(`message_thread_id`,`message_thread_code`,`sender`,`reciever`,`parent_id`,`teacher_id`,`student_id`,`admin_id`,`delete_from_user`,`delete_from_teacher`,`last_message_timestamp`) values (1,'a952d64fa30906a','parent-125','teacher-1',125,1,0,0,'n','n',''),(2,'c45868ad65fe6ed','student-155','teacher-1',0,1,155,0,'n','n',''),(3,'7b2cb4b2f3ebb7d','parent-172','teacher-1',172,1,0,0,'n','n',''),(4,'6c66b8a22f7ca50','parent-1','teacher-16',1,16,0,0,'n','n',''),(5,'0eb3ea70e274829','student-236','teacher-18',0,18,236,0,'n','n',''),(6,'fc77f007da81a08','parent-156','teacher-6',156,6,0,0,'n','n',''),(7,'826ef1327b399a5','parent-175','teacher-6',175,6,0,0,'n','n',''),(8,'8c30e55379cc361','parent-5','teacher-5',5,5,0,0,'y','n',''),(9,'584c2c288b2802a','parent-4','teacher-1',4,1,0,0,'n','n',''),(10,'1e523918db0fc97','parent-5','teacher-1',5,1,0,0,'n','n',''),(11,'60dcc267800b1f0','parent-5','teacher-6',5,6,0,0,'n','n',''),(12,'523d4a9ca015ba8','student-7','teacher-7',0,7,7,0,'n','n',''),(13,'9c1e923c024e1b2','parent-7','teacher-7',7,7,0,0,'y','n',''),(14,'24715aaf2924002','parent-3','teacher-5',3,5,0,0,'y','n',''),(15,'85ad29048d8779b','student-13','teacher-1',0,1,13,0,'n','n',''),(16,'b64f744280daaaf','student-13','teacher-16',0,16,13,0,'n','n',''),(17,'6235b7793c94c21','parent-3','teacher-20',3,20,0,0,'n','n',''),(18,'667db0a4616eb54','parent-3','teacher-2',3,2,0,0,'n','n',''),(19,'e61cc14a6ad0b99','student-1','teacher-16',0,16,1,0,'n','n',''),(20,'1919b427befafbd','student-1','teacher-1',0,1,1,0,'n','n',''),(21,'fb0fac43d761ef9','parent-3','teacher-8',3,8,0,0,'n','n',''),(22,'d44374f16982996','admin-1','teacher-7',0,7,0,1,'n','n',''),(23,'890116b93517c0c','parent-4','teacher-7',4,7,0,0,'n','n',''),(24,'cba708cf7f448a9','parent-5','teacher-3',5,3,0,0,'n','n',''),(25,'272db4578d76d6a','parent-4','admin-2',4,0,0,2,'n','n','');

/*Table structure for table `messages` */

DROP TABLE IF EXISTS `messages`;

CREATE TABLE `messages` (
  `id` int(11) NOT NULL AUTO_INCREMENT,
  `active` int(1) NOT NULL DEFAULT '0',
  `media_id` int(11) NOT NULL DEFAULT '0',
  `recipient_id` int(11) NOT NULL DEFAULT '0',
  `seen` int(12) NOT NULL DEFAULT '0',
  `text` text COLLATE utf8_unicode_ci NOT NULL,
  `time` int(12) NOT NULL,
  `timeline_id` int(11) NOT NULL,
  `timestamp` timestamp NOT NULL DEFAULT CURRENT_TIMESTAMP ON UPDATE CURRENT_TIMESTAMP,
  PRIMARY KEY (`id`),
  KEY `recipient_id` (`recipient_id`),
  KEY `seen` (`seen`),
  KEY `timeline_id` (`timeline_id`)
) ENGINE=InnoDB DEFAULT CHARSET=utf8 COLLATE=utf8_unicode_ci;

/*Data for the table `messages` */

/*Table structure for table `month` */

DROP TABLE IF EXISTS `month`;

CREATE TABLE `month` (
  `month_id` int(11) NOT NULL AUTO_INCREMENT,
  `month_name` varchar(20) NOT NULL,
  PRIMARY KEY (`month_id`)
) ENGINE=InnoDB AUTO_INCREMENT=13 DEFAULT CHARSET=latin1;

/*Data for the table `month` */

insert  into `month`(`month_id`,`month_name`) values (1,'January'),(2,'February'),(3,'March'),(4,'April'),(5,'May'),(6,'June'),(7,'July'),(8,'August'),(9,'September'),(10,'October'),(11,'November'),(12,'December');

/*Table structure for table `note` */

DROP TABLE IF EXISTS `note`;

CREATE TABLE `note` (
  `note_id` int(11) NOT NULL AUTO_INCREMENT,
  `note_name` varchar(255) NOT NULL,
  `note_category_id` int(11) NOT NULL,
  PRIMARY KEY (`note_id`)
) ENGINE=InnoDB AUTO_INCREMENT=22 DEFAULT CHARSET=latin1;

/*Data for the table `note` */

insert  into `note`(`note_id`,`note_name`,`note_category_id`) values (1,'Excellent performance this week!',1),(2,'What a great effort you have this week!',1),(3,'Please pay more attention in the class',2),(4,'Please be more focused on your assigment and the activity at hand',2),(10,'Siswa telah membuat kemajuan yang mantap tahun ini dan telah menunjukkan pemahaman yang baik tentang banyak topik yang telah kami bahas dalam topik ini.',18),(11,'Siswa telah membuat kemajuan yang sangat baik tahun ini di sebagian besar bidang subjek.',18),(12,'Siswa telah menemukan topik ini sebagai tantangan namun terus berupaya dalam setiap pelajaran.',18),(13,'Siswa telah berusaha keras tahun ini namun mengalami kemajuan yang lambat.',18),(14,'Siswa telah bekerja keras tahun ini dan membuat kemajuan yang sangat baik.',18),(15,'Siswa hanya sedikit mengalami kemajuan tahun ini.',18),(16,'Siswa berusaha keras sepanjang pelajaran dan umumnya berhasil dalam semua tugas yang ditetapkan.',18),(17,'Siswa selalu belajar dengan sikap belajar yang positif',18),(18,'Siswa telah berhasil dalam semua pelajaran dan ini menunjukkan dalam standar karyanya.',18),(19,'Siswa bekerja dengan baik selama pelajaran untuk menyelesaikan pekerjaan dengan standar yang baik.',18),(20,'siswa selalu mendengarkan dengan seksama dan berusaha keras untuk mengerjakan tugas.',18),(21,'Siswa berusaha keras dalam pekerjaannya tapi tidak merencanakan tugasnya dengan cukup rinci.',18);

/*Table structure for table `note_category` */

DROP TABLE IF EXISTS `note_category`;

CREATE TABLE `note_category` (
  `note_category_id` int(11) NOT NULL AUTO_INCREMENT,
  `note_category_name` varchar(255) NOT NULL,
  PRIMARY KEY (`note_category_id`)
) ENGINE=InnoDB AUTO_INCREMENT=19 DEFAULT CHARSET=latin1;

/*Data for the table `note_category` */

insert  into `note_category`(`note_category_id`,`note_category_name`) values (1,'Ordinary Case'),(2,'Extra Ordinary Case'),(3,'Special Case'),(6,'Openers (Introduction)'),(7,'Student\'s Strengths'),(8,'Encouraging (Progressing)'),(9,'Need of Assistance (Struggling)'),(10,'Personal Atributes'),(11,'Behavior'),(12,'Talents Development'),(13,'Work Habits'),(14,'Social Skills'),(15,'Communications'),(16,'Organizations'),(17,'Closings'),(18,'Komen Berbahasa Indonesia');

/*Table structure for table `noticeboard` */

DROP TABLE IF EXISTS `noticeboard`;

CREATE TABLE `noticeboard` (
  `notice_id` int(11) NOT NULL AUTO_INCREMENT,
  `notice_title` longtext COLLATE utf8_unicode_ci NOT NULL,
  `notice` longtext COLLATE utf8_unicode_ci NOT NULL,
  `teacher_id` int(11) NOT NULL,
  `admin_id` int(11) NOT NULL,
  `create_timestamp` longtext COLLATE utf8_unicode_ci NOT NULL,
  `date` varchar(15) COLLATE utf8_unicode_ci DEFAULT NULL,
  `subject_id` varchar(11) COLLATE utf8_unicode_ci NOT NULL,
  `time` varchar(100) COLLATE utf8_unicode_ci NOT NULL,
  `recepient` text COLLATE utf8_unicode_ci NOT NULL,
  `parent_option` varchar(255) COLLATE utf8_unicode_ci NOT NULL,
  `date_later` varchar(100) COLLATE utf8_unicode_ci NOT NULL,
  `time_later` varchar(100) COLLATE utf8_unicode_ci NOT NULL,
  `status` int(11) DEFAULT '1',
  `type` enum('tugas','libur') COLLATE utf8_unicode_ci NOT NULL DEFAULT 'tugas',
  `send_later` enum('y','n') COLLATE utf8_unicode_ci NOT NULL DEFAULT 'n',
  PRIMARY KEY (`notice_id`)
) ENGINE=MyISAM AUTO_INCREMENT=166 DEFAULT CHARSET=utf8 COLLATE=utf8_unicode_ci;

/*Data for the table `noticeboard` */

insert  into `noticeboard`(`notice_id`,`notice_title`,`notice`,`teacher_id`,`admin_id`,`create_timestamp`,`date`,`subject_id`,`time`,`recepient`,`parent_option`,`date_later`,`time_later`,`status`,`type`,`send_later`) values (5,'Math Topical Test. Ch: Ratio','Please prepare well for the upcoming test\r\nRATIO\r\n(including rate, speed, and proportion).\r\nGood luck ;)',0,0,'1487203200','02/16/2017','','','','','','0',0,'tugas','n'),(11,'Try Out (Big) #5','Mathematics',0,0,'1487635200','02/21/2017','','','','','','0',0,'tugas','n'),(16,'Math Topical Test. Ch: Angles','For Class 7A and 7B.\r\nPlease prepare well for the upcoming test ANGLES. \r\nGood luck ;)',0,0,'1488412800','03/02/2017','','','','','','0',1,'tugas','n'),(18,'Brighton Book Giving Day','Bring your books to be donated for the unlucky and needy ones. Literacy is for everyone!',0,0,'1488499200','03/03/2017','','','','','','0',1,'tugas','n'),(21,'Math Topical Test of  Ch: Geometrical Properties I for 7A and 7B','Please prepare well for the upcoming test Geometrical Properties I. Good luck ;)',0,0,'1489017600','03/09/2017','','','','','','0',1,'tugas','n'),(22,'Practical School Exams','07.45 - 10.00,  Art',0,0,'1490140800','03/22/2017','','','','','','0',1,'tugas','n'),(23,'Practical School Exams','07.45 - 12.15 Bahasa indonesia, English ( Reading coprehension & listening)',0,0,'1490227200','03/23/2017','','','','','','0',1,'tugas','n'),(24,'Practical School Exams','07.45 - 12.30, Basa Sunda, Music',0,0,'1490572800','03/27/2017','','','','','','0',1,'tugas','n'),(25,'National Holiday','Saka New Year ( Nyepi)',0,0,'1490659200','03/28/2017','','','','','','0',1,'tugas','n'),(26,'Practical School Exams','07.45 - 14.00, Physics, Chemistry,Biology, Dance',0,0,'1490745600','03/29/2017','','','','','','0',1,'tugas','n'),(27,'Practical School Exams','07.45 - 12.30, IT, English (speaking & Reading)',0,0,'1490832000','03/30/2017','','','','','','0',1,'tugas','n'),(28,'Practical School Exams','07.45 - 11.15, Islam, Hindu, Kristen, Katolik',0,0,'1490918400','03/31/2017','','','','','','0',1,'tugas','n'),(29,'Practical School Exams','07.30- 11.45, Athletic, Games, Gym',0,0,'1491004800','04/01/2017','','','','','','0',1,'tugas','n'),(30,'Written School Exams','07.45 - 11.45, Bahasa Indonesia, ICT',0,0,'1491177600','04/03/2017','','','','','','0',1,'tugas','n'),(31,'Written School Exams','07.45 - 11.45, Mathematics, Basa Sunda',0,0,'1491264000','04/04/2017','','','','','','0',1,'tugas','n'),(32,'Written School Exams','07.45 - 11.45, English, Arts',0,0,'1491350400','04/05/2017','','','','','','0',1,'tugas','n'),(33,'Written School Exams','07.45 -  11.45, science, PLH',0,0,'1491436800','04/06/2017','','','','','','0',1,'tugas','n'),(34,'Written School Exams','07.45 - 10.00, Religion.',0,0,'1492387200','04/17/2017','','','','','','0',1,'tugas','n'),(35,'Written School Exams','07.45 - 10.00, PPKn',0,0,'1492473600','04/18/2017','','','','','','0',1,'tugas','n'),(36,'Written School Exams','07.45 - 10.00, Social Studies',0,0,'1492560000','04/19/2017','','','','','','0',1,'tugas','n'),(37,'Computer Based National Exams','07.00 - 09.30, bahasa Indonesia',0,0,'1493683200','05/02/2017','','','','','','0',1,'tugas','n'),(38,'Computer Based National Exams','07.00 - 09.30, Mathematics',0,0,'1493769600','05/03/2017','','','','','','0',1,'tugas','n'),(39,'Computer Based National Exams','07.00 - 09.30, English',0,0,'1493856000','05/04/2017','','','','','','0',1,'tugas','n'),(40,'Computer Based National Exams','07.00 -  09.30, Science',0,0,'1494201600','05/08/2017','','','','','','0',1,'tugas','n'),(81,'day off for UNBK','this school is off for 7 & 8 grade, due to UNBK schedule grade 9.',0,0,'1493683200','05/02/2017','','','','','','',1,'libur','n'),(80,'Hari Raya Waisak.','Libur Nasional.',0,0,'1494460800','05/11/2017','','','','','','',1,'libur','n'),(82,'day off for UNBK','this school is off for 7 & 8 grade, due to UNBK schedule grade 9.',0,0,'1493769600','05/03/2017','','','','','','',1,'libur','n'),(83,'day off for UNBK','this school is off for 7 & 8 grade, due to UNBK schedule grade 9.',0,0,'1493856000','05/04/2017','','','','','','',1,'libur','n'),(84,'day off for UNBK','this school is off for 7 & 8 grade, due to UNBK schedule grade 9.',0,0,'1493942400','05/05/2017','','','','','','',1,'libur','n'),(85,'day off for UNBK','this school is off for 7 & 8 grade, due to UNBK schedule grade 9.',0,0,'1494201600','05/08/2017','','','','','','',1,'libur','n'),(110,'Exercise','asdad',16,0,'0','07/29/2017','11','11:45 AM','Grade:7','Students & Parents','','',1,'tugas','n'),(109,'Exercise','asdad',16,0,'0','07/28/2017','11','11:45 AM','Grade:7','Students & Parents','','',1,'tugas','n'),(108,'Exercise','asdad',16,0,'0','07/26/2017','11','11:45 AM','Grade:7','Students & Parents','','',1,'tugas','n'),(107,'Homework','LOLO',16,0,'0','07/21/2017','12','11:45 AM','Alika Najma Alex-151607002','Students Only','','',1,'tugas','n'),(105,'Homework','sadadad',16,0,'0','07/21/2017','75','11:30 AM','Alika Najma Alex-151607002','Students Only','','',1,'tugas','n'),(104,'Homework','sadadad',16,0,'0','07/20/2017','75','11:30 AM','Alika Najma Alex-151607002','Students Only','','',1,'tugas','n'),(103,'Homework','lorem',16,0,'0','07/20/2017','11','11:15 AM','Alika Najma Alex-151607002','Students Only','','',1,'tugas','n'),(114,'Halal bi Halal Event ','Today\'s event is Halal Bi Halal Event \r\nThe place is at the Hall \r\nThank you',0,0,'1501200000','07/28/2017','','','','','','',1,'tugas','n'),(101,'Quiz','Physical Quantity, SI Unit, Prefixes and Standard Form',10,0,'1500940800','07/25/2017','21','9:15 AM','Grade:7','Students Only','','',1,'tugas','n'),(112,'Exercise','Welcome Section A \r\n(Present Simple,Present Continuous, & have to/don\'t have to)',16,0,'1500336000','07/18/2017','10','1:30 PM','Grade:8','Students & Parents','','',1,'tugas','n'),(113,'Topical Exam','Quantity and Unit',10,0,'1501113600','','21','10.20','Grade:7','Students Only','','',1,'tugas','n'),(115,'TOPICAL TEST','Social Studies topical test on friday 11 August 2017. The topic is Human Environment.\r\nThankyou',0,0,'1502409600','08/11/2017','','','','','','',1,'tugas','n'),(116,'Topical Exam','Social studies topical test, the topic is about human environment',18,0,'1502409600','','9','08:50','Grade:7','Students & Parents','','',1,'tugas','n'),(117,'School Event','Technical Meeting Brightradlympic 2017',2,0,'1502323200','08/10/2017','36','12:15 PM','All Students','Students & Parents','08/10/2017','06:30',0,'tugas','y'),(118,'Class Activity','Hello Pupils,\r\n\r\nMonday, August 14, 2017, you will have measuring density experiment.\r\nPlease discuss with your group about required material,because no materials no experiment.\r\nPlease learn physics matters page 76-80 and video about density to help you do experiment well on Monday.\r\nThank you.\r\n\r\nCheers,\r\nMs. Nova',10,0,'1502668800','08/14/2017','54','8:15 AM','Grade:7','Students & Parents','','',1,'tugas','n'),(119,'Quiz','Density',10,0,'1503360000','08/22/2017','54','7:50 PM','Grade:7','Students & Parents','','',1,'tugas','n'),(120,'Topical Exam','remedial TOPTEST 2 about Measurement',10,0,'1503532800','08/24/2017','54','12:00 PM','','Students & Parents','','',1,'tugas','n'),(121,'Homework','kerjakan tugas bahasa indonsia halaman 7, soal esay no 1 sampai 5.',1,0,'1506902400','10/02/2017','11','10:45 AM','Grade:7','Students & Parents','','',1,'tugas','n'),(122,'Homework','sebutkan 5 bahasa daerah yang ada di indonesia',7,0,'1506902400','10/02/2017','11','11:45 AM','Grade:7','Students & Parents','','',1,'tugas','n'),(123,'Project','membuat video pendek, manfaat perpustakaan keliling',7,0,'1507075200','10/04/2017','11','9:30 AM','Grade:7','Students & Parents','','',1,'tugas','n'),(124,'Homework','tes noticeboard',7,0,'1508889600','10/25/2017','75','12:30 PM','Grade:7','Students & Parents','','',1,'tugas','n'),(125,'Homework','test noticeboard',17,0,'1509494400','11/01/2017','54','9:30 AM','Grade:7','Students & Parents','','',1,'tugas','n'),(126,'Homework','hello students, are you ready.....',7,0,'1506902400','10/02/2017','75','9:30 AM','Grade:7','Students & Parents','','',1,'tugas','n'),(127,'Exercise','tes',20,0,'1511222400','11/21/2017','11','1:15 PM','All Students','Students Only','','',1,'tugas','n'),(128,'Homework','sdfsfsf',16,0,'0','11/15/2017','11','12:15 PM','Aang Wiadi Demo Student-123456','Students Only','','',1,'tugas','n'),(129,'Homework','sdfsfsf',16,0,'0','11/15/2017','11','12:15 PM','Aang Wiadi Demo Student-123456','Students Only','','',1,'tugas','n'),(130,'Homework','Coba saja',16,0,'0','11/15/2017','11','2:15 PM','Aang Wiadi Demo Student-123456','Students & Parents','','',1,'tugas','n'),(131,'Homework','Coba saja',16,0,'0','11/15/2017','11','2:15 PM','Aang Wiadi Demo Student-123456','Students & Parents','','',1,'tugas','n'),(132,'Homework','sadadadadad',16,0,'0','11/16/2017','8','2:15 PM','Aang Wiadi Demo Student-123456','Students Only','','',1,'tugas','n'),(133,'Homework','asdada',16,0,'0','11/16/2017','11','5:30 PM','Nabil Demo Student-12345, Aang Wiadi Demo Student-123456','Students Only','','',1,'tugas','n'),(134,'Homework','sadad',16,0,'0','11/15/2017','11','2:30 PM','Aang Wiadi Demo Student-123456, Nabil Demo Student-12345','Students Only','','',1,'tugas','n'),(135,'Homework','sadad',16,0,'0','11/16/2017','11','2:30 PM','Aang Wiadi Demo Student-123456, Nabil Demo Student-12345','Students Only','','',1,'tugas','n'),(136,'Homework','sadad',16,0,'0','11/17/2017','11','2:30 PM','Aang Wiadi Demo Student-123456, Nabil Demo Student-12345','Students Only','','',1,'tugas','n'),(137,'Homework','sadad',16,0,'0','11/15/2017','11','2:30 PM','Aang Wiadi Demo Student-123456, Nabil Demo Student-12345','Students Only','','',1,'tugas','n'),(138,'Homework','sadadad',16,0,'0','11/16/2017','11','2:45 PM','Grade:7','Students & Parents','','',1,'tugas','n'),(139,'Homework','sadadad',16,0,'0','11/17/2017','11','2:45 PM','Grade:7','Students & Parents','','',1,'tugas','n'),(140,'Homework','asdadad',16,0,'0','11/16/2017','11','5:45 PM','Grade:7','Students Only','','',1,'tugas','n'),(141,'Homework','asdadad',16,0,'0','11/16/2017','11','5:45 PM','Grade:7','Students Only','','',1,'tugas','n'),(142,'Homework','asdadad',16,0,'0','11/16/2017','11','5:45 PM','Grade:7','Students Only','','',1,'tugas','n'),(143,'Homework','asdadad',16,0,'0','11/17/2017','11','5:45 PM','Grade:7','Students Only','','',1,'tugas','n'),(144,'Homework','Coba lagi',16,0,'0','11/15/2017','11','3:00 PM','Grade:7','Students Only','','',1,'tugas','n'),(145,'Homework','Coba lagi',16,0,'0','11/16/2017','11','3:00 PM','Grade:7','Students Only','','',1,'tugas','n'),(146,'Homework','Coba lagi',16,0,'0','11/17/2017','11','3:00 PM','Grade:7','Students Only','','',1,'tugas','n'),(147,'Exercise','aaaaa',16,0,'1511136000','11/20/2017','11','3:15 PM','Aang Wiadi Demo Student-123456','Students & Parents','','',1,'tugas','n'),(148,'Homework','kerjakan tugas basa sunda hal 7, ',7,0,'1509580800','11/02/2017','75','10:45 AM','Grade:7','Students & Parents','','',1,'tugas','n'),(149,'Homework','selamat siang, mohon seleasikan tugasnya yaa',16,0,'1509580800','11/02/2017','10','1:45 PM','Grade:7','Students & Parents','','',1,'tugas','n'),(150,'Exercise','Test 1.0.0',7,0,'0','11/04/2017','12','3:15 PM','Aang Wiadi Demo Student-123456','Students & Parents','','',1,'tugas','n'),(151,'Homework','Janji',16,0,'1510185600','11/09/2017','11','3:15 PM','Aang Wiadi Demo Student-123456','Students & Parents','','',1,'tugas','n'),(152,'Homework','Janji',16,0,'1510185600','11/09/2017','11','3:15 PM','Aang Wiadi Demo Student-123456','Students & Parents','','',1,'tugas','n'),(153,'Quiz','tes noticeboard quiz',16,0,'1509580800','11/02/2017','11','3:15 PM','Grade:7','Students & Parents','','',1,'tugas','n'),(154,'Homework','Test 1.0.1',7,0,'1509580800','11/02/2017','11','3:15 PM','Aang Wiadi Demo Student-123456','Students & Parents','','',1,'tugas','n'),(155,'Exercise','Abcd',7,0,'1509580800','11/02/2017','12','3:15 PM','Grade:7','Students & Parents','','',1,'tugas','n'),(156,'Project','membuat puisi tema pedesaan',7,0,'1510012800','11/07/2017','11','8:45 AM','Grade:7','Students & Parents','','',1,'tugas','n'),(157,'','',0,0,'1510272000','11/10/2017','','','','','','',1,'tugas','n'),(158,'Homework','pengumuman...\r\n\r\n',7,0,'1510012800','11/07/2017','57','3:45 PM','Grade:7','Students & Parents','','',1,'tugas','n'),(159,'School Event','field trip to tmii',7,0,'1510099200','11/08/2017','81','9:30 AM','Grade:7','Students & Parents','','',1,'tugas','n'),(160,'Project','mengumpulkan informasi dari sekitar',7,0,'1510099200','11/08/2017','11','9:30 AM','Grade:7','Students & Parents','','',1,'tugas','n'),(161,'School Event','hari jumat untuk siswa kelas 7,8,9 diliburkan di sekolah, dan belajar masing masing di rumah.',7,0,'0','','0','8:45 AM','Grade:7, Grade:8, Grade:9','Students & Parents','','',1,'tugas','n'),(162,'Class Activity','jangan lupa tetep belajar dirumah yaa',7,0,'1509667200','11/03/2017','8','9:30 AM','Grade:7, Grade:8, Grade:9','Students & Parents','','',1,'tugas','n'),(163,'Homework','kerjakan soal bahasa indonesia hal 30',7,0,'1510617600','11/14/2017','11','11:15 AM','Grade:7','Students & Parents','','',1,'tugas','n'),(164,'Quiz','morning all, hari ini kita akan adakan quiz yaa',7,0,'1510617600','11/14/2017','11','9:30 AM','Grade:7','Students & Parents','','',1,'tugas','n'),(165,'Exercise','tess',7,0,'1510617600','11/14/2017','11','10:45 AM','Grade:7','Students & Parents','','',1,'tugas','n');

/*Table structure for table `noticeboard_tag` */

DROP TABLE IF EXISTS `noticeboard_tag`;

CREATE TABLE `noticeboard_tag` (
  `noticeboard_tag_id` int(11) NOT NULL AUTO_INCREMENT,
  `noticeboard_id` int(11) NOT NULL,
  `noticeboard_tag_name` varchar(255) NOT NULL,
  PRIMARY KEY (`noticeboard_tag_id`)
) ENGINE=InnoDB AUTO_INCREMENT=148 DEFAULT CHARSET=latin1;

/*Data for the table `noticeboard_tag` */

insert  into `noticeboard_tag`(`noticeboard_tag_id`,`noticeboard_id`,`noticeboard_tag_name`) values (3,61,'Grade:1'),(4,61,'Grade:5'),(63,63,'Grade:5'),(64,64,'Grade:5'),(67,67,'Grade:1'),(68,67,'Grade:2'),(69,68,'Grade:1'),(71,71,'Grade:1'),(72,71,'Grade:2'),(75,76,'Grade:1'),(76,76,'Grade:2'),(77,86,'Grade:1'),(78,87,'Grade:1'),(79,88,'Grade:1'),(80,89,'Grade:1'),(81,90,'Grade:1'),(82,91,'Grade:1'),(83,92,'Grade:1'),(84,93,'Grade:1'),(85,94,'Grade:1'),(86,95,'Grade:1'),(87,96,'Grade:1'),(88,97,'Grade:1'),(89,98,'Grade:1'),(90,99,'All Students'),(91,99,' All Teachers'),(92,99,' All Staff'),(94,101,'Grade:1'),(99,108,'Grade:1'),(100,109,'Grade:1'),(101,110,'Grade:1'),(102,111,'Grade:1'),(103,112,'Grade:2'),(104,113,'Grade:1'),(105,116,'Grade:1'),(106,117,'All Students'),(107,118,'Grade:1'),(108,119,'Grade:1'),(109,120,''),(110,121,'Grade:1'),(111,122,'Grade:1'),(112,123,'Grade:1'),(113,124,'Grade:1'),(114,125,'Grade:1'),(115,126,'Grade:1'),(116,127,'All Students'),(117,128,'Student-123456'),(118,129,'Student-123456'),(119,130,'Student-123456'),(120,131,'Student-123456'),(121,132,'Student-123456'),(122,133,'Student-12345'),(123,137,'Student-123456'),(124,138,'Grade:1'),(125,139,'Grade:1'),(126,142,'Grade:1'),(127,143,'Grade:1'),(128,144,'Grade:1'),(129,145,'Grade:1'),(130,146,'Grade:1'),(131,148,'Grade:1'),(132,149,'Grade:1'),(133,150,'Student-123456'),(134,151,'Student-123456'),(135,152,'Student-123456'),(136,153,'Grade:1'),(137,154,'Student-123456'),(138,155,'Grade:1'),(139,156,'Grade:1'),(140,158,'Grade:1'),(141,159,'Grade:1'),(142,160,'Grade:1'),(143,161,'Grade:1'),(144,162,'Grade:1'),(145,163,'Grade:1'),(146,164,'Grade:1'),(147,165,'Grade:1');

/*Table structure for table `noticeboard_title` */

DROP TABLE IF EXISTS `noticeboard_title`;

CREATE TABLE `noticeboard_title` (
  `noticeboard_title_id` int(11) NOT NULL AUTO_INCREMENT,
  `noticeboard_title_name` varchar(255) NOT NULL,
  PRIMARY KEY (`noticeboard_title_id`)
) ENGINE=InnoDB AUTO_INCREMENT=15 DEFAULT CHARSET=latin1;

/*Data for the table `noticeboard_title` */

insert  into `noticeboard_title`(`noticeboard_title_id`,`noticeboard_title_name`) values (2,'Homework'),(3,'Exercise'),(4,'Project'),(5,'Particial'),(6,'Quiz'),(7,'Topical Exam'),(8,'Final Term Exam'),(9,'Final Semester Exam'),(10,'Try Out'),(11,'School Event'),(12,'School Holiday'),(13,'Invitation'),(14,'Class Activity');

/*Table structure for table `notification_all` */

DROP TABLE IF EXISTS `notification_all`;

CREATE TABLE `notification_all` (
  `notification_all_id` int(11) NOT NULL AUTO_INCREMENT,
  `noticeboard_id` int(11) NOT NULL,
  `status_id` int(11) NOT NULL,
  `assigment_id` int(11) NOT NULL,
  PRIMARY KEY (`notification_all_id`)
) ENGINE=InnoDB AUTO_INCREMENT=97 DEFAULT CHARSET=latin1;

/*Data for the table `notification_all` */

insert  into `notification_all`(`notification_all_id`,`noticeboard_id`,`status_id`,`assigment_id`) values (1,0,0,8),(2,86,0,0),(3,87,0,0),(4,88,0,0),(5,89,0,0),(6,90,0,0),(7,91,0,0),(8,92,0,0),(9,93,0,0),(10,94,0,0),(11,95,0,0),(12,96,0,0),(13,97,0,0),(14,98,0,0),(15,99,0,0),(16,0,0,9),(17,0,0,10),(18,100,0,0),(19,101,0,0),(20,102,0,0),(21,103,0,0),(22,104,0,0),(23,105,0,0),(24,106,0,0),(25,107,0,0),(26,108,0,0),(27,109,0,0),(28,110,0,0),(29,111,0,0),(30,112,0,0),(31,117,0,0),(32,118,0,0),(33,119,0,0),(34,120,0,0),(35,121,0,0),(36,0,0,11),(37,122,0,0),(38,0,0,12),(39,0,0,13),(40,0,0,14),(41,0,0,15),(42,123,0,0),(43,124,0,0),(44,0,0,16),(45,125,0,0),(46,0,0,17),(47,126,0,0),(48,0,0,18),(49,127,0,0),(50,128,0,0),(51,129,0,0),(52,130,0,0),(53,131,0,0),(54,132,0,0),(55,133,0,0),(56,134,0,0),(57,135,0,0),(58,136,0,0),(59,137,0,0),(60,138,0,0),(61,139,0,0),(62,140,0,0),(63,141,0,0),(64,142,0,0),(65,143,0,0),(66,144,0,0),(67,145,0,0),(68,146,0,0),(69,147,0,0),(70,148,0,0),(71,0,0,19),(72,149,0,0),(73,0,0,20),(74,150,0,0),(75,151,0,0),(76,152,0,0),(77,153,0,0),(78,154,0,0),(79,155,0,0),(80,0,0,21),(81,156,0,0),(82,158,0,0),(83,159,0,0),(84,160,0,0),(85,0,0,22),(86,161,0,0),(87,0,0,23),(88,162,0,0),(89,163,0,0),(90,0,0,24),(91,164,0,0),(92,0,0,25),(93,165,0,0),(94,0,0,26),(95,0,0,27),(96,0,0,28);

/*Table structure for table `notifications` */

DROP TABLE IF EXISTS `notifications`;

CREATE TABLE `notifications` (
  `id` int(11) NOT NULL AUTO_INCREMENT,
  `active` int(1) NOT NULL,
  `notifier_id` int(11) NOT NULL,
  `post_id` int(11) NOT NULL,
  `seen` int(12) NOT NULL,
  `text` text COLLATE utf8_unicode_ci NOT NULL,
  `time` int(12) NOT NULL,
  `timestamp` timestamp NOT NULL DEFAULT CURRENT_TIMESTAMP ON UPDATE CURRENT_TIMESTAMP,
  `timeline_id` int(11) NOT NULL,
  `type` varchar(20) COLLATE utf8_unicode_ci NOT NULL DEFAULT 'none',
  `url` varchar(255) COLLATE utf8_unicode_ci NOT NULL,
  PRIMARY KEY (`id`),
  KEY `seen` (`seen`),
  KEY `timeline_id` (`timeline_id`),
  KEY `type` (`type`)
) ENGINE=InnoDB AUTO_INCREMENT=454 DEFAULT CHARSET=utf8 COLLATE=utf8_unicode_ci;

/*Data for the table `notifications` */

insert  into `notifications`(`id`,`active`,`notifier_id`,`post_id`,`seen`,`text`,`time`,`timestamp`,`timeline_id`,`type`,`url`) values (33,1,89,0,0,'accepted your friend request',1488547121,'2017-03-03 20:17:07',76,'accepted_friend_requ','index.php?tab1=timeline&id=Kinantialia'),(36,1,70,0,0,'accepted your friend request',1488547269,'2017-03-03 20:19:35',76,'accepted_friend_requ','index.php?tab1=timeline&id=Oscar_Putra_Utomo'),(46,1,85,0,0,'accepted your friend request',1488547488,'2017-03-03 20:23:14',76,'accepted_friend_requ','index.php?tab1=timeline&id=Andriano_Haeckel_Sudarmansyah'),(49,1,71,0,0,'accepted your friend request',1488547698,'2017-03-03 20:26:44',76,'accepted_friend_requ','index.php?tab1=timeline&id=Prasanti_Putriana_Curnita'),(62,1,90,0,0,'accepted your friend request',1488548576,'2017-03-03 20:41:23',76,'accepted_friend_requ','index.php?tab1=timeline&id=Carissa_Naja_Zurafa'),(65,1,63,0,0,'accepted your friend request',1488548838,'2017-03-03 20:45:44',76,'accepted_friend_requ','index.php?tab1=timeline&id=fojan'),(66,1,45,0,0,'accepted your friend request',1488548939,'2017-03-03 20:47:26',76,'accepted_friend_requ','index.php?tab1=timeline&id=Nicholas_Vigo'),(70,1,42,0,0,'accepted your friend request',1488549478,'2017-03-03 20:56:25',76,'accepted_friend_requ','index.php?tab1=timeline&id=ianpradayan'),(73,1,1,0,0,'accepted your friend request',1488550502,'2017-03-03 21:13:29',76,'accepted_friend_requ','index.php?tab1=timeline&id=Ariee7'),(82,1,129,0,0,'accepted your friend request',1488552797,'2017-03-03 21:51:43',76,'accepted_friend_requ','index.php?tab1=timeline&id=Airell_Wishnu_Amanta'),(84,1,70,0,0,'accepted your friend request',1488557183,'2017-03-03 23:04:50',129,'accepted_friend_requ','index.php?tab1=timeline&id=Oscar_Putra_Utomo'),(87,1,29,0,0,'accepted your friend request',1488557316,'2017-03-03 23:07:02',129,'accepted_friend_requ','index.php?tab1=timeline&id=Andreprad'),(88,1,63,0,0,'accepted your friend request',1488557392,'2017-03-03 23:08:18',129,'accepted_friend_requ','index.php?tab1=timeline&id=fojan'),(89,1,2,0,0,'accepted your friend request',1488557761,'2017-03-03 23:14:28',129,'accepted_friend_requ','index.php?tab1=timeline&id=darrylhrssabar'),(95,1,2,0,0,'accepted your friend request',1488557769,'2017-03-03 23:14:36',76,'accepted_friend_requ','index.php?tab1=timeline&id=darrylhrssabar'),(98,1,95,0,0,'accepted your friend request',1488563641,'2017-03-04 00:52:28',1,'accepted_friend_requ','index.php?tab1=timeline&id=Janice_Emiria_Angelica_Aritonang'),(102,1,95,0,0,'accepted your friend request',1488563650,'2017-03-04 00:52:37',76,'accepted_friend_requ','index.php?tab1=timeline&id=Janice_Emiria_Angelica_Aritonang'),(103,1,95,0,0,'accepted your friend request',1488563651,'2017-03-04 00:52:37',129,'accepted_friend_requ','index.php?tab1=timeline&id=Janice_Emiria_Angelica_Aritonang'),(106,1,66,0,0,'accepted your friend request',1488564318,'2017-03-04 01:03:45',129,'accepted_friend_requ','index.php?tab1=timeline&id=Kesya_Viona_Jonathan'),(110,1,66,0,0,'accepted your friend request',1488564324,'2017-03-04 01:03:50',76,'accepted_friend_requ','index.php?tab1=timeline&id=Kesya_Viona_Jonathan'),(111,1,60,0,0,'accepted your friend request',1488582668,'2017-03-04 06:09:34',129,'accepted_friend_requ','index.php?tab1=timeline&id=Clarissa'),(118,1,60,0,0,'accepted your friend request',1488582679,'2017-03-04 06:09:45',76,'accepted_friend_requ','index.php?tab1=timeline&id=Clarissa'),(121,1,74,0,0,'accepted your friend request',1488588924,'2017-03-04 07:53:50',129,'accepted_friend_requ','index.php?tab1=timeline&id=Victoria_Amanda_Grace_Hutauruk'),(123,1,74,0,0,'accepted your friend request',1488588927,'2017-03-04 07:53:54',60,'accepted_friend_requ','index.php?tab1=timeline&id=Victoria_Amanda_Grace_Hutauruk'),(124,1,74,0,0,'accepted your friend request',1488588929,'2017-03-04 07:53:55',76,'accepted_friend_requ','index.php?tab1=timeline&id=Victoria_Amanda_Grace_Hutauruk'),(125,1,44,0,0,'accepted your friend request',1488589153,'2017-03-04 07:57:39',129,'accepted_friend_requ','index.php?tab1=timeline&id=Nayla_Almasa_Hartono'),(126,1,44,0,0,'accepted your friend request',1488589155,'2017-03-04 07:57:41',60,'accepted_friend_requ','index.php?tab1=timeline&id=Nayla_Almasa_Hartono'),(135,1,89,0,0,'accepted your friend request',1488589694,'2017-03-04 08:06:40',60,'accepted_friend_requ','index.php?tab1=timeline&id=Kinantialia'),(136,1,89,0,0,'accepted your friend request',1488589695,'2017-03-04 08:06:42',129,'accepted_friend_requ','index.php?tab1=timeline&id=Kinantialia'),(138,1,31,0,0,'accepted your friend request',1488592061,'2017-03-04 08:46:07',76,'accepted_friend_requ','index.php?tab1=timeline&id=Clarissa_Abelia'),(141,1,31,0,0,'accepted your friend request',1488592065,'2017-03-04 08:46:11',60,'accepted_friend_requ','index.php?tab1=timeline&id=Clarissa_Abelia'),(144,1,31,0,0,'accepted your friend request',1488592894,'2017-03-04 09:00:00',129,'accepted_friend_requ','index.php?tab1=timeline&id=Clarissa_Abelia'),(145,1,31,0,0,'accepted your friend request',1488592895,'2017-03-04 09:00:02',1,'accepted_friend_requ','index.php?tab1=timeline&id=Clarissa_Abelia'),(146,1,69,0,0,'accepted your friend request',1488593332,'2017-03-04 09:07:18',129,'accepted_friend_requ','index.php?tab1=timeline&id=Ni_Luh_Nyoman_Devasya_Padma_Para'),(147,1,69,0,0,'accepted your friend request',1488593332,'2017-03-04 09:07:18',1,'accepted_friend_requ','index.php?tab1=timeline&id=Ni_Luh_Nyoman_Devasya_Padma_Para'),(150,1,69,0,0,'accepted your friend request',1488593335,'2017-03-04 09:07:22',60,'accepted_friend_requ','index.php?tab1=timeline&id=Ni_Luh_Nyoman_Devasya_Padma_Para'),(155,1,69,0,0,'accepted your friend request',1488593339,'2017-03-04 09:07:25',76,'accepted_friend_requ','index.php?tab1=timeline&id=Ni_Luh_Nyoman_Devasya_Padma_Para'),(157,1,37,0,0,'accepted your friend request',1488593505,'2017-03-04 09:10:12',76,'accepted_friend_requ','index.php?tab1=timeline&id=Graziella_Valencia_Cong'),(160,1,37,0,0,'accepted your friend request',1488593508,'2017-03-04 09:10:14',60,'accepted_friend_requ','index.php?tab1=timeline&id=Graziella_Valencia_Cong'),(162,1,37,0,0,'accepted your friend request',1488593510,'2017-03-04 09:10:16',129,'accepted_friend_requ','index.php?tab1=timeline&id=Graziella_Valencia_Cong'),(166,1,59,0,0,'accepted your friend request',1488597976,'2017-03-04 10:24:42',129,'accepted_friend_requ','index.php?tab1=timeline&id=Bumi_Pradipa_Priya_Untara'),(167,1,59,0,0,'accepted your friend request',1488597976,'2017-03-04 10:24:42',1,'accepted_friend_requ','index.php?tab1=timeline&id=Bumi_Pradipa_Priya_Untara'),(170,1,59,0,0,'accepted your friend request',1488597979,'2017-03-04 10:24:45',60,'accepted_friend_requ','index.php?tab1=timeline&id=Bumi_Pradipa_Priya_Untara'),(174,1,59,0,0,'accepted your friend request',1488597981,'2017-03-04 10:24:48',76,'accepted_friend_requ','index.php?tab1=timeline&id=Bumi_Pradipa_Priya_Untara'),(177,1,45,0,0,'accepted your friend request',1488598879,'2017-03-04 10:39:45',60,'accepted_friend_requ','index.php?tab1=timeline&id=Nicholas_Vigo'),(179,1,2,0,0,'accepted your friend request',1488602347,'2017-03-04 11:37:33',60,'accepted_friend_requ','index.php?tab1=timeline&id=darrylhrssabar'),(185,1,53,0,0,'accepted your friend request',1488602505,'2017-03-04 11:40:11',129,'accepted_friend_requ','index.php?tab1=timeline&id=Bellahapsari'),(186,1,53,0,0,'accepted your friend request',1488602507,'2017-03-04 11:40:13',1,'accepted_friend_requ','index.php?tab1=timeline&id=Bellahapsari'),(189,1,53,0,0,'accepted your friend request',1488602512,'2017-03-04 11:40:18',60,'accepted_friend_requ','index.php?tab1=timeline&id=Bellahapsari'),(192,1,53,0,0,'accepted your friend request',1488602520,'2017-03-04 11:40:26',76,'accepted_friend_requ','index.php?tab1=timeline&id=Bellahapsari'),(194,1,90,0,0,'accepted your friend request',1488604986,'2017-03-04 12:21:32',1,'accepted_friend_requ','index.php?tab1=timeline&id=Carissa_Naja_Zurafa'),(195,1,90,0,0,'accepted your friend request',1488604987,'2017-03-04 12:21:34',60,'accepted_friend_requ','index.php?tab1=timeline&id=Carissa_Naja_Zurafa'),(196,1,90,0,0,'accepted your friend request',1488604989,'2017-03-04 12:21:35',37,'accepted_friend_requ','index.php?tab1=timeline&id=Carissa_Naja_Zurafa'),(202,1,95,0,0,'accepted your friend request',1488605133,'2017-03-04 12:23:59',60,'accepted_friend_requ','index.php?tab1=timeline&id=Janice_Emiria_Angelica_Aritonang'),(203,1,95,0,0,'accepted your friend request',1488605134,'2017-03-04 12:24:00',37,'accepted_friend_requ','index.php?tab1=timeline&id=Janice_Emiria_Angelica_Aritonang'),(208,1,44,0,0,'accepted your friend request',1488613343,'2017-03-04 14:40:49',37,'accepted_friend_requ','index.php?tab1=timeline&id=Nayla_Almasa_Hartono'),(213,1,89,0,0,'accepted your friend request',1488617287,'2017-03-04 15:46:33',37,'accepted_friend_requ','index.php?tab1=timeline&id=Kinantialia'),(215,1,66,0,0,'accepted your friend request',1488619561,'2017-03-04 16:24:28',37,'accepted_friend_requ','index.php?tab1=timeline&id=Kesya_Viona_Jonathan'),(219,1,63,0,0,'accepted your friend request',1488624690,'2017-03-04 17:49:57',37,'accepted_friend_requ','index.php?tab1=timeline&id=fojan'),(222,1,63,6,0,'likes your post &quot;Who 1st...&quot;',1488624754,'2017-03-04 17:51:00',2,'like','index.php?tab1=story&id=6'),(223,1,93,0,0,'accepted your friend request',1488633659,'2017-03-04 20:19:26',76,'accepted_friend_requ','index.php?tab1=timeline&id=Gabriella_Meredith_Tan'),(224,1,93,0,0,'accepted your friend request',1488633661,'2017-03-04 20:19:27',60,'accepted_friend_requ','index.php?tab1=timeline&id=Gabriella_Meredith_Tan'),(227,1,93,0,0,'accepted your friend request',1488633663,'2017-03-04 20:19:30',129,'accepted_friend_requ','index.php?tab1=timeline&id=Gabriella_Meredith_Tan'),(228,1,105,0,0,'accepted your friend request',1488634745,'2017-03-04 20:37:31',129,'accepted_friend_requ','index.php?tab1=timeline&id=Laras_Febryanti_Putri'),(230,1,105,0,0,'accepted your friend request',1488634748,'2017-03-04 20:37:34',60,'accepted_friend_requ','index.php?tab1=timeline&id=Laras_Febryanti_Putri'),(231,1,105,0,0,'accepted your friend request',1488634749,'2017-03-04 20:37:36',69,'accepted_friend_requ','index.php?tab1=timeline&id=Laras_Febryanti_Putri'),(233,1,105,0,0,'accepted your friend request',1488634753,'2017-03-04 20:37:39',76,'accepted_friend_requ','index.php?tab1=timeline&id=Laras_Febryanti_Putri'),(234,1,92,0,0,'accepted your friend request',1488637179,'2017-03-04 21:18:06',93,'accepted_friend_requ','index.php?tab1=timeline&id=Felicia_Bianca_Harris'),(235,1,92,0,0,'accepted your friend request',1488637181,'2017-03-04 21:18:08',76,'accepted_friend_requ','index.php?tab1=timeline&id=Felicia_Bianca_Harris'),(236,1,92,0,0,'accepted your friend request',1488637183,'2017-03-04 21:18:09',60,'accepted_friend_requ','index.php?tab1=timeline&id=Felicia_Bianca_Harris'),(238,1,92,0,0,'accepted your friend request',1488637185,'2017-03-04 21:18:12',129,'accepted_friend_requ','index.php?tab1=timeline&id=Felicia_Bianca_Harris'),(240,1,42,30,0,'commented on your post &quot;Hello&quot;',1488651671,'2017-03-05 01:19:37',76,'comment','index.php?tab1=story&id=30'),(241,1,42,0,0,'accepted your friend request',1488651677,'2017-03-05 01:19:44',129,'accepted_friend_requ','index.php?tab1=timeline&id=ianpradayan'),(243,1,42,0,0,'accepted your friend request',1488651679,'2017-03-05 01:19:46',1,'accepted_friend_requ','index.php?tab1=timeline&id=ianpradayan'),(244,1,42,0,0,'accepted your friend request',1488651681,'2017-03-05 01:19:47',60,'accepted_friend_requ','index.php?tab1=timeline&id=ianpradayan'),(245,1,42,0,0,'accepted your friend request',1488651682,'2017-03-05 01:19:48',69,'accepted_friend_requ','index.php?tab1=timeline&id=ianpradayan'),(250,1,42,0,0,'accepted your friend request',1488651687,'2017-03-05 01:19:53',70,'accepted_friend_requ','index.php?tab1=timeline&id=ianpradayan'),(254,1,91,0,0,'accepted your friend request',1488691434,'2017-03-05 12:22:20',129,'accepted_friend_requ','index.php?tab1=timeline&id=Zahr'),(256,1,91,0,0,'accepted your friend request',1488691436,'2017-03-05 12:22:23',60,'accepted_friend_requ','index.php?tab1=timeline&id=Zahr'),(257,1,91,0,0,'accepted your friend request',1488691437,'2017-03-05 12:22:24',69,'accepted_friend_requ','index.php?tab1=timeline&id=Zahr'),(258,1,91,0,0,'accepted your friend request',1488691439,'2017-03-05 12:22:25',76,'accepted_friend_requ','index.php?tab1=timeline&id=Zahr'),(260,1,29,0,0,'accepted your friend request',1488692301,'2017-03-05 12:36:47',37,'accepted_friend_requ','index.php?tab1=timeline&id=Andreprad'),(265,1,85,0,0,'accepted your friend request',1488696502,'2017-03-05 13:46:48',69,'accepted_friend_requ','index.php?tab1=timeline&id=Andriano_Haeckel_Sudarmansyah'),(266,1,85,0,0,'accepted your friend request',1488696503,'2017-03-05 13:46:49',60,'accepted_friend_requ','index.php?tab1=timeline&id=Andriano_Haeckel_Sudarmansyah'),(268,1,85,0,0,'accepted your friend request',1488696506,'2017-03-05 13:46:52',129,'accepted_friend_requ','index.php?tab1=timeline&id=Andriano_Haeckel_Sudarmansyah'),(269,1,88,0,0,'accepted your friend request',1488712948,'2017-03-05 18:20:54',129,'accepted_friend_requ','index.php?tab1=timeline&id=Awluna_Ramadhya'),(270,1,88,0,0,'accepted your friend request',1488712950,'2017-03-05 18:20:56',1,'accepted_friend_requ','index.php?tab1=timeline&id=Awluna_Ramadhya'),(274,1,88,0,0,'accepted your friend request',1488712955,'2017-03-05 18:21:02',60,'accepted_friend_requ','index.php?tab1=timeline&id=Awluna_Ramadhya'),(275,1,88,0,0,'accepted your friend request',1488712959,'2017-03-05 18:21:05',69,'accepted_friend_requ','index.php?tab1=timeline&id=Awluna_Ramadhya'),(276,1,88,0,0,'accepted your friend request',1488712960,'2017-03-05 18:21:06',70,'accepted_friend_requ','index.php?tab1=timeline&id=Awluna_Ramadhya'),(277,1,88,0,0,'accepted your friend request',1488712961,'2017-03-05 18:21:08',76,'accepted_friend_requ','index.php?tab1=timeline&id=Awluna_Ramadhya'),(280,1,55,0,0,'accepted your friend request',1488718642,'2017-03-05 19:55:48',129,'accepted_friend_requ','index.php?tab1=timeline&id=Ariel_Tehilla_Hamonangan_Marbun'),(282,1,55,0,0,'accepted your friend request',1488718644,'2017-03-05 19:55:50',1,'accepted_friend_requ','index.php?tab1=timeline&id=Ariel_Tehilla_Hamonangan_Marbun'),(285,1,55,0,0,'accepted your friend request',1488718646,'2017-03-05 19:55:52',60,'accepted_friend_requ','index.php?tab1=timeline&id=Ariel_Tehilla_Hamonangan_Marbun'),(287,1,55,0,0,'accepted your friend request',1488718648,'2017-03-05 19:55:54',69,'accepted_friend_requ','index.php?tab1=timeline&id=Ariel_Tehilla_Hamonangan_Marbun'),(290,1,55,0,0,'accepted your friend request',1488718650,'2017-03-05 19:55:56',70,'accepted_friend_requ','index.php?tab1=timeline&id=Ariel_Tehilla_Hamonangan_Marbun'),(291,1,55,0,0,'accepted your friend request',1488718651,'2017-03-05 19:55:57',76,'accepted_friend_requ','index.php?tab1=timeline&id=Ariel_Tehilla_Hamonangan_Marbun'),(296,1,66,0,0,'accepted your friend request',1488732860,'2017-03-05 23:52:46',88,'accepted_friend_requ','index.php?tab1=timeline&id=Kesya_Viona_Jonathan'),(298,1,53,0,0,'accepted your friend request',1488754718,'2017-03-06 05:57:04',88,'accepted_friend_requ','index.php?tab1=timeline&id=Bellahapsari'),(299,1,82,0,0,'accepted your friend request',1488758570,'2017-03-06 07:01:16',129,'accepted_friend_requ','index.php?tab1=timeline&id=Alisha_Naya_Putri'),(303,1,82,0,0,'accepted your friend request',1488758574,'2017-03-06 07:01:20',88,'accepted_friend_requ','index.php?tab1=timeline&id=Alisha_Naya_Putri'),(304,1,82,0,0,'accepted your friend request',1488758575,'2017-03-06 07:01:21',60,'accepted_friend_requ','index.php?tab1=timeline&id=Alisha_Naya_Putri'),(305,1,82,0,0,'accepted your friend request',1488758576,'2017-03-06 07:01:22',69,'accepted_friend_requ','index.php?tab1=timeline&id=Alisha_Naya_Putri'),(307,1,82,0,0,'accepted your friend request',1488758578,'2017-03-06 07:01:24',76,'accepted_friend_requ','index.php?tab1=timeline&id=Alisha_Naya_Putri'),(309,1,130,0,0,'accepted your friend request',1488761576,'2017-03-06 07:51:22',60,'accepted_friend_requ','index.php?tab1=timeline&id=admin'),(311,1,23,0,0,'accepted your friend request',1488791893,'2017-03-06 16:16:39',76,'accepted_friend_requ','index.php?tab1=timeline&id=Salino_Madandan_Pong_Tengko'),(312,1,23,0,0,'accepted your friend request',1488791895,'2017-03-06 16:16:41',70,'accepted_friend_requ','index.php?tab1=timeline&id=Salino_Madandan_Pong_Tengko'),(313,1,23,0,0,'accepted your friend request',1488791898,'2017-03-06 16:16:44',60,'accepted_friend_requ','index.php?tab1=timeline&id=Salino_Madandan_Pong_Tengko'),(315,1,23,0,0,'accepted your friend request',1488791902,'2017-03-06 16:16:48',1,'accepted_friend_requ','index.php?tab1=timeline&id=Salino_Madandan_Pong_Tengko'),(316,1,23,0,0,'accepted your friend request',1488791904,'2017-03-06 16:16:50',129,'accepted_friend_requ','index.php?tab1=timeline&id=Salino_Madandan_Pong_Tengko'),(320,1,22,0,0,'accepted your friend request',1488807018,'2017-03-06 20:28:44',1,'accepted_friend_requ','index.php?tab1=timeline&id=Reviena_Aryanto'),(322,1,22,0,0,'accepted your friend request',1488807025,'2017-03-06 20:28:51',60,'accepted_friend_requ','index.php?tab1=timeline&id=Reviena_Aryanto'),(323,1,22,0,0,'accepted your friend request',1488807027,'2017-03-06 20:28:53',69,'accepted_friend_requ','index.php?tab1=timeline&id=Reviena_Aryanto'),(325,1,22,0,0,'accepted your friend request',1488807033,'2017-03-06 20:28:59',70,'accepted_friend_requ','index.php?tab1=timeline&id=Reviena_Aryanto'),(327,1,22,0,0,'accepted your friend request',1488807035,'2017-03-06 20:29:01',76,'accepted_friend_requ','index.php?tab1=timeline&id=Reviena_Aryanto'),(329,1,14,0,0,'accepted your friend request',1488809702,'2017-03-06 21:13:28',129,'accepted_friend_requ','index.php?tab1=timeline&id=kanaalee'),(330,1,14,0,0,'accepted your friend request',1488809702,'2017-03-06 21:13:28',1,'accepted_friend_requ','index.php?tab1=timeline&id=kanaalee'),(331,1,14,0,0,'accepted your friend request',1488809704,'2017-03-06 21:13:30',29,'accepted_friend_requ','index.php?tab1=timeline&id=kanaalee'),(332,1,14,0,0,'accepted your friend request',1488809706,'2017-03-06 21:13:32',88,'accepted_friend_requ','index.php?tab1=timeline&id=kanaalee'),(334,1,14,0,0,'accepted your friend request',1488809709,'2017-03-06 21:13:35',60,'accepted_friend_requ','index.php?tab1=timeline&id=kanaalee'),(335,1,14,0,0,'accepted your friend request',1488809710,'2017-03-06 21:13:36',69,'accepted_friend_requ','index.php?tab1=timeline&id=kanaalee'),(337,1,14,0,0,'accepted your friend request',1488809715,'2017-03-06 21:13:41',70,'accepted_friend_requ','index.php?tab1=timeline&id=kanaalee'),(338,1,14,0,0,'accepted your friend request',1488809718,'2017-03-06 21:13:44',76,'accepted_friend_requ','index.php?tab1=timeline&id=kanaalee'),(339,1,45,0,0,'accepted your friend request',1488846410,'2017-03-07 07:25:16',55,'accepted_friend_requ','index.php?tab1=timeline&id=Nicholas_Vigo'),(340,1,45,0,0,'accepted your friend request',1488846412,'2017-03-07 07:25:18',88,'accepted_friend_requ','index.php?tab1=timeline&id=Nicholas_Vigo'),(342,1,90,0,0,'accepted your friend request',1488862067,'2017-03-07 11:46:13',14,'accepted_friend_requ','index.php?tab1=timeline&id=Carissa'),(344,1,113,0,0,'accepted your friend request',1488881077,'2017-03-07 17:03:03',60,'accepted_friend_requ','index.php?tab1=timeline&id=qeenaqa'),(345,1,113,0,0,'accepted your friend request',1488881079,'2017-03-07 17:03:05',69,'accepted_friend_requ','index.php?tab1=timeline&id=qeenaqa'),(348,1,104,0,0,'accepted your friend request',1488885705,'2017-03-07 18:20:11',29,'accepted_friend_requ','index.php?tab1=timeline&id=Krishna_Siddhartha'),(349,1,104,0,0,'accepted your friend request',1488885706,'2017-03-07 18:20:12',1,'accepted_friend_requ','index.php?tab1=timeline&id=Krishna_Siddhartha'),(350,1,104,0,0,'accepted your friend request',1488885708,'2017-03-07 18:20:14',105,'accepted_friend_requ','index.php?tab1=timeline&id=Krishna_Siddhartha'),(352,1,104,0,0,'accepted your friend request',1488885712,'2017-03-07 18:20:18',88,'accepted_friend_requ','index.php?tab1=timeline&id=Krishna_Siddhartha'),(353,1,104,0,0,'accepted your friend request',1488886404,'2017-03-07 18:31:50',129,'accepted_friend_requ','index.php?tab1=timeline&id=Krishna_Siddhartha'),(354,1,38,0,0,'accepted your friend request',1488892084,'2017-03-07 20:06:30',129,'accepted_friend_requ','index.php?tab1=timeline&id=Henzel_Theodore_Putra'),(355,1,38,0,0,'accepted your friend request',1488892085,'2017-03-07 20:06:31',1,'accepted_friend_requ','index.php?tab1=timeline&id=Henzel_Theodore_Putra'),(356,1,38,0,0,'accepted your friend request',1488892087,'2017-03-07 20:06:33',29,'accepted_friend_requ','index.php?tab1=timeline&id=Henzel_Theodore_Putra'),(358,1,38,0,0,'accepted your friend request',1488892090,'2017-03-07 20:06:36',60,'accepted_friend_requ','index.php?tab1=timeline&id=Henzel_Theodore_Putra'),(359,1,38,0,0,'accepted your friend request',1488892091,'2017-03-07 20:06:37',69,'accepted_friend_requ','index.php?tab1=timeline&id=Henzel_Theodore_Putra'),(360,1,38,0,0,'accepted your friend request',1488892093,'2017-03-07 20:06:39',70,'accepted_friend_requ','index.php?tab1=timeline&id=Henzel_Theodore_Putra'),(361,1,38,0,0,'accepted your friend request',1488892096,'2017-03-07 20:06:42',76,'accepted_friend_requ','index.php?tab1=timeline&id=Henzel_Theodore_Putra'),(362,1,63,0,0,'accepted your friend request',1488894412,'2017-03-07 20:45:18',88,'accepted_friend_requ','index.php?tab1=timeline&id=fojan'),(365,1,32,0,0,'accepted your friend request',1488976632,'2017-03-08 19:35:37',53,'accepted_friend_requ','index.php?tab1=timeline&id=Constantine_Kezia'),(366,1,32,0,0,'accepted your friend request',1488976633,'2017-03-08 19:35:39',88,'accepted_friend_requ','index.php?tab1=timeline&id=Constantine_Kezia'),(368,1,85,0,0,'accepted your friend request',1488982219,'2017-03-08 21:08:45',55,'accepted_friend_requ','index.php?tab1=timeline&id=Andriano_Haeckel_Sudarmansyah'),(369,1,154,0,0,'accepted your friend request',1489030245,'2017-03-09 10:29:11',60,'accepted_friend_requ','index.php?tab1=timeline&id=John Doe'),(370,1,154,0,0,'accepted your friend request',1489030246,'2017-03-09 10:29:12',88,'accepted_friend_requ','index.php?tab1=timeline&id=John Doe'),(372,1,154,0,0,'accepted your friend request',1489030247,'2017-03-09 10:29:13',129,'accepted_friend_requ','index.php?tab1=timeline&id=John Doe'),(375,1,33,0,0,'accepted your friend request',1489060956,'2017-03-09 19:01:01',129,'accepted_friend_requ','index.php?tab1=timeline&id=Danu_Pratama_Wijanarko'),(376,1,33,0,0,'accepted your friend request',1489060957,'2017-03-09 19:01:03',1,'accepted_friend_requ','index.php?tab1=timeline&id=Danu_Pratama_Wijanarko'),(377,1,33,0,0,'accepted your friend request',1489060958,'2017-03-09 19:01:04',29,'accepted_friend_requ','index.php?tab1=timeline&id=Danu_Pratama_Wijanarko'),(379,1,33,0,0,'accepted your friend request',1489060961,'2017-03-09 19:01:07',88,'accepted_friend_requ','index.php?tab1=timeline&id=Danu_Pratama_Wijanarko'),(380,1,33,0,0,'accepted your friend request',1489060962,'2017-03-09 19:01:08',60,'accepted_friend_requ','index.php?tab1=timeline&id=Danu_Pratama_Wijanarko'),(382,1,33,0,0,'accepted your friend request',1489060965,'2017-03-09 19:01:11',69,'accepted_friend_requ','index.php?tab1=timeline&id=Danu_Pratama_Wijanarko'),(384,1,33,0,0,'accepted your friend request',1489060968,'2017-03-09 19:01:13',76,'accepted_friend_requ','index.php?tab1=timeline&id=Danu_Pratama_Wijanarko'),(386,1,46,0,0,'accepted your friend request',1489124186,'2017-03-10 12:34:52',129,'accepted_friend_requ','index.php?tab1=timeline&id=Ragil_Sinatrio_Trisdewastu'),(387,1,46,0,0,'accepted your friend request',1489124188,'2017-03-10 12:34:53',1,'accepted_friend_requ','index.php?tab1=timeline&id=Ragil_Sinatrio_Trisdewastu'),(388,1,46,0,0,'accepted your friend request',1489124189,'2017-03-10 12:34:54',85,'accepted_friend_requ','index.php?tab1=timeline&id=Ragil_Sinatrio_Trisdewastu'),(389,1,46,0,0,'accepted your friend request',1489124189,'2017-03-10 12:34:55',29,'accepted_friend_requ','index.php?tab1=timeline&id=Ragil_Sinatrio_Trisdewastu'),(391,1,46,0,0,'accepted your friend request',1489124192,'2017-03-10 12:34:58',88,'accepted_friend_requ','index.php?tab1=timeline&id=Ragil_Sinatrio_Trisdewastu'),(392,1,46,0,0,'accepted your friend request',1489124197,'2017-03-10 12:35:03',70,'accepted_friend_requ','index.php?tab1=timeline&id=Ragil_Sinatrio_Trisdewastu'),(393,1,46,0,0,'accepted your friend request',1489124198,'2017-03-10 12:35:04',63,'accepted_friend_requ','index.php?tab1=timeline&id=Ragil_Sinatrio_Trisdewastu'),(394,1,46,0,0,'accepted your friend request',1489124199,'2017-03-10 12:35:04',69,'accepted_friend_requ','index.php?tab1=timeline&id=Ragil_Sinatrio_Trisdewastu'),(396,1,46,0,0,'accepted your friend request',1489124200,'2017-03-10 12:35:06',60,'accepted_friend_requ','index.php?tab1=timeline&id=Ragil_Sinatrio_Trisdewastu'),(397,1,46,0,0,'accepted your friend request',1489124202,'2017-03-10 12:35:08',76,'accepted_friend_requ','index.php?tab1=timeline&id=Ragil_Sinatrio_Trisdewastu'),(398,1,42,0,0,'accepted your friend request',1489235750,'2017-03-11 19:34:15',85,'accepted_friend_requ','index.php?tab1=timeline&id=ianpradayan'),(399,1,42,0,0,'accepted your friend request',1489235751,'2017-03-11 19:34:17',55,'accepted_friend_requ','index.php?tab1=timeline&id=ianpradayan'),(400,1,42,0,0,'accepted your friend request',1489235753,'2017-03-11 19:34:18',88,'accepted_friend_requ','index.php?tab1=timeline&id=ianpradayan'),(403,1,52,0,0,'accepted your friend request',1489316786,'2017-03-12 11:07:54',129,'accepted_friend_requ','index.php?tab1=timeline&id=Adrian_Ksatria_Boediman'),(404,1,52,0,0,'accepted your friend request',1489316787,'2017-03-12 11:07:55',1,'accepted_friend_requ','index.php?tab1=timeline&id=Adrian_Ksatria_Boediman'),(405,1,52,0,0,'accepted your friend request',1489316788,'2017-03-12 11:07:56',54,'accepted_friend_requ','index.php?tab1=timeline&id=Adrian_Ksatria_Boediman'),(406,1,52,0,0,'accepted your friend request',1489316789,'2017-03-12 11:07:57',55,'accepted_friend_requ','index.php?tab1=timeline&id=Adrian_Ksatria_Boediman'),(407,1,52,0,0,'accepted your friend request',1489316789,'2017-03-12 11:07:57',60,'accepted_friend_requ','index.php?tab1=timeline&id=Adrian_Ksatria_Boediman'),(408,1,52,0,0,'accepted your friend request',1489316790,'2017-03-12 11:07:58',70,'accepted_friend_requ','index.php?tab1=timeline&id=Adrian_Ksatria_Boediman'),(409,1,52,0,0,'accepted your friend request',1489316791,'2017-03-12 11:07:59',76,'accepted_friend_requ','index.php?tab1=timeline&id=Adrian_Ksatria_Boediman'),(410,1,38,37,0,'likes your post &quot;Did you know?I just eat a foodHAHAHAH...&quot;',1489325759,'2017-03-12 13:37:27',42,'like','index.php?tab1=story&id=37'),(415,1,38,31,0,'likes your post &quot;I have just changed my avatar into avatar...&quot;',1489326336,'2017-03-12 13:47:04',42,'like','index.php?tab1=story&id=31'),(416,1,38,30,0,'likes your post &quot;Hello...&quot;',1489326342,'2017-03-12 13:47:10',76,'like','index.php?tab1=story&id=30'),(417,1,38,29,0,'and 1 others likes your post &quot;Ayyeee guys...&quot;',1489326349,'2017-03-12 13:47:17',129,'like','index.php?tab1=story&id=29'),(419,1,66,0,0,'accepted your friend request',1489338670,'2017-03-12 17:12:38',33,'accepted_friend_requ','index.php?tab1=timeline&id=Kesya_Viona_Jonathan'),(422,1,115,0,0,'accepted your friend request',1489362997,'2017-03-12 23:58:05',129,'accepted_friend_requ','index.php?tab1=timeline&id=Rafi_Indra_Fatta_Sucipto'),(423,1,115,0,0,'accepted your friend request',1489363003,'2017-03-12 23:58:11',76,'accepted_friend_requ','index.php?tab1=timeline&id=Rafi_Indra_Fatta_Sucipto'),(424,1,115,0,0,'accepted your friend request',1489363004,'2017-03-12 23:58:12',60,'accepted_friend_requ','index.php?tab1=timeline&id=Rafi_Indra_Fatta_Sucipto'),(425,1,115,0,0,'accepted your friend request',1489363005,'2017-03-12 23:58:12',54,'accepted_friend_requ','index.php?tab1=timeline&id=Rafi_Indra_Fatta_Sucipto'),(426,1,115,0,0,'accepted your friend request',1489363006,'2017-03-12 23:58:14',1,'accepted_friend_requ','index.php?tab1=timeline&id=Rafi_Indra_Fatta_Sucipto'),(429,1,31,0,0,'accepted your friend request',1489406385,'2017-03-13 12:01:13',14,'accepted_friend_requ','index.php?tab1=timeline&id=Clarissa_Abelia'),(430,1,31,0,0,'accepted your friend request',1489406386,'2017-03-13 12:01:14',95,'accepted_friend_requ','index.php?tab1=timeline&id=Clarissa_Abelia'),(432,1,31,0,0,'accepted your friend request',1489406387,'2017-03-13 12:01:15',33,'accepted_friend_requ','index.php?tab1=timeline&id=Clarissa_Abelia'),(433,1,31,0,0,'accepted your friend request',1489406389,'2017-03-13 12:01:16',88,'accepted_friend_requ','index.php?tab1=timeline&id=Clarissa_Abelia'),(434,1,31,0,0,'accepted your friend request',1489406389,'2017-03-13 12:01:17',55,'accepted_friend_requ','index.php?tab1=timeline&id=Clarissa_Abelia'),(435,1,31,0,0,'accepted your friend request',1489406389,'2017-03-13 12:01:17',85,'accepted_friend_requ','index.php?tab1=timeline&id=Clarissa_Abelia'),(436,1,31,0,0,'accepted your friend request',1489406390,'2017-03-13 12:01:18',53,'accepted_friend_requ','index.php?tab1=timeline&id=Clarissa_Abelia'),(439,1,89,0,0,'accepted your friend request',1489406939,'2017-03-13 12:10:27',33,'accepted_friend_requ','index.php?tab1=timeline&id=Kinantialia'),(440,1,75,0,0,'accepted your friend request',1489408868,'2017-03-13 12:42:36',129,'accepted_friend_requ','index.php?tab1=timeline&id=Virgie_Aubrey_Hemas_Sianipar'),(441,1,75,0,0,'accepted your friend request',1489408869,'2017-03-13 12:42:37',54,'accepted_friend_requ','index.php?tab1=timeline&id=Virgie_Aubrey_Hemas_Sianipar'),(442,1,75,0,0,'accepted your friend request',1489408871,'2017-03-13 12:42:38',60,'accepted_friend_requ','index.php?tab1=timeline&id=Virgie_Aubrey_Hemas_Sianipar'),(443,1,75,0,0,'accepted your friend request',1489408872,'2017-03-13 12:42:40',32,'accepted_friend_requ','index.php?tab1=timeline&id=Virgie_Aubrey_Hemas_Sianipar'),(444,1,75,0,0,'accepted your friend request',1489408874,'2017-03-13 12:42:41',69,'accepted_friend_requ','index.php?tab1=timeline&id=Virgie_Aubrey_Hemas_Sianipar'),(445,1,75,0,0,'accepted your friend request',1489408875,'2017-03-13 12:42:43',76,'accepted_friend_requ','index.php?tab1=timeline&id=Virgie_Aubrey_Hemas_Sianipar'),(446,1,45,0,0,'accepted your friend request',1489418655,'2017-03-13 15:25:43',33,'accepted_friend_requ','index.php?tab1=timeline&id=Nicholas_Vigo'),(448,1,66,0,1489674392,'accepted your friend request',1489429244,'2017-03-16 14:27:59',75,'accepted_friend_requ','index.php?tab1=timeline&id=Kesya_Viona_Jonathan'),(449,1,90,0,0,'accepted your friend request',1489488789,'2017-03-14 10:54:36',33,'accepted_friend_requ','index.php?tab1=timeline&id=Carissa'),(450,1,38,0,0,'accepted your friend request',1489535022,'2017-03-14 23:45:09',46,'accepted_friend_requ','index.php?tab1=timeline&id=Henzel_Theodore'),(451,1,44,0,1489628441,'accepted your friend request',1489572552,'2017-03-16 01:42:07',52,'accepted_friend_requ','index.php?tab1=timeline&id=Nayla_Almasa_Hartono'),(452,1,44,0,0,'accepted your friend request',1489572553,'2017-03-15 10:10:40',33,'accepted_friend_requ','index.php?tab1=timeline&id=Nayla_Almasa_Hartono'),(453,1,44,0,1489674392,'accepted your friend request',1489572554,'2017-03-16 14:27:59',75,'accepted_friend_requ','index.php?tab1=timeline&id=Nayla_Almasa_Hartono');

/*Table structure for table `page_admins` */

DROP TABLE IF EXISTS `page_admins`;

CREATE TABLE `page_admins` (
  `id` int(11) NOT NULL AUTO_INCREMENT,
  `active` int(1) NOT NULL,
  `admin_id` int(11) NOT NULL,
  `page_id` int(11) NOT NULL,
  `role` varchar(15) COLLATE utf8_unicode_ci NOT NULL,
  PRIMARY KEY (`id`),
  KEY `admin_id` (`admin_id`),
  KEY `page_id` (`page_id`)
) ENGINE=InnoDB DEFAULT CHARSET=utf8 COLLATE=utf8_unicode_ci;

/*Data for the table `page_admins` */

/*Table structure for table `page_categories` */

DROP TABLE IF EXISTS `page_categories`;

CREATE TABLE `page_categories` (
  `id` int(11) NOT NULL AUTO_INCREMENT,
  `active` int(1) NOT NULL,
  `category_id` int(11) NOT NULL,
  `name` text COLLATE utf8_unicode_ci NOT NULL,
  PRIMARY KEY (`id`),
  KEY `category_id` (`category_id`)
) ENGINE=InnoDB AUTO_INCREMENT=170 DEFAULT CHARSET=utf8 COLLATE=utf8_unicode_ci;

/*Data for the table `page_categories` */

insert  into `page_categories`(`id`,`active`,`category_id`,`name`) values (1,1,0,'pcat_local_business_or_place'),(2,1,1,'pcat_airport'),(3,1,1,'pcat_arts_entertainment_nightlife'),(4,1,1,'pcat_attractions_things_to_do'),(5,1,1,'pcat_automotive'),(6,1,1,'pcat_bank_financial_services'),(7,1,1,'pcat_bar'),(8,1,1,'pcat_book_store'),(9,1,1,'pcat_business_services'),(10,1,1,'pcat_church_religious_organization'),(11,1,1,'pcat_club'),(12,1,1,'pcat_community_government'),(13,1,1,'pcat_concert_venue'),(14,1,1,'pcat_doctor'),(15,1,1,'pcat_education'),(16,1,1,'pcat_event_planning_event_services'),(17,1,1,'pcat_food_grocery'),(18,1,1,'pcat_health_medical_pharmacy'),(19,1,1,'pcat_home_improvement'),(20,1,1,'pcat_hospital_clinic'),(21,1,1,'pcat_hotel'),(22,1,1,'pcat_landmark'),(23,1,1,'pcat_lawyer'),(24,1,1,'pcat_library'),(25,1,1,'pcat_local_business'),(26,1,1,'pcat_middle_school'),(27,1,1,'pcat_movie_theater'),(28,1,1,'pcat_museum_art_gallery'),(29,1,1,'pcat_outdoor_gear_sporting_goods'),(30,1,1,'pcat_pet_services'),(31,1,1,'pcat_professional_services'),(32,1,1,'pcat_public_places'),(33,1,1,'pcat_real_estate'),(34,1,1,'pcat_restaurant_cafe'),(35,1,1,'pcat_school'),(36,1,1,'pcat_shopping_retail'),(37,1,1,'pcat_spas_beauty_personal_care'),(38,1,1,'pcat_sports_venue'),(39,1,1,'pcat_sports_recreation_activities'),(40,1,1,'pcat_tours_sightseeing'),(41,1,1,'pcat_transportation'),(42,1,1,'pcat_university'),(43,1,0,'pcat_company__organization_or_institution'),(44,1,43,'pcat_aerospace_defense'),(45,1,43,'pcat_automobiles_and_parts'),(46,1,43,'pcat_bank_financial_institution'),(47,1,43,'pcat_biotechnology'),(48,1,43,'pcat_cause'),(49,1,43,'pcat_chemicals'),(50,1,43,'pcat_church_religious_organization'),(51,1,43,'pcat_community_organization'),(52,1,43,'pcat_company'),(53,1,43,'pcat_computers_technology'),(54,1,43,'pcat_consulting_business_services'),(55,1,43,'pcat_education'),(56,1,43,'pcat_energy_utility'),(57,1,43,'pcat_engineering_construction'),(58,1,43,'pcat_farming_agriculture'),(59,1,43,'pcat_food_beverages'),(60,1,43,'pcat_government_organization'),(61,1,43,'pcat_health_beauty'),(62,1,43,'pcat_health_medical_pharmaceuticals'),(63,1,43,'pcat_industrials'),(64,1,43,'pcat_insurance_company'),(65,1,43,'pcat_internet_software'),(66,1,43,'pcat_legal_law'),(67,1,43,'pcat_media_news_publishing'),(68,1,43,'pcat_middle_school'),(69,1,43,'pcat_mining_materials'),(70,1,43,'pcat_non_governmental_organization__ngo_'),(71,1,43,'pcat_non_profit_organization'),(72,1,43,'pcat_organization'),(73,1,43,'pcat_political_organization'),(74,1,43,'pcat_political_party'),(75,1,43,'pcat_retail_and_consumer_merchandise'),(76,1,43,'pcat_school'),(77,1,43,'pcat_small_business'),(78,1,43,'pcat_telecommunication'),(79,1,43,'pcat_transport_freight'),(80,1,43,'pcat_travel_leisure'),(81,1,43,'pcat_university'),(82,1,0,'pcat_brand_or_product'),(83,1,82,'pcat_appliances'),(84,1,82,'pcat_baby_goods_kids_goods'),(85,1,82,'pcat_bags_luggage'),(86,1,82,'pcat_board_game'),(87,1,82,'pcat_building_materials'),(88,1,82,'pcat_camera_photo'),(89,1,82,'pcat_cars'),(90,1,82,'pcat_clothing'),(91,1,82,'pcat_commercial_equipment'),(92,1,82,'pcat_computers'),(93,1,82,'pcat_drugs'),(94,1,82,'pcat_electronics'),(95,1,82,'pcat_food_beverages'),(96,1,82,'pcat_furniture'),(97,1,82,'pcat_games_toys'),(98,1,82,'pcat_health_beauty'),(99,1,82,'pcat_home_decor'),(100,1,82,'pcat_household_supplies'),(101,1,82,'pcat_jewelry_watches'),(102,1,82,'pcat_kitchen_cooking'),(103,1,82,'pcat_office_supplies'),(104,1,82,'pcat_outdoor_gear_sporting_goods'),(105,1,82,'pcat_patio_garden'),(106,1,82,'pcat_pet_supplies'),(107,1,82,'pcat_phone_tablet'),(108,1,82,'pcat_product_service'),(109,1,82,'pcat_software'),(110,1,82,'pcat_tools_equipment'),(111,1,82,'pcat_video_game'),(112,1,82,'pcat_vitamins_supplements'),(113,1,82,'pcat_website'),(114,1,82,'pcat_wine_spirits'),(115,1,0,'pcat_artist__band_or_public_figure'),(116,1,115,'pcat_actor_director'),(117,1,115,'pcat_artist'),(118,1,115,'pcat_athlete'),(119,1,115,'pcat_author'),(120,1,115,'pcat_business_person'),(121,1,115,'pcat_chef'),(122,1,115,'pcat_coach'),(123,1,115,'pcat_comedian'),(124,1,115,'pcat_dancer'),(125,1,115,'pcat_designer'),(126,1,115,'pcat_entertainer'),(127,1,115,'pcat_entrepreneur'),(128,1,115,'pcat_fictional_character'),(129,1,115,'pcat_government_official'),(130,1,115,'pcat_journalist'),(131,1,115,'pcat_movie_character'),(132,1,115,'pcat_musician_band'),(133,1,115,'pcat_news_personality'),(134,1,115,'pcat_pet'),(135,1,115,'pcat_photographer'),(136,1,115,'pcat_politician'),(137,1,115,'pcat_producer'),(138,1,115,'pcat_public_figure'),(139,1,115,'pcat_teacher'),(140,1,115,'pcat_writer'),(141,1,0,'pcat_entertainment'),(142,1,141,'pcat_album'),(143,1,141,'pcat_amateur_sports_team'),(144,1,141,'pcat_book'),(145,1,141,'pcat_book_series'),(146,1,141,'pcat_book_store'),(147,1,141,'pcat_concert_tour'),(148,1,141,'pcat_concert_venue'),(149,1,141,'pcat_fictional_character'),(150,1,141,'pcat_library'),(151,1,141,'pcat_magazine'),(152,1,141,'pcat_movie'),(153,1,141,'pcat_movie_character'),(154,1,141,'pcat_movie_theater'),(155,1,141,'pcat_music_award'),(156,1,141,'pcat_music_chart'),(157,1,141,'pcat_music_video'),(158,1,141,'pcat_professional_sports_team'),(159,1,141,'pcat_radio_station'),(160,1,141,'pcat_record_label'),(161,1,141,'pcat_school_sports_team'),(162,1,141,'pcat_song'),(163,1,141,'pcat_sports_league'),(164,1,141,'pcat_sports_venue'),(165,1,141,'pcat_studio'),(166,1,141,'pcat_tv_channel'),(167,1,141,'pcat_tv_network'),(168,1,141,'pcat_tv_show'),(169,1,141,'pcat_tv_movie_award');

/*Table structure for table `pages` */

DROP TABLE IF EXISTS `pages`;

CREATE TABLE `pages` (
  `id` int(11) NOT NULL,
  `address` text COLLATE utf8_unicode_ci NOT NULL,
  `awards` text COLLATE utf8_unicode_ci NOT NULL,
  `category_id` int(11) NOT NULL,
  `message_privacy` varchar(15) COLLATE utf8_unicode_ci NOT NULL DEFAULT 'everyone',
  `phone` varchar(100) COLLATE utf8_unicode_ci NOT NULL,
  `products` text COLLATE utf8_unicode_ci NOT NULL,
  `timeline_post_privacy` varchar(15) COLLATE utf8_unicode_ci NOT NULL DEFAULT 'everyone',
  `website` varchar(255) COLLATE utf8_unicode_ci NOT NULL,
  PRIMARY KEY (`id`)
) ENGINE=InnoDB DEFAULT CHARSET=utf8 COLLATE=utf8_unicode_ci;

/*Data for the table `pages` */

/*Table structure for table `parent` */

DROP TABLE IF EXISTS `parent`;

CREATE TABLE `parent` (
  `parent_id` int(11) NOT NULL AUTO_INCREMENT,
  `name` longtext COLLATE utf8_unicode_ci NOT NULL,
  `email` longtext COLLATE utf8_unicode_ci NOT NULL,
  `password` longtext COLLATE utf8_unicode_ci NOT NULL,
  `phone` longtext COLLATE utf8_unicode_ci NOT NULL,
  `address` longtext COLLATE utf8_unicode_ci NOT NULL,
  `profession` longtext COLLATE utf8_unicode_ci NOT NULL,
  `authentication_key` longtext COLLATE utf8_unicode_ci NOT NULL,
  `token` text COLLATE utf8_unicode_ci NOT NULL,
  `image` varchar(255) COLLATE utf8_unicode_ci NOT NULL,
  `active` enum('y','n') COLLATE utf8_unicode_ci NOT NULL DEFAULT 'y',
  `code` int(11) NOT NULL,
  `date_pickup` varchar(100) COLLATE utf8_unicode_ci NOT NULL,
  PRIMARY KEY (`parent_id`)
) ENGINE=MyISAM AUTO_INCREMENT=14 DEFAULT CHARSET=utf8 COLLATE=utf8_unicode_ci;

/*Data for the table `parent` */

insert  into `parent`(`parent_id`,`name`,`email`,`password`,`phone`,`address`,`profession`,`authentication_key`,`token`,`image`,`active`,`code`,`date_pickup`) values (1,'Dania C. Permana','dcpermana@starstudents.co.id','f7c3bc1d808e04732adf679965ccc34ca7ae3441','021','Jakarta','Wiraswasta','','cos7GV4CCXE:APA91bHEGCRMLaSmXecW_IQ014GKHtCnzDA1wYIQPbdtFM3ytrxL9Xa4AWyk3bsCjW40OvJSqFIAbwyoOyTjNCI3q1teYk9jSu1PShcgntWf0BpGRQ0tdsrB3JUynUemNVI3aVPhQ9yP','','y',987566,'2017-11-02'),(2,'Teddy Irdanny','teddy.irdanny@starstudents.co.id','f7c3bc1d808e04732adf679965ccc34ca7ae3441','021','Jakarta','Wiraswasta','','','','y',756189,'2017-11-02'),(3,'Sigit Permana','Sigit.permana@starstudents.co.id','f7c3bc1d808e04732adf679965ccc34ca7ae3441','021','Jakarta','Wiraswasta','','123','','y',654258,'2017-11-02'),(4,'Jozardy Sefriano','joz@starstudents.co.id','f7c3bc1d808e04732adf679965ccc34ca7ae3441','021','Jakarta','Wiraswasta','','eBJXlR1UHdk:APA91bGDO6MYcYpd95nut3FwAwfhd1DPuhhx9RHrknEiqYzAuIvgIL7TiDAKL0oyG8pLkMvD8h1Rke3p7sa3YOLZ3_AznetHSWToUA9YMWawBtgYP0lZg-5GZi4mZxB-4ykm8nDpAqiC','','y',340928,'2017-11-07'),(5,'Arfan Akbar Ridwan','arfan@rembon.com','f7c3bc1d808e04732adf679965ccc34ca7ae3441','021','Bekasi','Wiraswasta','','dcLS0kcLleQ:APA91bFd5U9HHF249_EoPWApfc7ViyTMNYpL9irlDeXfSwuNMIe-79zW7Hw4l-c3NVtWb6CQVWhUZ2mfJCg-thSjJXSmSA1PdSxUErsqVpLJ5IqH8VzZ-e4s57aMJsrqL-m1bhv_cdzH','','y',833896,'2017-11-05'),(6,'Daniel Demo Parent','daniel@gmail.com','f7c3bc1d808e04732adf679965ccc34ca7ae3441','021','Jakarta','Wiraswasta','','f7ULrSQfUnQ:APA91bHk2qDeJ3UHIVHme51akuid-sdMcTkeHbpvfJ2fuW2fJVmZcJf3pp-Fote4Vaxem_KGWtltb8-rs4bUNqXzrpHVRKvbJWaQfKFONstFYEkS0eRqIQJglVKvswQjM0PXoE9nKH6V','','y',0,''),(7,'Drajat Sayuti','drajat_demo@email.com','f7c3bc1d808e04732adf679965ccc34ca7ae3441','021','jajarta','pekerja','','d_-K53RRpoY:APA91bEcLlrt2pPHL1W8Oe3233DVb3imOcZwxIY9ZKJczPCGgwRG1vIBAuwIsI01J-ioGILk2hUuc22IYXPFikvgKmuGDAj2AqGCG9h-ybP6XuL40fP8FJ3wCEwM0jnKfrjdpCbCE3Rb','','y',117785,'2017-11-09'),(8,'Bramantiya Herdita','bram_demo@email.com','f7c3bc1d808e04732adf679965ccc34ca7ae3441','021','jakarta','pekerja','','','','y',0,''),(9,'Pomula Torang Siagian','pomula_demo@email.com','f7c3bc1d808e04732adf679965ccc34ca7ae3441','021','jakarta','pekerja','','','','y',0,''),(10,'Samuel Dorgis','samuel_demo@email.com','f7c3bc1d808e04732adf679965ccc34ca7ae3441','021','jakarta','pekerja','','','','y',0,''),(11,'Teguh Purnaman','teguh_demo@email.com','f7c3bc1d808e04732adf679965ccc34ca7ae3441','021','jakarta','pekerja','','','','y',0,''),(12,'Simon Abraham Mustamu','parent@email.com','f7c3bc1d808e04732adf679965ccc34ca7ae3441','021','jakarta','pekerja','','123','','y',0,''),(13,'Lukman Hakim','lukman@gmail.com','f7c3bc1d808e04732adf679965ccc34ca7ae3441','08123456789','Jl. Mawar Merah','Swasta','','ceg_g1lspDc:APA91bEfILf7aQILpNsT7Dr8NY-ldlOkez0Ao28w1EWVPp2uAEpjR6BCGsOitPN6GZMWcj-iw0eCt6o5TtU8BFi6tcnRXkqcYgI3ZwtM5gk1XiVAMHKJ3OHOAyya8aw5zzeSlkqxDM1m','','y',0,'');

/*Table structure for table `passing_grade` */

DROP TABLE IF EXISTS `passing_grade`;

CREATE TABLE `passing_grade` (
  `passing_grade_id` int(11) NOT NULL AUTO_INCREMENT,
  `class_id` int(11) NOT NULL,
  `section_id` int(11) NOT NULL,
  `subject_id` int(11) NOT NULL,
  `semester` int(11) NOT NULL,
  `kkm` varchar(11) NOT NULL,
  `year` longtext NOT NULL,
  `publish` enum('1','0') NOT NULL COMMENT '1 publish, 0 unpublish',
  `upload_by` varchar(50) NOT NULL,
  PRIMARY KEY (`passing_grade_id`)
) ENGINE=InnoDB AUTO_INCREMENT=64 DEFAULT CHARSET=latin1;

/*Data for the table `passing_grade` */

insert  into `passing_grade`(`passing_grade_id`,`class_id`,`section_id`,`subject_id`,`semester`,`kkm`,`year`,`publish`,`upload_by`) values (4,1,1,8,1,'75','2016-2017','1','16'),(7,1,1,9,1,'75','2016-2017','1','0'),(8,1,1,10,1,'75','2016-2017','1','0'),(9,1,8,11,1,'75','2016-2017','1','0'),(12,1,1,25,1,'75','2016-2017','1','0'),(13,1,1,26,1,'75','2016-2017','1','0'),(14,1,1,27,1,'75','2016-2017','1','0'),(15,1,1,28,1,'75','2016-2017','1','0'),(16,1,1,36,1,'80','2016-2017','1','0'),(17,1,1,37,1,'80','2016-2017','1','0'),(18,2,2,14,1,'75','2016-2017','1','0'),(19,2,2,15,1,'75','2016-2017','1','0'),(20,2,2,16,1,'75','2016-2017','1','0'),(21,2,2,17,1,'75','2016-2017','1','0'),(22,2,2,18,1,'75','2016-2017','1','0'),(23,2,2,29,1,'75','2016-2017','1','0'),(24,2,2,30,1,'75','2016-2017','1','0'),(25,2,2,31,1,'75','2016-2017','1','0'),(26,2,2,32,1,'75','2016-2017','1','0'),(28,2,2,34,1,'80','2016-2017','1','0'),(29,2,2,35,1,'80','2016-2017','1','0'),(30,3,5,19,1,'75','2016-2017','1','0'),(31,3,5,20,1,'75','2016-2017','1','0'),(32,3,5,21,1,'75','2016-2017','1','0'),(33,3,5,22,1,'75','2016-2017','1','0'),(34,3,5,23,1,'75','2016-2017','1','0'),(35,3,5,24,1,'75','2016-2017','1','0'),(36,3,5,38,1,'80','2016-2017','1','0'),(37,3,5,39,1,'80','2016-2017','1','0'),(38,3,5,40,1,'75','2016-2017','1','0'),(39,3,5,42,1,'75','2016-2017','1','0'),(40,3,5,41,1,'75','2016-2017','1','0'),(41,1,1,43,1,'75','2016-2017','1','Admin Brighton'),(42,1,1,44,1,'75','2016-2017','1','Admin Brighton'),(43,4,6,45,1,'75','2016-2017','1','0'),(44,4,6,46,1,'75','2016-2017','1','0'),(45,4,6,47,1,'75','2016-2017','1','0'),(46,4,6,48,1,'75','2016-2017','1','0'),(47,4,6,49,1,'75','2016-2017','1','0'),(48,4,6,50,1,'80','2016-2017','1','0'),(49,4,6,51,1,'80','2016-2017','1','0'),(50,4,6,52,1,'75','2016-2017','1','0'),(51,4,6,53,1,'75','2016-2017','1','0'),(52,5,7,54,1,'75','2016-2017','1','0'),(53,5,7,55,1,'75','2016-2017','1','0'),(54,5,7,56,1,'75','2016-2017','1','0'),(55,5,7,57,1,'75','2016-2017','1','0'),(56,5,7,58,1,'75','2016-2017','1','0'),(57,5,7,59,1,'75','2016-2017','1','0'),(58,5,7,60,1,'80','2016-2017','1','0'),(59,5,7,61,1,'75','2016-2017','1','0'),(60,5,7,62,1,'80','2016-2017','1','0'),(61,5,7,63,1,'75','2016-2017','1','0'),(62,1,1,64,1,'75','2016-2017','1','Admin Brighton'),(63,1,1,8,1,'','2017-2018','1','Admin Brighton');

/*Table structure for table `payment` */

DROP TABLE IF EXISTS `payment`;

CREATE TABLE `payment` (
  `payment_id` int(11) NOT NULL AUTO_INCREMENT,
  `expense_category_id` int(11) NOT NULL,
  `title` longtext COLLATE utf8_unicode_ci NOT NULL,
  `payment_type` longtext COLLATE utf8_unicode_ci NOT NULL,
  `invoice_id` int(11) NOT NULL,
  `student_id` int(11) NOT NULL,
  `method` longtext COLLATE utf8_unicode_ci NOT NULL,
  `description` longtext COLLATE utf8_unicode_ci NOT NULL,
  `amount` longtext COLLATE utf8_unicode_ci NOT NULL,
  `timestamp` longtext COLLATE utf8_unicode_ci NOT NULL,
  `year` longtext COLLATE utf8_unicode_ci NOT NULL,
  PRIMARY KEY (`payment_id`)
) ENGINE=MyISAM AUTO_INCREMENT=6 DEFAULT CHARSET=utf8 COLLATE=utf8_unicode_ci;

/*Data for the table `payment` */

/*Table structure for table `payments` */

DROP TABLE IF EXISTS `payments`;

CREATE TABLE `payments` (
  `id` int(11) NOT NULL AUTO_INCREMENT,
  `txn_id` varchar(100) DEFAULT NULL,
  `form_id` int(11) NOT NULL DEFAULT '0',
  `user` varchar(60) NOT NULL,
  `email` varchar(60) DEFAULT NULL,
  `price` decimal(9,2) NOT NULL DEFAULT '0.00',
  `currency` varchar(6) DEFAULT NULL,
  `created` datetime NOT NULL DEFAULT '0000-00-00 00:00:00',
  `pp` varchar(40) DEFAULT NULL,
  `ip` varchar(20) DEFAULT NULL,
  `status` int(1) NOT NULL DEFAULT '0',
  PRIMARY KEY (`id`)
) ENGINE=MyISAM AUTO_INCREMENT=2 DEFAULT CHARSET=utf8;

/*Data for the table `payments` */

insert  into `payments`(`id`,`txn_id`,`form_id`,`user`,`email`,`price`,`currency`,`created`,`pp`,`ip`,`status`) values (1,'ORP098r5',1,'John Doe','user@gmail.com',700.00,'CAD','2013-07-14 20:29:06','PayPal','127.0.0.1',1);

/*Table structure for table `performance` */

DROP TABLE IF EXISTS `performance`;

CREATE TABLE `performance` (
  `performance_id` int(11) NOT NULL AUTO_INCREMENT,
  `performance_name` varchar(255) NOT NULL,
  `performance_score` int(11) NOT NULL,
  PRIMARY KEY (`performance_id`)
) ENGINE=InnoDB AUTO_INCREMENT=7 DEFAULT CHARSET=latin1;

/*Data for the table `performance` */

insert  into `performance`(`performance_id`,`performance_name`,`performance_score`) values (1,'Excellent',100),(2,'Good',80),(4,'Moderate',60),(5,'Need Improvement',40),(6,'Need Major Improvement',20);

/*Table structure for table `permit_letter` */

DROP TABLE IF EXISTS `permit_letter`;

CREATE TABLE `permit_letter` (
  `permit_letter_id` int(11) NOT NULL AUTO_INCREMENT,
  `student_id` int(11) NOT NULL,
  `class_id` int(11) NOT NULL,
  `section_id` int(11) NOT NULL,
  `date_upload` varchar(100) NOT NULL,
  `upload_by` varchar(255) NOT NULL,
  `file` varchar(255) NOT NULL,
  `delete_from_teacher` enum('y','n') NOT NULL DEFAULT 'n',
  `year` text NOT NULL,
  PRIMARY KEY (`permit_letter_id`)
) ENGINE=InnoDB AUTO_INCREMENT=64 DEFAULT CHARSET=latin1;

/*Data for the table `permit_letter` */

insert  into `permit_letter`(`permit_letter_id`,`student_id`,`class_id`,`section_id`,`date_upload`,`upload_by`,`file`,`delete_from_teacher`,`year`) values (37,124,1,0,'06-03-2017','Ajeng Indah Utami,S.Pd','74IMG_20170306_080205.jpg','n','2016-2017'),(39,124,1,0,'06-03-2017','Admin Brighton','13surat ijin alma.jpg','n','2016-2017'),(40,61,4,0,'09-03-2017','Admin Brighton','20Surat ijin dewi ayuni 2-3 maret.pdf','n','2016-2017'),(41,39,4,0,'09-03-2017','Admin Brighton','78Surat Ijin jessica 2-3 maret.jpg','n','2016-2017'),(42,35,4,0,'13-03-2017','Admin Brighton','64surat ijin farel risyad 8B.pdf','n','2016-2017'),(43,95,2,0,'13-03-2017','Admin Brighton','17surat ijin janice 7B.pdf','n','2016-2017'),(44,124,1,0,'13-03-2017','Admin Brighton','65surat ijin alma 7A, 13:3:2017.jpg','n','2016-2017'),(45,50,4,0,'14-03-2017','Admin Brighton','22surat ijin alka 8B,13 maret 2017.pdf','n','2016-2017'),(47,87,2,0,'30-03-2017','Admin Brighton','51surat ijin aurelia clara 7 b.pdf','n','2016-2017'),(48,99,2,0,'12-04-2017','Admin Brighton','64surat ijin keisha.jpg','n','2016-2017'),(57,156,3,5,'17-07-2017','Demo Teacher','1128struckatm.jpg','n','2017-2018'),(58,176,4,11,'09-08-2017','Admin Brighton','59surat dokter ms Dini.jpg','n',''),(60,0,1,1,'27-08-2017','Bambang Pamungkas','98image.jpg','n','2017-2018'),(61,3,1,0,'08-11-2017','Admin demo','11ijiin demo.pdf','n',''),(62,12,1,0,'13-11-2017','Admin demo','90ijiin demo.pdf','n',''),(63,3,1,0,'14-11-2017','Admin demo','21ijiin demo.pdf','n','');

/*Table structure for table `pickup` */

DROP TABLE IF EXISTS `pickup`;

CREATE TABLE `pickup` (
  `pickup_id` int(11) NOT NULL AUTO_INCREMENT,
  `student_id` int(11) NOT NULL,
  `parent_id` int(11) NOT NULL,
  ` code` int(11) NOT NULL,
  `photo` varchar(255) NOT NULL,
  `datetime` datetime NOT NULL,
  `status` enum('0','1') NOT NULL DEFAULT '0',
  `status_voice` enum('0','1') NOT NULL,
  PRIMARY KEY (`pickup_id`)
) ENGINE=InnoDB AUTO_INCREMENT=4 DEFAULT CHARSET=latin1;

/*Data for the table `pickup` */

insert  into `pickup`(`pickup_id`,`student_id`,`parent_id`,` code`,`photo`,`datetime`,`status`,`status_voice`) values (1,1,4,736366,'736366.jpg','2017-11-02 07:26:00','0','1'),(2,2,3,654258,'654258.jpg','2017-11-02 10:24:00','1','1'),(3,4,1,987566,'987566.jpg','2017-11-02 11:00:00','1','1');

/*Table structure for table `plugins` */

DROP TABLE IF EXISTS `plugins`;

CREATE TABLE `plugins` (
  `id` int(11) NOT NULL AUTO_INCREMENT,
  `active` int(1) NOT NULL DEFAULT '0',
  `folder` varchar(255) COLLATE utf8_unicode_ci NOT NULL,
  PRIMARY KEY (`id`)
) ENGINE=InnoDB DEFAULT CHARSET=utf8 COLLATE=utf8_unicode_ci;

/*Data for the table `plugins` */

/*Table structure for table `post_files` */

DROP TABLE IF EXISTS `post_files`;

CREATE TABLE `post_files` (
  `FileId` int(12) NOT NULL AUTO_INCREMENT,
  `FileName` varchar(225) NOT NULL,
  `FileDesc` varchar(225) NOT NULL,
  `status` varchar(225) DEFAULT NULL,
  `CreatedAt` varchar(225) DEFAULT NULL,
  PRIMARY KEY (`FileId`)
) ENGINE=MyISAM AUTO_INCREMENT=21 DEFAULT CHARSET=latin1;

/*Data for the table `post_files` */

/*Table structure for table `postfollows` */

DROP TABLE IF EXISTS `postfollows`;

CREATE TABLE `postfollows` (
  `id` int(11) NOT NULL AUTO_INCREMENT,
  `active` int(1) NOT NULL DEFAULT '0',
  `post_id` int(11) NOT NULL DEFAULT '0',
  `time` int(12) NOT NULL,
  `timeline_id` int(11) NOT NULL,
  `timestamp` timestamp NOT NULL DEFAULT CURRENT_TIMESTAMP ON UPDATE CURRENT_TIMESTAMP,
  PRIMARY KEY (`id`),
  KEY `post_id` (`post_id`),
  KEY `timeline_id` (`timeline_id`)
) ENGINE=InnoDB AUTO_INCREMENT=44 DEFAULT CHARSET=utf8 COLLATE=utf8_unicode_ci;

/*Data for the table `postfollows` */

insert  into `postfollows`(`id`,`active`,`post_id`,`time`,`timeline_id`,`timestamp`) values (2,1,2,1476285861,1,'2016-10-12 22:24:21'),(4,1,3,1476288847,1,'2016-10-12 23:14:07'),(5,1,6,1476321525,2,'2016-10-13 08:18:45'),(6,1,6,1476321683,1,'2016-10-13 08:21:23'),(7,1,1,1476416965,1,'2016-10-14 10:49:25'),(8,1,7,1477021802,3,'2016-10-21 10:50:02'),(9,1,8,1477022151,3,'2016-10-21 10:55:51'),(10,1,8,1477022257,1,'2016-10-21 10:57:37'),(11,1,9,1477022662,3,'2016-10-21 11:04:22'),(12,1,9,1477022697,1,'2016-10-21 11:04:57'),(13,1,10,1477023005,1,'2016-10-21 11:10:05'),(14,1,11,1477023047,1,'2016-10-21 11:10:47'),(15,1,12,1477023077,1,'2016-10-21 11:11:17'),(16,1,13,1477023101,1,'2016-10-21 11:11:41'),(17,1,14,1477023239,1,'2016-10-21 11:13:59'),(18,1,15,1477023263,1,'2016-10-21 11:14:23'),(19,1,16,1477023353,1,'2016-10-21 11:15:53'),(20,1,17,1478774547,1,'2016-11-10 17:42:27'),(21,1,18,1481924732,3,'2016-12-17 04:45:32'),(22,1,19,1484030775,14,'2017-01-10 13:46:15'),(23,1,20,1484102130,14,'2017-01-11 09:35:30'),(24,1,21,1484103326,15,'2017-01-11 09:55:26'),(25,1,22,1484103326,15,'2017-01-11 09:55:26'),(26,1,23,1484109244,14,'2017-01-11 11:34:04'),(27,1,24,1484109394,33,'2017-01-11 11:36:34'),(28,1,25,1484455649,1,'2017-01-15 11:47:29'),(29,1,26,1484455690,1,'2017-01-15 11:48:10'),(30,1,27,1486526164,79,'2017-02-08 10:54:34'),(31,1,28,1488547921,85,'2017-03-03 20:30:27'),(32,1,29,1488554696,129,'2017-03-03 22:23:23'),(33,1,30,1488596932,76,'2017-03-04 10:07:19'),(34,1,30,1488651671,42,'2017-03-05 01:19:37'),(36,1,32,1488892300,38,'2017-03-07 20:10:06'),(37,1,33,1488892991,38,'2017-03-07 20:21:37'),(38,1,34,1488893018,38,'2017-03-07 20:22:04'),(39,1,35,1488893153,38,'2017-03-07 20:24:19'),(40,1,36,1489109760,154,'2017-03-10 08:34:25'),(41,1,37,1489235971,42,'2017-03-11 19:37:57'),(42,1,38,1489317017,52,'2017-03-12 11:11:45'),(43,1,38,1489325838,38,'2017-03-12 13:38:46');

/*Table structure for table `postlikes` */

DROP TABLE IF EXISTS `postlikes`;

CREATE TABLE `postlikes` (
  `id` int(11) NOT NULL AUTO_INCREMENT,
  `active` int(1) NOT NULL DEFAULT '0',
  `post_id` int(11) NOT NULL DEFAULT '0',
  `reaction` varchar(8) COLLATE utf8_unicode_ci NOT NULL DEFAULT 'like',
  `time` int(12) NOT NULL,
  `timeline_id` int(11) NOT NULL,
  `timestamp` timestamp NOT NULL DEFAULT CURRENT_TIMESTAMP ON UPDATE CURRENT_TIMESTAMP,
  PRIMARY KEY (`id`),
  KEY `post_id` (`post_id`),
  KEY `timeline_id` (`timeline_id`)
) ENGINE=InnoDB AUTO_INCREMENT=39 DEFAULT CHARSET=utf8 COLLATE=utf8_unicode_ci;

/*Data for the table `postlikes` */

insert  into `postlikes`(`id`,`active`,`post_id`,`reaction`,`time`,`timeline_id`,`timestamp`) values (1,1,6,'haha',1476321657,1,'2016-10-13 08:20:57'),(12,1,3,'like',1477022825,3,'2016-10-21 11:07:05'),(13,1,7,'wow',1477022833,3,'2016-10-21 11:07:13'),(14,1,9,'like',1477022886,1,'2016-10-21 11:08:06'),(15,1,15,'sad',1477023420,3,'2016-10-21 11:17:00'),(18,1,28,'wow',1488548032,89,'2017-03-03 20:32:18'),(19,1,28,'like',1488550548,29,'2017-03-03 21:14:14'),(22,1,29,'haha',1488583434,60,'2017-03-04 06:22:21'),(25,1,28,'love',1488589375,70,'2017-03-04 08:01:21'),(27,1,29,'angry',1488589554,70,'2017-03-04 08:04:20'),(28,1,6,'haha',1488624754,63,'2017-03-04 17:51:00'),(29,1,30,'wow',1488651623,42,'2017-03-05 01:18:49'),(30,1,31,'like',1488692329,29,'2017-03-05 12:37:15'),(32,1,35,'wow',1489236022,42,'2017-03-11 19:38:47'),(33,1,37,'wow',1489325759,38,'2017-03-12 13:37:27'),(34,1,38,'sad',1489325822,38,'2017-03-12 13:38:30'),(35,1,35,'sad',1489326166,38,'2017-03-12 13:44:14'),(36,1,31,'sad',1489326336,38,'2017-03-12 13:47:03'),(37,1,30,'sad',1489326342,38,'2017-03-12 13:47:10'),(38,1,29,'sad',1489326349,38,'2017-03-12 13:47:17');

/*Table structure for table `posts` */

DROP TABLE IF EXISTS `posts`;

CREATE TABLE `posts` (
  `id` int(11) NOT NULL AUTO_INCREMENT,
  `active` int(1) NOT NULL DEFAULT '0',
  `activity_text` text COLLATE utf8_unicode_ci NOT NULL,
  `google_map_name` text COLLATE utf8_unicode_ci NOT NULL,
  `hidden` int(1) NOT NULL DEFAULT '0',
  `link_title` varchar(255) COLLATE utf8_unicode_ci NOT NULL,
  `link_url` varchar(255) COLLATE utf8_unicode_ci NOT NULL,
  `media_id` int(11) NOT NULL DEFAULT '0',
  `post_id` int(11) NOT NULL DEFAULT '0',
  `privacy` varchar(10) COLLATE utf8_unicode_ci NOT NULL DEFAULT 'public',
  `recipient_id` int(11) NOT NULL DEFAULT '0',
  `shared` int(1) NOT NULL DEFAULT '0',
  `soundcloud_title` varchar(255) COLLATE utf8_unicode_ci NOT NULL,
  `soundcloud_uri` text COLLATE utf8_unicode_ci NOT NULL,
  `text` text COLLATE utf8_unicode_ci NOT NULL,
  `time` int(12) NOT NULL,
  `timeline_id` int(11) NOT NULL,
  `timestamp` timestamp NOT NULL DEFAULT CURRENT_TIMESTAMP ON UPDATE CURRENT_TIMESTAMP,
  `youtube_video_id` text COLLATE utf8_unicode_ci NOT NULL,
  `youtube_title` text COLLATE utf8_unicode_ci NOT NULL,
  PRIMARY KEY (`id`),
  KEY `recipient_id` (`recipient_id`),
  KEY `timeline_id` (`timeline_id`)
) ENGINE=InnoDB AUTO_INCREMENT=39 DEFAULT CHARSET=utf8 COLLATE=utf8_unicode_ci;

/*Data for the table `posts` */

insert  into `posts`(`id`,`active`,`activity_text`,`google_map_name`,`hidden`,`link_title`,`link_url`,`media_id`,`post_id`,`privacy`,`recipient_id`,`shared`,`soundcloud_title`,`soundcloud_uri`,`text`,`time`,`timeline_id`,`timestamp`,`youtube_video_id`,`youtube_title`) values (6,1,'','',0,'','',2,6,'friends',0,0,'','','Who 1st',1476321525,2,'2016-10-13 08:18:45','',''),(27,1,'','',0,'','',0,27,'friends',0,0,'','','Hi...',1486526164,79,'2017-02-08 10:54:34','',''),(28,1,'','',0,'','',0,28,'friends',0,0,'','','hi friend',1488547921,85,'2017-03-03 20:30:27','',''),(29,1,'','',0,'','',0,29,'friends',0,0,'','','Ayyeee guys',1488554696,129,'2017-03-03 22:23:23','',''),(30,1,'','',0,'','',0,30,'friends',0,0,'','','Hello',1488596932,76,'2017-03-04 10:07:19','',''),(31,1,'','',0,'','',0,31,'friends',0,0,'','','I have just changed my avatar into avatar',1488651826,42,'2017-03-05 01:22:12','',''),(35,1,'','',0,'','',0,35,'friends',0,0,'','','Did you know?<br><br>Sen Trope is an actual place in Europe, but it is more famous with the name &quot;Saint-Tropez&quot;.<br>HAHAHAH',1488893152,38,'2017-03-07 20:24:19','',''),(36,1,'','',0,'','',0,36,'friends',0,0,'','','',1489109760,154,'2017-03-10 08:34:25','lbnpbeCMbjo','Rhoma irama Terajana.'),(37,1,'','',0,'','',0,37,'friends',0,0,'','','Did you know?<br><br>I just eat a food<br>HAHAHAH',1489235971,42,'2017-03-11 19:39:48','',''),(38,1,'','',0,'','',0,38,'friends',0,0,'','','meme',1489317017,52,'2017-03-12 11:11:45','','');

/*Table structure for table `postshares` */

DROP TABLE IF EXISTS `postshares`;

CREATE TABLE `postshares` (
  `id` int(11) NOT NULL AUTO_INCREMENT,
  `active` int(1) NOT NULL DEFAULT '0',
  `post_id` int(11) NOT NULL DEFAULT '0',
  `time` int(12) NOT NULL,
  `timeline_id` int(11) NOT NULL,
  `timestamp` timestamp NOT NULL DEFAULT CURRENT_TIMESTAMP ON UPDATE CURRENT_TIMESTAMP,
  PRIMARY KEY (`id`),
  KEY `post_id` (`post_id`),
  KEY `timeline_id` (`timeline_id`)
) ENGINE=InnoDB DEFAULT CHARSET=utf8 COLLATE=utf8_unicode_ci;

/*Data for the table `postshares` */

/*Table structure for table `price_list` */

DROP TABLE IF EXISTS `price_list`;

CREATE TABLE `price_list` (
  `price_list_id` int(11) NOT NULL AUTO_INCREMENT,
  `class_id` int(11) NOT NULL,
  `item_list_school_id` int(11) NOT NULL,
  `price` varchar(100) NOT NULL,
  PRIMARY KEY (`price_list_id`)
) ENGINE=InnoDB AUTO_INCREMENT=26 DEFAULT CHARSET=latin1;

/*Data for the table `price_list` */

insert  into `price_list`(`price_list_id`,`class_id`,`item_list_school_id`,`price`) values (1,1,1,'2500000'),(2,2,1,'2600000'),(3,3,1,'2700000'),(4,4,1,'2800000'),(5,1,2,'15000'),(6,2,2,'25000'),(7,3,2,'35000'),(8,4,2,'45000'),(9,1,3,'20000'),(10,2,3,'35000'),(11,3,3,'40000'),(12,4,3,'45000'),(13,1,4,'35000'),(14,2,4,'40000'),(15,3,4,'55000'),(16,4,4,'65000'),(17,1,5,'15000'),(18,2,5,'20000'),(19,3,5,'25000'),(20,4,5,'30000'),(21,5,1,'70000'),(22,5,2,'60000'),(23,5,3,'80000'),(24,5,4,'90000'),(25,5,5,'100000');

/*Table structure for table `project_types` */

DROP TABLE IF EXISTS `project_types`;

CREATE TABLE `project_types` (
  `id` int(11) NOT NULL AUTO_INCREMENT,
  `title` varchar(55) CHARACTER SET utf8 COLLATE utf8_bin NOT NULL,
  `fees` float NOT NULL,
  `description` text NOT NULL,
  `recurring` int(11) NOT NULL,
  `period` varchar(11) NOT NULL,
  `days` int(11) NOT NULL,
  PRIMARY KEY (`id`)
) ENGINE=MyISAM AUTO_INCREMENT=8 DEFAULT CHARSET=utf8;

/*Data for the table `project_types` */

insert  into `project_types`(`id`,`title`,`fees`,`description`,`recurring`,`period`,`days`) values (3,'Matematika',0,'&lt;p&gt;There are many variations of passages of Lorem Ipsum available, but \nthe majority have suffered alteration in some form, by injected humour, \nor randomised words which don&#039;t look even slightly believable. If you \nare going to use a passage of Lorem Ipsum, you need to be sure there \nisn&#039;t anything embarrassing hidden in the middle of text. All the Lorem \nIpsum generators on the Internet tend to repeat predefined chunks as \nnecessary, making this the first true generator on the Internet.&lt;/p&gt;\n\n                            &lt;p&gt;It uses a dictionary of over 200 Latin \nwords, combined with a handful of model sentence structures, to generate\n Lorem Ipsum which looks reasonable. The generated Lorem Ipsum is \ntherefore always free from repetition, injected humour, or \nnon-characteristic words etc.&lt;/p&gt;',0,'',0),(4,'Bahasa Indonesia',0,'Bahasa Indonesia Online',0,'',0),(6,'PPKN',0,'PPKN Online',0,'',0),(7,'Analyzing and Visualizing Data with Excel',0,'Develop your skills with Excel, one of the common tools that data scientists depend on to gather, transform, analyze, and visualize data.&lt;br&gt;&lt;br&gt;This course is part of the Microsoft Professional Program Certificate in Data Science.&lt;br&gt;&lt;br&gt;Excel is one of the most widely used solutions for analyzing and visualizing data. It now includes tools that enable the analysis of more data, with improved visualizations and more sophisticated business logics. In this data science course, you will get an introduction to the latest versions of these new tools in Excel 2016 from an expert on the Excel Product Team at Microsoft.&lt;br&gt;&lt;br&gt;Learn how to import data from different sources, create mashups between data sources, and prepare data for analysis. After preparing the data, find out how business calculations can be expressed using the DAX calculation engine. See how the data can be visualized and shared to the Power BI cloud service, after which it can be used in dashboards, queried using plain English sentences, and even consumed on mobile devices.&lt;br&gt;&lt;br&gt;Do you feel that the contents of this course is a bit too advanced for you and you need to fill some gaps in your Excel knowledge? Do you need a better understanding of how pivot tables, pivot charts and slicers work together, and help in creating dashboards? If so, check out DAT205x: Introduction to Data Analysis using Excel.&lt;br&gt;&lt;br&gt;What you&#039;ll learn&lt;br&gt;&lt;br&gt;- Gather and transform data from multiple sources&lt;br&gt;- Discover and combine data in mashups&lt;br&gt;- Learn about data model creation&lt;br&gt;- Explore, analyze, and visualize data',0,'D',10);

/*Table structure for table `questions` */

DROP TABLE IF EXISTS `questions`;

CREATE TABLE `questions` (
  `id` int(11) NOT NULL AUTO_INCREMENT,
  `exam` int(11) NOT NULL,
  `type` text NOT NULL,
  `description` text NOT NULL,
  `marks` int(11) NOT NULL,
  `banned` int(2) NOT NULL DEFAULT '0',
  PRIMARY KEY (`id`)
) ENGINE=MyISAM AUTO_INCREMENT=61 DEFAULT CHARSET=latin1;

/*Data for the table `questions` */

insert  into `questions`(`id`,`exam`,`type`,`description`,`marks`,`banned`) values (12,3,'2','This is a MCQ Question (Single Answer) dsfsdfsd',5,0),(15,3,'3','This is MCQ (Multi Answer) fdsss',10,0),(16,3,'4','This is a writing question ihdfilsdbflsil',10,0),(13,3,'1','This is True / False Question 1sefsfsdfsd &amp;nbsp; sadsafdddddd',5,0),(17,3,'2','&lt;span style=&quot;font-size:12.0pt;mso-bidi-font-size:11.0pt;\nline-height:115%;font-family:&amp;quot;Times New Roman&amp;quot;,serif;mso-fareast-font-family:\nCalibri;mso-ansi-language:EN-US;mso-fareast-language:EN-US;mso-bidi-language:\nAR-SA&quot;&gt;Hasil dari 12.304  286 + 4.786 adalah.&lt;/span&gt;',10,0),(18,3,'2','&lt;span style=&quot;font-size:12.0pt;mso-bidi-font-size:11.0pt;\nline-height:115%;font-family:&amp;quot;Times New Roman&amp;quot;,serif;mso-fareast-font-family:\nCalibri;mso-ansi-language:EN-US;mso-fareast-language:EN-US;mso-bidi-language:\nAR-SA&quot;&gt;Hasil dari 288 : 24 x 8 adalah .&lt;/span&gt;',10,0),(19,3,'2','&lt;span style=&quot;font-size:12.0pt;mso-bidi-font-size:11.0pt;\nline-height:115%;font-family:&amp;quot;Times New Roman&amp;quot;,serif;mso-fareast-font-family:\nCalibri;mso-ansi-language:EN-US;mso-fareast-language:EN-US;mso-bidi-language:\nAR-SA&quot;&gt;Hasil dari 218 + (-23) - 112 adalah.&lt;/span&gt;',10,0),(20,3,'2','&lt;span style=&quot;font-size:12.0pt;line-height:115%;\nfont-family:&amp;quot;Times New Roman&amp;quot;,serif;mso-fareast-font-family:Calibri;mso-ansi-language:\nEN-US;mso-fareast-language:EN-US;mso-bidi-language:AR-SA&quot;&gt;Keluarga Andi\nmemerlukan air minum kemasan botol sebanyak 18 botol untuk 3 hari. Harga 1\nbotol air minum tersebut Rp1.400,00. Uang yang harus dikeluarkan keluarga Andi\nselama 30 hari sebesar.&lt;/span&gt;',10,0),(21,3,'2','&lt;span style=&quot;font-size:12.0pt;mso-bidi-font-size:11.0pt;\nline-height:115%;font-family:&amp;quot;Times New Roman&amp;quot;,serif;mso-fareast-font-family:\nCalibri;mso-ansi-language:EN-US;mso-fareast-language:EN-US;mso-bidi-language:\nAR-SA&quot;&gt;KPK dari 24, 54, dan 64 adalah&lt;/span&gt;',10,0),(22,3,'2','&lt;span style=&quot;font-size:12.0pt;mso-bidi-font-size:11.0pt;\nline-height:115%;font-family:&amp;quot;Times New Roman&amp;quot;,serif;mso-fareast-font-family:\nCalibri;mso-ansi-language:EN-US;mso-fareast-language:EN-US;mso-bidi-language:\nAR-SA&quot;&gt;Indra les Matematika setiap 6 hari sekali, Budi les Matematika setiap 4\nhari sekali, sedangkan Romi les Matematika setiap 8 hari sekali. Pada tanggal 1\nMei 2016 mereka les Matematika bersama-sama. Mereka akan les bersama-sama\nlagi&amp;nbsp; pada tanggal.&lt;/span&gt;',10,0),(23,3,'2','&lt;span style=&quot;font-size:12.0pt;line-height:115%;\nfont-family:&amp;quot;Times New Roman&amp;quot;,serif;mso-fareast-font-family:Calibri;mso-ansi-language:\nEN-US;mso-fareast-language:EN-US;mso-bidi-language:AR-SA&quot;&gt;Hasil perhitungan 9&lt;sup&gt;3&lt;/sup&gt;\n+ 4&lt;sup&gt;3&lt;/sup&gt;  3&lt;sup&gt;3&lt;/sup&gt; = .&lt;/span&gt;',10,0),(24,3,'2','&lt;font color=&quot;#9fa8b0&quot; face=&quot;Times New Roman, serif&quot;&gt;Pak Kardi beternak ayam dan bebek dengan perbandingan &amp;nbsp;. Jika dalam satu bulan ayam Pak Kardi membutuhkan pakan 105 kg, maka kebutuhan pakan ternak Pak Kardi &amp;nbsp;seluruhnya adalah&lt;/font&gt;',10,0),(28,1,'2','&lt;div&gt;&lt;font color=&quot;#9fa8b0&quot; face=&quot;Arial, Tahoma&quot;&gt;&lt;span style=&quot;font-size: 13px;&quot;&gt;Dalam pembuatan laporan , bahasa yang digunakan adalah ....&lt;/span&gt;&lt;/font&gt;&lt;/div&gt;',10,0),(29,1,'2','&lt;font color=&quot;#9fa8b0&quot; face=&quot;Arial, Tahoma&quot;&gt;&lt;span style=&quot;font-size: 13px;&quot;&gt;Langkah pertama membuat laporan bacaan adalah ....&lt;/span&gt;&lt;/font&gt;',10,0),(30,1,'2','&lt;div&gt;&lt;font color=&quot;#9fa8b0&quot; face=&quot;Arial, Tahoma&quot;&gt;&lt;span style=&quot;font-size: 13px;&quot;&gt;Pada daftar riwayat hidup , menari , dan berenang ditulis pada ....&lt;/span&gt;&lt;/font&gt;&lt;/div&gt;',10,0),(31,1,'2','&lt;font color=&quot;#9fa8b0&quot; face=&quot;Arial, Tahoma&quot;&gt;&lt;span style=&quot;font-size: 13px;&quot;&gt;Dalam menyusun cerita seri , hal-hal yang perlu diperhatikan seperti berikut , kecuali ....&lt;/span&gt;&lt;/font&gt;',10,0),(32,1,'2','&lt;div&gt;&lt;font color=&quot;#9fa8b0&quot; face=&quot;Arial, Tahoma&quot;&gt;&lt;span style=&quot;font-size: 13px;&quot;&gt;.Pesan biasa disampaikan secara lisan , contoh pesan secara lisan berikut ini , kecuali ....&lt;/span&gt;&lt;/font&gt;&lt;/div&gt;&lt;div style=&quot;color: rgb(159, 168, 176); font-family: Arial, Tahoma; font-size: 13px;&quot;&gt;&lt;br&gt;&lt;/div&gt;',10,0),(33,1,'2','&lt;div&gt;&lt;font color=&quot;#9fa8b0&quot; face=&quot;Arial, Tahoma&quot;&gt;&lt;span style=&quot;font-size: 13px;&quot;&gt;Orang yang bekerja untuk membuat atau menyusun laporan berita adalah....&lt;/span&gt;&lt;/font&gt;&lt;/div&gt;',10,0),(34,1,'2','&lt;font color=&quot;#9fa8b0&quot; face=&quot;Arial, Tahoma&quot;&gt;&lt;span style=&quot;font-size: 13px;&quot;&gt;Untuk mendapatkan informasi , kita mewawancarai ....&lt;/span&gt;&lt;/font&gt;',10,0),(35,1,'2','&lt;div&gt;&lt;font color=&quot;#9fa8b0&quot; face=&quot;Arial, Tahoma&quot;&gt;&lt;span style=&quot;font-size: 13px;&quot;&gt;Perhatikan penggalan wawancara berikut!&lt;/span&gt;&lt;/font&gt;&lt;/div&gt;&lt;div&gt;&lt;font color=&quot;#9fa8b0&quot; face=&quot;Arial, Tahoma&quot;&gt;&lt;span style=&quot;font-size: 13px;&quot;&gt;Wartawan : &quot;Setelah memenangkan lomba renang ini , bagaimana perasaan Anda?&quot;&lt;/span&gt;&lt;/font&gt;&lt;/div&gt;&lt;div&gt;&lt;font color=&quot;#9fa8b0&quot; face=&quot;Arial, Tahoma&quot;&gt;&lt;span style=&quot;font-size: 13px;&quot;&gt;Dina : &quot;Senang pastinya?&quot;&lt;/span&gt;&lt;/font&gt;&lt;/div&gt;&lt;div&gt;&lt;font color=&quot;#9fa8b0&quot; face=&quot;Arial, Tahoma&quot;&gt;&lt;span style=&quot;font-size: 13px;&quot;&gt;Wartawan : &quot;Apa obsesi Anda setelah ini?&quot;&lt;/span&gt;&lt;/font&gt;&lt;/div&gt;&lt;div&gt;&lt;font color=&quot;#9fa8b0&quot; face=&quot;Arial, Tahoma&quot;&gt;&lt;span style=&quot;font-size: 13px;&quot;&gt;Dina : &quot;Menjuarai lomba renang tingkat nasional bulan depan.&quot;&lt;/span&gt;&lt;/font&gt;&lt;/div&gt;&lt;div&gt;&lt;font color=&quot;#9fa8b0&quot; face=&quot;Arial, Tahoma&quot;&gt;&lt;span style=&quot;font-size: 13px;&quot;&gt;&lt;br&gt;&lt;/span&gt;&lt;/font&gt;&lt;/div&gt;&lt;div&gt;Apa yang dimaksud dengan obsesi?&lt;font color=&quot;#9fa8b0&quot; face=&quot;Arial, Tahoma&quot;&gt;&lt;span style=&quot;font-size: 13px;&quot;&gt;&lt;br&gt;&lt;/span&gt;&lt;/font&gt;&lt;/div&gt;',10,0),(36,1,'2','Berdasarkan penggalan wawancara\ntersebut , perasaan Dina adalah ....',10,0),(37,1,'2','&lt;div&gt;&lt;font color=&quot;#9fa8b0&quot; face=&quot;Arial, Tahoma&quot;&gt;&lt;span style=&quot;font-size: 13px;&quot;&gt;Orang yang menekuni olahraga renang disebut ....&lt;/span&gt;&lt;/font&gt;&lt;/div&gt;&lt;div style=&quot;color: rgb(159, 168, 176); font-family: Arial, Tahoma; font-size: 13px;&quot;&gt;&lt;br&gt;&lt;/div&gt;',10,0),(25,3,'2','&lt;span style=&quot;font-size:12.0pt;mso-bidi-font-size:11.0pt;\nline-height:115%;font-family:&amp;quot;Times New Roman&amp;quot;,serif;mso-fareast-font-family:\nCalibri;mso-ansi-language:EN-US;mso-fareast-language:EN-US;mso-bidi-language:\nAR-SA&quot;&gt;Denah kolam lele milik Pak Dani berukuran panjang 5 cm dan lebar 3 cm.\nJika skala denah tersebut 1 : 2000, maka luas kolam lele Pak Dani sebenarnya\nadalah..m&lt;sup&gt;2&lt;/sup&gt;&lt;/span&gt;',10,0),(26,3,'2','&lt;span style=&quot;font-size:12.0pt;mso-bidi-font-size:11.0pt;\nline-height:115%;font-family:&amp;quot;Times New Roman&amp;quot;,serif;mso-fareast-font-family:\nCalibri;mso-ansi-language:EN-US;mso-fareast-language:EN-US;mso-bidi-language:\nAR-SA&quot;&gt;Dini memiliki tanaman hias setinggi 14 dm. Pada saat merapikan tanaman\ntersebut, Dini memotong bagian atas tanaman tersebut sehingga tingginya\nberkurang 24 cm. Setelah beberapa hari tanaman tersebut tingginya bertambah 20\nmm. Tinggi tanaman hias Dini sekarang adalah....cm&lt;/span&gt;',10,0),(27,3,'2','&lt;span style=&quot;font-size:12.0pt;mso-bidi-font-size:11.0pt;\nline-height:115%;font-family:&amp;quot;Times New Roman&amp;quot;,serif;mso-fareast-font-family:\nCalibri;mso-ansi-language:EN-US;mso-fareast-language:EN-US;mso-bidi-language:\nAR-SA&quot;&gt;Mang Parto bekerja membersihkan kebun selama 1 1/2&lt;/span&gt;&lt;!--[if gte msEquation 12]&gt;&lt;m:oMath&gt;&lt;i\n style=&#039;mso-bidi-font-style:normal&#039;&gt;&lt;span style=&#039;font-size:12.0pt;mso-bidi-font-size:\n 11.0pt;line-height:115%;font-family:&quot;Cambria Math&quot;,serif;mso-fareast-font-family:\n Calibri;mso-bidi-font-family:&quot;Times New Roman&quot;;mso-ansi-language:EN-US;\n mso-fareast-language:EN-US;mso-bidi-language:AR-SA&#039;&gt;&lt;m:r&gt;1&lt;/m:r&gt;&lt;/span&gt;&lt;/i&gt;&lt;m:f&gt;&lt;m:fPr&gt;&lt;span\n   style=&#039;font-size:12.0pt;mso-ansi-font-size:12.0pt;font-family:&quot;Cambria Math&quot;,serif;\n   mso-ascii-font-family:&quot;Cambria Math&quot;;mso-hansi-font-family:&quot;Cambria Math&quot;;\n   font-style:italic;mso-bidi-font-style:normal&#039;&gt;&lt;m:ctrlPr&gt;&lt;/m:ctrlPr&gt;&lt;/span&gt;&lt;/m:fPr&gt;&lt;m:num&gt;&lt;i\n   style=&#039;mso-bidi-font-style:normal&#039;&gt;&lt;span style=&#039;font-size:12.0pt;mso-bidi-font-size:\n   11.0pt;line-height:115%;font-family:&quot;Cambria Math&quot;,serif;mso-fareast-font-family:\n   Calibri;mso-bidi-font-family:&quot;Times New Roman&quot;;mso-ansi-language:EN-US;\n   mso-fareast-language:EN-US;mso-bidi-language:AR-SA&#039;&gt;&lt;m:r&gt;1&lt;/m:r&gt;&lt;/span&gt;&lt;/i&gt;&lt;/m:num&gt;&lt;m:den&gt;&lt;i\n   style=&#039;mso-bidi-font-style:normal&#039;&gt;&lt;span style=&#039;font-size:12.0pt;mso-bidi-font-size:\n   11.0pt;line-height:115%;font-family:&quot;Cambria Math&quot;,serif;mso-fareast-font-family:\n   Calibri;mso-bidi-font-family:&quot;Times New Roman&quot;;mso-ansi-language:EN-US;\n   mso-fareast-language:EN-US;mso-bidi-language:AR-SA&#039;&gt;&lt;m:r&gt;2&lt;/m:r&gt;&lt;/span&gt;&lt;/i&gt;&lt;/m:den&gt;&lt;/m:f&gt;&lt;/m:oMath&gt;&lt;![endif]--&gt;&lt;!--[if !msEquation]--&gt;&lt;span style=&quot;font-size:11.0pt;line-height:115%;font-family:&amp;quot;Calibri&amp;quot;,sans-serif;\nmso-fareast-font-family:Calibri;mso-bidi-font-family:&amp;quot;Times New Roman&amp;quot;;\nposition:relative;top:9.0pt;mso-text-raise:-9.0pt;mso-ansi-language:EN-US;\nmso-fareast-language:EN-US;mso-bidi-language:AR-SA&quot;&gt;&lt;v:shapetype id=&quot;_x0000_t75&quot; coordsize=&quot;21600,21600&quot; o:spt=&quot;75&quot; o:preferrelative=&quot;t&quot; path=&quot;m@4@5l@4@11@9@11@9@5xe&quot; filled=&quot;f&quot; stroked=&quot;f&quot;&gt;&lt;v:stroke joinstyle=&quot;miter&quot;&gt;&lt;v:formulas&gt;&lt;v:f eqn=&quot;if lineDrawn pixelLineWidth 0&quot;&gt;&lt;v:f eqn=&quot;sum @0 1 0&quot;&gt;&lt;v:f eqn=&quot;sum 0 0 @1&quot;&gt;&lt;v:f eqn=&quot;prod @2 1 2&quot;&gt;&lt;v:f eqn=&quot;prod @3 21600 pixelWidth&quot;&gt;&lt;v:f eqn=&quot;prod @3 21600 pixelHeight&quot;&gt;&lt;v:f eqn=&quot;sum @0 0 1&quot;&gt;&lt;v:f eqn=&quot;prod @6 1 2&quot;&gt;&lt;v:f eqn=&quot;prod @7 21600 pixelWidth&quot;&gt;&lt;v:f eqn=&quot;sum @8 21600 0&quot;&gt;&lt;v:f eqn=&quot;prod @7 21600 pixelHeight&quot;&gt;&lt;v:f eqn=&quot;sum @10 21600 0&quot;&gt;&lt;/v:f&gt;&lt;/v:f&gt;&lt;/v:f&gt;&lt;/v:f&gt;&lt;/v:f&gt;&lt;/v:f&gt;&lt;/v:f&gt;&lt;/v:f&gt;&lt;/v:f&gt;&lt;/v:f&gt;&lt;/v:f&gt;&lt;/v:f&gt;&lt;/v:formulas&gt;&lt;v:path o:extrusionok=&quot;f&quot; gradientshapeok=&quot;t&quot; o:connecttype=&quot;rect&quot;&gt;&lt;o:lock v:ext=&quot;edit&quot; aspectratio=&quot;t&quot;&gt;&lt;/o:lock&gt;&lt;/v:path&gt;&lt;/v:stroke&gt;&lt;/v:shapetype&gt;&lt;v:shape id=&quot;_x0000_i1025&quot; type=&quot;#_x0000_t75&quot; style=&quot;width:13.5pt;\n height:22.5pt&quot;&gt;&lt;v:imagedata src=&quot;file:///C:/Users/Bangkong/AppData/Local/Temp/msohtmlclip1/01/clip_image001.png&quot; o:title=&quot;&quot; chromakey=&quot;white&quot;&gt;&lt;/v:imagedata&gt;&lt;/v:shape&gt;&lt;/span&gt;&lt;!--[endif]--&gt;&lt;span style=&quot;font-size:12.0pt;mso-bidi-font-size:\n11.0pt;line-height:115%;font-family:&amp;quot;Times New Roman&amp;quot;,serif;mso-fareast-font-family:\n&amp;quot;Times New Roman&amp;quot;;mso-fareast-theme-font:minor-fareast;mso-ansi-language:EN-US;\nmso-fareast-language:EN-US;mso-bidi-language:AR-SA&quot;&gt;&amp;nbsp;&lt;/span&gt;&lt;span style=&quot;font-size:12.0pt;\nmso-bidi-font-size:11.0pt;line-height:115%;font-family:&amp;quot;Times New Roman&amp;quot;,serif;\nmso-fareast-font-family:Calibri;mso-ansi-language:EN-US;mso-fareast-language:\nEN-US;mso-bidi-language:AR-SA&quot;&gt;jam. Setelah itu dia memetik buah kelapa selama\n40 menit. Lama waktu Mang Parto bekerja adalah....menit.&lt;/span&gt;',10,0),(38,1,'2','&lt;font color=&quot;#9fa8b0&quot; face=&quot;Arial, Tahoma&quot;&gt;&lt;span style=&quot;font-size: 13px;&quot;&gt;Contoh olahraga adalah seperti berikut , kecuali ....&lt;/span&gt;&lt;/font&gt;',10,0),(39,1,'2','&lt;font color=&quot;#9fa8b0&quot; face=&quot;Arial, Tahoma&quot;&gt;&lt;span style=&quot;font-size: 13px;&quot;&gt;Pagi ini , kesebelasan Sukasari ... kesebelasan Maju Bersama.&lt;/span&gt;&lt;/font&gt;',10,0),(40,1,'2','&lt;div&gt;&lt;font color=&quot;#9fa8b0&quot; face=&quot;Arial, Tahoma&quot;&gt;&lt;span style=&quot;font-size: 13px;&quot;&gt;Petani melon di Baki mengalami (rugi). Kata di dalam kurung seharusnya ....&lt;/span&gt;&lt;/font&gt;&lt;/div&gt;',10,0),(41,1,'2','&lt;font color=&quot;#9fa8b0&quot; face=&quot;Arial, Tahoma&quot;&gt;&lt;span style=&quot;font-size: 13px;&quot;&gt;Tanaman hidroponik adalah ....&lt;/span&gt;&lt;/font&gt;',10,0),(42,1,'2','&lt;font color=&quot;#9fa8b0&quot; face=&quot;Arial, Tahoma&quot;&gt;&lt;span style=&quot;font-size: 13px;&quot;&gt;Ibu sering mengirim uang padaku. Uang tersebut dikirim melalui kantor pos dengan ....&lt;/span&gt;&lt;/font&gt;',10,0),(43,1,'2','&lt;div&gt;&lt;font color=&quot;#9fa8b0&quot; face=&quot;Arial, Tahoma&quot;&gt;&lt;span style=&quot;font-size: 13px;&quot;&gt;Semen selain sebagai perekat batu bata , juga dapat dipakai sebagai barang berikut , kecuali ....&lt;/span&gt;&lt;/font&gt;&lt;/div&gt;',10,0),(44,1,'2','Wesel pos biasanya dibeli di ....',10,0),(45,1,'2','&lt;div&gt;&lt;font color=&quot;#9fa8b0&quot; face=&quot;Arial, Tahoma&quot;&gt;&lt;span style=&quot;font-size: 13px;&quot;&gt;Saat berlibur , ibu membeli cinderamata. Sinonim kata cinderamata ialah ....&lt;/span&gt;&lt;/font&gt;&lt;/div&gt;&lt;div style=&quot;color: rgb(159, 168, 176); font-family: Arial, Tahoma; font-size: 13px;&quot;&gt;&lt;br&gt;&lt;/div&gt;',10,0),(46,1,'2','&lt;font color=&quot;#9fa8b0&quot; face=&quot;Arial, Tahoma&quot;&gt;&lt;span style=&quot;font-size: 13px;&quot;&gt;Kakak menari tari bali. Arti kata menari adalah ....&lt;/span&gt;&lt;/font&gt;',10,0),(47,1,'2','&lt;font color=&quot;#9fa8b0&quot; face=&quot;Arial, Tahoma&quot;&gt;&lt;span style=&quot;font-size: 13px;&quot;&gt;Ki Hajar Dewantara adalah tokoh ....&lt;/span&gt;&lt;/font&gt;',10,0),(48,1,'2','&lt;font color=&quot;#9fa8b0&quot; face=&quot;Arial, Tahoma&quot;&gt;&lt;span style=&quot;font-size: 13px;&quot;&gt;Piagam Jakarta disusun oleh panitia...&lt;/span&gt;&lt;/font&gt;',10,0),(49,4,'2','&lt;font color=&quot;#9fa8b0&quot; face=&quot;Arial, Tahoma&quot;&gt;&lt;span style=&quot;font-size: 13px;&quot;&gt;Piagam Jakarta disusun oleh panitia...&lt;/span&gt;&lt;/font&gt;',10,0),(50,4,'2','&lt;font color=&quot;#9fa8b0&quot; face=&quot;Arial, Tahoma&quot;&gt;&lt;span style=&quot;font-size: 13px;&quot;&gt;Ketua Panitia Persiapan Kemerdekaan Indonesia (PPKI) adalah...&lt;/span&gt;&lt;/font&gt;',10,0),(51,4,'2','&lt;font color=&quot;#9fa8b0&quot; face=&quot;Arial, Tahoma&quot;&gt;&lt;span style=&quot;font-size: 13px;&quot;&gt;Lahirnya Budi Utomo diperingati sebagai hari...&lt;/span&gt;&lt;/font&gt;',10,0),(52,4,'2','&lt;font color=&quot;#9fa8b0&quot; face=&quot;Arial, Tahoma&quot;&gt;&lt;span style=&quot;font-size: 13px;&quot;&gt;Kemerdekaan merupakan hak azasi setiap&lt;/span&gt;&lt;/font&gt;',10,0),(53,4,'2','&lt;font color=&quot;#9fa8b0&quot; face=&quot;Arial, Tahoma&quot;&gt;&lt;span style=&quot;font-size: 13px;&quot;&gt;Sila Kemanusiaan yang adil dan beradab mengandung nilai ...&lt;/span&gt;&lt;/font&gt;',10,0),(54,4,'2','&lt;font color=&quot;#9fa8b0&quot; face=&quot;Arial, Tahoma&quot;&gt;&lt;span style=&quot;font-size: 13px;&quot;&gt;Pancasila harus menjadi pedoman bagi...&lt;/span&gt;&lt;/font&gt;',10,0),(55,4,'2','&lt;font color=&quot;#9fa8b0&quot; face=&quot;Arial, Tahoma&quot;&gt;&lt;span style=&quot;font-size: 13px;&quot;&gt;BPUPKI dibubarkan dan diganti PPKI pada tanggal...Agustus 1945&lt;/span&gt;&lt;/font&gt;',10,0),(56,4,'2','&lt;font color=&quot;#9fa8b0&quot; face=&quot;Arial, Tahoma&quot;&gt;&lt;span style=&quot;font-size: 13px;&quot;&gt;Dasar negara Indonesia adalah &lt;/span&gt;&lt;/font&gt;',10,0),(57,4,'2','&lt;font color=&quot;#9fa8b0&quot; face=&quot;Arial, Tahoma&quot;&gt;&lt;span style=&quot;font-size: 13px;&quot;&gt;Piagam Jakarta disebut juga Jakarta&lt;/span&gt;&lt;/font&gt;',10,0),(58,4,'2','&lt;font color=&quot;#9fa8b0&quot; face=&quot;Arial, Tahoma&quot;&gt;&lt;span style=&quot;font-size: 13px;&quot;&gt;Gambar padi dan kapas pada Pancasila, melambangkan sila ...&lt;/span&gt;&lt;/font&gt;',10,0),(59,4,'2','&lt;font color=&quot;#9fa8b0&quot; face=&quot;Arial, Tahoma&quot;&gt;&lt;span style=&quot;font-size: 13px;&quot;&gt;Tokoh PPKI yang lahir di Blitar tanggal 6 Juni 1901 adalah ...&lt;/span&gt;&lt;/font&gt;',10,0),(60,4,'2','&lt;font color=&quot;#9fa8b0&quot; face=&quot;Arial, Tahoma&quot;&gt;&lt;span style=&quot;font-size: 13px;&quot;&gt;Perilaku warga negara sehari-hari harus berpedoman pada...&lt;/span&gt;&lt;/font&gt;',10,0);

/*Table structure for table `reports` */

DROP TABLE IF EXISTS `reports`;

CREATE TABLE `reports` (
  `id` int(11) NOT NULL AUTO_INCREMENT,
  `active` int(1) NOT NULL,
  `post_id` int(11) NOT NULL,
  `reporter_id` int(11) NOT NULL,
  `status` int(1) NOT NULL DEFAULT '0',
  `timestamp` timestamp NOT NULL DEFAULT CURRENT_TIMESTAMP ON UPDATE CURRENT_TIMESTAMP,
  `type` enum('story','comment') COLLATE utf8_unicode_ci NOT NULL DEFAULT 'story',
  PRIMARY KEY (`id`),
  KEY `post_id` (`post_id`),
  KEY `reporter_id` (`reporter_id`),
  KEY `type` (`type`)
) ENGINE=InnoDB AUTO_INCREMENT=3 DEFAULT CHARSET=utf8 COLLATE=utf8_unicode_ci;

/*Data for the table `reports` */

insert  into `reports`(`id`,`active`,`post_id`,`reporter_id`,`status`,`timestamp`,`type`) values (1,1,6,70,0,'2017-03-03 23:28:31','story'),(2,1,38,38,0,'2017-03-12 13:38:21','story');

/*Table structure for table `resources` */

DROP TABLE IF EXISTS `resources`;

CREATE TABLE `resources` (
  `id` int(11) NOT NULL AUTO_INCREMENT,
  `category` int(5) DEFAULT NULL,
  `title` varchar(30) DEFAULT NULL,
  `content` text NOT NULL,
  PRIMARY KEY (`id`)
) ENGINE=MyISAM AUTO_INCREMENT=15 DEFAULT CHARSET=latin1;

/*Data for the table `resources` */

insert  into `resources`(`id`,`category`,`title`,`content`) values (1,8,'How Secure Is My Password?','It has been said that astronomy is a humbling and character-building experience. There is perhaps no better demonstration of the folly of human conceits than this distant image of our tiny world. To me, it underscores our responsibility to deal more kindly with one another, and to preserve and cherish the pale blue dot, the only home weve ever known.&lt;/span&gt;&lt;/font&gt;&lt;/p&gt;&lt;p style=&quot;box-sizing: border-box; margin: 0px 0px 24px; background-color: rgb(255, 255, 255);&quot;&gt;&lt;font color=&quot;#383838&quot; face=&quot;Open Sans, Helvetica, Arial, sans-serif&quot;&gt;&lt;span style=&quot;font-size: 15px; line-height: 24px;&quot;&gt;&amp;nbsp;Think of the rivers of blood spilled by all those generals and emperors so that, in glory and triumph, they could become the momentary masters of a fraction of a dot.It has been said that astronomy is a humbling and character-building experience. There is perhaps no better demonstration of the folly of human conceits than this distant image of our tiny world. To me, it underscores our responsibility to deal more kindly with one another, and to preserve and cherish the pale blue dot, the only home weve ever known. The Earth is a very small stage in a vast cosmic arena. Think of the rivers of blood spilled by all those generals and emperors so that, in glory and triumph, they could become the momentary masters of a fraction of a dot.&lt;/span&gt;&lt;/font&gt;&lt;/p&gt;&lt;p style=&quot;box-sizing: border-box; margin: 0px 0px 24px; background-color: rgb(255, 255, 255);&quot;&gt;&lt;font color=&quot;#383838&quot; face=&quot;Open Sans, Helvetica, Arial, sans-serif&quot;&gt;&lt;span style=&quot;font-size: 15px; line-height: 24px;&quot;&gt;&lt;b&gt;It has been said that astronomy is a humbling and character-building experience.&amp;nbsp;&lt;/b&gt;&lt;/span&gt;&lt;/font&gt;&lt;/p&gt;&lt;p style=&quot;box-sizing: border-box; margin: 0px 0px 24px; background-color: rgb(255, 255, 255);&quot;&gt;&lt;font color=&quot;#383838&quot; face=&quot;Open Sans, Helvetica, Arial, sans-serif&quot;&gt;&lt;span style=&quot;font-size: 15px; line-height: 24px;&quot;&gt;There is perhaps no better demonstration of the folly of human conceits than this distant image of our tiny world. To me, it underscores our responsibility to deal more kindly with one another, and to preserve and cherish the pale blue dot, the only home weve ever known. The Earth is a very small stage in a vast cosmic arena. Think of the rivers of blood spilled by all those generals and emperors so that, in glory and triumph, they could become the momentary masters of a fraction of a dot.&lt;/span&gt;&lt;/font&gt;&lt;/p&gt;&lt;p style=&quot;box-sizing: border-box; margin: 0px 0px 24px; background-color: rgb(255, 255, 255);&quot;&gt;&lt;font color=&quot;#383838&quot; face=&quot;Open Sans, Helvetica, Arial, sans-serif&quot;&gt;&lt;span style=&quot;font-size: 15px; line-height: 24px;&quot;&gt;It has been said that astronomy is a humbling and character-building experience. There is perhaps no better demonstration of the folly of human conceits than this distant image of our tiny world. To me, it underscores our responsibility to deal more kindly with one another, and to preserve and cherish the pale blue dot, the only home weve ever known. The Earth is a very small stage in a vast cosmic arena. Think of the rivers of blood spilled by all those generals and emperors so that, in glory and triumph, they could become the momentary masters of a fraction of a dot.&lt;/span&gt;'),(2,8,'Recommended Plugins','&lt;p style=&quot;box-sizing: border-box; margin: 0px 0px 24px; color: rgb(56, 56, 56); font-family: &#039;Open Sans&#039;, Helvetica, Arial, sans-serif; font-size: 15px; line-height: 24px; background-color: rgb(255, 255, 255);&quot;&gt;It has been said that astronomy is a humbling and character-building experience. There is perhaps no better demonstration of the folly of human conceits than this distant image of our tiny world. To me, it underscores our responsibility to deal more kindly with one another, and to preserve and cherish the pale blue dot, the only home weve ever known. The Earth is a very small stage in a vast cosmic arena. Think of the rivers of blood spilled by all those generals and emperors so that, in glory and triumph, they could become the momentary masters of a fraction of a dot. Think of the endless cruelties visited by the inhabitants of one corner of this pixel on the scarcely distinguishable inhabitants of some other corner, how frequent their misunderstandings, how eager they are to kill one another, how fervent their hatreds.&lt;/p&gt;&lt;h2 style=&quot;box-sizing: border-box; font-size: 26px; margin: 36px 0px 24px; color: rgb(26, 26, 26); line-height: 32px; font-family: &#039;Open Sans&#039;, Helvetica, Arial, sans-serif; background-color: rgb(255, 255, 255);&quot;&gt;The Earth&lt;/h2&gt;&lt;p style=&quot;box-sizing: border-box; margin: 0px 0px 24px; color: rgb(56, 56, 56); font-family: &#039;Open Sans&#039;, Helvetica, Arial, sans-serif; font-size: 15px; line-height: 24px; background-color: rgb(255, 255, 255);&quot;&gt;Look again at that dot. Thats here. Thats home. Thats us. On it everyone you love, everyone you know, everyone you ever heard of,&lt;strong style=&quot;box-sizing: border-box;&quot;&gt;&amp;nbsp;every human being&lt;/strong&gt;&amp;nbsp;who ever was, lived out their lives. The aggregate of our joy and suffering, thousands of confident religions, ideologies, and economic doctrines, every hunter and forager, every hero and coward, every creator and destroyer of civilization, every king and peasant, every young couple in love, every mother and father, hopeful child, inventor and explorer, every teacher of morals, every corrupt politician, every superstar, every supreme leader, every saint and sinner in the history of our species lived thereon a mote of dust suspended in a sunbeam.&lt;/p&gt;'),(5,9,'What Technologies Are Used?','&lt;p style=&quot;box-sizing: border-box; margin: 0px 0px 24px; color: rgb(56, 56, 56); font-family: &#039;Open Sans&#039;, Helvetica, Arial, sans-serif; font-size: 15px; line-height: 24px; background-color: rgb(255, 255, 255);&quot;&gt;It has been said that astronomy is a humbling and character-building experience. There is perhaps no better demonstration of the folly of human conceits than this distant image of our tiny world. To me, it underscores our responsibility to deal more kindly with one another, and to preserve and cherish the pale blue dot, the only home weve ever known. The Earth is a very small stage in a vast cosmic arena. Think of the rivers of blood spilled by all those generals and emperors so that, in glory and triumph, they could become the momentary masters of a fraction of a dot. Think of the endless cruelties visited by the inhabitants of one corner of this pixel on the scarcely distinguishable inhabitants of some other corner, how frequent their misunderstandings, how eager they are to kill one another, how fervent their hatreds.&lt;/p&gt;&lt;h2 style=&quot;box-sizing: border-box; font-size: 26px; margin: 36px 0px 24px; color: rgb(26, 26, 26); line-height: 32px; font-family: &#039;Open Sans&#039;, Helvetica, Arial, sans-serif; background-color: rgb(255, 255, 255);&quot;&gt;The Earth&lt;/h2&gt;&lt;p style=&quot;box-sizing: border-box; margin: 0px 0px 24px; color: rgb(56, 56, 56); font-family: &#039;Open Sans&#039;, Helvetica, Arial, sans-serif; font-size: 15px; line-height: 24px; background-color: rgb(255, 255, 255);&quot;&gt;Look again at that dot. Thats here. Thats home. Thats us. On it everyone you love, everyone you know, everyone you ever heard of,&lt;strong style=&quot;box-sizing: border-box;&quot;&gt;&amp;nbsp;every human being&lt;/strong&gt;&amp;nbsp;who ever was, lived out their lives. The aggregate of our joy and suffering, thousands of confident religions, ideologies, and economic doctrines, every hunter and forager, every hero and coward, every creator and destroyer of civilization, every king and peasant, every young couple in love, every mother and father, hopeful child, inventor and explorer, every teacher of morals, every corrupt politician, every superstar, every supreme leader, every saint and sinner in the history of our species lived thereon a mote of dust suspended in a sunbeam.&lt;/p&gt;&lt;h3 style=&quot;box-sizing: border-box; font-size: 24px; margin: 36px 0px 24px; color: rgb(26, 26, 26); line-height: 30px; font-family: &#039;Open Sans&#039;, Helvetica, Arial, sans-serif; background-color: rgb(255, 255, 255);&quot;&gt;Houston&lt;/h3&gt;&lt;p style=&quot;box-sizing: border-box; margin: 0px 0px 24px; color: rgb(56, 56, 56); font-family: &#039;Open Sans&#039;, Helvetica, Arial, sans-serif; font-size: 15px; line-height: 24px; background-color: rgb(255, 255, 255);&quot;&gt;that may have seemed like a very long final phase. The autotargeting was taking us right into a  crater, with a large number of big boulders and rocks  and it required  flying manually over the rock field to find a reasonably good area.&lt;/p&gt;&lt;ul style=&quot;box-sizing: border-box; margin: 0px 0px 24px 48px; padding: 0px; color: rgb(56, 56, 56); font-family: &#039;Open Sans&#039;, Helvetica, Arial, sans-serif; font-size: 15px; line-height: 24px; background-color: rgb(255, 255, 255);&quot;&gt;&lt;li style=&quot;box-sizing: border-box; padding-left: 6px; margin-bottom: 12px;&quot;&gt;I am a stranger. I come in peace. Take me to your leader and there will be a massive reward for you in eternity.&lt;/li&gt;&lt;li style=&quot;box-sizing: border-box; padding-left: 6px; margin-bottom: 12px;&quot;&gt;A good rule for rocket experimenters to follow is this: always assume that it will explode.&lt;/li&gt;&lt;li style=&quot;box-sizing: border-box; padding-left: 6px; margin-bottom: 12px;&quot;&gt;Lets light this fire one more time, Mike, and witness this great nation at its best.&lt;/li&gt;&lt;li style=&quot;box-sizing: border-box; padding-left: 6px; margin-bottom: 12px;&quot;&gt;Its just mind-blowingly awesome. I apologize, and I wish I was more articulate, but its hard to be articulate when your minds blownbut in a very good way.&lt;/li&gt;&lt;/ul&gt;&lt;p style=&quot;box-sizing: border-box; margin: 0px 0px 24px; color: rgb(56, 56, 56); font-family: &#039;Open Sans&#039;, Helvetica, Arial, sans-serif; font-size: 15px; line-height: 24px; background-color: rgb(255, 255, 255);&quot;&gt;The view of the Earth from the Moon fascinated mea small disk, 240,000 miles away. It was hard to think that that little thing held so many problems, so many frustrations. Raging nationalistic interests, famines, wars, pestilence dont show from that distance.&lt;/p&gt;&lt;h3 style=&quot;box-sizing: border-box; font-size: 24px; margin: 36px 0px 24px; color: rgb(26, 26, 26); line-height: 30px; font-family: &#039;Open Sans&#039;, Helvetica, Arial, sans-serif; background-color: rgb(255, 255, 255);&quot;&gt;Flight Control&lt;/h3&gt;&lt;p style=&quot;box-sizing: border-box; margin: 0px 0px 24px; color: rgb(56, 56, 56); font-family: &#039;Open Sans&#039;, Helvetica, Arial, sans-serif; font-size: 15px; line-height: 24px; background-color: rgb(255, 255, 255);&quot;&gt;From this day forward, Flight Control will be known by two words: Tough and Competent. Tough means we are forever accountable for what we do or what we fail to do. We will never again compromise our responsibilities. Every time we walk into Mission Control we will know what we stand for. Competent means we will never take anything for granted. We will never be found short in our knowledge and in our skills. Mission Control will be perfect. When you leave this meeting today you will go to your office and the first thing you will do there is to write Tough and Competent on your blackboards. It will never be erased. Each day when you enter the room these words will remind you of the price paid by Grissom, White, and Chaffee. These words are the price of admission to the ranks of Mission Control.&lt;/p&gt;&lt;ol style=&quot;box-sizing: border-box; margin: 0px 0px 24px 48px; padding: 0px; color: rgb(56, 56, 56); font-family: &#039;Open Sans&#039;, Helvetica, Arial, sans-serif; font-size: 15px; line-height: 24px; background-color: rgb(255, 255, 255);&quot;&gt;&lt;li style=&quot;box-sizing: border-box; padding-left: 6px; margin-bottom: 12px;&quot;&gt;Its just mind-blowingly awesome. I apologize, and I wish I was more articulate, but its hard to be articulate when your minds blownbut in a very good way.&lt;/li&gt;&lt;li style=&quot;box-sizing: border-box; padding-left: 6px; margin-bottom: 12px;&quot;&gt;The vehicle explodes, literally explodes, off the pad. The simulator shakes you a little bit, but the actual liftoff shakes your entire body and soul.&lt;/li&gt;&lt;li style=&quot;box-sizing: border-box; padding-left: 6px; margin-bottom: 12px;&quot;&gt;The surface is fine and powdery. I can kick it up loosely with my toe.&lt;/li&gt;&lt;/ol&gt;&lt;p style=&quot;box-sizing: border-box; margin: 0px 0px 24px; color: rgb(56, 56, 56); font-family: &#039;Open Sans&#039;, Helvetica, Arial, sans-serif; font-size: 15px; line-height: 24px; background-color: rgb(255, 255, 255);&quot;&gt;The vehicle explodes, literally explodes, off the pad. The simulator shakes you a little bit, but the actual liftoff shakes your entire body and soul.&lt;/p&gt;&lt;h2 style=&quot;box-sizing: border-box; font-size: 26px; margin: 36px 0px 24px; color: rgb(26, 26, 26); line-height: 32px; font-family: &#039;Open Sans&#039;, Helvetica, Arial, sans-serif; background-color: rgb(255, 255, 255);&quot;&gt;The Future&lt;/h2&gt;&lt;p style=&quot;box-sizing: border-box; margin: 0px 0px 24px; color: rgb(56, 56, 56); font-family: &#039;Open Sans&#039;, Helvetica, Arial, sans-serif; font-size: 15px; line-height: 24px; background-color: rgb(255, 255, 255);&quot;&gt;I am a stranger. I come in peace. Take me to your leader and there will be a massive reward for you in eternity.&lt;/p&gt;'),(4,9,'Chaning The KnowHow Header','&lt;p style=&quot;box-sizing: border-box; margin: 0px 0px 24px; color: rgb(56, 56, 56); font-family: &#039;Open Sans&#039;, Helvetica, Arial, sans-serif; font-size: 15px; line-height: 24px; background-color: rgb(255, 255, 255);&quot;&gt;It has been said that astronomy is a humbling and character-building experience. There is perhaps no better demonstration of the folly of human conceits than this distant image of our tiny world. To me, it underscores our responsibility to deal more kindly with one another, and to preserve and cherish the pale blue dot, the only home weve ever known. The Earth is a very small stage in a vast cosmic arena. Think of the rivers of blood spilled by all those generals and emperors so that, in glory and triumph, they could become the momentary masters of a fraction of a dot. Think of the endless cruelties visited by the inhabitants of one corner of this pixel on the scarcely distinguishable inhabitants of some other corner, how frequent their misunderstandings, how eager they are to kill one another, how fervent their hatreds.&lt;/p&gt;&lt;h2 style=&quot;box-sizing: border-box; font-size: 26px; margin: 36px 0px 24px; color: rgb(26, 26, 26); line-height: 32px; font-family: &#039;Open Sans&#039;, Helvetica, Arial, sans-serif; background-color: rgb(255, 255, 255);&quot;&gt;The Earth&lt;/h2&gt;&lt;p style=&quot;box-sizing: border-box; margin: 0px 0px 24px; color: rgb(56, 56, 56); font-family: &#039;Open Sans&#039;, Helvetica, Arial, sans-serif; font-size: 15px; line-height: 24px; background-color: rgb(255, 255, 255);&quot;&gt;Look again at that dot. Thats here. Thats home. Thats us. On it everyone you love, everyone you know, everyone you ever heard of,&lt;strong style=&quot;box-sizing: border-box;&quot;&gt;&amp;nbsp;every human being&lt;/strong&gt;&amp;nbsp;who ever was, lived out their lives. The aggregate of our joy and suffering, thousands of confident religions, ideologies, and economic doctrines, every hunter and forager, every hero and coward, every creator and destroyer of civilization, every king and peasant, every young couple in love, every mother and father, hopeful child, inventor and explorer, every teacher of morals, every corrupt politician, every superstar, every supreme leader, every saint and sinner in the history of our species lived thereon a mote of dust suspended in a sunbeam.&lt;/p&gt;'),(6,8,'Customizing The Theme Colors','&lt;p style=&quot;box-sizing: border-box; margin: 0px 0px 24px; color: rgb(56, 56, 56); font-family: &#039;Open Sans&#039;, Helvetica, Arial, sans-serif; font-size: 15px; line-height: 24px; background-color: rgb(255, 255, 255);&quot;&gt;It has been said that astronomy is a humbling and character-building experience. There is perhaps no better demonstration of the folly of human conceits than this distant image of our tiny world. To me, it underscores our responsibility to deal more kindly with one another, and to preserve and cherish the pale blue dot, the only home weve ever known. The Earth is a very small stage in a vast cosmic arena. Think of the rivers of blood spilled by all those generals and emperors so that, in glory and triumph, they could become the momentary masters of a fraction of a dot. Think of the endless cruelties visited by the inhabitants of one corner of this pixel on the scarcely distinguishable inhabitants of some other corner, how frequent their misunderstandings, how eager they are to kill one another, how fervent their hatreds.&lt;/p&gt;&lt;h2 style=&quot;box-sizing: border-box; font-size: 26px; margin: 36px 0px 24px; color: rgb(26, 26, 26); line-height: 32px; font-family: &#039;Open Sans&#039;, Helvetica, Arial, sans-serif; background-color: rgb(255, 255, 255);&quot;&gt;The Earth&lt;/h2&gt;&lt;p style=&quot;box-sizing: border-box; margin: 0px 0px 24px; color: rgb(56, 56, 56); font-family: &#039;Open Sans&#039;, Helvetica, Arial, sans-serif; font-size: 15px; line-height: 24px; background-color: rgb(255, 255, 255);&quot;&gt;Look again at that dot. Thats here. Thats home. Thats us. On it everyone you love, everyone you know, everyone you ever heard of,&lt;strong style=&quot;box-sizing: border-box;&quot;&gt;&amp;nbsp;every human being&lt;/strong&gt;&amp;nbsp;who ever was, lived out their lives. The aggregate of our joy and suffering, thousands of confident religions, ideologies, and economic doctrines, every hunter and forager, every hero and coward, every creator and destroyer of civilization, every king and peasant, every young couple in love, every mother and father, hopeful child, inventor and explorer, every teacher of morals, every corrupt politician, every superstar, every supreme leader, every saint and sinner in the history of our species lived thereon a mote of dust suspended in a sunbeam.&lt;/p&gt;&lt;h3 style=&quot;box-sizing: border-box; font-size: 24px; margin: 36px 0px 24px; color: rgb(26, 26, 26); line-height: 30px; font-family: &#039;Open Sans&#039;, Helvetica, Arial, sans-serif; background-color: rgb(255, 255, 255);&quot;&gt;Houston&lt;/h3&gt;&lt;p style=&quot;box-sizing: border-box; margin: 0px 0px 24px; color: rgb(56, 56, 56); font-family: &#039;Open Sans&#039;, Helvetica, Arial, sans-serif; font-size: 15px; line-height: 24px; background-color: rgb(255, 255, 255);&quot;&gt;that may have seemed like a very long final phase. The autotargeting was taking us right into a  crater, with a large number of big boulders and rocks  and it required  flying manually over the rock field to find a reasonably good area.&lt;/p&gt;&lt;ul style=&quot;box-sizing: border-box; margin: 0px 0px 24px 48px; padding: 0px; color: rgb(56, 56, 56); font-family: &#039;Open Sans&#039;, Helvetica, Arial, sans-serif; font-size: 15px; line-height: 24px; background-color: rgb(255, 255, 255);&quot;&gt;&lt;li style=&quot;box-sizing: border-box; padding-left: 6px; margin-bottom: 12px;&quot;&gt;I am a stranger. I come in peace. Take me to your leader and there will be a massive reward for you in eternity.&lt;/li&gt;&lt;li style=&quot;box-sizing: border-box; padding-left: 6px; margin-bottom: 12px;&quot;&gt;A good rule for rocket experimenters to follow is this: always assume that it will explode.&lt;/li&gt;&lt;li style=&quot;box-sizing: border-box; padding-left: 6px; margin-bottom: 12px;&quot;&gt;Lets light this fire one more time, Mike, and witness this great nation at its best.&lt;/li&gt;&lt;li style=&quot;box-sizing: border-box; padding-left: 6px; margin-bottom: 12px;&quot;&gt;Its just mind-blowingly awesome. I apologize, and I wish I was more articulate, but its hard to be articulate when your minds blownbut in a very good way.&lt;/li&gt;&lt;/ul&gt;&lt;p style=&quot;box-sizing: border-box; margin: 0px 0px 24px; color: rgb(56, 56, 56); font-family: &#039;Open Sans&#039;, Helvetica, Arial, sans-serif; font-size: 15px; line-height: 24px; background-color: rgb(255, 255, 255);&quot;&gt;The view of the Earth from the Moon fascinated mea small disk, 240,000 miles away. It was hard to think that that little thing held so many problems, so many frustrations. Raging nationalistic interests, famines, wars, pestilence dont show from that distance.&lt;/p&gt;&lt;h3 style=&quot;box-sizing: border-box; font-size: 24px; margin: 36px 0px 24px; color: rgb(26, 26, 26); line-height: 30px; font-family: &#039;Open Sans&#039;, Helvetica, Arial, sans-serif; background-color: rgb(255, 255, 255);&quot;&gt;Flight Control&lt;/h3&gt;&lt;p style=&quot;box-sizing: border-box; margin: 0px 0px 24px; color: rgb(56, 56, 56); font-family: &#039;Open Sans&#039;, Helvetica, Arial, sans-serif; font-size: 15px; line-height: 24px; background-color: rgb(255, 255, 255);&quot;&gt;From this day forward, Flight Control will be known by two words: Tough and Competent. Tough means we are forever accountable for what we do or what we fail to do. We will never again compromise our responsibilities. Every time we walk into Mission Control we will know what we stand for. Competent means we will never take anything for granted. We will never be found short in our knowledge and in our skills. Mission Control will be perfect. When you leave this meeting today you will go to your office and the first thing you will do there is to write Tough and Competent on your blackboards. It will never be erased. Each day when you enter the room these words will remind you of the price paid by Grissom, White, and Chaffee. These words are the price of admission to the ranks of Mission Control.&lt;/p&gt;&lt;ol style=&quot;box-sizing: border-box; margin: 0px 0px 24px 48px; padding: 0px; color: rgb(56, 56, 56); font-family: &#039;Open Sans&#039;, Helvetica, Arial, sans-serif; font-size: 15px; line-height: 24px; background-color: rgb(255, 255, 255);&quot;&gt;&lt;li style=&quot;box-sizing: border-box; padding-left: 6px; margin-bottom: 12px;&quot;&gt;Its just mind-blowingly awesome. I apologize, and I wish I was more articulate, but its hard to be articulate when your minds blownbut in a very good way.&lt;/li&gt;&lt;li style=&quot;box-sizing: border-box; padding-left: 6px; margin-bottom: 12px;&quot;&gt;The vehicle explodes, literally explodes, off the pad. The simulator shakes you a little bit, but the actual liftoff shakes your entire body and soul.&lt;/li&gt;&lt;li style=&quot;box-sizing: border-box; padding-left: 6px; margin-bottom: 12px;&quot;&gt;The surface is fine and powdery. I can kick it up loosely with my toe.&lt;/li&gt;&lt;/ol&gt;&lt;p style=&quot;box-sizing: border-box; margin: 0px 0px 24px; color: rgb(56, 56, 56); font-family: &#039;Open Sans&#039;, Helvetica, Arial, sans-serif; font-size: 15px; line-height: 24px; background-color: rgb(255, 255, 255);&quot;&gt;The vehicle explodes, literally explodes, off the pad. The simulator shakes you a little bit, but the actual liftoff shakes your entire body and soul.&lt;/p&gt;&lt;h2 style=&quot;box-sizing: border-box; font-size: 26px; margin: 36px 0px 24px; color: rgb(26, 26, 26); line-height: 32px; font-family: &#039;Open Sans&#039;, Helvetica, Arial, sans-serif; background-color: rgb(255, 255, 255);&quot;&gt;The Future&lt;/h2&gt;&lt;p style=&quot;box-sizing: border-box; margin: 0px 0px 24px; color: rgb(56, 56, 56); font-family: &#039;Open Sans&#039;, Helvetica, Arial, sans-serif; font-size: 15px; line-height: 24px; background-color: rgb(255, 255, 255);&quot;&gt;I am a stranger. I come in peace. Take me to your leader and there will be a massive reward for you in eternity.&lt;/p&gt;'),(7,9,'Recommended Plugins','&lt;p style=&quot;box-sizing: border-box; margin: 0px 0px 24px; color: rgb(56, 56, 56); font-family: &#039;Open Sans&#039;, Helvetica, Arial, sans-serif; font-size: 15px; line-height: 24px; background-color: rgb(255, 255, 255);&quot;&gt;It has been said that astronomy is a humbling and character-building experience. There is perhaps no better demonstration of the folly of human conceits than this distant image of our tiny world. To me, it underscores our responsibility to deal more kindly with one another, and to preserve and cherish the pale blue dot, the only home weve ever known. The Earth is a very small stage in a vast cosmic arena. Think of the rivers of blood spilled by all those generals and emperors so that, in glory and triumph, they could become the momentary masters of a fraction of a dot. Think of the endless cruelties visited by the inhabitants of one corner of this pixel on the scarcely distinguishable inhabitants of some other corner, how frequent their misunderstandings, how eager they are to kill one another, how fervent their hatreds.&lt;/p&gt;&lt;h2 style=&quot;box-sizing: border-box; font-size: 26px; margin: 36px 0px 24px; color: rgb(26, 26, 26); line-height: 32px; font-family: &#039;Open Sans&#039;, Helvetica, Arial, sans-serif; background-color: rgb(255, 255, 255);&quot;&gt;The Earth&lt;/h2&gt;&lt;p style=&quot;box-sizing: border-box; margin: 0px 0px 24px; color: rgb(56, 56, 56); font-family: &#039;Open Sans&#039;, Helvetica, Arial, sans-serif; font-size: 15px; line-height: 24px; background-color: rgb(255, 255, 255);&quot;&gt;Look again at that dot. Thats here. Thats home. Thats us. On it everyone you love, everyone you know, everyone you ever heard of,&lt;strong style=&quot;box-sizing: border-box;&quot;&gt;&amp;nbsp;every human being&lt;/strong&gt;&amp;nbsp;who ever was, lived out their lives. The aggregate of our joy and suffering, thousands of confident religions, ideologies, and economic doctrines, every hunter and forager, every hero and coward, every creator and destroyer of civilization, every king and peasant, every young couple in love, every mother and father, hopeful child, inventor and explorer, every teacher of morals, every corrupt politician, every superstar, every supreme leader, every saint and sinner in the history of our species lived thereon a mote of dust suspended in a sunbeam.&lt;/p&gt;&lt;h3 style=&quot;box-sizing: border-box; font-size: 24px; margin: 36px 0px 24px; color: rgb(26, 26, 26); line-height: 30px; font-family: &#039;Open Sans&#039;, Helvetica, Arial, sans-serif; background-color: rgb(255, 255, 255);&quot;&gt;Houston&lt;/h3&gt;&lt;p style=&quot;box-sizing: border-box; margin: 0px 0px 24px; color: rgb(56, 56, 56); font-family: &#039;Open Sans&#039;, Helvetica, Arial, sans-serif; font-size: 15px; line-height: 24px; background-color: rgb(255, 255, 255);&quot;&gt;that may have seemed like a very long final phase. The autotargeting was taking us right into a  crater, with a large number of big boulders and rocks  and it required  flying manually over the rock field to find a reasonably good area.&lt;/p&gt;&lt;ul style=&quot;box-sizing: border-box; margin: 0px 0px 24px 48px; padding: 0px; color: rgb(56, 56, 56); font-family: &#039;Open Sans&#039;, Helvetica, Arial, sans-serif; font-size: 15px; line-height: 24px; background-color: rgb(255, 255, 255);&quot;&gt;&lt;li style=&quot;box-sizing: border-box; padding-left: 6px; margin-bottom: 12px;&quot;&gt;I am a stranger. I come in peace. Take me to your leader and there will be a massive reward for you in eternity.&lt;/li&gt;&lt;li style=&quot;box-sizing: border-box; padding-left: 6px; margin-bottom: 12px;&quot;&gt;A good rule for rocket experimenters to follow is this: always assume that it will explode.&lt;/li&gt;&lt;li style=&quot;box-sizing: border-box; padding-left: 6px; margin-bottom: 12px;&quot;&gt;Lets light this fire one more time, Mike, and witness this great nation at its best.&lt;/li&gt;&lt;li style=&quot;box-sizing: border-box; padding-left: 6px; margin-bottom: 12px;&quot;&gt;Its just mind-blowingly awesome. I apologize, and I wish I was more articulate, but its hard to be articulate when your minds blownbut in a very good way.&lt;/li&gt;&lt;/ul&gt;&lt;p style=&quot;box-sizing: border-box; margin: 0px 0px 24px; color: rgb(56, 56, 56); font-family: &#039;Open Sans&#039;, Helvetica, Arial, sans-serif; font-size: 15px; line-height: 24px; background-color: rgb(255, 255, 255);&quot;&gt;The view of the Earth from the Moon fascinated mea small disk, 240,000 miles away. It was hard to think that that little thing held so many problems, so many frustrations. Raging nationalistic interests, famines, wars, pestilence dont show from that distance.&lt;/p&gt;&lt;h3 style=&quot;box-sizing: border-box; font-size: 24px; margin: 36px 0px 24px; color: rgb(26, 26, 26); line-height: 30px; font-family: &#039;Open Sans&#039;, Helvetica, Arial, sans-serif; background-color: rgb(255, 255, 255);&quot;&gt;Flight Control&lt;/h3&gt;&lt;p style=&quot;box-sizing: border-box; margin: 0px 0px 24px; color: rgb(56, 56, 56); font-family: &#039;Open Sans&#039;, Helvetica, Arial, sans-serif; font-size: 15px; line-height: 24px; background-color: rgb(255, 255, 255);&quot;&gt;From this day forward, Flight Control will be known by two words: Tough and Competent. Tough means we are forever accountable for what we do or what we fail to do. We will never again compromise our responsibilities. Every time we walk into Mission Control we will know what we stand for. Competent means we will never take anything for granted. We will never be found short in our knowledge and in our skills. Mission Control will be perfect. When you leave this meeting today you will go to your office and the first thing you will do there is to write Tough and Competent on your blackboards. It will never be erased. Each day when you enter the room these words will remind you of the price paid by Grissom, White, and Chaffee. These words are the price of admission to the ranks of Mission Control.&lt;/p&gt;&lt;ol style=&quot;box-sizing: border-box; margin: 0px 0px 24px 48px; padding: 0px; color: rgb(56, 56, 56); font-family: &#039;Open Sans&#039;, Helvetica, Arial, sans-serif; font-size: 15px; line-height: 24px; background-color: rgb(255, 255, 255);&quot;&gt;&lt;li style=&quot;box-sizing: border-box; padding-left: 6px; margin-bottom: 12px;&quot;&gt;Its just mind-blowingly awesome. I apologize, and I wish I was more articulate, but its hard to be articulate when your minds blownbut in a very good way.&lt;/li&gt;&lt;li style=&quot;box-sizing: border-box; padding-left: 6px; margin-bottom: 12px;&quot;&gt;The vehicle explodes, literally explodes, off the pad. The simulator shakes you a little bit, but the actual liftoff shakes your entire body and soul.&lt;/li&gt;&lt;li style=&quot;box-sizing: border-box; padding-left: 6px; margin-bottom: 12px;&quot;&gt;The surface is fine and powdery. I can kick it up loosely with my toe.&lt;/li&gt;&lt;/ol&gt;&lt;p style=&quot;box-sizing: border-box; margin: 0px 0px 24px; color: rgb(56, 56, 56); font-family: &#039;Open Sans&#039;, Helvetica, Arial, sans-serif; font-size: 15px; line-height: 24px; background-color: rgb(255, 255, 255);&quot;&gt;The vehicle explodes, literally explodes, off the pad. The simulator shakes you a little bit, but the actual liftoff shakes your entire body and soul.&lt;/p&gt;&lt;h2 style=&quot;box-sizing: border-box; font-size: 26px; margin: 36px 0px 24px; color: rgb(26, 26, 26); line-height: 32px; font-family: &#039;Open Sans&#039;, Helvetica, Arial, sans-serif; background-color: rgb(255, 255, 255);&quot;&gt;The Future&lt;/h2&gt;&lt;p style=&quot;box-sizing: border-box; margin: 0px 0px 24px; color: rgb(56, 56, 56); font-family: &#039;Open Sans&#039;, Helvetica, Arial, sans-serif; font-size: 15px; line-height: 24px; background-color: rgb(255, 255, 255);&quot;&gt;I am a stranger. I come in peace. Take me to your leader and there will be a massive reward for you in eternity.&lt;/p&gt;'),(8,10,'Modifying The Background Image','&lt;p style=&quot;box-sizing: border-box; margin: 0px 0px 24px; color: rgb(56, 56, 56); font-family: &#039;Open Sans&#039;, Helvetica, Arial, sans-serif; font-size: 15px; line-height: 24px; background-color: rgb(255, 255, 255);&quot;&gt;It has been said that astronomy is a humbling and character-building experience. There is perhaps no better demonstration of the folly of human conceits than this distant image of our tiny world. To me, it underscores our responsibility to deal more kindly with one another, and to preserve and cherish the pale blue dot, the only home weve ever known. The Earth is a very small stage in a vast cosmic arena. Think of the rivers of blood spilled by all those generals and emperors so that, in glory and triumph, they could become the momentary masters of a fraction of a dot. Think of the endless cruelties visited by the inhabitants of one corner of this pixel on the scarcely distinguishable inhabitants of some other corner, how frequent their misunderstandings, how eager they are to kill one another, how fervent their hatreds.&lt;/p&gt;&lt;h2 style=&quot;box-sizing: border-box; font-size: 26px; margin: 36px 0px 24px; color: rgb(26, 26, 26); line-height: 32px; font-family: &#039;Open Sans&#039;, Helvetica, Arial, sans-serif; background-color: rgb(255, 255, 255);&quot;&gt;The Earth&lt;/h2&gt;&lt;p style=&quot;box-sizing: border-box; margin: 0px 0px 24px; color: rgb(56, 56, 56); font-family: &#039;Open Sans&#039;, Helvetica, Arial, sans-serif; font-size: 15px; line-height: 24px; background-color: rgb(255, 255, 255);&quot;&gt;Look again at that dot. Thats here. Thats home. Thats us. On it everyone you love, everyone you know, everyone you ever heard of,&lt;strong style=&quot;box-sizing: border-box;&quot;&gt;&amp;nbsp;every human being&lt;/strong&gt;&amp;nbsp;who ever was, lived out their lives. The aggregate of our joy and suffering, thousands of confident religions, ideologies, and economic doctrines, every hunter and forager, every hero and coward, every creator and destroyer of civilization, every king and peasant, every young couple in love, every mother and father, hopeful child, inventor and explorer, every teacher of morals, every corrupt politician, every superstar, every supreme leader, every saint and sinner in the history of our species lived thereon a mote of dust suspended in a sunbeam.&lt;/p&gt;&lt;h3 style=&quot;box-sizing: border-box; font-size: 24px; margin: 36px 0px 24px; color: rgb(26, 26, 26); line-height: 30px; font-family: &#039;Open Sans&#039;, Helvetica, Arial, sans-serif; background-color: rgb(255, 255, 255);&quot;&gt;Houston&lt;/h3&gt;&lt;p style=&quot;box-sizing: border-box; margin: 0px 0px 24px; color: rgb(56, 56, 56); font-family: &#039;Open Sans&#039;, Helvetica, Arial, sans-serif; font-size: 15px; line-height: 24px; background-color: rgb(255, 255, 255);&quot;&gt;that may have seemed like a very long final phase. The autotargeting was taking us right into a  crater, with a large number of big boulders and rocks  and it required  flying manually over the rock field to find a reasonably good area.&lt;/p&gt;&lt;ul style=&quot;box-sizing: border-box; margin: 0px 0px 24px 48px; padding: 0px; color: rgb(56, 56, 56); font-family: &#039;Open Sans&#039;, Helvetica, Arial, sans-serif; font-size: 15px; line-height: 24px; background-color: rgb(255, 255, 255);&quot;&gt;&lt;li style=&quot;box-sizing: border-box; padding-left: 6px; margin-bottom: 12px;&quot;&gt;I am a stranger. I come in peace. Take me to your leader and there will be a massive reward for you in eternity.&lt;/li&gt;&lt;li style=&quot;box-sizing: border-box; padding-left: 6px; margin-bottom: 12px;&quot;&gt;A good rule for rocket experimenters to follow is this: always assume that it will explode.&lt;/li&gt;&lt;li style=&quot;box-sizing: border-box; padding-left: 6px; margin-bottom: 12px;&quot;&gt;Lets light this fire one more time, Mike, and witness this great nation at its best.&lt;/li&gt;&lt;li style=&quot;box-sizing: border-box; padding-left: 6px; margin-bottom: 12px;&quot;&gt;Its just mind-blowingly awesome. I apologize, and I wish I was more articulate, but its hard to be articulate when your minds blownbut in a very good way.&lt;/li&gt;&lt;/ul&gt;&lt;p style=&quot;box-sizing: border-box; margin: 0px 0px 24px; color: rgb(56, 56, 56); font-family: &#039;Open Sans&#039;, Helvetica, Arial, sans-serif; font-size: 15px; line-height: 24px; background-color: rgb(255, 255, 255);&quot;&gt;The view of the Earth from the Moon fascinated mea small disk, 240,000 miles away. It was hard to think that that little thing held so many problems, so many frustrations. Raging nationalistic interests, famines, wars, pestilence dont show from that distance.&lt;/p&gt;&lt;h3 style=&quot;box-sizing: border-box; font-size: 24px; margin: 36px 0px 24px; color: rgb(26, 26, 26); line-height: 30px; font-family: &#039;Open Sans&#039;, Helvetica, Arial, sans-serif; background-color: rgb(255, 255, 255);&quot;&gt;Flight Control&lt;/h3&gt;&lt;p style=&quot;box-sizing: border-box; margin: 0px 0px 24px; color: rgb(56, 56, 56); font-family: &#039;Open Sans&#039;, Helvetica, Arial, sans-serif; font-size: 15px; line-height: 24px; background-color: rgb(255, 255, 255);&quot;&gt;From this day forward, Flight Control will be known by two words: Tough and Competent. Tough means we are forever accountable for what we do or what we fail to do. We will never again compromise our responsibilities. Every time we walk into Mission Control we will know what we stand for. Competent means we will never take anything for granted. We will never be found short in our knowledge and in our skills. Mission Control will be perfect. When you leave this meeting today you will go to your office and the first thing you will do there is to write Tough and Competent on your blackboards. It will never be erased. Each day when you enter the room these words will remind you of the price paid by Grissom, White, and Chaffee. These words are the price of admission to the ranks of Mission Control.&lt;/p&gt;&lt;ol style=&quot;box-sizing: border-box; margin: 0px 0px 24px 48px; padding: 0px; color: rgb(56, 56, 56); font-family: &#039;Open Sans&#039;, Helvetica, Arial, sans-serif; font-size: 15px; line-height: 24px; background-color: rgb(255, 255, 255);&quot;&gt;&lt;li style=&quot;box-sizing: border-box; padding-left: 6px; margin-bottom: 12px;&quot;&gt;Its just mind-blowingly awesome. I apologize, and I wish I was more articulate, but its hard to be articulate when your minds blownbut in a very good way.&lt;/li&gt;&lt;li style=&quot;box-sizing: border-box; padding-left: 6px; margin-bottom: 12px;&quot;&gt;The vehicle explodes, literally explodes, off the pad. The simulator shakes you a little bit, but the actual liftoff shakes your entire body and soul.&lt;/li&gt;&lt;li style=&quot;box-sizing: border-box; padding-left: 6px; margin-bottom: 12px;&quot;&gt;The surface is fine and powdery. I can kick it up loosely with my toe.&lt;/li&gt;&lt;/ol&gt;&lt;p style=&quot;box-sizing: border-box; margin: 0px 0px 24px; color: rgb(56, 56, 56); font-family: &#039;Open Sans&#039;, Helvetica, Arial, sans-serif; font-size: 15px; line-height: 24px; background-color: rgb(255, 255, 255);&quot;&gt;The vehicle explodes, literally explodes, off the pad. The simulator shakes you a little bit, but the actual liftoff shakes your entire body and soul.&lt;/p&gt;&lt;h2 style=&quot;box-sizing: border-box; font-size: 26px; margin: 36px 0px 24px; color: rgb(26, 26, 26); line-height: 32px; font-family: &#039;Open Sans&#039;, Helvetica, Arial, sans-serif; background-color: rgb(255, 255, 255);&quot;&gt;The Future&lt;/h2&gt;&lt;p style=&quot;box-sizing: border-box; margin: 0px 0px 24px; color: rgb(56, 56, 56); font-family: &#039;Open Sans&#039;, Helvetica, Arial, sans-serif; font-size: 15px; line-height: 24px; background-color: rgb(255, 255, 255);&quot;&gt;I am a stranger. I come in peace. Take me to your leader and there will be a massive reward for you in eternity.&lt;/p&gt;'),(9,8,'Chaning The KnowHow Header','&lt;p style=&quot;box-sizing: border-box; margin: 0px 0px 24px; color: rgb(56, 56, 56); font-family: &#039;Open Sans&#039;, Helvetica, Arial, sans-serif; font-size: 15px; line-height: 24px; background-color: rgb(255, 255, 255);&quot;&gt;It has been said that astronomy is a humbling and character-building experience. There is perhaps no better demonstration of the folly of human conceits than this distant image of our tiny world. To me, it underscores our responsibility to deal more kindly with one another, and to preserve and cherish the pale blue dot, the only home weve ever known. The Earth is a very small stage in a vast cosmic arena. Think of the rivers of blood spilled by all those generals and emperors so that, in glory and triumph, they could become the momentary masters of a fraction of a dot. Think of the endless cruelties visited by the inhabitants of one corner of this pixel on the scarcely distinguishable inhabitants of some other corner, how frequent their misunderstandings, how eager they are to kill one another, how fervent their hatreds.&lt;/p&gt;&lt;h2 style=&quot;box-sizing: border-box; font-size: 26px; margin: 36px 0px 24px; color: rgb(26, 26, 26); line-height: 32px; font-family: &#039;Open Sans&#039;, Helvetica, Arial, sans-serif; background-color: rgb(255, 255, 255);&quot;&gt;The Earth&lt;/h2&gt;&lt;p style=&quot;box-sizing: border-box; margin: 0px 0px 24px; color: rgb(56, 56, 56); font-family: &#039;Open Sans&#039;, Helvetica, Arial, sans-serif; font-size: 15px; line-height: 24px; background-color: rgb(255, 255, 255);&quot;&gt;Look again at that dot. Thats here. Thats home. Thats us. On it everyone you love, everyone you know, everyone you ever heard of,&lt;strong style=&quot;box-sizing: border-box;&quot;&gt;&amp;nbsp;every human being&lt;/strong&gt;&amp;nbsp;who ever was, lived out their lives. The aggregate of our joy and suffering, thousands of confident religions, ideologies, and economic doctrines, every hunter and forager, every hero and coward, every creator and destroyer of civilization, every king and peasant, every young couple in love, every mother and father, hopeful child, inventor and explorer, every teacher of morals, every corrupt politician, every superstar, every supreme leader, every saint and sinner in the history of our species lived thereon a mote of dust suspended in a sunbeam.&lt;/p&gt;&lt;h3 style=&quot;box-sizing: border-box; font-size: 24px; margin: 36px 0px 24px; color: rgb(26, 26, 26); line-height: 30px; font-family: &#039;Open Sans&#039;, Helvetica, Arial, sans-serif; background-color: rgb(255, 255, 255);&quot;&gt;Houston&lt;/h3&gt;&lt;p style=&quot;box-sizing: border-box; margin: 0px 0px 24px; color: rgb(56, 56, 56); font-family: &#039;Open Sans&#039;, Helvetica, Arial, sans-serif; font-size: 15px; line-height: 24px; background-color: rgb(255, 255, 255);&quot;&gt;that may have seemed like a very long final phase. The autotargeting was taking us right into a  crater, with a large number of big boulders and rocks  and it required  flying manually over the rock field to find a reasonably good area.&lt;/p&gt;&lt;ul style=&quot;box-sizing: border-box; margin: 0px 0px 24px 48px; padding: 0px; color: rgb(56, 56, 56); font-family: &#039;Open Sans&#039;, Helvetica, Arial, sans-serif; font-size: 15px; line-height: 24px; background-color: rgb(255, 255, 255);&quot;&gt;&lt;li style=&quot;box-sizing: border-box; padding-left: 6px; margin-bottom: 12px;&quot;&gt;I am a stranger. I come in peace. Take me to your leader and there will be a massive reward for you in eternity.&lt;/li&gt;&lt;li style=&quot;box-sizing: border-box; padding-left: 6px; margin-bottom: 12px;&quot;&gt;A good rule for rocket experimenters to follow is this: always assume that it will explode.&lt;/li&gt;&lt;li style=&quot;box-sizing: border-box; padding-left: 6px; margin-bottom: 12px;&quot;&gt;Lets light this fire one more time, Mike, and witness this great nation at its best.&lt;/li&gt;&lt;li style=&quot;box-sizing: border-box; padding-left: 6px; margin-bottom: 12px;&quot;&gt;Its just mind-blowingly awesome. I apologize, and I wish I was more articulate, but its hard to be articulate when your minds blownbut in a very good way.&lt;/li&gt;&lt;/ul&gt;&lt;p style=&quot;box-sizing: border-box; margin: 0px 0px 24px; color: rgb(56, 56, 56); font-family: &#039;Open Sans&#039;, Helvetica, Arial, sans-serif; font-size: 15px; line-height: 24px; background-color: rgb(255, 255, 255);&quot;&gt;The view of the Earth from the Moon fascinated mea small disk, 240,000 miles away. It was hard to think that that little thing held so many problems, so many frustrations. Raging nationalistic interests, famines, wars, pestilence dont show from that distance.&lt;/p&gt;&lt;h3 style=&quot;box-sizing: border-box; font-size: 24px; margin: 36px 0px 24px; color: rgb(26, 26, 26); line-height: 30px; font-family: &#039;Open Sans&#039;, Helvetica, Arial, sans-serif; background-color: rgb(255, 255, 255);&quot;&gt;Flight Control&lt;/h3&gt;&lt;p style=&quot;box-sizing: border-box; margin: 0px 0px 24px; color: rgb(56, 56, 56); font-family: &#039;Open Sans&#039;, Helvetica, Arial, sans-serif; font-size: 15px; line-height: 24px; background-color: rgb(255, 255, 255);&quot;&gt;From this day forward, Flight Control will be known by two words: Tough and Competent. Tough means we are forever accountable for what we do or what we fail to do. We will never again compromise our responsibilities. Every time we walk into Mission Control we will know what we stand for. Competent means we will never take anything for granted. We will never be found short in our knowledge and in our skills. Mission Control will be perfect. When you leave this meeting today you will go to your office and the first thing you will do there is to write Tough and Competent on your blackboards. It will never be erased. Each day when you enter the room these words will remind you of the price paid by Grissom, White, and Chaffee. These words are the price of admission to the ranks of Mission Control.&lt;/p&gt;&lt;ol style=&quot;box-sizing: border-box; margin: 0px 0px 24px 48px; padding: 0px; color: rgb(56, 56, 56); font-family: &#039;Open Sans&#039;, Helvetica, Arial, sans-serif; font-size: 15px; line-height: 24px; background-color: rgb(255, 255, 255);&quot;&gt;&lt;li style=&quot;box-sizing: border-box; padding-left: 6px; margin-bottom: 12px;&quot;&gt;Its just mind-blowingly awesome. I apologize, and I wish I was more articulate, but its hard to be articulate when your minds blownbut in a very good way.&lt;/li&gt;&lt;li style=&quot;box-sizing: border-box; padding-left: 6px; margin-bottom: 12px;&quot;&gt;The vehicle explodes, literally explodes, off the pad. The simulator shakes you a little bit, but the actual liftoff shakes your entire body and soul.&lt;/li&gt;&lt;li style=&quot;box-sizing: border-box; padding-left: 6px; margin-bottom: 12px;&quot;&gt;The surface is fine and powdery. I can kick it up loosely with my toe.&lt;/li&gt;&lt;/ol&gt;&lt;p style=&quot;box-sizing: border-box; margin: 0px 0px 24px; color: rgb(56, 56, 56); font-family: &#039;Open Sans&#039;, Helvetica, Arial, sans-serif; font-size: 15px; line-height: 24px; background-color: rgb(255, 255, 255);&quot;&gt;The vehicle explodes, literally explodes, off the pad. The simulator shakes you a little bit, but the actual liftoff shakes your entire body and soul.&lt;/p&gt;&lt;h2 style=&quot;box-sizing: border-box; font-size: 26px; margin: 36px 0px 24px; color: rgb(26, 26, 26); line-height: 32px; font-family: &#039;Open Sans&#039;, Helvetica, Arial, sans-serif; background-color: rgb(255, 255, 255);&quot;&gt;The Future&lt;/h2&gt;&lt;p style=&quot;box-sizing: border-box; margin: 0px 0px 24px; color: rgb(56, 56, 56); font-family: &#039;Open Sans&#039;, Helvetica, Arial, sans-serif; font-size: 15px; line-height: 24px; background-color: rgb(255, 255, 255);&quot;&gt;I am a stranger. I come in peace. Take me to your leader and there will be a massive reward for you in eternity.&lt;/p&gt;'),(10,8,'How Do I Contact Legals?','&lt;p style=&quot;box-sizing: border-box; margin: 0px 0px 24px; color: rgb(56, 56, 56); font-family: &#039;Open Sans&#039;, Helvetica, Arial, sans-serif; font-size: 15px; line-height: 24px; background-color: rgb(255, 255, 255);&quot;&gt;It&#039;s has been said that astronomy is a humbling and character-building experience. There is perhaps no better demonstration of the folly of human c&#039;sonceits than this distant image of our tiny world. To me, it underscores our responsibility to deal more kindly with one another, and to preserve and cherish the pale blue dot, the only home weve ever known. The Earth is a very small stage in a vast cosmic arena. Think of the rivers of blood spilled by all those generals and emperors so that, in glory and triumph, they could become the momentary masters of a fraction of a dot. Think of the endless cruelties visited by the inhabitants of one corner of this pixel on the scarcely distinguishable inhabitants of some other corner, how frequent their misunderstandings, how eager they are to kill one another, how fervent their hatreds.&lt;/p&gt;&lt;h2 style=&quot;box-sizing: border-box; font-size: 26px; margin: 36px 0px 24px; color: rgb(26, 26, 26); line-height: 32px; font-family: &#039;Open Sans&#039;, Helvetica, Arial, sans-serif; background-color: rgb(255, 255, 255);&quot;&gt;The Earth&lt;/h2&gt;&lt;p style=&quot;box-sizing: border-box; margin: 0px 0px 24px; color: rgb(56, 56, 56); font-family: &#039;Open Sans&#039;, Helvetica, Arial, sans-serif; font-size: 15px; line-height: 24px; background-color: rgb(255, 255, 255);&quot;&gt;Look again at that dot. Thats here. Thats home. Thats us. On it everyone you love, everyone you know, everyone you ever heard of,&lt;strong style=&quot;box-sizing: border-box;&quot;&gt;&amp;nbsp;every human being&lt;/strong&gt;&amp;nbsp;who ever was, lived out their lives. The aggregate of our joy and suffering, thousands of confident religions, ideologies, and economic doctrines, every hunter and forager, every hero and coward, every creator and destroyer of civilization, every king and peasant, every young couple in love, every mother and father, hopeful child, inventor and explorer, every teacher of morals, every corrupt politician, every superstar, every supreme leader, every saint and sinner in the history of our species lived thereon a mote of dust suspended in a sunbeam.&lt;/p&gt;&lt;h3 style=&quot;box-sizing: border-box; font-size: 24px; margin: 36px 0px 24px; color: rgb(26, 26, 26); line-height: 30px; font-family: &#039;Open Sans&#039;, Helvetica, Arial, sans-serif; background-color: rgb(255, 255, 255);&quot;&gt;Houston&lt;/h3&gt;&lt;p style=&quot;box-sizing: border-box; margin: 0px 0px 24px; color: rgb(56, 56, 56); font-family: &#039;Open Sans&#039;, Helvetica, Arial, sans-serif; font-size: 15px; line-height: 24px; background-color: rgb(255, 255, 255);&quot;&gt;that may have seemed like a very long final phase. The autotargeting was taking us right into a  crater, with a large number of big boulders and rocks  and it required  flying manually over the rock field to find a reasonably good area.&lt;/p&gt;&lt;ul style=&quot;box-sizing: border-box; margin: 0px 0px 24px 48px; padding: 0px; color: rgb(56, 56, 56); font-family: &#039;Open Sans&#039;, Helvetica, Arial, sans-serif; font-size: 15px; line-height: 24px; background-color: rgb(255, 255, 255);&quot;&gt;&lt;li style=&quot;box-sizing: border-box; padding-left: 6px; margin-bottom: 12px;&quot;&gt;I am a stranger. I come in peace. Take me to your leader and there will be a massive reward for you in eternity.&lt;/li&gt;&lt;li style=&quot;box-sizing: border-box; padding-left: 6px; margin-bottom: 12px;&quot;&gt;A good rule for rocket experimenters to follow is this: always assume that it will explode.&lt;/li&gt;&lt;li style=&quot;box-sizing: border-box; padding-left: 6px; margin-bottom: 12px;&quot;&gt;Lets light this fire one more time, Mike, and witness this great nation at its best.&lt;/li&gt;&lt;li style=&quot;box-sizing: border-box; padding-left: 6px; margin-bottom: 12px;&quot;&gt;Its just mind-blowingly awesome. I apologize, and I wish I was more articulate, but its hard to be articulate when your minds blownbut in a very good way.&lt;/li&gt;&lt;/ul&gt;&lt;p style=&quot;box-sizing: border-box; margin: 0px 0px 24px; color: rgb(56, 56, 56); font-family: &#039;Open Sans&#039;, Helvetica, Arial, sans-serif; font-size: 15px; line-height: 24px; background-color: rgb(255, 255, 255);&quot;&gt;The view of the Earth from the Moon fascinated mea small disk, 240,000 miles away. It was hard to think that that little thing held so many problems, so many frustrations. Raging nationalistic interests, famines, wars, pestilence dont show from that distance.&lt;/p&gt;&lt;h3 style=&quot;box-sizing: border-box; font-size: 24px; margin: 36px 0px 24px; color: rgb(26, 26, 26); line-height: 30px; font-family: &#039;Open Sans&#039;, Helvetica, Arial, sans-serif; background-color: rgb(255, 255, 255);&quot;&gt;Flight Control&lt;/h3&gt;&lt;p style=&quot;box-sizing: border-box; margin: 0px 0px 24px; color: rgb(56, 56, 56); font-family: &#039;Open Sans&#039;, Helvetica, Arial, sans-serif; font-size: 15px; line-height: 24px; background-color: rgb(255, 255, 255);&quot;&gt;From this day forward, Flight Control will be known by two words: Tough and Competent. Tough means we are forever accountable for what we do or what we fail to do. We will never again compromise our responsibilities. Every time we walk into Mission Control we will know what we stand for. Competent means we will never take anything for granted. We will never be found short in our knowledge and in our skills. Mission Control will be perfect. When you leave this meeting today you will go to your office and the first thing you will do there is to write Tough and Competent on your blackboards. It will never be erased. Each day when you enter the room these words will remind you of the price paid by Grissom, White, and Chaffee. These words are the price of admission to the ranks of Mission Control.&lt;/p&gt;&lt;ol style=&quot;box-sizing: border-box; margin: 0px 0px 24px 48px; padding: 0px; color: rgb(56, 56, 56); font-family: &#039;Open Sans&#039;, Helvetica, Arial, sans-serif; font-size: 15px; line-height: 24px; background-color: rgb(255, 255, 255);&quot;&gt;&lt;li style=&quot;box-sizing: border-box; padding-left: 6px; margin-bottom: 12px;&quot;&gt;Its just mind-blowingly awesome. I apologize, and I wish I was more articulate, but its hard to be articulate when your minds blownbut in a very good way.&lt;/li&gt;&lt;li style=&quot;box-sizing: border-box; padding-left: 6px; margin-bottom: 12px;&quot;&gt;The vehicle explodes, literally explodes, off the pad. The simulator shakes you a little bit, but the actual liftoff shakes your entire body and soul.&lt;/li&gt;&lt;li style=&quot;box-sizing: border-box; padding-left: 6px; margin-bottom: 12px;&quot;&gt;The surface is fine and powdery. I can kick it up loosely with my toe.&lt;/li&gt;&lt;/ol&gt;&lt;p style=&quot;box-sizing: border-box; margin: 0px 0px 24px; color: rgb(56, 56, 56); font-family: &#039;Open Sans&#039;, Helvetica, Arial, sans-serif; font-size: 15px; line-height: 24px; background-color: rgb(255, 255, 255);&quot;&gt;The vehicle explodes, literally explodes, off the pad. The simulator shakes you a little bit, but the actual liftoff shakes your entire body and soul.&lt;/p&gt;&lt;h2 style=&quot;box-sizing: border-box; font-size: 26px; margin: 36px 0px 24px; color: rgb(26, 26, 26); line-height: 32px; font-family: &#039;Open Sans&#039;, Helvetica, Arial, sans-serif; background-color: rgb(255, 255, 255);&quot;&gt;The Future&lt;/h2&gt;&lt;p style=&quot;box-sizing: border-box; margin: 0px 0px 24px; color: rgb(56, 56, 56); font-family: &#039;Open Sans&#039;, Helvetica, Arial, sans-serif; font-size: 15px; line-height: 24px; background-color: rgb(255, 255, 255);&quot;&gt;I am a stranger. I come in peace. Take me to your leader and there will be a massive reward for you in eternity.&lt;/p&gt;'),(11,10,'Where Are Your Offices Located','&lt;p style=&quot;box-sizing: border-box; margin: 0px 0px 24px; color: rgb(56, 56, 56); font-family: &#039;Open Sans&#039;, Helvetica, Arial, sans-serif; font-size: 15px; line-height: 24px; background-color: rgb(255, 255, 255);&quot;&gt;It has been said that astronomy is a humbling and character-building experience. There is perhaps no better demonstration of the folly of human conceits than this distant image of our tiny world. To me, it underscores our responsibility to deal more kindly with one another, and to preserve and cherish the pale blue dot, the only home weve ever known. The Earth is a very small stage in a vast cosmic arena. Think of the rivers of blood spilled by all those generals and emperors so that, in glory and triumph, they could become the momentary masters of a fraction of a dot. Think of the endless cruelties visited by the inhabitants of one corner of this pixel on the scarcely distinguishable inhabitants of some other corner, how frequent their misunderstandings, how eager they are to kill one another, how fervent their hatreds.&lt;/p&gt;&lt;h2 style=&quot;box-sizing: border-box; font-size: 26px; margin: 36px 0px 24px; color: rgb(26, 26, 26); line-height: 32px; font-family: &#039;Open Sans&#039;, Helvetica, Arial, sans-serif; background-color: rgb(255, 255, 255);&quot;&gt;The Earth&lt;/h2&gt;&lt;p style=&quot;box-sizing: border-box; margin: 0px 0px 24px; color: rgb(56, 56, 56); font-family: &#039;Open Sans&#039;, Helvetica, Arial, sans-serif; font-size: 15px; line-height: 24px; background-color: rgb(255, 255, 255);&quot;&gt;Look again at that dot. Thats here. Thats home. Thats us. On it everyone you love, everyone you know, everyone you ever heard of,&lt;strong style=&quot;box-sizing: border-box;&quot;&gt;&amp;nbsp;every human being&lt;/strong&gt;&amp;nbsp;who ever was, lived out their lives. The aggregate of our joy and suffering, thousands of confident religions, ideologies, and economic doctrines, every hunter and forager, every hero and coward, every creator and destroyer of civilization, every king and peasant, every young couple in love, every mother and father, hopeful child, inventor and explorer, every teacher of morals, every corrupt politician, every superstar, every supreme leader, every saint and sinner in the history of our species lived thereon a mote of dust suspended in a sunbeam.&lt;/p&gt;&lt;h3 style=&quot;box-sizing: border-box; font-size: 24px; margin: 36px 0px 24px; color: rgb(26, 26, 26); line-height: 30px; font-family: &#039;Open Sans&#039;, Helvetica, Arial, sans-serif; background-color: rgb(255, 255, 255);&quot;&gt;Houston&lt;/h3&gt;&lt;p style=&quot;box-sizing: border-box; margin: 0px 0px 24px; color: rgb(56, 56, 56); font-family: &#039;Open Sans&#039;, Helvetica, Arial, sans-serif; font-size: 15px; line-height: 24px; background-color: rgb(255, 255, 255);&quot;&gt;that may have seemed like a very long final phase. The autotargeting was taking us right into a  crater, with a large number of big boulders and rocks  and it required  flying manually over the rock field to find a reasonably good area.&lt;/p&gt;&lt;ul style=&quot;box-sizing: border-box; margin: 0px 0px 24px 48px; padding: 0px; color: rgb(56, 56, 56); font-family: &#039;Open Sans&#039;, Helvetica, Arial, sans-serif; font-size: 15px; line-height: 24px; background-color: rgb(255, 255, 255);&quot;&gt;&lt;li style=&quot;box-sizing: border-box; padding-left: 6px; margin-bottom: 12px;&quot;&gt;I am a stranger. I come in peace. Take me to your leader and there will be a massive reward for you in eternity.&lt;/li&gt;&lt;li style=&quot;box-sizing: border-box; padding-left: 6px; margin-bottom: 12px;&quot;&gt;A good rule for rocket experimenters to follow is this: always assume that it will explode.&lt;/li&gt;&lt;li style=&quot;box-sizing: border-box; padding-left: 6px; margin-bottom: 12px;&quot;&gt;Lets light this fire one more time, Mike, and witness this great nation at its best.&lt;/li&gt;&lt;li style=&quot;box-sizing: border-box; padding-left: 6px; margin-bottom: 12px;&quot;&gt;Its just mind-blowingly awesome. I apologize, and I wish I was more articulate, but its hard to be articulate when your minds blownbut in a very good way.&lt;/li&gt;&lt;/ul&gt;&lt;p style=&quot;box-sizing: border-box; margin: 0px 0px 24px; color: rgb(56, 56, 56); font-family: &#039;Open Sans&#039;, Helvetica, Arial, sans-serif; font-size: 15px; line-height: 24px; background-color: rgb(255, 255, 255);&quot;&gt;The view of the Earth from the Moon fascinated mea small disk, 240,000 miles away. It was hard to think that that little thing held so many problems, so many frustrations. Raging nationalistic interests, famines, wars, pestilence dont show from that distance.&lt;/p&gt;&lt;h3 style=&quot;box-sizing: border-box; font-size: 24px; margin: 36px 0px 24px; color: rgb(26, 26, 26); line-height: 30px; font-family: &#039;Open Sans&#039;, Helvetica, Arial, sans-serif; background-color: rgb(255, 255, 255);&quot;&gt;Flight Control&lt;/h3&gt;&lt;p style=&quot;box-sizing: border-box; margin: 0px 0px 24px; color: rgb(56, 56, 56); font-family: &#039;Open Sans&#039;, Helvetica, Arial, sans-serif; font-size: 15px; line-height: 24px; background-color: rgb(255, 255, 255);&quot;&gt;From this day forward, Flight Control will be known by two words: Tough and Competent. Tough means we are forever accountable for what we do or what we fail to do. We will never again compromise our responsibilities. Every time we walk into Mission Control we will know what we stand for. Competent means we will never take anything for granted. We will never be found short in our knowledge and in our skills. Mission Control will be perfect. When you leave this meeting today you will go to your office and the first thing you will do there is to write Tough and Competent on your blackboards. It will never be erased. Each day when you enter the room these words will remind you of the price paid by Grissom, White, and Chaffee. These words are the price of admission to the ranks of Mission Control.&lt;/p&gt;&lt;ol style=&quot;box-sizing: border-box; margin: 0px 0px 24px 48px; padding: 0px; color: rgb(56, 56, 56); font-family: &#039;Open Sans&#039;, Helvetica, Arial, sans-serif; font-size: 15px; line-height: 24px; background-color: rgb(255, 255, 255);&quot;&gt;&lt;li style=&quot;box-sizing: border-box; padding-left: 6px; margin-bottom: 12px;&quot;&gt;Its just mind-blowingly awesome. I apologize, and I wish I was more articulate, but its hard to be articulate when your minds blownbut in a very good way.&lt;/li&gt;&lt;li style=&quot;box-sizing: border-box; padding-left: 6px; margin-bottom: 12px;&quot;&gt;The vehicle explodes, literally explodes, off the pad. The simulator shakes you a little bit, but the actual liftoff shakes your entire body and soul.&lt;/li&gt;&lt;li style=&quot;box-sizing: border-box; padding-left: 6px; margin-bottom: 12px;&quot;&gt;The surface is fine and powdery. I can kick it up loosely with my toe.&lt;/li&gt;&lt;/ol&gt;&lt;p style=&quot;box-sizing: border-box; margin: 0px 0px 24px; color: rgb(56, 56, 56); font-family: &#039;Open Sans&#039;, Helvetica, Arial, sans-serif; font-size: 15px; line-height: 24px; background-color: rgb(255, 255, 255);&quot;&gt;The vehicle explodes, literally explodes, off the pad. The simulator shakes you a little bit, but the actual liftoff shakes your entire body and soul.&lt;/p&gt;&lt;h2 style=&quot;box-sizing: border-box; font-size: 26px; margin: 36px 0px 24px; color: rgb(26, 26, 26); line-height: 32px; font-family: &#039;Open Sans&#039;, Helvetica, Arial, sans-serif; background-color: rgb(255, 255, 255);&quot;&gt;The Future&lt;/h2&gt;&lt;p style=&quot;box-sizing: border-box; margin: 0px 0px 24px; color: rgb(56, 56, 56); font-family: &#039;Open Sans&#039;, Helvetica, Arial, sans-serif; font-size: 15px; line-height: 24px; background-color: rgb(255, 255, 255);&quot;&gt;I am a stranger. I come in peace. Take me to your leader and there will be a massive reward for you in eternity.&lt;/p&gt;'),(12,8,'Who Owns The Copyright On Uplo','&lt;p style=&quot;box-sizing: border-box; margin: 0px 0px 24px; color: rgb(56, 56, 56); font-family: &#039;Open Sans&#039;, Helvetica, Arial, sans-serif; font-size: 15px; line-height: 24px; background-color: rgb(255, 255, 255);&quot;&gt;It has been said that astronomy is a humbling and character-building experience. There is perhaps no better demonstration of the folly of human conceits than this distant image of our tiny world. To me, it underscores our responsibility to deal more kindly with one another, and to preserve and cherish the pale blue dot, the only home weve ever known. The Earth is a very small stage in a vast cosmic arena. Think of the rivers of blood spilled by all those generals and emperors so that, in glory and triumph, they could become the momentary masters of a fraction of a dot. Think of the endless cruelties visited by the inhabitants of one corner of this pixel on the scarcely distinguishable inhabitants of some other corner, how frequent their misunderstandings, how eager they are to kill one another, how fervent their hatreds.&lt;/p&gt;&lt;h2 style=&quot;box-sizing: border-box; font-size: 26px; margin: 36px 0px 24px; color: rgb(26, 26, 26); line-height: 32px; font-family: &#039;Open Sans&#039;, Helvetica, Arial, sans-serif; background-color: rgb(255, 255, 255);&quot;&gt;The Earth&lt;/h2&gt;&lt;p style=&quot;box-sizing: border-box; margin: 0px 0px 24px; color: rgb(56, 56, 56); font-family: &#039;Open Sans&#039;, Helvetica, Arial, sans-serif; font-size: 15px; line-height: 24px; background-color: rgb(255, 255, 255);&quot;&gt;Look again at that dot. Thats here. Thats home. Thats us. On it everyone you love, everyone you know, everyone you ever heard of,&lt;strong style=&quot;box-sizing: border-box;&quot;&gt;&amp;nbsp;every human being&lt;/strong&gt;&amp;nbsp;who ever was, lived out their lives. The aggregate of our joy and suffering, thousands of confident religions, ideologies, and economic doctrines, every hunter and forager, every hero and coward, every creator and destroyer of civilization, every king and peasant, every young couple in love, every mother and father, hopeful child, inventor and explorer, every teacher of morals, every corrupt politician, every superstar, every supreme leader, every saint and sinner in the history of our species lived thereon a mote of dust suspended in a sunbeam.&lt;/p&gt;&lt;h3 style=&quot;box-sizing: border-box; font-size: 24px; margin: 36px 0px 24px; color: rgb(26, 26, 26); line-height: 30px; font-family: &#039;Open Sans&#039;, Helvetica, Arial, sans-serif; background-color: rgb(255, 255, 255);&quot;&gt;Houston&lt;/h3&gt;&lt;p style=&quot;box-sizing: border-box; margin: 0px 0px 24px; color: rgb(56, 56, 56); font-family: &#039;Open Sans&#039;, Helvetica, Arial, sans-serif; font-size: 15px; line-height: 24px; background-color: rgb(255, 255, 255);&quot;&gt;that may have seemed like a very long final phase. The autotargeting was taking us right into a  crater, with a large number of big boulders and rocks  and it required  flying manually over the rock field to find a reasonably good area.&lt;/p&gt;&lt;ul style=&quot;box-sizing: border-box; margin: 0px 0px 24px 48px; padding: 0px; color: rgb(56, 56, 56); font-family: &#039;Open Sans&#039;, Helvetica, Arial, sans-serif; font-size: 15px; line-height: 24px; background-color: rgb(255, 255, 255);&quot;&gt;&lt;li style=&quot;box-sizing: border-box; padding-left: 6px; margin-bottom: 12px;&quot;&gt;I am a stranger. I come in peace. Take me to your leader and there will be a massive reward for you in eternity.&lt;/li&gt;&lt;li style=&quot;box-sizing: border-box; padding-left: 6px; margin-bottom: 12px;&quot;&gt;A good rule for rocket experimenters to follow is this: always assume that it will explode.&lt;/li&gt;&lt;li style=&quot;box-sizing: border-box; padding-left: 6px; margin-bottom: 12px;&quot;&gt;Lets light this fire one more time, Mike, and witness this great nation at its best.&lt;/li&gt;&lt;li style=&quot;box-sizing: border-box; padding-left: 6px; margin-bottom: 12px;&quot;&gt;Its just mind-blowingly awesome. I apologize, and I wish I was more articulate, but its hard to be articulate when your minds blownbut in a very good way.&lt;/li&gt;&lt;/ul&gt;&lt;p style=&quot;box-sizing: border-box; margin: 0px 0px 24px; color: rgb(56, 56, 56); font-family: &#039;Open Sans&#039;, Helvetica, Arial, sans-serif; font-size: 15px; line-height: 24px; background-color: rgb(255, 255, 255);&quot;&gt;The view of the Earth from the Moon fascinated mea small disk, 240,000 miles away. It was hard to think that that little thing held so many problems, so many frustrations. Raging nationalistic interests, famines, wars, pestilence dont show from that distance.&lt;/p&gt;&lt;h3 style=&quot;box-sizing: border-box; font-size: 24px; margin: 36px 0px 24px; color: rgb(26, 26, 26); line-height: 30px; font-family: &#039;Open Sans&#039;, Helvetica, Arial, sans-serif; background-color: rgb(255, 255, 255);&quot;&gt;Flight Control&lt;/h3&gt;&lt;p style=&quot;box-sizing: border-box; margin: 0px 0px 24px; color: rgb(56, 56, 56); font-family: &#039;Open Sans&#039;, Helvetica, Arial, sans-serif; font-size: 15px; line-height: 24px; background-color: rgb(255, 255, 255);&quot;&gt;From this day forward, Flight Control will be known by two words: Tough and Competent. Tough means we are forever accountable for what we do or what we fail to do. We will never again compromise our responsibilities. Every time we walk into Mission Control we will know what we stand for. Competent means we will never take anything for granted. We will never be found short in our knowledge and in our skills. Mission Control will be perfect. When you leave this meeting today you will go to your office and the first thing you will do there is to write Tough and Competent on your blackboards. It will never be erased. Each day when you enter the room these words will remind you of the price paid by Grissom, White, and Chaffee. These words are the price of admission to the ranks of Mission Control.&lt;/p&gt;&lt;ol style=&quot;box-sizing: border-box; margin: 0px 0px 24px 48px; padding: 0px; color: rgb(56, 56, 56); font-family: &#039;Open Sans&#039;, Helvetica, Arial, sans-serif; font-size: 15px; line-height: 24px; background-color: rgb(255, 255, 255);&quot;&gt;&lt;li style=&quot;box-sizing: border-box; padding-left: 6px; margin-bottom: 12px;&quot;&gt;Its just mind-blowingly awesome. I apologize, and I wish I was more articulate, but its hard to be articulate when your minds blownbut in a very good way.&lt;/li&gt;&lt;li style=&quot;box-sizing: border-box; padding-left: 6px; margin-bottom: 12px;&quot;&gt;The vehicle explodes, literally explodes, off the pad. The simulator shakes you a little bit, but the actual liftoff shakes your entire body and soul.&lt;/li&gt;&lt;li style=&quot;box-sizing: border-box; padding-left: 6px; margin-bottom: 12px;&quot;&gt;The surface is fine and powdery. I can kick it up loosely with my toe.&lt;/li&gt;&lt;/ol&gt;&lt;p style=&quot;box-sizing: border-box; margin: 0px 0px 24px; color: rgb(56, 56, 56); font-family: &#039;Open Sans&#039;, Helvetica, Arial, sans-serif; font-size: 15px; line-height: 24px; background-color: rgb(255, 255, 255);&quot;&gt;The vehicle explodes, literally explodes, off the pad. The simulator shakes you a little bit, but the actual liftoff shakes your entire body and soul.&lt;/p&gt;&lt;h2 style=&quot;box-sizing: border-box; font-size: 26px; margin: 36px 0px 24px; color: rgb(26, 26, 26); line-height: 32px; font-family: &#039;Open Sans&#039;, Helvetica, Arial, sans-serif; background-color: rgb(255, 255, 255);&quot;&gt;The Future&lt;/h2&gt;&lt;p style=&quot;box-sizing: border-box; margin: 0px 0px 24px; color: rgb(56, 56, 56); font-family: &#039;Open Sans&#039;, Helvetica, Arial, sans-serif; font-size: 15px; line-height: 24px; background-color: rgb(255, 255, 255);&quot;&gt;I am a stranger. I come in peace. Take me to your leader and there will be a massive reward for you in eternity.&lt;/p&gt;'),(13,9,'Our Content Policy','&lt;p style=&quot;box-sizing: border-box; margin: 0px 0px 24px; color: rgb(56, 56, 56); font-family: &#039;Open Sans&#039;, Helvetica, Arial, sans-serif; font-size: 15px; line-height: 24px; background-color: rgb(255, 255, 255);&quot;&gt;It has been said that astronomy is a humbling and character-building experience. There is perhaps no better demonstration of the folly of human conceits than this distant image of our tiny world. To me, it underscores our responsibility to deal more kindly with one another, and to preserve and cherish the pale blue dot, the only home weve ever known. The Earth is a very small stage in a vast cosmic arena. Think of the rivers of blood spilled by all those generals and emperors so that, in glory and triumph, they could become the momentary masters of a fraction of a dot. Think of the endless cruelties visited by the inhabitants of one corner of this pixel on the scarcely distinguishable inhabitants of some other corner, how frequent their misunderstandings, how eager they are to kill one another, how fervent their hatreds.&lt;/p&gt;&lt;h2 style=&quot;box-sizing: border-box; font-size: 26px; margin: 36px 0px 24px; color: rgb(26, 26, 26); line-height: 32px; font-family: &#039;Open Sans&#039;, Helvetica, Arial, sans-serif; background-color: rgb(255, 255, 255);&quot;&gt;The Earth&lt;/h2&gt;&lt;p style=&quot;box-sizing: border-box; margin: 0px 0px 24px; color: rgb(56, 56, 56); font-family: &#039;Open Sans&#039;, Helvetica, Arial, sans-serif; font-size: 15px; line-height: 24px; background-color: rgb(255, 255, 255);&quot;&gt;Look again at that dot. Thats here. Thats home. Thats us. On it everyone you love, everyone you know, everyone you ever heard of,&lt;strong style=&quot;box-sizing: border-box;&quot;&gt;&amp;nbsp;every human being&lt;/strong&gt;&amp;nbsp;who ever was, lived out their lives. The aggregate of our joy and suffering, thousands of confident religions, ideologies, and economic doctrines, every hunter and forager, every hero and coward, every creator and destroyer of civilization, every king and peasant, every young couple in love, every mother and father, hopeful child, inventor and explorer, every teacher of morals, every corrupt politician, every superstar, every supreme leader, every saint and sinner in the history of our species lived thereon a mote of dust suspended in a sunbeam.&lt;/p&gt;&lt;h3 style=&quot;box-sizing: border-box; font-size: 24px; margin: 36px 0px 24px; color: rgb(26, 26, 26); line-height: 30px; font-family: &#039;Open Sans&#039;, Helvetica, Arial, sans-serif; background-color: rgb(255, 255, 255);&quot;&gt;Houston&lt;/h3&gt;&lt;p style=&quot;box-sizing: border-box; margin: 0px 0px 24px; color: rgb(56, 56, 56); font-family: &#039;Open Sans&#039;, Helvetica, Arial, sans-serif; font-size: 15px; line-height: 24px; background-color: rgb(255, 255, 255);&quot;&gt;that may have seemed like a very long final phase. The autotargeting was taking us right into a  crater, with a large number of big boulders and rocks  and it required  flying manually over the rock field to find a reasonably good area.&lt;/p&gt;&lt;ul style=&quot;box-sizing: border-box; margin: 0px 0px 24px 48px; padding: 0px; color: rgb(56, 56, 56); font-family: &#039;Open Sans&#039;, Helvetica, Arial, sans-serif; font-size: 15px; line-height: 24px; background-color: rgb(255, 255, 255);&quot;&gt;&lt;li style=&quot;box-sizing: border-box; padding-left: 6px; margin-bottom: 12px;&quot;&gt;I am a stranger. I come in peace. Take me to your leader and there will be a massive reward for you in eternity.&lt;/li&gt;&lt;li style=&quot;box-sizing: border-box; padding-left: 6px; margin-bottom: 12px;&quot;&gt;A good rule for rocket experimenters to follow is this: always assume that it will explode.&lt;/li&gt;&lt;li style=&quot;box-sizing: border-box; padding-left: 6px; margin-bottom: 12px;&quot;&gt;Lets light this fire one more time, Mike, and witness this great nation at its best.&lt;/li&gt;&lt;li style=&quot;box-sizing: border-box; padding-left: 6px; margin-bottom: 12px;&quot;&gt;Its just mind-blowingly awesome. I apologize, and I wish I was more articulate, but its hard to be articulate when your minds blownbut in a very good way.&lt;/li&gt;&lt;/ul&gt;&lt;p style=&quot;box-sizing: border-box; margin: 0px 0px 24px; color: rgb(56, 56, 56); font-family: &#039;Open Sans&#039;, Helvetica, Arial, sans-serif; font-size: 15px; line-height: 24px; background-color: rgb(255, 255, 255);&quot;&gt;The view of the Earth from the Moon fascinated mea small disk, 240,000 miles away. It was hard to think that that little thing held so many problems, so many frustrations. Raging nationalistic interests, famines, wars, pestilence dont show from that distance.&lt;/p&gt;&lt;h3 style=&quot;box-sizing: border-box; font-size: 24px; margin: 36px 0px 24px; color: rgb(26, 26, 26); line-height: 30px; font-family: &#039;Open Sans&#039;, Helvetica, Arial, sans-serif; background-color: rgb(255, 255, 255);&quot;&gt;Flight Control&lt;/h3&gt;&lt;p style=&quot;box-sizing: border-box; margin: 0px 0px 24px; color: rgb(56, 56, 56); font-family: &#039;Open Sans&#039;, Helvetica, Arial, sans-serif; font-size: 15px; line-height: 24px; background-color: rgb(255, 255, 255);&quot;&gt;From this day forward, Flight Control will be known by two words: Tough and Competent. Tough means we are forever accountable for what we do or what we fail to do. We will never again compromise our responsibilities. Every time we walk into Mission Control we will know what we stand for. Competent means we will never take anything for granted. We will never be found short in our knowledge and in our skills. Mission Control will be perfect. When you leave this meeting today you will go to your office and the first thing you will do there is to write Tough and Competent on your blackboards. It will never be erased. Each day when you enter the room these words will remind you of the price paid by Grissom, White, and Chaffee. These words are the price of admission to the ranks of Mission Control.&lt;/p&gt;&lt;ol style=&quot;box-sizing: border-box; margin: 0px 0px 24px 48px; padding: 0px; color: rgb(56, 56, 56); font-family: &#039;Open Sans&#039;, Helvetica, Arial, sans-serif; font-size: 15px; line-height: 24px; background-color: rgb(255, 255, 255);&quot;&gt;&lt;li style=&quot;box-sizing: border-box; padding-left: 6px; margin-bottom: 12px;&quot;&gt;Its just mind-blowingly awesome. I apologize, and I wish I was more articulate, but its hard to be articulate when your minds blownbut in a very good way.&lt;/li&gt;&lt;li style=&quot;box-sizing: border-box; padding-left: 6px; margin-bottom: 12px;&quot;&gt;The vehicle explodes, literally explodes, off the pad. The simulator shakes you a little bit, but the actual liftoff shakes your entire body and soul.&lt;/li&gt;&lt;li style=&quot;box-sizing: border-box; padding-left: 6px; margin-bottom: 12px;&quot;&gt;The surface is fine and powdery. I can kick it up loosely with my toe.&lt;/li&gt;&lt;/ol&gt;&lt;p style=&quot;box-sizing: border-box; margin: 0px 0px 24px; color: rgb(56, 56, 56); font-family: &#039;Open Sans&#039;, Helvetica, Arial, sans-serif; font-size: 15px; line-height: 24px; background-color: rgb(255, 255, 255);&quot;&gt;The vehicle explodes, literally explodes, off the pad. The simulator shakes you a little bit, but the actual liftoff shakes your entire body and soul.&lt;/p&gt;&lt;h2 style=&quot;box-sizing: border-box; font-size: 26px; margin: 36px 0px 24px; color: rgb(26, 26, 26); line-height: 32px; font-family: &#039;Open Sans&#039;, Helvetica, Arial, sans-serif; background-color: rgb(255, 255, 255);&quot;&gt;The Future&lt;/h2&gt;&lt;p style=&quot;box-sizing: border-box; margin: 0px 0px 24px; color: rgb(56, 56, 56); font-family: &#039;Open Sans&#039;, Helvetica, Arial, sans-serif; font-size: 15px; line-height: 24px; background-color: rgb(255, 255, 255);&quot;&gt;I am a stranger. I come in peace. Take me to your leader and there will be a massive reward for you in eternity.&lt;/p&gt;'),(14,10,'How Do I File A DMCA?','&lt;p style=&quot;box-sizing: border-box; margin: 0px 0px 24px; color: rgb(56, 56, 56); font-family: &#039;Open Sans&#039;, Helvetica, Arial, sans-serif; font-size: 15px; line-height: 24px; background-color: rgb(255, 255, 255);&quot;&gt;It has been said that astronomy is a humbling and character-building experience. There is perhaps no better demonstration of the folly of human conceits than this distant image of our tiny world. To me, it underscores our responsibility to deal more kindly with one another, and to preserve and cherish the pale blue dot, the only home weve ever known. The Earth is a very small stage in a vast cosmic arena. Think of the rivers of blood spilled by all those generals and emperors so that, in glory and triumph, they could become the momentary masters of a fraction of a dot. Think of the endless cruelties visited by the inhabitants of one corner of this pixel on the scarcely distinguishable inhabitants of some other corner, how frequent their misunderstandings, how eager they are to kill one another, how fervent their hatreds.&lt;/p&gt;&lt;h2 style=&quot;box-sizing: border-box; font-size: 26px; margin: 36px 0px 24px; color: rgb(26, 26, 26); line-height: 32px; font-family: &#039;Open Sans&#039;, Helvetica, Arial, sans-serif; background-color: rgb(255, 255, 255);&quot;&gt;The Earth&lt;/h2&gt;&lt;p style=&quot;box-sizing: border-box; margin: 0px 0px 24px; color: rgb(56, 56, 56); font-family: &#039;Open Sans&#039;, Helvetica, Arial, sans-serif; font-size: 15px; line-height: 24px; background-color: rgb(255, 255, 255);&quot;&gt;Look again at that dot. Thats here. Thats home. Thats us. On it everyone you love, everyone you know, everyone you ever heard of,&lt;strong style=&quot;box-sizing: border-box;&quot;&gt;&amp;nbsp;every human being&lt;/strong&gt;&amp;nbsp;who ever was, lived out their lives. The aggregate of our joy and suffering, thousands of confident religions, ideologies, and economic doctrines, every hunter and forager, every hero and coward, every creator and destroyer of civilization, every king and peasant, every young couple in love, every mother and father, hopeful child, inventor and explorer, every teacher of morals, every corrupt politician, every superstar, every supreme leader, every saint and sinner in the history of our species lived thereon a mote of dust suspended in a sunbeam.&lt;/p&gt;&lt;h3 style=&quot;box-sizing: border-box; font-size: 24px; margin: 36px 0px 24px; color: rgb(26, 26, 26); line-height: 30px; font-family: &#039;Open Sans&#039;, Helvetica, Arial, sans-serif; background-color: rgb(255, 255, 255);&quot;&gt;Houston&lt;/h3&gt;&lt;p style=&quot;box-sizing: border-box; margin: 0px 0px 24px; color: rgb(56, 56, 56); font-family: &#039;Open Sans&#039;, Helvetica, Arial, sans-serif; font-size: 15px; line-height: 24px; background-color: rgb(255, 255, 255);&quot;&gt;that may have seemed like a very long final phase. The autotargeting was taking us right into a  crater, with a large number of big boulders and rocks  and it required  flying manually over the rock field to find a reasonably good area.&lt;/p&gt;&lt;ul style=&quot;box-sizing: border-box; margin: 0px 0px 24px 48px; padding: 0px; color: rgb(56, 56, 56); font-family: &#039;Open Sans&#039;, Helvetica, Arial, sans-serif; font-size: 15px; line-height: 24px; background-color: rgb(255, 255, 255);&quot;&gt;&lt;li style=&quot;box-sizing: border-box; padding-left: 6px; margin-bottom: 12px;&quot;&gt;I am a stranger. I come in peace. Take me to your leader and there will be a massive reward for you in eternity.&lt;/li&gt;&lt;li style=&quot;box-sizing: border-box; padding-left: 6px; margin-bottom: 12px;&quot;&gt;A good rule for rocket experimenters to follow is this: always assume that it will explode.&lt;/li&gt;&lt;li style=&quot;box-sizing: border-box; padding-left: 6px; margin-bottom: 12px;&quot;&gt;Lets light this fire one more time, Mike, and witness this great nation at its best.&lt;/li&gt;&lt;li style=&quot;box-sizing: border-box; padding-left: 6px; margin-bottom: 12px;&quot;&gt;Its just mind-blowingly awesome. I apologize, and I wish I was more articulate, but its hard to be articulate when your minds blownbut in a very good way.&lt;/li&gt;&lt;/ul&gt;&lt;p style=&quot;box-sizing: border-box; margin: 0px 0px 24px; color: rgb(56, 56, 56); font-family: &#039;Open Sans&#039;, Helvetica, Arial, sans-serif; font-size: 15px; line-height: 24px; background-color: rgb(255, 255, 255);&quot;&gt;The view of the Earth from the Moon fascinated mea small disk, 240,000 miles away. It was hard to think that that little thing held so many problems, so many frustrations. Raging nationalistic interests, famines, wars, pestilence dont show from that distance.&lt;/p&gt;&lt;h3 style=&quot;box-sizing: border-box; font-size: 24px; margin: 36px 0px 24px; color: rgb(26, 26, 26); line-height: 30px; font-family: &#039;Open Sans&#039;, Helvetica, Arial, sans-serif; background-color: rgb(255, 255, 255);&quot;&gt;Flight Control&lt;/h3&gt;&lt;p style=&quot;box-sizing: border-box; margin: 0px 0px 24px; color: rgb(56, 56, 56); font-family: &#039;Open Sans&#039;, Helvetica, Arial, sans-serif; font-size: 15px; line-height: 24px; background-color: rgb(255, 255, 255);&quot;&gt;From this day forward, Flight Control will be known by two words: Tough and Competent. Tough means we are forever accountable for what we do or what we fail to do. We will never again compromise our responsibilities. Every time we walk into Mission Control we will know what we stand for. Competent means we will never take anything for granted. We will never be found short in our knowledge and in our skills. Mission Control will be perfect. When you leave this meeting today you will go to your office and the first thing you will do there is to write Tough and Competent on your blackboards. It will never be erased. Each day when you enter the room these words will remind you of the price paid by Grissom, White, and Chaffee. These words are the price of admission to the ranks of Mission Control.&lt;/p&gt;&lt;ol style=&quot;box-sizing: border-box; margin: 0px 0px 24px 48px; padding: 0px; color: rgb(56, 56, 56); font-family: &#039;Open Sans&#039;, Helvetica, Arial, sans-serif; font-size: 15px; line-height: 24px; background-color: rgb(255, 255, 255);&quot;&gt;&lt;li style=&quot;box-sizing: border-box; padding-left: 6px; margin-bottom: 12px;&quot;&gt;Its just mind-blowingly awesome. I apologize, and I wish I was more articulate, but its hard to be articulate when your minds blownbut in a very good way.&lt;/li&gt;&lt;li style=&quot;box-sizing: border-box; padding-left: 6px; margin-bottom: 12px;&quot;&gt;The vehicle explodes, literally explodes, off the pad. The simulator shakes you a little bit, but the actual liftoff shakes your entire body and soul.&lt;/li&gt;&lt;li style=&quot;box-sizing: border-box; padding-left: 6px; margin-bottom: 12px;&quot;&gt;The surface is fine and powdery. I can kick it up loosely with my toe.&lt;/li&gt;&lt;/ol&gt;&lt;p style=&quot;box-sizing: border-box; margin: 0px 0px 24px; color: rgb(56, 56, 56); font-family: &#039;Open Sans&#039;, Helvetica, Arial, sans-serif; font-size: 15px; line-height: 24px; background-color: rgb(255, 255, 255);&quot;&gt;The vehicle explodes, literally explodes, off the pad. The simulator shakes you a little bit, but the actual liftoff shakes your entire body and soul.&lt;/p&gt;&lt;h2 style=&quot;box-sizing: border-box; font-size: 26px; margin: 36px 0px 24px; color: rgb(26, 26, 26); line-height: 32px; font-family: &#039;Open Sans&#039;, Helvetica, Arial, sans-serif; background-color: rgb(255, 255, 255);&quot;&gt;The Future&lt;/h2&gt;&lt;p style=&quot;box-sizing: border-box; margin: 0px 0px 24px; color: rgb(56, 56, 56); font-family: &#039;Open Sans&#039;, Helvetica, Arial, sans-serif; font-size: 15px; line-height: 24px; background-color: rgb(255, 255, 255);&quot;&gt;I am a stranger. I come in peace. Take me to your leader and there will be a massive reward for you in eternity.&lt;/p&gt;');

/*Table structure for table `results` */

DROP TABLE IF EXISTS `results`;

CREATE TABLE `results` (
  `id` int(11) NOT NULL AUTO_INCREMENT,
  `user` varchar(11) NOT NULL,
  `exam` varchar(11) NOT NULL,
  `token` varchar(20) NOT NULL,
  `fullmarks` float(5,2) NOT NULL,
  `duration` float(5,2) NOT NULL,
  `marks` float(5,2) NOT NULL,
  `score` int(11) NOT NULL,
  `remarks` int(2) NOT NULL,
  `date` date NOT NULL,
  `banned` int(2) NOT NULL DEFAULT '0',
  PRIMARY KEY (`id`)
) ENGINE=MyISAM AUTO_INCREMENT=6 DEFAULT CHARSET=latin1;

/*Data for the table `results` */

insert  into `results`(`id`,`user`,`exam`,`token`,`fullmarks`,`duration`,`marks`,`score`,`remarks`,`date`,`banned`) values (2,'3','3','etyiueryufyerui',30.00,5.00,30.00,100,1,'2014-12-01',0),(3,'3','2','etyiueryufyerui',30.00,5.00,30.00,100,1,'2014-12-01',0),(4,'5','3','6698976978997148',140.00,5.00,30.00,21,0,'2016-10-11',0),(5,'8','1','3014443264410344',210.00,60.00,160.00,76,1,'2017-01-11',0);

/*Table structure for table `section` */

DROP TABLE IF EXISTS `section`;

CREATE TABLE `section` (
  `section_id` int(11) NOT NULL AUTO_INCREMENT,
  `name` longtext COLLATE utf8_unicode_ci NOT NULL,
  `nick_name` longtext COLLATE utf8_unicode_ci NOT NULL,
  `class_id` int(11) NOT NULL,
  `teacher_id` int(11) NOT NULL,
  PRIMARY KEY (`section_id`)
) ENGINE=InnoDB AUTO_INCREMENT=13 DEFAULT CHARSET=utf8 COLLATE=utf8_unicode_ci;

/*Data for the table `section` */

insert  into `section`(`section_id`,`name`,`nick_name`,`class_id`,`teacher_id`) values (1,'7.A','A',1,1),(2,'8.A','A',2,11),(5,'9.A','A',3,16),(8,'7.B','B',1,7),(9,'8.B','B',2,17),(10,'9.B','B',3,8),(11,'Staff','Staff',4,2);

/*Table structure for table `setting_cam` */

DROP TABLE IF EXISTS `setting_cam`;

CREATE TABLE `setting_cam` (
  `id` int(11) NOT NULL AUTO_INCREMENT,
  `website_url` varchar(120) NOT NULL,
  `website_title` varchar(250) NOT NULL,
  `company_title` varchar(900) NOT NULL,
  `company_logo` varchar(2000) NOT NULL,
  `company_agreement` longtext NOT NULL,
  `set_emailbody` longtext NOT NULL,
  `contact_email` varchar(120) NOT NULL,
  `vss_mang_version` varchar(11) NOT NULL,
  `salt_key` varchar(200) NOT NULL,
  `vss_timeout` varchar(12) NOT NULL,
  `take_image` int(1) NOT NULL,
  `show_veh_reg` int(1) NOT NULL,
  `show_signature` int(1) NOT NULL,
  `set_visitoremail` int(1) NOT NULL,
  `active` int(1) NOT NULL,
  PRIMARY KEY (`id`)
) ENGINE=InnoDB AUTO_INCREMENT=2 DEFAULT CHARSET=latin1;

/*Data for the table `setting_cam` */

insert  into `setting_cam`(`id`,`website_url`,`website_title`,`company_title`,`company_logo`,`company_agreement`,`set_emailbody`,`contact_email`,`vss_mang_version`,`salt_key`,`vss_timeout`,`take_image`,`show_veh_reg`,`show_signature`,`set_visitoremail`,`active`) values (1,'http://starstudents.co.id/cam','Star Students Signin System','Signin System','101116_complogo_465.png','Star Students Signin System','Your guest {GuestName} from {CompanyName} is waiting for you in reception. LabPupil Signin System','admin@rembon.com','1.0.2','salt_keyvisitorsignin_sys0x34985498','86400',0,1,1,0,0);

/*Table structure for table `settings` */

DROP TABLE IF EXISTS `settings`;

CREATE TABLE `settings` (
  `settings_id` int(11) NOT NULL AUTO_INCREMENT,
  `type` longtext CHARACTER SET utf8 COLLATE utf8_unicode_ci NOT NULL,
  `description` longtext CHARACTER SET utf8 COLLATE utf8_unicode_ci NOT NULL,
  PRIMARY KEY (`settings_id`)
) ENGINE=MyISAM AUTO_INCREMENT=22 DEFAULT CHARSET=latin1;

/*Data for the table `settings` */

insert  into `settings`(`settings_id`,`type`,`description`) values (1,'system_name','Demo School'),(2,'system_title','Demo School - Starstudents'),(3,'address','Jl. Alternatif Cibubur, Kav. DDN No. 7, Cimanggis - Depok 16954'),(4,'phone','+622184598181'),(5,'paypal_email','arfan@rembon.com'),(6,'currency','Rp.'),(7,'system_email','admin@starstudents.co.id'),(20,'active_sms_service','disabled'),(11,'language','english'),(12,'text_align','left-to-right'),(13,'clickatell_user',''),(14,'clickatell_password',''),(15,'clickatell_api_id',''),(16,'skin_colour','default'),(17,'twilio_account_sid',''),(18,'twilio_auth_token',''),(19,'twilio_sender_phone_number',''),(21,'running_year','2017-2018');

/*Table structure for table `settings_onlinetest` */

DROP TABLE IF EXISTS `settings_onlinetest`;

CREATE TABLE `settings_onlinetest` (
  `company` varchar(75) CHARACTER SET utf8 COLLATE utf8_bin NOT NULL,
  `site_url` varchar(75) CHARACTER SET utf8 COLLATE utf8_bin NOT NULL,
  `site_email` varchar(100) CHARACTER SET utf8 COLLATE utf8_bin NOT NULL,
  `address` varchar(150) CHARACTER SET utf8 COLLATE utf8_bin NOT NULL,
  `city` varchar(150) CHARACTER SET utf8 COLLATE utf8_bin NOT NULL,
  `state` varchar(150) CHARACTER SET utf8 COLLATE utf8_bin NOT NULL,
  `zip` varchar(16) NOT NULL,
  `phone` varchar(16) DEFAULT NULL,
  `fax` varchar(16) DEFAULT NULL,
  `logo` varchar(60) NOT NULL,
  `short_date` varchar(20) NOT NULL,
  `long_date` varchar(20) NOT NULL,
  `dtz` varchar(200) NOT NULL,
  `lang` varchar(2) NOT NULL DEFAULT 'en',
  `weekstart` tinyint(1) NOT NULL DEFAULT '1',
  `theme` varchar(30) DEFAULT NULL,
  `enable_reg` tinyint(1) NOT NULL DEFAULT '1',
  `enable_tax` tinyint(1) NOT NULL DEFAULT '0',
  `tax_name` varchar(55) CHARACTER SET utf8 COLLATE utf8_bin NOT NULL,
  `tax_rate` varchar(8) NOT NULL DEFAULT '0',
  `tax_number` varchar(100) DEFAULT NULL,
  `enable_offline` tinyint(1) NOT NULL DEFAULT '1',
  `offline_info` text,
  `invoice_note` text,
  `invoice_number` varchar(40) DEFAULT NULL,
  `quote_number` varchar(40) DEFAULT NULL,
  `enable_uploads` tinyint(1) NOT NULL DEFAULT '1',
  `file_types` varchar(255) CHARACTER SET utf8 COLLATE utf8_bin NOT NULL,
  `file_max` varchar(20) CHARACTER SET utf8 COLLATE utf8_bin NOT NULL,
  `perpage` varchar(3) NOT NULL DEFAULT '10',
  `sbackup` varchar(50) DEFAULT NULL,
  `currency` varchar(4) DEFAULT NULL,
  `cur_symbol` varchar(6) DEFAULT NULL,
  `tsep` varchar(1) NOT NULL DEFAULT ',',
  `dsep` varchar(1) NOT NULL DEFAULT '.',
  `pp_email` varchar(50) DEFAULT NULL,
  `pp_pass` varchar(30) DEFAULT NULL,
  `pp_api` varchar(100) DEFAULT NULL,
  `pp_mode` tinyint(1) NOT NULL DEFAULT '0',
  `invdays` tinyint(1) NOT NULL DEFAULT '7',
  `mailer` enum('PHP','SMTP','SMAIL') NOT NULL DEFAULT 'PHP',
  `smtp_host` varchar(100) DEFAULT NULL,
  `smtp_user` varchar(50) DEFAULT NULL,
  `smtp_pass` varchar(50) DEFAULT NULL,
  `smtp_port` smallint(3) DEFAULT NULL,
  `sendmail` varchar(60) DEFAULT NULL,
  `is_ssl` tinyint(1) NOT NULL DEFAULT '0',
  `crmv` varchar(5) DEFAULT NULL,
  `passing_score` int(2) NOT NULL,
  `google_analytics` text NOT NULL,
  `social_gplus` varchar(75) NOT NULL,
  `social_twitter` varchar(75) NOT NULL,
  `social_facebook` varchar(75) NOT NULL,
  `social_pinterest` varchar(75) NOT NULL,
  `social_linkedin` varchar(75) NOT NULL,
  `social_rss` varchar(75) NOT NULL
) ENGINE=MyISAM DEFAULT CHARSET=utf8;

/*Data for the table `settings_onlinetest` */

insert  into `settings_onlinetest`(`company`,`site_url`,`site_email`,`address`,`city`,`state`,`zip`,`phone`,`fax`,`logo`,`short_date`,`long_date`,`dtz`,`lang`,`weekstart`,`theme`,`enable_reg`,`enable_tax`,`tax_name`,`tax_rate`,`tax_number`,`enable_offline`,`offline_info`,`invoice_note`,`invoice_number`,`quote_number`,`enable_uploads`,`file_types`,`file_max`,`perpage`,`sbackup`,`currency`,`cur_symbol`,`tsep`,`dsep`,`pp_email`,`pp_pass`,`pp_api`,`pp_mode`,`invdays`,`mailer`,`smtp_host`,`smtp_user`,`smtp_pass`,`smtp_port`,`sendmail`,`is_ssl`,`crmv`,`passing_score`,`google_analytics`,`social_gplus`,`social_twitter`,`social_facebook`,`social_pinterest`,`social_linkedin`,`social_rss`) values ('Star Students','http://starstudents.co.id/onlinetest/','admin@rembon.com','Santa Lusia Building 2nd Floor, Jl. Dewi Sartika No. 239, Cawang','Jakarta Timur','DKI Jakarta','13630','021 2285 5219','021 2285 5219','logo-login.png','%e-%m-%Y','%d %B %Y %H:%M','Asia/Jakarta','en',1,'master',0,1,'HST','0.13','123456789-WOJO-321',1,'Bank BCA\r\nCabang Bekasi Barat\r\n0063567262','You can enter here school policy or any other info','RTB-ST5','QUO-1010',1,'gif,png,jpg,jpeg,pdf,zip,rar','10485760','10','11-Jan-2017_17-44-33.sql','IDR','Rp.','.',',','','','',0,10,'PHP','','','',25,'/usr/sbin/sendmail -t -i',0,'2.0.0',60,'','starstudents','starstudents','starstudents','starstudents','starstudents','starstudents');

/*Table structure for table `sevendays` */

DROP TABLE IF EXISTS `sevendays`;

CREATE TABLE `sevendays` (
  `sevendays_id` int(11) NOT NULL AUTO_INCREMENT,
  `attendance_id` int(11) NOT NULL,
  `student_id` int(11) NOT NULL,
  `parent_id` int(11) NOT NULL,
  `class` varchar(100) NOT NULL,
  `days` varchar(255) NOT NULL,
  `image` varchar(255) NOT NULL,
  `status` enum('Belum Di Print','Sudah Di Print') NOT NULL,
  PRIMARY KEY (`sevendays_id`)
) ENGINE=InnoDB DEFAULT CHARSET=latin1;

/*Data for the table `sevendays` */

/*Table structure for table `signin_tablet` */

DROP TABLE IF EXISTS `signin_tablet`;

CREATE TABLE `signin_tablet` (
  `id` int(11) NOT NULL AUTO_INCREMENT,
  `signin_date` varchar(30) NOT NULL,
  `signout_date` varchar(30) NOT NULL,
  `ip` varchar(30) NOT NULL,
  `full_name` varchar(80) NOT NULL,
  `company` varchar(80) NOT NULL,
  `veh_reg` varchar(200) NOT NULL,
  `contact_list` varchar(200) NOT NULL,
  `signature_in` longtext NOT NULL,
  `signature_out` longtext NOT NULL,
  `profile_in` longtext NOT NULL,
  `profile_out` longtext NOT NULL,
  PRIMARY KEY (`id`)
) ENGINE=InnoDB AUTO_INCREMENT=99 DEFAULT CHARSET=latin1;

/*Data for the table `signin_tablet` */

insert  into `signin_tablet`(`id`,`signin_date`,`signout_date`,`ip`,`full_name`,`company`,`veh_reg`,`contact_list`,`signature_in`,`signature_out`,`profile_in`,`profile_out`) values (84,'11/03/2016 08:39 AM','11/03/2016 08:41 AM','110.138.157.206','Karim','6','','','iVBORw0KGgoAAAANSUhEUgAAAj8AAACWCAYAAAAxIOk4AAAUBElEQVR4Xu3de4hV5f7H8a9dfk0Wlqc8WMbPykIPlVYICpUWZARJaV5KO1RISv1hNyeyuw4FYpkXSCqKbpqKZloQmYZp/dH80ckbFUm303Q7YmYZ1VDN4bM4K8a919579p699qz1fN8Lhsr2Xuv5vp4l8+F5nvWsXh0dHR3GgQACCCCAAAIIOBHoRfhx0tOUiQACCCCAAAKRAOGHGwEBBBBAAAEEXAkQflx1N8UigAACCCCAAOGHewABBBBAAAEEXAkQflx1N8UigAACCCCAAOGHewABBBBAAAEEXAkQflx1N8UigAACCCCAAOGHewABBBBAAAEEXAkQflx1N8UigAACCCCAAOGHewABBBBAAAEEXAkQflx1N8UigAACCCCAAOGHewABBBBAAAEEXAkQflx1N8UigAACCCCAAOGHewABBBBAAAEEXAkQflx1N8UigAACCCCAAOGHewABBBBAAAEEXAkQflx1N8UigAACCCCAAOGHewABBBBAAAEEXAkQflx1N8UigAACCCCAAOGHewABBBBAAAEEXAkQflx1N8UigAACCCCAAOGHewABBBBAAAEEXAkQflx1N8UigAACCCCAAOGHewABBBBAAAEEXAkQflx1N8UigAACCCCAAOGHewABBBBAAAEEXAkQflx1N8UigAACCCCAAOGHewABBBBAAAEEXAkQflx1N8UigAACCCCAAOGHewABBBBAAAEEXAkQflx1N8UigAACCCCAAOGHeyDzAvfee6899NBDf7XzyCOPtDFjxti0adNs4MCBdvbZZ2e+BhqIAAIIIJAdAcJPdvqClpQQOPbYY23//v1lfU4++WTTj4JQU1OTnXDCCTZq1CiCEXcVAggggECRAOGHmyLzAhMmTLC1a9fW3M44GHUOSApUo0ePrvmcfBEBBBBAIL8ChJ/89p2rlv/www+mwLJ69WqbPXu2tbW1WXt7e10MLrzwwujcGjWKA9KwYcOiP+NAAAEEEAhPgPATXp+6qWjdunWmn1WrVtmvv/6aSt0KREcffXT0c9ppp9nEiROjdUYKSRwIIIAAAvkUIPzks99odYHAtm3b7Nlnn43C0BdffFHko0XS48ePt9NPP93eeust00jS9u3bu+XYecRIISmUqbSWlhY78cQT7YYbbuiWD19GAAEEsipA+Mlqz9CumgUUhBYtWmTPPfdc0Tk0YnP99dfbLbfcEoUVhSB9/vPPP49+9O/xn1VaZF2qgfEUWjyNpn/mZX3R1KlTbcWKFVFpgwYNshEjRkRP2jHSVfPtyBcRQCCDAoSfDHYKTaqPgMLMjBkzbNOmTdbR0XHQSRVQxo0bZ9ddd51pBKfUoVGir776yl544YVojdGff/4ZBaRaglG8nkjXUyDK4mP6AwYMsK+//rqIQ21WaLziiitYC1Wf25OzIIBADwoQfnoQn0s3RkAjORoJ0rRY0pSYQsmtt95qF110kQ0dOjSxUU8++aTt2bMnCgAKCEkjRgpbtUyldV5XpMXcPbmmSAvKJ0+eXLJj4tCokTP2V2rM/ctVEECg/gKEn/qbcsYMCygAKQiVCinnnnuu3X///dEIR3y8+eabdvHFF0f/qWmh5cuXl60wnkLTqFE8lVZtKOo8dRZPnzVq6uztt9+2sWPH2o8//li2TrXx9ttvt5kzZzIalOF7nqYhgECxAOGHu8KlQLwuSAukk6awNBqkaTGNcLz77rs2ZcqUyOmMM86wXbt21WQWry3SP+NglDQSVe7knafO4n9PIxRpZEsjQBs3buxSrbKKp8W69AU+hAACCPSgAOGnB/G5dDYEli5davPmzbMvv/wysUF6Qmz37t3R/zv88MPtjTfeKLtOqNqqFITWrFljO3futD/++CMKV9WuKSrcwFFrdI455phuT03t2LHDHn300cTF40l1ajRIIUjX7zx6Vq0Jn0cAAQTSFCD8pKnLuXMloCkqTYuVWhvUuRj9cn/ggQfqGoI6n7/z1Fk8YlTt1Fl8vsMOO8zOPPPMqK0KJ7UEI7VHoWbLli0H9emhhx4aBbZSQUjX0qgQC6Vz9VeBxiIQvADhJ/gupsBaBDQdphC0fv36sl8fPnx49Mv9nnvuqeUyVX+n89RZd0ORLh7vT6SQ0pVpNI1SzZkzpygEHXHEEdFGkHv37i1Zk4LX9OnTo3VTLJauuuv5AgII1FGA8FNHTE4VnoBGPPTLvtTaoLjiPn362JIlS6JH53viiPcnijdw1H9/+umnJafyKrWx8x5FCkaFT6DpOhoJKlyzFO+EvW/fvsQn6+LrxmuqmB6r1BP8fwQQSEOA8JOGKucMTiB+XF5PipVbj1O4iWIWIJKCkUJdtYutm5qabOTIkdGoTRyOPvvssygcFp5r8ODB0Z9/++23tnLlSmttbS1LoSAVT49lwYw2IIBA2AKEn7D7l+rqLKAQNGvWLHvxxRfLvk8sXvirp8WyvDty4TSa/rvaUKQgpHeraVF44fqfeG3UKaecEi2a1mhUuVG02E0jaEyN1fnm5XQIIPCXAOGHmwGBGgUq7RkUnzZ+nUaefpl33qNIYUVPwml361qPk046KRrZ0Yth9RSaQmT8YtpSYUsjTddcc4098sgj7CNUKzzfQwCBRAHCDzcGAt0UKLUIuPC0GgXRTtJ5fQS8nk+gySbeyPH444+3trY20xTad999l9gbCpCVXkXSzW7k6wgg4EiA8OOosyk1XYGuLo4+7rjjoqee7rzzziBGNOJRos4vhi18JL5a+V69ehW9j03niNdUKQhleTqx2nr5PAIINFaA8NNYb67mRCDeL6hcCNAeOZdddpnNnTs3yPUtmtp65513osXOr776ak3vPSt3u/Tt2zcaDVq4cKGTu4oyEUCgXgKEn3pJch4EEgQ0GqLdo5966qmSmwHqa/369YvekRXye7LikTEtfC48tCaoo6Mjmvb6/fffq7qXtJbq/fffr+o7fBgBBHwLEH589z/VN1BAT1I98cQTtmzZMjtw4EDilQ855BAbMmRINC2m9UEhHuVCkKay7rrrLjvnnHPsgw8+iH4+/PBD02s2Si2M1ghatYEpRFdqQgCBrgsQfrpuxScRqJuAnnR6/PHHbfPmzdbe3p54Xq170dROc3NzFAhCOyqFIIU/TWtpYbSOn3/+2V5//XX76aefbPny5bZ169Yo9EyaNCnaS4gDAQQQ6KoA4aerUnwOgZQE9It88eLF9t5775V8nFzv5zrrrLPs2muvDW5EqNwGkkcddZRdcMEFtmLFiiAWh6d0C3FaBBCoUoDwUyUYH0cgTQGtDdJb1D/66KPEp510bY0I6fFwvU9MmyiGcsQhqNSLZfW4u14my1NeofQ4dSDQcwKEn56z58oIlBW47777oukdTQ9pMXCpY8SIEXbTTTcF9eZ0BaC7777bvvnmm6Ky412j9U8OBBBAoBYBwk8tanwHgQYLPPjgg9ErNcqNCKlJenRei6XzupFiIevNN99sr7zySuJiZz3lFa8LanB3cDkEEMi5AOEn5x1I8/0JaERIIyPaFbnU0b9/f7vxxhujabF4wXCepbSRompOekxe02CFi6PzXCttRwCB9AUIP+kbcwUEUhHQdFhLS0u0GFgvFi11KBhorUwIIajcLtp5eZlsKjcDJ0UAgaoECD9VcfFhBLIpoFGR+fPnR3viJB1aJK2psJdffjmbBVTZKhZHVwnGxxFA4CABwg83BAIBCWh6SCM927dvT6xKT4mtXr3aQlosrOA3Z86cxHVBLI4O6OamFATqKED4qSMmp0IgKwLx9NCaNWuizQELD+0ZpPdtDRw4MCtN7nY7FPwUgpLep6YQFL8ZvtsX4gQIIJB7AcJP7ruQAhAoLRBPD+n9Yr/99tvBw769etmUKVOix+lDOiotjlZA0s7RHAgg4FeA8OO376nckYBCkALQY489VvResaampmhPHT1FFtJR7vUZWhytp+H0E9LoV0j9Ry0IpClA+ElTl3MjkEGB2bNn24IFC4peBqoQpPeNhTYqUu71GVoIPnXqVNM+SuwcncGblSYhkJIA4SclWE6LQNYFLr30UtuwYUNRM3v37h2Fgdtuuy3rJVTVPoUgLY5etGhR4uJorQnSvkjaPJEDAQTCFiD8hN2/VIdAWYEdO3ZET37t27ev6HP682eeeSbIEZGlS5dac3Oz/fLLL4l1a1+kkJ6I468BAggcLED44Y5AAIHolRjPP/+8tbe3F2logXAoO0UXFlfuCTFNg7E4mr8cCIQpQPgJs1+pCoGqBbRA+Oqrr7bW1tai7yoILFy40MaNG1f1efPwhW3btkXTYaVenxFPiYWwS3Ye+oM2IpC2AOEnbWHOj0DOBBQC9OTXgQMHXE2FqVgFQNWvtUH79+8/qH4FH4U/TYmxODpnNzXNRaBAgPDDLYEAAkUCCgH6RZ+0U7RCgEaBNBoS6lHp9RlaD6SdtPXKEA4EEMifAOEnf31GixFomIB+wS9evDjxegpHWhAd+lRQuddn8Eb5ht2KXAiBugoQfurKyckQCE9AozyzZs2yjo6OouL0y18vS/XweLgWR2tKbP369UUOTImFd99TUdgChJ+w+5fqEKiLQLlpMF1AT0VpLYyHo9y6INV//vnn24QJE6JpMQ4EEMimAOEnm/1CqxDIpEC5abD+/fvbzp07TW+O93BoXdC6detKvlG+T58+1tLSEu2YHfrUoIf+psawBAg/YfUn1SCQuoB+4Wuxc+HTULrwgAEDbNWqVXbeeeel3o4sXaDclJjaGb9Rno0Ts9RrtMWzAOHHc+9TOwI1ClSaBnv66adt2rRpNZ49v1+Ty4wZM2zz5s1F705TVSyQzm/f0vKwBAg/YfUn1SDQUIFLLrnENm7cmHjNO+64w+bPn9/Q9mTpYnpKTD9btmxJbJZGg/TEHI/LZ6nXaIsXAcKPl56mTgRSEig3DXb55ZdHAaBv374pXT37p413j5ZT0lShRoPiaTE2T8x+f9LCMAQIP2H0I1Ug0KMCWvyrUYykUY7BgwdHAWjkyJE92saevni8QFqPyydtHqn2aU2QgpBGg1gk3dM9xvVDFiD8hNy71IZAgwX0yPvcuXMTrzpz5kxbsmRJg1uUzctVelxerR42bJiNHz/ezRYC2ewpWhWqAOEn1J6lLgR6SKDcpohaI7Rhw4Yealk2L6vpMI2MJW2eqBY3NTVFL5zV3kFjx47NZhG0CoGcCRB+ctZhNBeBPAhoikfTN6V+oT/88MPW3Nych1Ia1kaZxYukS02L9evXz6688sooCI0ZM6ZhbeNCCIQmQPgJrUepB4EMCWj/m8mTJ9uePXuKWpX0uowMNb1Hm/Lxxx/b9OnTbdeuXfb9998ntkV7KikE6WfUqFE92l4ujkDeBAg/eesx2otADgW0xmX48OG2d+/ev1pP+OlaR7a2ttpLL71ka9eutU8++STxS6eeeqpNmjTJ5s2b17WT8ikEnAsQfpzfAJSPQCMFhgwZYrt377ZBgwaZRjc4qhPYunVrFIIUhtra2oq+vHLlSrvqqquqOymfRsChAOHHYadTMgII5F9g06ZNUQjSTzytqLVCQ4cOzX9xVIBAygKEn5SBOT0CCCCQtsBrr71mvXv3jvYJ4kAAgcoChJ/KRnwCAQQQQAABBAISIPwE1JmUggACCCCAAAKVBQg/lY34BAIIIIAAAggEJED4CagzKQUBBBBAAAEEKgsQfiob8QkEEEAAAQQQCEiA8BNQZ1IKAggggAACCFQWIPxUNuITCCCAAAIIIBCQAOEnoM6kFAQQQAABBBCoLED4qWzEJxBAAAEEEEAgIAHCT0CdSSkIIIAAAgggUFmA8FPZiE8ggAACCCCAQEAChJ+AOpNSEEAAAQQQQKCyQKrhZ03rv+37A+2VW8EnEEAAAQQQQACB/wn87ej/s4kj/j81j9TCz5YP/2Ozlv0rtYZzYgQQQAABBBAIV2DBP8+10f/4eyoFEn5SYeWkCCCAAAIIINAdgVyGHxXMtFd3up3vIoAAAggg4FMgt9NePruLqhFAAAEEEEAg6wKpTXtlvXDahwACCCCAAAI+BQg/PvudqhFAAAEEEHArQPhx2/UUjgACCCCAgE8Bwo/PfqdqBBBAAAEE3AoQftx2PYUjgAACCCDgU4Dw47PfqRoBBBBAAAG3AoQft11P4QgggAACCPgUIPz47HeqRgABBBBAwK0A4cdt11M4AggggAACPgUIPz77naoRQAABBBBwK0D4cdv1FI4AAggggIBPAcKPz36nagQQQAABBNwKEH7cdj2FI4AAAggg4FOA8OOz36kaAQQQQAABtwKEH7ddT+EIIIAAAgj4FCD8+Ox3qkYAAQQQQMCtAOHHbddTOAIIIIAAAj4FCD8++52qEUAAAQQQcCtA+HHb9RSOAAIIIICATwHCj89+p2oEEEAAAQTcChB+3HY9hSOAAAIIIOBTgPDjs9+pGgEEEEAAAbcChB+3XU/hCCCAAAII+BQg/Pjsd6pGAAEEEEDArQDhx23XUzgCCCCAAAI+BQg/PvudqhFAAAEEEHArQPhx2/UUjgACCCCAgE8Bwo/PfqdqBBBAAAEE3AoQftx2PYUjgAACCCDgU4Dw47PfqRoBBBBAAAG3AoQft11P4QgggAACCPgUIPz47HeqRgABBBBAwK0A4cdt11M4AggggAACPgUIPz77naoRQAABBBBwK0D4cdv1FI4AAggggIBPAcKPz36nagQQQAABBNwKEH7cdj2FI4AAAggg4FOA8OOz36kaAQQQQAABtwKEH7ddT+EIIIAAAgj4FCD8+Ox3qkYAAQQQQMCtAOHHbddTOAIIIIAAAj4FCD8++52qEUAAAQQQcCvwX6WIHbeZwtoeAAAAAElFTkSuQmCC','iVBORw0KGgoAAAANSUhEUgAAAj8AAACWCAYAAAAxIOk4AAAR7UlEQVR4Xu3dW4hd9X4H8H+MV4i5VE0Qo5lgHiyGZtKqxYpMAk3wocGJFOLDgWTAB2nBJOc8RAoyiVCIQplJS8lLIZNjH2JRMkMDRWNJAr54oclE8Dx4ScYgpBFNRg1q1Ez5r7LnLMfJZM3stfbea63PH4bMZe3/+v8+vwX5sve6zJuYmJgIBgECBAgQIECgJgLzhJ+adFqZBAgQIECAQCIg/DgQCBAgQIAAgVoJCD+1ardiCRAgQIAAAeHHMUCAAAECBAjUSkD4qVW7FUuAAAECBAgIP44BAgQIECBAoFYCwk+t2q1YAgQIECBAQPhxDBAgQIAAAQK1EhB+atVuxRIgQIAAAQLCj2OAAAECBAgQqJWA8FOrdiuWAAECBAgQEH4cAwQIECBAgECtBISfWrVbsQQIECBAgIDw4xggQIAAAQIEaiUg/NSq3YolQIAAAQIEhB/HAAECBAgQIFArAeGnVu1WLAECBAgQICD8OAYIECBAgACBWgkIP7Vqt2IJECBAgAAB4ccxQIAAAQIECNRKQPipVbsVS6CaAkePHg2Dg4Nh/vz54eDBg2HJkiXVLFRVBAjkIiD85MJoEgIE2iUQQ8/OnTsnd//iiy+GF154oV3LsV8CBEogIPyUoEmWSIDA9AJnz54Nq1evDpcvX57cYN++feG5555DRoAAgWsKCD8ODgIESivQ3d0dRkdHk/UvWrQovPLKK2HTpk2lrcfCCRBojYDw0xpneyFAIGeB3bt3hz179kwGn1OnToWurq6c92I6AgSqKCD8VLGraiJQcYHTp0+HtWvXhqtXryaVDgwMhB07dlS8auURIJCXgPCTl6R5CBBomcAjjzwS3nvvvWR/y5YtC+fPn2/Zvu2IAIHyCwg/5e+hCgjUSiCe5Lxy5crJmg8dOhS2bNlSKwPFEiDQnIDw05yfVxMg0GKBbdu2JffyieOxxx4Lb7/9dotXYHcECJRdQPgpewetn0DNBBYvXhzGx8eTqo8dOxbWrVtXMwHlEiDQrIDw06yg1xMg0DKB4eHhsHnz5mR/K1asCPEjMIMAAQKzFRB+ZitmewIE2ibQ29sbRkZGkv339/eHeLm7QYAAgdkKCD+zFbM9AQJtEbh06dIvntl15swZ9/VpSyfslED5BYSf8vdQBQRqITA0NBT6+vqSWtesWRPiTQ0NAgQIzEVA+JmLmtcQINBygfRVXm5q2HJ+OyRQKQHhp1LtVAyB6gqkr/I6efJkiM/1MggQIDAXAeFnLmpeQ4BASwWOHz8e1q9fn+zTVV4tpbczApUUEH4q2VZFEaiWQHxu1759+5Kitm7dGuL5PwYBAgTmKiD8zFXO6wgQaJlA/IhrdHQ02d/hw4dDvOTdIECAwFwFhJ+5ynkdAQItEZh6ifvFixdDPP/HIECAwFwFhJ+5ynkdAQItEUjf1dkl7i0htxMClRcQfirfYgUSKLdA+nyf7du3h8HBwXIXZPUECLRdQPhpewssgACBmQTuu+++cO7cuWQTDzJ1rBAgkIeA8JOHojkIEChEYOr5PhMTE4Xsx6QECNRLQPipV79VS6BUAun7+yxbtiycP3++VOu3WAIEOlNA+OnMvlgVAQIhJE9t37NnT2Lx7LPPhv3793MhQIBA0wLCT9OEJiBAoCiBeD+fkZGRZPoDBw6E+HwvgwABAs0KCD/NCno9AQKFCXR1dYWxsbFkfs/zKozZxARqJyD81K7lCiZQDgEnO5ejT1ZJoIwCwk8Zu2bNBGogkD7ZuaenJ8SfDQIECOQhIPzkoWgOAgRyF0if7OzmhrnzmpBArQWEn1q3X/EEOlcgfWfngYGBEH82CBAgkIeA8JOHojkIEMhdYN26deHEiRPJvO7snDuvCQnUWkD4qXX7FU+gcwW6u7vD6OhoskBXenVun6yMQBkFhJ8yds2aCdRAYN68eZNVeqxFDRquRAItFBB+WohtVwQIZBNIX+a+aNGiEH82CBAgkJeA8JOXpHkIEMhNwGXuuVGaiACBaQSEH4cFAQIdJyD8dFxLLIhApQSEn0q1UzEEqiEwNDQU+vr6kmK2bt0a4s8GAQIE8hIQfvKSNA8BArkJpG9w2N/fnzzd3SBAgEBeAsJPXpLmIUAgNwHhJzdKExEgMI2A8OOwIECg4wSEn45riQURqJSA8FOpdiqGQDUEhJ9q9FEVBDpVQPjp1M5YF4EaC/T29oaRkZFE4MCBA2Hbtm011lA6AQJ5Cwg/eYuajwCBpgU816tpQhMQIDCDgPDj8CBAoOME4js9Bw8e9M5Px3XGgghUQ0D4qUYfVUGgUgLO+alUOxVDoOMEhJ+Oa4kFESAg/DgGCBAoUkD4KVLX3E0JnD59Omzfvj08/PDD4eWXX25qLi8ul4DwU65+WS2BsgkIP2XrWI3Wu3HjxnD06NGk4uXLl4dnnnkm+T6eDDvd+Pbbb5NfL1iwIKxZsyYsXry4RlrVKvX5558PL730UlLUrl27wt69e6tVoGoIEGirgPDTVn47n0lg586dYXBwMHekdHjq6uoK8SuO9PcrVqyY/H3uCzDhdQXSl7o/+eSTYXh4+LqvsQEBAgSyCgg/WaVs1xaBDRs2hLfeeqst+27s9MYbbwyrV69O3knq7u6efEepEaIWLVqU/N7IT+Dpp58Or776ajLhli1bwqFDh/Kb3EwECNReQPip/SHQ+QAXLlwIH374YTh79mzyFUf6+/jz999/P/m3+A7OO++805bC0u8eNcJSYyHp4BR/19PT05Y1lmGn8R2/+M5fHJ7qXoaOWSOBcgkIP+Xql9U2KXDp0qVw6tSpyVmuFaji78fGxprcW/aX33rrrWHlypXhzjvvDAsXLgzx3aT4b/r7mX53yy23ZN9ZCbY8fvx4WL9+fbLSGBLjzwYBAgTyEhB+8pI0T2UF0gEpBqcYoOJo/Ifc6qA0HXQMT+mgdP78+TAxMREefPDBsGrVqnD77bcnX/Fk8Mb30/0cf3fbbbe1vZfCT9tbYAEEKi0g/FS6vYprtUA6HE19l2nq30ZHR1u9vEz7mz9/fpg3b14SnpYuXRruvffeGQPTtQJVDGT33HNPpn1O3Uj4mRObFxEgkFFA+MkIZTMCRQl88cUX4Ztvvglff/118jU+Pv6Lf9O/u9bfr1y5UtTycps3fT5UY9Kp50HF3z/00EPhk08+Se7x1BgnT550UnlunTARAQLCj2OAQAUEvvvuu8nQFAPSu+++Gz7//PPwwAMPJMGq8RXvhXStnxt/i3MZfxSYLrRNDW/vv/9+uPnmm5MbcsZ3y9IfLU79vmrnZzlWCJRRQPgpY9esmUCBAj/99FOIV9h99tlnyX/iMwWmGKSm+/unn36ahCzj1wIx/KQD0dWrVxPveM7W448/PquPGOM88VYMBgECsxMQfmbnZWsCBOYoMPX2BHGa9HlQjWlfe+218OWXXyahqnHX7vvvvz/5KMyYPkz9/PPPIYaqtWvX/iIMTfeu1dRbMMQZ3avKkVU3AeGnbh1XL4GSCMSbSJ44cSJZ7bFjx675WJOiy5kutDX22Qhv8ZykeIJ4PMH7hx9++MVHi+mPGeP3ZTg/q1HfdI+Sme538dyt6DT1Zp9CVdFHp/nnKiD8zFXO6wgQKFRgx44dYd++fck++vv7Q3zYaRVGDEfxvKx0KIrh7oYbbgh333135nO0Gh85xo8pqzRuuumm5C7q8d9mxsWLF5OgGW/dED9SnMuIfYrnwMXzuZYsWXLdKeLHkAcOHAiPPvrodbe1QXsFhJ/2+ts7AQLXEPBk92yHRvzPOQahjz/++FfvKk33rtV0v/vggw/CV199lW2HtppRIB63MawbnS0g/HR2f6yOQG0FhoaGQl9fX1K/h5u2/jCYep+qxgqmu9v2kSNHkqsL77jjjuQu5Y0R5+jU+1kVJfr666+Hp556qqjpzZuTgPCTE6RpCBDIV8CNDvP1LMNsly9fTm7ZkNc4d+5ccpPOZsZs5ohX3sVbHRidLyD8dH6PrJBALQXiuwbp8yziCcUGAQIE8hAQfvJQNAcBAoUIxMdsNEY8gTWeCGsQIECgWQHhp1lBrydAoDCBTrncvbACTUyAQFsEhJ+2sNspAQJZBLZt2xYOHjyYbDowMBDi5e8GAQIEmhUQfpoV9HoCBAoTSF/uHh90Ojg4WNi+TEyAQH0EhJ/69FqlBEon4Iqv0rXMggmUQkD4KUWbLJJAPQVc8VXPvquaQNECwk/RwuYnQKApgfhwzrGxsWSO+Aytqc+PampyLyZAoJYCwk8t265oAuUR6O3tDSMjI8mC43OT4knQBgECBJoREH6a0fNaAgQKF0g/4HTDhg3hzTffLHyfdkCAQLUFhJ9q91d1BEovEK/w2rlzZ1LHXXfdFS5cuFD6mhRAgEB7BYSf9vrbOwEC1xGYetKzOz07ZAgQaFZA+GlW0OsJEChcIJ7k3Hg6+OHDh0M8D8ggQIDAXAWEn7nKeR0BAi0TSJ/342aHLWO3IwKVFRB+KttahRGojsDw8HDYvHlzUlB8Fyhe8m4QIEBgrgLCz1zlvI4AgZYJOO+nZdR2RKAWAsJPLdqsSALlF0g/4d39fsrfTxUQaKdAoeHntXc+C199e6Wd9dk3AQIVEfjv14fCf+z/x6SaNX/11+HvXtxfkcqUQYDAVIE/WXBz+Nu/vK8wmMLCz4k/XAi/+/f/KWzhJiZAoF4CV8b/N3zwr3+8u/Nf/MN/1QtAtQRqJvBPv/nz0POnSwupWvgphNWkBAgUIfDhv/19+O7Cp8nUXX/z23DHn20oYjfmJECgAwRKGX6im4+9OuDosQQCFRL4z9//czjy+39JKvLRV4UaqxQCUwRK+7GXThIgQCBvgbNnz4aVK1dOTnvmzJkQn/puECBAYDYChX3sNZtF2JYAAQJZBdJXfQ0MDIR4A0SDAAECsxEQfmajZVsCBNouMDQ0FPr6+pJ1xHd94rs/BgECBGYjIPzMRsu2BAi0XSDe8DCGnvHx8WQt7vnT9pZYAIHSCQg/pWuZBRMgsHv37rBnz54EYuHChZNBiAwBAgSyCAg/WZRsQ4BARwnEd3+WLl0afvzxx2Rdu3btCnv37u2oNVoMAQKdKyD8dG5vrIwAgRkEnnjiifDGG28kWyxfvjycO3eOFwECBDIJCD+ZmGxEgECnCcR3f2LouXz5crK0/v7+ED8OMwgQIHA9AeHnekL+ToBAxwqkr/xavHhxcuVX/NcgQIDATALCj+ODAIFSC8Qrv8bGxpIatm/fHgYHB0tdj8UTIFC8gPBTvLE9ECBQoMDx48fD+vXrJ/dw8uTJ0N3dXeAeTU2AQNkFhJ+yd9D6CRAI6bs+x++PHTtGhQABAtcUEH4cHAQIlF5g6jO/PPai9C1VAIFCBYSfQnlNToBAqwTSNz5csGBBcum7k59bpW8/BMolIPyUq19WS4DADALpk59XrVoVPvroI14ECBD4lYDw46AgQKAyAkeOHAmbNm2arMfHX5VprUII5Cog/OTKaTICBNotsHHjxnD06NHJZbj6q90dsX8CnScg/HReT6yIAIEmBeKl7qOjo8ks8ft49Zfzf5pE9XICFRIQfirUTKUQIPD/AvHqrxh6xsfHBSAHBQECvxIQfhwUBAhUUmB4eDhs3rx5srbe3t5w+PDhStaqKAIEZicg/MzOy9YECJRIIP3sr56enhDvBm0QIEBA+HEMECBQaYEYeGII2rFjh8deVLrTiiOQXUD4yW5lSwIECBAgQKACAsJPBZqoBAIECBAgQCC7gPCT3cqWBAgQIECAQAUEhJ8KNFEJBAgQIECAQHYB4Se7lS0JECBAgACBCggIPxVoohIIECBAgACB7ALCT3YrWxIgQIAAAQIVEBB+KtBEJRAgQIAAAQLZBYSf7Fa2JECAAAECBCogIPxUoIlKIECAAAECBLILCD/ZrWxJgAABAgQIVEBA+KlAE5VAgAABAgQIZBcQfrJb2ZIAAQIECBCogIDwU4EmKoEAAQIECBDILiD8ZLeyJQECBAgQIFABAeGnAk1UAgECBAgQIJBdQPjJbmVLAgQIECBAoAICwk8FmqgEAgQIECBAILuA8JPdypYECBAgQIBABQSEnwo0UQkECBAgQIBAdgHhJ7uVLQkQIECAAIEKCPwfjRj0mWn/mHAAAAAASUVORK5CYII=','/9j/4AAQSkZJRgABAQAAAQABAAD/2wCEAAMCAgMCAgMDAwMEAwMEBQgFBQQEBQoHBwYIDAoMDAsKCwsNDhIQDQ4RDgsLEBYQERMUFRUVDA8XGBYUGBIUFRQBAwQEBQQFCQUFCRQNCw0UFBQUFBQUFBQUFBQUFBQUFBQUFBQUFBQUFBQUFBQUFBQUFBQUFBQUFBQUFBQUFBQUFP/AABEIAV4BLAMBEQACEQEDEQH/xAGiAAABBQEBAQEBAQAAAAAAAAAAAQIDBAUGBwgJCgsQAAIBAwMCBAMFBQQEAAABfQECAwAEEQUSITFBBhNRYQcicRQygZGhCCNCscEVUtHwJDNicoIJChYXGBkaJSYnKCkqNDU2Nzg5OkNERUZHSElKU1RVVldYWVpjZGVmZ2hpanN0dXZ3eHl6g4SFhoeIiYqSk5SVlpeYmZqio6Slpqeoqaqys7S1tre4ubrCw8TFxsfIycrS09TV1tfY2drh4uPk5ebn6Onq8fLz9PX29/j5+gEAAwEBAQEBAQEBAQAAAAAAAAECAwQFBgcICQoLEQACAQIEBAMEBwUEBAABAncAAQIDEQQFITEGEkFRB2FxEyIygQgUQpGhscEJIzNS8BVictEKFiQ04SXxFxgZGiYnKCkqNTY3ODk6Q0RFRkdISUpTVFVWV1hZWmNkZWZnaGlqc3R1dnd4eXqCg4SFhoeIiYqSk5SVlpeYmZqio6Slpqeoqaqys7S1tre4ubrCw8TFxsfIycrS09TV1tfY2dri4+Tl5ufo6ery8/T19vf4+fr/2gAMAwEAAhEDEQA/APut2J715sdDtmMBx15q20ybMerdyalxuUpWGySY4FJRG2VHYlsdq1irGMmNChTxQ9QTIm5b2qOU0vccQcdavRE7kb8niqRGwxm9RzUpalJp7iNIAM96aVwbREsxJ5qrk7jTyeKuyM3IR85oukO3MIM4NZuXQrl0GZ3EimiQwBwTQOwzjPTir5bksCQM9qq1ibkLSqT1rOUeYtSSI2J7da0SsQ3dldnJPI5qhCgZPWhgPYBRUoenQcvC9KuwgdSFyelSSxwRQo96Yrh5fpVJlbiFcNk1IWCSU9qa1GIvTmgTBiF6DOaZJEW3NjpT2J3Y4IGOM8VJQ8whRgmizARMxe4qinsNLbqrlM7n5+f8FYxgfCs+v9q/+2dSVE/TWV9pxXm2PQuIr5ppBccBnGTxVXF5iNjoOlJrqC1IZcCmmS1Yh3Y6c0AiMthuKadxtaCCUk4NN6kLQR2xzVrYVxoYt2o2DcjlHOKExOJA/wAhyO9VuTceZMCmDGiX1rJmiYOxAFOBMnYiMorSRmtxgfNC2Aep4PrVITGy/Khp9RFaKLLbjTASYc0ARBD65NA0OI4wOtAgVMjJoAlUgkDFV0AfJkKeePSlYTIlIIxSFYcGxxnigY3dlutAwAK/jQAudvGM5oELtDdelUiSNiC3FAWH4B6cGiwxGbaMHmmK9hPvD2oDcXYBTuxWPz6/4Kyfd+Ff/cV/9s6RSR+mcjAnkV5rZ3DQQtPoAM2DjNSk2U5aELzHNa2ZnfqMZ91Raxe5G2e3WmhEZORz1qo6EsiZsd6rckA+RVXsIPM2dKrdE9SN5Dg/rSjEHIhySTmm3YlailghxTTuNqwvbIpNAmRncetKLCQ0oce1aPUgQYA4pDFLbR7U0JkTsfqKLiE37R7VV7gI0gfg0gIgQfoKTH0ED81YhTlTx0pAOV/lyBQA4Pn39qBDiAF7fSqEMJNFihmdj8mkApkC9OlIBN/GAaYmhUJx81GwWBjmqF1BG285oBscSHHSgQJgHFArkjOowKBn58f8FZiD/wAKrx/1Ff8A2zpIaP0t8wAjmvOlHQ7VLUZJLzxSTKauJ5nHNbXM7EEzGncQwOfWluVsODnFO1gbIpZefehiKsj56VSWlyWxUDYOalsaVhGkwcVa2Ie4rnIyPyqtiXqRt8o5qL3ZdrDFyxq0Q2PyFxQ9UCE8zPFZW5S9xGPy9auJm9BgYKvJrQQ0/Pz2osFxhXHJ7VD3K6AQHU44FaIghI29PzpbgNUgGk7lJgRk8VS2JJhyCCc0xETPsOAKBjlbAPrQAofdUdQtcYZmBOa1Qr2Kssx3Ek0BcY87AjBo0IbZLHITg0JATefmhlRY4HihEsDyvtVNCTHJKAu2qSE2KOTk1LGmEq78YpLQo/Pr/grApUfCz/uK/wDtnQNH6UFq4rXOtaMQuMVPIirjBMd2OgqrCEkkGM96tLQiTSIQwZu+afKkLmuOLEVlLc0jaxBJ8xrWOxk9WRqu1qUncEh5fPFSkaNjSvPWi9mTa4jHC8c1TkTy2IyePm4ojuN7CqcdKvQyI3JzzV2EJv8Amx2qJJFJ2Y1iWPB4qFYpgYyQPStbEMM7BikD2Glsr1ptdQuNB7dM+9FxFeWQhqFoA3GTnNS9S15k6YAqrEDsgKTVCZH1GaBIFXe2aaG0PKAL6UMVyJwSDimhtXIDDv6/pTJD7FgZz+FAAiEdqNRtJkgj5B6UE2sTBMLmgQwEk4qhIcFpXHZMeMCjcWwmdvSk9Bn5/f8ABWJiw+Fn/cV/9s6SLifo/vJ61ypHVcQt70+UfMrjDIpJp7BuNY88dKEyGhEOOTUSbLSWw8nfxUp3FYrykitronYSNgwwetZNO5SGvlWq4pkSYbyeKpxBSEPFPkFzDHPIzVcqRLkM3laSQNkitkZNVcQ1lDZIqZDW5GB6iklbUbAbm6niruTYZN93NQtymiNQSM1pcmwN78GgQixrJ1osA2SL04pWGHI470rjsSAEA5NUmTcF5GDQAKoU5FPcB55FMBm3n0FMCORgpqLkMQucA9KsqwgbcaASJMipGw3E0xbjsA80XJaExmi4dBAfnprRBvuOYBjTtcWx+fn/AAVgOf8AhVg9P7V/9s6HoOJ+jp9Sa5HodSGkg96nmLcUIIyDntQ9RLQZNJsWjYGC8rSkxpBvAPXFZpO4yF33HArRXJYinbnnmtEZt2EyTVbEbiFth461TBCsxK5xio5irXIwCTzTbFy2FZN30qVIfKNLYGKsnYFyOlNq4k7Cgepo6C3EJ4wKRTIdpLYzxTsK5Lwox1pJO5TelitIuT7VoQKhCjrQgEJz9KbARW3Gsmh36DskjGapEW1G52mmyh4INNADPx1qhPQGfgVLJuM2BjzTsWEkXTnimS2MyE470BcAcHPWgLkyEOMGl1FcAuOKGTuIzhQRUjSY0YfPNUgZIEwODWpndn59/wDBWADPwtx/1Ff/AGzqGaQP0dcMRXDqdjt0IgDTDUkMmFFVFCkyF/nBPanYm4wsRgDpUuJfN0FYdakV77kYTgkU0wYjLkZBq0S7AAQOTTYkN6mp5rFWHbscdqcdSW7DTIe3StGiExA5IrNR1LctCJz81apGY9HznihgNZvSpsx3GHOM96Ng3EVsVYhysM5NGwDXXd1OPpQncRHtAHWgYcYpWYChQAapgJG3J70ABGTSIuMZvmAoGP28DmmFhSQBzTuOwhbAzii4xY2DDmmA3YCc0EMZ9080APGVwaVhDy5I4pjWgxuRyKB3QJx7CqsRdE4YAVII/Pj/AIKv9fhd/wBxX/2zplRVj9Gy7E8Vy3RvZ3ELnPoKSWlyuYTeG4NFrD3GyPtHAqFK43FIapzzTlK2gorXURn68VCZchhbI9K2S0MW+g0NgUJ6g0HmADmqkxJCF+MgVjbU1voJnjmrWhL1GMcDitFsYsN/HQUnKw7ELNljnrVX0EKHI4p3AD+tMBVNSxiMQDzTQhMd802AM2alJoBrfKcNVBcCyHoaqwmxCvOc1LYIRfvH0pJjaHq2TimJIZIu1s00FhNwbvT0DUeQCPWiwmIAcUihNvcUwHBQRRZmVyN/lPA5plbiuWcDA4FOxCY5W2r0pGlgLZ68imS9B+AR0ouKyGhueelTuPY/P/8A4KwDH/CrP+4r/wC2dVYcdT9Fs1xI7GMd8itUtDFjBKe1S0XcaX3nFQ9yr3E3lTjtVctzPmsweT5eOtS42NOYYHyOauO1jNrqKT8tTbUpy0I+p9q0I3GmXadvWm9CbsX7xqGaIU4WqRLE8wHIHNOwr3IyFbmhOwNWFDYq9yQ4zSACM02A3A7mhDFLAJgUE9RvYUDGu394UxDNvQrSYXJFbnkUboQ6Q8AjiktxXuMVsDJrQNhHfeRgcUFDlTjgVNrBcOlArik+lMq4wEmmA6N8nBFPYzYPgZx1oBDMkCgmwdRjFJq5Y5Bg81S0RLJd2BzU2ECgFCe9BR+ff/BV8k/8Kt/7iv8A7Z02VE/RJ5gB05rkirm8pDfMzHnHWr2I3EjYNnjrUvU1joGMc1lqUrCZ46VUZkSiNDhjg9Kq92K2ghcD5ccVL30KWo0kYwBxVRJkRlto5q2TEUYX5jS3Vgeg1ZdxJptBzAzEmhA9RNh6gZqrisxdvPNJu2oWbBkwM5pKXMIQsNvvVpiEDcZNLcBGO7npVAMdiBQMVSQuSKZLEOH60m9SXIfjYtVuOw0Als4pBsKTnilYSGk8Yq0OwideRSbBk27GABRcS1DAJpDZEXBYjvQIUEDtVFIjaQ54HFK+pI8neoyKYhV4HNBaH5wvFBLI1JzxTM3G7JTg9etFxpCq2M5pFH59/wDBWD/mlv8A3Ff/AGzoKR+hbPntXNC/U1kPHTn8qJMcUIG3dKlPuW0LyKdxWYh781Nh3I3wo4qkiXIiLbjVpE8wrNge9NIm9yPBPJ6UmUmiTI21C3CTI125OK1uQOY54o0AVCdhrmabZqnoMLEmtoolsdnI54rRRsSIAPxpsQmSeOlJIBWG1cGqsJIjxxSG9tCXcpXFMjVohYYIx2qLEpD3clRgc1oaiLlhUvQAZtp560JgIGAOKAECsTT3Ex2T07igkcFJHoaYNjPLG7PelYfQcVGKBXGsMDNNdwBW4pXGhzH0phcQA44pIQcnnvVk9R6g5yai43oPI9KoVz8+v+Cr/wDzS3t/yFf/AGzoKifoPzvrHZGnUl3ZHArDqbjVODmteW5m3YC+RUWKuJ5n61qkZPUZJJ6c1MtBpXRGrHPPWnEkOpOau4xD19Ke4hGcqcdahKwCD5TVgJ1NTYZJninYQ0ZIIFGwDSTQncLgilScmk3YBw5NNO4hjyENWgxeoFKwBjuOtSShrN2Jp2KEAIpASFqqwXGuuetJoBUGD0poRIMZo2BiOQv40XJsKGAXNA9CMPg0NBfWw5xk5pWBjC2eCKBDsAjpTsAbCOv3aYhR/s0EjsEUbl3sJuOcUWE3ckDcc0CPz9/4KxdPhX/3Ff8A2zoHDqfoKcg9a50jobsSEDbmlYoZg/nQrg7CngdabVzN6DDyBjFVaxJH0yaGrlJjVJJ5oWgmO24OabQXGygEDB/CoT1HuRkbcZqxbD8AincQzB9aYEaE78Ek1NwJmYj7tG5FxuSop2KsNwcZoGSIOOtNKwA209uaE9RXGlNwJqrjGpkjk81mQBjDVZSF2EfSlsDAMwJ9PenckeDuXJPNFx3Acc1RRMApGc1O5A11GMUrWKGbcU0S12Iw27tjFO4IeBjqeKYMMAHI6UAODBhx1pp2IaYx2PTtQMfGByRVpEN2FMnOKpxSVwTuORc88ViV0AqWqouxL1Pz8/4KwqV/4VaD/wBRX/2zpyLgrH6DZBrmOjcGfHGaGTZiK4bvWblbQ2URC/brVRIkhBknrgd60uQKUBaobKSI2JUnimmDE3FhVkjSveoGNIOCTTENWT14pAO3Hr2pJjasNX5MsaqxFxEYudw5phYmOMcml1KGk9hjFWIaCQTjpSbAQv8ANmktRWHiTilK4dBinnmhAPAxkjpTuMQMTn+tIhjlwRWhSIgT61N9RMepJHPFNg9gWUk4pEolU7wc8VRTIyct1p2BBt25xUsQnJPNCAeUO3inqgGBcdaZOo4jzDx0oKHKNvGad2JJCHDHqKLsLJDlfacUWbJbRKG4601GwrpH59f8FYW3H4W/9xX/ANs6GaRP0CDCuc1eg1h3NIpPQWPoTUyVxpscFBGah32GG4DmqRDeo13wK0EITvX0pIbI9+3ApNgkKGB4NaIl6Ma5zwKGxMaqZ571LEmRuzD7tOKGH3wAe9WIlhUKakaFkODg0wECk96huxSVxuMNjtTTuJ6DvL/KtEIHTaM1LAMZWn0ESop2YPFYq7ZGtxpjAHWttCxMhBihsZGSamwEq4YcnFUlchsRVGaGrDXcduA6U0NjTgHPvVE3sSD5uaQ7h5ZIqR3Qx9w6VQrDXbcvTBoDQWEkGgT1FkGelAthBECevNAXFC7TjOTWq2MXuOU5b6Unca1PgD/grBj/AItb/wBxX/2zrM2ifoAgwRWBt1JJAMDnFCsxMYvyVTQ09BA570mhJ2Gs2DiiMbCbuJjcRzTeghGwp60rjRG4HXPFG472Bccc9KpaEgSdxNG4hhkJOAaYWBumc0hiqQR70XEOV8VQDN24knrQwJQ+R70h3BOuTTSAR3JPtTAkUhl5NIBAoB4NMBckmosTYVgD1PFVYoY+OfWiwCRoSDRsTcaT82KEK1x4AIGDTYx204xSQXGcjIPSqFa5KjYHHNMkUyCpsUIWzxQ3YLinbjkUlqSRsCpDDp6VRSY8Dd9aBDhgU7CuI2ScitL2RFrscBk+hrNu41ofn9/wVhGP+FWf9xX/ANs6RpE+/Q57CsHsa+YPIp6nJqYxaeoN3IhJ+IrRuwlqOMmVFA2ISDincQhk9DUT8gVhpy3NKPmDEJHQmqemxOo05yCDgUxjZHOaaAQYTkmhisNaUHgGhDHpyetDJ2JQATj9aVwQ0Dg1dyhyKabAXvzUpiExuOM4zTbsMkEe3qanch7it04oDUVOme9UkWNkBYcHFPRCbSGBSOtF0K6ZIpODRoS0Rup3UFoXcEOaNhMa10fSjchiCVnPSi5aWhPHGcdaZLBlx3zUMYi5J5PA607XFYbuO6qWgrClznB4qmIU7lOaEwsx64bqad+wW7iyOVYY6VO49EKCCeuKpRM3I/P7/grC2T8LfT/iaf8AtnSZrA+/nIA4OK57G1yNk3AmncmwgZUUhhzSauwsIQCuR0obshpXGLlxUqV2U1oGzFURa4ZxQN9iGSQLyTiquBRudXjgHJxRcDC1HxlDbN8rZwKhMqxk3fxEBjIH6UXHyNq5FD8Q0ONwUYp3Jsa+m+PLadgruATSuDWh09nqsF0AY3BFVYzsXC/ftVBcepLdOlNsbF3AcVNxIcAFI5plDy2Ac807CuRGQ9BTGS7/AJaLEMZtbcp7VNhbkhIwKqwbABxmkNai8Ac0IpEBUHOeOaGJiqqjqM1IJjyQCMDiqQ7gWJPBwKohoVuQTRcGNU4ouCHZVjk8UAxSAeRTCxGX4x3oSuJsdGcdelFh7jmPH41SZlK4iA85rREHwB/wVcGD8Lv+4p/7Z1Ezemz79LKTjrXIndG6DzMLg0IHoRuMjiqWhIJkpzT3AbytQ463LUhc/LnNZyk0ykivJciIHJxWkdiGcxrfiWKDKq4z9aJOxUFd2OF1jxQ0hPz8VEW2bTikjl73WN5yWz+NPW5ktUZU+sBMjdmt1C41e1ik2qSbuv61XLYmSsWrbUpAVO4/nUWsZnXaB4ykspVDudtJgewaJrKaraxyI2cqDxQiNjZUkcUwuOMbde1TYOo0E5Iq7FbkioWySc+lGwxAnPJp7gOD9jRcTDftqRWFZi4wKoQoDIOe9MT02JFXKk0DGEZNJieo3y8DNTa4IEJIweKpIY/ycDOeKYDl2jr0qJCkDKuCRTiJDFYdMVYJg3ytgdKES3qP2IfrRexVrjGOxulNag1YlA+XOOarlJuCjdxinsQ9j8/v+Cr6lT8LfT/ia/8AtnSky6fU+9tw9a5zckVd4zmpKbViKVsNxwabYkLv+TNSmNojEmQfSqYluVprnYMDpWXK2y7pHJ+KPES2UTKG5NaJWIueX6lrTTu5Lnn3qGbLTYwLq/L5BbNNKxMpdDHub3DYzTQuW5SNxu6nmuim2UtBPPPAFW9XYUmmy3DP05zSkrbESRpW77sc81Bkes/DTVvLUQyNngYrNuzK3R6pE4Zc96rmRFiVHIHtRcsUYJzSTFYdwOQach7DuCPes7mbYxx3HFaJmiYox9aVhEgGOgp7DSFxgcnNUTsNJzyKNh6Cocj3paMQg+Y4pg0OkTA96BDN/wAuDQUGfk9aQEWSTzTtoRcspGNue9K4DM/OPSlqUlccQCaNSWKVBOa0QgL4GK0tci9tBUbnNJ7DTPz/AP8AgrCQf+FW4/6iv/tnUM0h1PvAjOOa572Nkrk2SsQGeaq6FZkO3PJPNS1fYa03Gs+ARUqLTKbTQwHCnNVfUgxtZv0tIWZmCgDvTCx4p4r8RG5u5MPlc9jSuaKDexyk95u53frWb1NILl3My4vSCfm4rRLQmTV9CjJLu+bNXFW3BysIrdcmtNzJu4vnLxzzVuFlcEixBOAOorMk0ra9ULgtg07E2O08D6v5epRLuHX1rmqK6Li0j6BtSWt433csAamnfqJ2bLIfIAzxXQwJf4alABX5ODn3pyELGoArOxDQOQeK0WhYkY3GquMmJ2ikK4A7u9MTGlCTxStckBhc00rFJkkbrimMjkyTnFBNiAhi2OaAJlVlU0APWJWweB71pdJGdtR5GB1zWVrlDHwMH86tRbC6Qo2uevSnyiuLuUDrQ3YY0Dc+e1VzaEWuKyelQ5FqJ+f3/BV5cf8ACrf+4p/7Z0r3KjufeaD5OTzXLystPUVlNJs0IidvFVAHsMLZPtWjIGzSKsZ5pJCPMviJrAhgdAcZ60WHds8YvbnzGY5qGrmsJOO5lvMQCc8Vooqw5TTM6ScljnpTSMCN5sEHNa8qaNlG6FSY4qVoZPRjTLhjzzW17orcfHIc5zzWbRLVi1Hc4xzTkB0/g27I1SI54zxWEiGrn07o1y0tpCzHIKjFTG3QOVrc1Vdce9WO5JE2ePWixDbJc4XHei2hSG55pDsIQMnFWthWJI0I5qWgYrAmiweYiEdO9NiWo8PsPNNCsBAGeetMaQJk8Y4oHceePegGM3A9qCRFcjr0oSBj9wYcUWAZvycdKaExW5IHWtEzNq44IV+70oY1oKEBFZtlitEFFAbDkXvSKTPz7/4Kwdfhb/3FP/bOgIn3aG+b0rPoWKZDt61ztamtxrSLjk/jWmwtGRsAE6007k2sUrz5IiQe1aRJPDPiRqbS3zRfw+tD0NIbnnFzceWCKUbFyd9EZk1115/CtUZWKUtzk4o6jUWAlDEAVuo2Vy1oiyThOOtY21Mt2U5JCH5qm7FXsSmfCA9KSdxLUI7kHqeal7g1qdJ4Vn26hCx9RWVTYm59UeHXEulW2OpUEmsKafUbdzeiUBeSa6bEE8eBzmnYRKp3N7VL0C9iNuW4/ChMdyVU+bOeaaC5LuAqiWK/zDjigaI1UZye1LdibsKVGc9qGgvca7A8CmO5JGTjb3oAa4OaBNj/AOGgEAjyme9NOxLVwC5BA605biV7ETJk8VdkTdkgU1mzREidMk/hVJNkt2YoxU7FbjWIbnIz6UXEyRCOewpFI/Pv/grFj/i1n/cV/wDbOgcT7leZVesTSwvmhhUW1KewALkk1e5OxHJIoGP0oUQbuZGsXJjs5COwqxHzt40vjLqUmDnmi2hcUcfeSb1x3pJalLcx7jcvQ81urD2KjSNu5zmq0K5kTxAnnrT5ujMmyaOYhsGtGlbQgjubhVbp1rDlbYXuQyTZQYNJ6D2I1nIpNjbudJ4Yutt3ET6ispsix9YeBbgTaRCAc8VhB6jZ1ESEnJNdSdySbZ3zTBokRwB1qGrkWAlc5zRaxWw/BbkH8qBgrEHnpVIdh/mbiKYLQXOPemlYyY7cM8cCk2NDGhzyKAHocdetA9yV8belAWGKQByKBocHoEMGQck0+hI4KN9K4WQsnGae4bDVG4VsnZGTXMx646c1lI1Wg4p3wPwqA1DAHGaqzC/Q/Pr/AIKwrt/4Vb7/ANq/+2dIuJ9xNBuesdjRDSu1iOwqLsvoBJ6ZrREMhlAPPSkmIwfFEwh0m4YHotaJAfNet3JlvJix53HFSzRJ2OfuJsE8VcSVozNubnJwOvrV2YNNlRpT3600gSLVvJsQZ702riloTMB95TQm9idWU5sO4z0q78pokooHATpWLdzNldx8wx0pBc2tHuPLkQntWb1GfU3wmvluNFAJywAwK5lpIrdWPRUbuOK6Yk2sTdenStCG9Rr425FKwEKMzHmpuF9SzE5IxSYbFiPDDBoUg5iORvLOBzWiE2xY23dKVwJiuRz1osAD5BSFcQct0qwTJccCpKGlOcimJgAe9JisLt59BTDYaxKjIFOyJuwDbhz0o2Y90OUELVXuLYfHnuKbWgkx7ev6VmWRSMSRW1tDG+p+f3/BWHp8LP8AuK/+2dRJWNoPc+4BIfM5J5rmWptZodIhU5PIpDVxCFIJNVcGitIAaRJxvxDufsuiXBU44x+taLca3PmnUrpjcyFjnJNbOKsdcl7uhmSzhwQTU2aOXVamZM2yQ+la9DRPQaCG57ViZajmlwMZ4qo3CzJluFMWAeaq+tgWhUMuX61MmOQ8tnqagkbkM3FaaWElYvWL7JFzWHKF0fQ3wS1li/knHTvXPKOoz3KPaRxWy0QXJBx+FaIVkIDml1JYybKn5RinYTEidifSh2FYsFiB1pWCxHI5PvTHsT23IJoQ35FpCPrVMlIR3DcYpWAeoXbnvVWIb7DN+T7U2gi2O3YHFQWtQ3g8HrQMjJwQKdrC3JSQwwKQhNuB0qdRAGyCB1rS1gumPTOOtW3dE7ATk1CQ5PQNuOorVoxTPz8/4KxkEfCvAx/yFf8A2zrJnTDU+2wxLVzm7ZKXJGO1Q9AuQPJnitLBcjkb5fahCPM/ixdFdIljDdcfzFWhHz1qDDcT70uZ3sdCbSMi4lAUkferrp67kNlIOWbL1rUVlZCtfYQyYPXArks0KzTBpQ3Ga1gW3dAjhKma1uZWB3UnA6ms1qK1yRcheaqSsDjYVDzWeoFqFgXHOKvYiUT1b4S6p9m1eIbivbr1rmmNbH03YSb4gf4ccU47BY0EIK1YDlXmqYBIKSJvcREyM1Q7EmzcvvQOw9I1xz3qUriaJEj2j2p2AVTtJz1NMTF24yQaYhwyR0pMQxlGR2o1Cwp+6BSQ0NCEfSrFfUfImFyOam9xrQYueo6UxvQeJCo9TQTuOVwozjmqbuhJWHqQ4z3qNi9xgbBqkyGkOdyQCBmrsQj8+/8AgrDz/wAKsPr/AGr/AO2dRI2gfbkfI9K5Tdu4jvtbGetKzZmDFQK01QIqXkhVOOlMZ4z8XL8mBkByDjPtzVIa3PErxyciqsXfWxmSNjrzXRE2smilO2OlarUjRAIwyZJ5rFvUlyIfKYsTnArVJNCTuKm4KQTmsZshu+hImAQSazW44lhTvHWrk9CpjB8mTnJrIzLMMgBBpMDuPh9fLBrEBz8xNYzFY+utGdbnTYW3Z+Uc1Ebs00saUXHBOTXRFXMG9Sf+HNKWjsMjbOfakiR8b54IpWY9ehNuwMVoigxgA5p2sQndkwyye9CQN2I9jbgT+NTqF9CTdxxVANLE9qSZDTY9Bk+9WxpMdjDUWGMYlhgcU3sLqIW2jB5qEhjlGOa0SJbsDJkZU4NJoEKq/Jz1pR3G2NRSDgdK1aJuyYKNvSpsSNZcCmyon59/8FYCSPhZn/qK/wDtnUSNou59shtp4rBbFjXU5yeaAIwc9+lMRXvJAkRPXjpUtDPn34t37PevGDyDyPSrSKSueWXDlhTW4WsyjKwbIro2Ro5OxXaMKuSQazV7kJtlYzAsQDVNEtCCYqDmp5nYjYa1wMdeaVmy0rio28ZpNNBsT7io4NDdwbuRMx9aLEssQEg1FwR0vhi8EGowMTjDA1EldAmfYPgS7N1otu2cjaMUqZMjp+Qcg8mtiSxG244PHFQzRbD1X5ee1CIbsCgE1Y0Ok6gUFXFTOQDQRoPUEUyWrjnP96kNbCKeKTYyQISOmaLgNbKHirSuS2AJA57072Is2LHnv0pvUpaDWVSwzUDtcl28VKZMkIFJBx2rXcS03EHB5NKzRV0x1UmJoccBeuKCGgHI55ouO2h+fX/BWIY/4VZ/3Ff/AGzpS6GlPqfa209RXMzVIXcW4xxSXc0lYgk6HtVEFDUiFtXOccVSA+afiHdNLq1yDlsMK3SVjqha1jhLqVQMHg1NrMykrMoucZNUmK9ylcS9smtI9zSOiuR7RtyOtS5IhyVxqg4O481nu9DObViDaVck9K10RUHoTQ3K7sAEH3rocVJEN6lwncoIrhtqAwsPpRIGPSUDBxWQjW0efFyre/em9hW6n118Ir3zPDtvEeSBzjpWSdmG56CODWu4mieNQxpWsC0Jc/LigV7ixijcexIUDHPSrFcUoMelMByLjOSCKbemhFhr/NUpBe4RpihjLIOFwOKEtRvQjAx15rTbQyvdjG4+btQ4spSQ5TkU1oid2CqCfpWZpsBYg0rAPDgD6+taJ2ZMloIE5z1zWk3cygrC7c9xn0rNmqYme2KGnYd1cUA4qFuNs/Pv/grFn/i1mf8AqK/+2dXPZCp7s+1kk6+lcWskdAgkCmtUtBEbtvf2o2AxvEUqw2Epz/CcYp7gfMPjC+8+/mOOCat3exSbucjdrnDdRSu+o5O5Rm6dfwrSPYEVGYM2DTafQTuhuCOKhkjApVie1MTVxkjhhzxWi2LUbIfHGvGKTk0S0WM4FZ7gRyNgA0gEEgxUgXdOuNsy5OBmk9EQfWnwS1ENoaxjnIHNYdRPQ9YDdK3i7lJ3J0fAz1NUyWP8wH2pCtYkVh0HPrQgJg4C4q2CGMxI4HFJjDJUYqULcerAD1NUIVWOabGh3mE04ilqO3AdetO+pFtBjZZvarcrAkGM9DU9ACMlcjvU2KTuLjmrRLY4qRQ2kCTYgdl9xQmmFh6+tS2UkGBn3q46kPQcqnFS1ZjvdH59f8FZAR/wqzP/AFFf/bOiXQqnuz7UlGBhTj3rlSsjdPuR7MjimhsYw9OtUI57xa5TSp3z0XH50JAfKfiSdnvJS3y/NwK2VkaqNmYUs52Y7UtLj5UZzykg/wA600AgViWINX0B7Dg+BWT1ZmKH3pzUvQTIZUDDitYyQc1hEmEQweTWb1Dcd55alsIZLISnXpS3GldjYHLrzwKmW4maGnhTMoJ71MiUfVXwIGdGcH7wICnHaudXbBntER3he1dCVgSsW1jCYyeaq4hjsFYAUr9AuSxHAyRQrCJQQxz0FUMeCD0piYjcYzUNC2AACq6EseMHI6VGpQqjaM0LQQ3JMlWmUIc+YR2rRK6Mm7FhEAFJy7CQhUJ9aObQtRGs24jFOLJkr7DgwxUy1eha0Qg4PPSpKAtzirSuQ5WdhW3HoKaVmJ6oUsVXHeruZn59f8FYv+aWZ/6iv/tnWcjan1PtN2yeM4rnNiQEbapIGyvIeOOKbEcl42dv7KuBnAVcmkmM+WfED7ryT0zVm0ZHPzzAZWkRJ66FOWUDp1q0xJiogfB703LoU2NmxjHFCJRE2VXApbi3GbWByelNILIgkQ7s54qoplxTDecdaJxFJWE35BFY3EnYQSFVFT1EXbCVvNXFDZJ9cfAKFl8PhmJIZgc1CauSeyqwU5Fa2C5OjbzTF1HNyaVhIlHIA7Vk9xvuPK5HynFaIa1AblXpketUOyFJ3AEnpQncliDJ6U7XIFJOaaRLdyRXwMGhxuw2Quw7s0+Ww+YM7eWxQnbQdh8bkjOKNDJxdxd2eDUG4NGRzWjsJAnUZFTYVx7DJwKmxSdxPK4681rHRGMlqKynIxVCFEW45Papcuhaifn3/wAFZl2n4V49NV/9s6hmsD7NI4FYGg4HaOe9JMCN/u1b1A5Hx2ywaJcux4KnIx1FCQHydr94Li6kKcLniraY9TDkIx15qdhqNyhJIN/WnuXydwE5yAP0rdJWKUV1HSy4b1NKyJdtkAm/Gi1hJWFaQMnXmmmJLUoS3GxiOtaNdUdCsEcm9Tis5S0MJrUakoU4auYzJS4UfWmBYsZv36rjNTYD6++BVy7eHkTp0FRsyG2ewwKWxmrbZBcQbPeldoExxPPFaJ3KJARQIkHyjg0xpEingjqKBjAm/gVaSMm2OVChp6BrYVQFbmhuy0BLuI2QwxQnoEkTYJUc0cyFyg6ZHNRuX0GqSvGOParcSU7kiHnpn3qbIGyTdk+1NoSlcRh6UloU1cREIJNEncErD9h7VtBpqzMpJrUkx0pPcFqhu1sms2upafQ/Pj/grN/zSv8A7iv/ALZ0maQ6n2nJ8oAHJrA1Ywx5FOxNhNoKknimUcN8Sf8AkCzY6FSMVUXYZ8ja0VjuZQnOGIqpSuU3cwppMMQKFqaR0ICOc+tDVjOV7iO2w8GnYm1hUfJJPQV0Ra2RpBpAs4ye+aU0XNg3zLkdTUOD3MGRG3Dcmru7WBO2oySQW68CuZyDcp+Zvkz3qALKvn61Qi/pTDz1B9alIVz69+AEXmaLIyuCN2dorNvUzbPa4ocAGtEBMRgdabBJbj48tikUP27j71YEhj6UAPRfyp3sZNXH4CmpTuaWshxGaLghgj5yTVImTsS8YxinawJ3HFcDiktQew1gCMZ5q+axHLcUJsWi9wtyjomweayasyklIeWDcVomS4pDf4sHrRe4bMcV5AqkkD3JSfl6VD0ZTegw8YwKZCJtm5fepuaqJ+ef/BWhdv8Awqv/ALiv/tnQVHqfZ8r/AIVmWLvGKAGsGYZ7UXsBxPxHj83RrhfVSPpWalqLU+QNdIt7+Vf9qtXsUjDuXXBxVUzW5nPcE8dq0kriauRCfDYY1L2JkTmXA4og9SFoM3g85rScrjbuTLNkcVSnZE3GTXO1evIrNzuPcz5LrzP4qyminoR+eE471JI+C6YsO9BNzdsBllPepempolofWH7Olwf7OkQ8sRnHpWCu5amPU96im3KMV03GWFZWXpVMq6RLHjb6VK1M2yTAxxyaewkx24kVRSE3beelHQdrj4mDnNTYOhNkCr5bkX1G7gxwOtWo9zOTbHEetF9RqLsKXBOMZpN9h69RPJKrnrWTZfQaod25raKRDdmSbCOlQ9y0xY3weRmnYnce67mBFLyBLW4oXLc0FNj3xjH6VS1IdxjOBjsa1SujG/Kx6ueKzlGxtGdz8+P+CtRz/wAKqP8A2Ff/AGzpPZGkXds+ynBZ/asLmhKI/WmtRDHkKZHak0XF2OH+IWoLBo10WUn5SAfSko2E3c+OfEUbGeZgxclicn61s9dC+ZIwGjkY8niktEJsrTQtu4poE7EAhO4sT+FXy3Q0upH9o2kjNQosTVxYSWc5OOaRBayoU800m9hNGZeXHlMec1qoWV2Z8+tiksxJJrmbNlqSRnzTzQBfslBcU0QjobMiMrTZR9Gfs9XTrM67vmbqfasHox2PpW1O6MGquYyLiLx1rRaoWtiReB1qloK1yVXzQ9WWlYeG7ZqWGwkozjmmNPoCEIvB5pjaJIsuMZrRPoYtJD0BRs1bWhKY4nmue5qthyqDyDV7CtcezYXrRa49hI/m609kK1xOjjnAovcGrDmQtyDVWITEVyDjNTYu+hPEuaTCw2SJicg1JohuOR3q4ysZTjckzt461pdMzS5Ufnx/wVp6fCr/ALiv/tnRUVki6Tvc+yBJk56VytHQToxYHPWhaE2K88h5FPdjR5b8Wr3ytKlhY4Dnv3oQz5m1GJWZu+T3puw2ZEkSxk7+lLcFuZ91gn5RkV0RirFtlR49wz0obsQ5FT7F5jE1Cu3oRzWJGtCE4PPpSkrMSbZBHZzM3PSt6bSRqtiK405ieTmonO70MuW7BLAY4GK5pJs2Vkh32Ip2qkiSe2iKNzTJNK2csw9qiQdT3n4DamLTWI48bg3JB6GuSSaZrdWsfVtq+4Ag4GOldEVdXMJ7l9GwMZ5rRKxFyRFyxqgFB2nGeveiw72HLJgkMaVg3HnDDmmFhVQE8HJpi2JEXByKL2E1ckJLcd6G2PlHdRg/jUoY4Db9KYdAZg6gdQK2Wxl1HQ5Aw1YmyAIO9UnYlq46M7T7VTkQlYUJk0XTKsOUbalgTKVC4zyaGi4tIjcAHIOT6VIOSQgZXOD96tIp3uZSaaPz5/4K0DaPhVzn/kK/+2dObvYqkrXPsFZSTg1zNm4LdeU+DUjGzXIbLAUXsZyZ4l8adRfyhGxGOoHerWpSPBLmc7icc+taW0KRkXjtLzmstbiKTOF471rqJoaQcZ60JXCxGr4PTFaLQJxViZFVu9G+5FnYU7VBx1oULloru2Qe9XGldiI4j1OKKlNQBO+4+R1Yelc5RGSp4HBrICaAlee9DJ2PVfgxfvH4ggL7c54rKexDXU+yrCTdCmDjgd81rTloTfmNRDlRg81pcjZ3HiQriqKUrkgYtz3pobXUFU55OaTCLb3JyQFpGgKcEY6UE7kxmIHFBQRuwOSetUkQ5dCQzcdqQXFDeYvNLYe4izbAaLk2HLcluTinYq48Sb+MUguBkwMU7Jk3T0GCUg9elW0JE6yEjI/WsxsjMh3c10RV0ZPRkytuHFQ7IduYazHOAcGrjqQ1yn59/wDBWViR8Kwecf2r/wC2dRM3pdT7AjkV+nWudmt0irMp8zNJahzDWYxoc8jFS1qZtO54N8ZbkifBOTzg+lapGkTxmeQHIq79DVvQz7uIsu5aqyWpBmmIkkk9Khu4x25V61olpcEVpnCnjmrirlJcw+NsY5pNpIzb6D3Hy5zUwd2CIQNp5711OajqA4uo6VyVJ8zEkVHclycYFYsoEkDHjrUtDLSMcAZ5pbCep2vw8uvJ1e3ctgKwPXHOazkO2h9seFbo3elwyFtzFea0gZ2sb8c2DitCN3qWg2VzmmJaMlhlU8UDYSNtb5TVoT02HocjrRJX2ITa3F8zb3qLNGisSRMSakbY4sSea16EW6iK3PPNPl0FfUkzyMdKzNULI/PSmJjVXJpBoTIzKKonUaX2tzV8qZnFNMcZQTmho2uK8pSPinGN9zOUrEMNxvbaRWj91GS95l1SFXIrmbudC0QwtnrWsbpGTSbPz9/4Kw9PhZ/3Ff8A2zqJO5tTVj65gYKAehrmTbQtxzOHPWiKaY1HUhu5f3bAY6VroXY+d/jJMRe9eK20sXE8hkcE9eawuIpSykEjPFXe6AqyEnIFStwuVpAxbA6VtfSw0weDauSacLoXNYSKUMNtTKL3M73Y5mycHtUao0IJ5MSAZqr30BuxEJDu5qGiE7iNKGPBpMtaixFUOaEK45ZmBqJAmdL4RvTDfxHHcVC1HJ6H2l8OL5p9EtyWOdozVx1Zg3Y7ZW4yOtbtJIVyZHJAGacbSB9ywj7eDWbaTGmOHzGrSJ5kSA44zT2YbjgBkHP4VLdyrWROHCp70ctxX7iowdetGzsDegudp5rouuUwV7ivL8wxXNy9ToTFdwQPWhCbHJKBjinq2P1JXnyOKtR7kuRA0mT60a9AT7j9+Bt6UtUO4ZKrzzmrcrLQlRbeo2MjdkVCk3uPlsWVk3DHSmkF2Nd2B9RW8UrGUj4A/wCCrjbh8Lf+4p/7Z1jU3N6R9bNIFcJ1rhRpFIWTpgda1LZUu2Plt64pAfPnxmObjdjC+taJ3Vhp2PGppizccCkldiIG5HUVTVgaIJG2GkLYillZe1WrXKiV/tTPwelb3SRnPcZvKN7VHNzaEP3dSSW5wOB+NUqdtwU76FXeDJuJqHFIppjmuAR/hWTBaEZZcZpF3I1djJgdKVib3ZIZtrYpMo3tBuP9ITPHI6VKSEfZfwfmFx4cjO4FlwMCpvZ6GMj0OB2EmD09q2buhQ3sWjKRjFQm0aJEscpYgGqSuyXZE7vt5FdCehjYerlzmsZM1SHq+G5P4VKKb0HiYNxWvMkQ0SIN3Q4qG77DS01DLE464p6hdbCStg+9VFiaHQnevNJqz0GmrajzJg4HNXBdyZMX7Tt4xVvUzF8wdh+dQky7oU9Ac81Gt9Ry20Hxybsg/rT5QUrLUaD8xp2sh3uP80KeOtOOpDdiXeMD3qm2g0PgD/gq0Qf+FXY/6in/ALaVnN3sb0+p6O37aPwb/wChw/8AKXef/Ga51EpKwH9tH4OEf8jj/wCUy9/+M07MbIJ/2z/g+yEDxfk+v9mXn/xmqsCueO/E39pP4feIbgGw177Qnf8A0K4X/wBCjFMo8xm+L3hVn+XVOP8Ar3l/+IprQCL/AIW14Wz/AMhTj/r3l/8AiaG7g3cRvix4VZs/2p/5Ly//ABNCt1JsRyfFXws2R/amR/17y/8AxNaR5eoRuiqPif4aDf8AIS4P/TCX/wCJqpuL2B7kkvxQ8MFVC6nk/wDXvL/8TWcWlqRKLZH/AMLN8Mkc6nz/ANcJf/ia1lUvsTGFiu/xJ8OEnGpf+QJP/iaxcrm4sXxJ8Nxr/wAhHJ/64Sf/ABNJEtDG+JXh09NQ/wDIEn/xNSxip8S/Dw66h/5Ak/8AiaYWHD4k+G85Oo/lBJ/8TUNMLal7T/it4ZtpVZtTwB/07y//ABNSky3a2h9F/Cf9rb4Z+G9MaDUvExtW3A4+wXT59/liNXYwcWz0qH9tz4LKPm8Z8/8AYKvf/jNUKMWix/w2/wDBLH/I6c/9gq9/+M0rF2YL+3F8FAc/8Jp/5Sr3/wCM1asiJRbJf+G5fgkRz41/8pV7/wDGavmRKhIcP25vgkvTxt/5Sr7/AOMVm7D5WH/Dc/wS6/8ACa8/9gq+/wDjNUrDal2Hx/t0fBEHJ8a4/wC4Tff/ABmk7D5WyX/hu34IKOPG3P8A2Cb7/wCMUloJxY+D9u/4Hqct43x/3Cb7/wCMVTaYlBrURv27fgczknxtn/uE33/xihNA4u4v/DdnwO/6Hj/yk33/AMYq+ZEOEugD9uz4HAn/AIrj/wApN9/8YovEOSXYQft2fA4nnxt/5Sb7/wCMUuZD5GSj9u/4Gnr43x/3Cb7/AOMU1NJjcHYd/wAN4fAz/oeP/KTff/GKqUovYiMJrcQ/t3/Aw/8AM8Y/7hN9/wDGKSmhum2C/t4fA0H/AJHj/wApN9/8YrTmptEKE09hW/bu+BbHP/Ccc/8AYJvv/jFYqSTLlCTQf8N4fAzH/I8/+Um+/wDjFb88GZOnUvsfIn7f/wAePAvxtHgP/hC9c/tr+zPt/wBr/wBEng8vzPs2z/Wouc+W/TOMc4yKwm4vY6aakr8x/9k=',''),(85,'11/03/2016 08:42 AM','11/03/2016 08:47 AM','110.138.157.206','Andry Priyandika','1','','','iVBORw0KGgoAAAANSUhEUgAAAj8AAACWCAYAAAAxIOk4AAAPO0lEQVR4Xu3dT8xdc/4H8G+FUupPS8af1BBEVAUZi1lRNkgsSExEosLChg0yWwliKZMiYquYnS40NhURGjYTMkhQKRG6kt/iR6mg/nTyOclpbp+5z+h97vc893vv53WSm+eZJ/ee8/28Pifm3e8553vXHD58+HCxESBAgAABAgSSCKwRfpJ0WpkECBAgQIBAJyD8OBEIECBAgACBVALCT6p2K5YAAQIECBAQfpwDBAgQIECAQCoB4SdVuxVLgAABAgQICD/OAQIECBAgQCCVgPCTqt2KJUCAAAECBIQf5wABAgQIECCQSkD4SdVuxRIgQIAAAQLCj3OAAAECBAgQSCUg/KRqt2IJECBAgAAB4cc5QIAAAQIECKQSEH5StVuxBAgQIECAgPDjHCBAgAABAgRSCQg/qdqtWAIECBAgQED4cQ4QIECAAAECqQSEn1TtViwBAgQIECAg/DgHCBAgQIAAgVQCwk+qdiuWAAECBAgQEH6cAwQIECBAgEAqAeEnVbsVS4AAAQIECAg/zgECBAgQIEAglYDwk6rdiiVAgAABAgSEH+cAAQIECBAgkEpA+EnVbsUSIECAAAECwo9zgAABAnMu8Prrr5e77rqrrF+/vrz66qtly5Ytc16R4RMYVkD4GdbX3gkQIDC4wLp168pPP/3UHef+++8vzz333ODHdAAC8ywg/Mxz94ydAIH0Am+99Va54YYbjjjs3r273HTTTeldABD4XwLCj/ODAAECcyxw7733lhdeeKGrYNu2beWll16a42oMncDqCAg/q+PsKAQIEBhE4IwzzigHDhzo9v3++++Xq6++epDj2CmBRRIQfhapm2ohQCCVwNtvv12uu+66rubzzz+/7N+/P1X9iiWwUgHhZ6VyPkeAAIEZC9x8883ltdde60Zx1VVXlQ8++GDGI3J4AvMhIPw03qdnn322bN++vRw6dKjccccd3b/yLrjgAlPbjffN8AishsAVV1xRPv744+5QTzzxRHnkkUdW47COQWDuBYSfxlu4YcOG8u23344d5caNG8uVV15Z4pr/0uv8F154YYnXuO3gwYPdn2NNkP5fjLEPGwEC8yWwZs2aIwP+5ptvuv8W2AgQ+GMB4eePjWb6js2bN5dPP/10pmOIg48LU9dff/1R44r3/Prrr+Wcc87pgtXWrVtnPm4DILCoAqOPuLvktahdVtdQAsLPULKV9htPcbz88stl37595eSTT+6u6b/xxhuln72pdJjBdzMalGKWqv8Xav/3uJS33EzV4INzAAJzKPDYY4+Vxx9/vBv5PffcU3bs2DGHVRgygdkICD+zca9y1AhCcUksXktvdPzyyy9LvJZusQps//cIGyeddFL32f5R2SoDm2Ino5fwIiTFeGM2KdYvEZCmgPXRhRO47bbbyq5du7q6nn/++RLr/dgIEDg2AeHn2JzSv2tcmIpp99Hto48+Ku+88053yWvTpk1lz549g7j1l+CW/hSOBuG200YF4vz/6quvutFZ36fRJhlWswLCT7OtWayBjQalcb/XnH0aDUUxs2XmaLHOJdWUbrY3Hobot8OHD2MhQGACAeFnAixvHV5g9BJehKQIRXHD91lnnVViZqnG5bnlZo5OP/30VVtC4MUXXyxPPvlkF8zWrl1bTjzxxHLNNdd0N4vHttzTenFjqyd6hj8PWz/C6M3O8WDB0lnY1sdvfARmLSD8zLoDjj+xQH+v07ifNcJRhIu4dBfB5M477zyylED8vVZAOv7448tvv/02ce3jPjAuKI3eVB6fGbccgqfxqvDPZCejNzs/+OCD5amnnprJOByUwLwKCD/z2jnjXlZgNBTFv4hrzxz1B+6fVBsNH8f69FrN8DPtqRBrxZx66qnl7LPP7kLS0ldcXhn39/5v69atm3YIPj+hgJudJwTzdgJLBIQfp0Q6geVmjuKm7v4G0pooo+Go//3dd98tH374YXeYmAH67rvvulW8f/nll5qHXpV9xX1VfRAaF5TifpSvv/663HjjjeW8886rNnu2KsU1ehA3OzfaGMOaGwHhZ25aZaCrJRAhKO4v+uyzz47cY9QHpqEC0rjajjvuuHLuueeWE044ofzwww/dTa7x+++//94tATDNFjNPcVmvha2fLesv1fU/Pb23fHdGV3Z2s3MLZ7ExzJuA8DNvHTPeZgT6m0xHlwGIv0VIie9baiVcrBTs0ksv7WqI2ZoIWzHDE7NT8frxxx+PrDH1888/r/QQx/S5CEMx09H/jJu+l36dyzHtaEHeZGXnBWmkMmYqIPzMlN/BMwiMhqPlfg+H1ZxVquUeszYxExWrj1988cVdSIpXzFrFd8/FSuRffPFFV1tc0jvzzDO7Q/eX/KYZRwSg/nXKKaeU++67b5rdzc1n4+bmhx9+uBuvlZ3npm0G2piA8NNYQwyHQC8wbuXucX+L9y991DnusYnLdhFM5mG75JJLjsyUxQxTBKioYdLLe6OBKH5fxCfaHnroofL00093bX300UdLPPllI0BgMgHhZzIv7yYwtwL9fUt9AaP/uw9PEa5qzMoMhRQzTJPe87RogWg0/FjZeagzzX4XXUD4WfQOq4/ACgXGfXdcH5Jqrsi9wuFN9bH+qbu4bNevgTQvC0jGJcSY7YkazPpMdRr4cGIB4Sdx85VOYFqB0ctwEYji/5j70NSvRD3Ud7xNO/Zxnz/ttNO6J+xikctrr722xHo6tRa2HGK89kmAwMoEhJ+VufkUAQIrEFh66a3fxXvvvVfiddlllx2119FwNetLcv1sUf8ofswaCUYrOAl8hEADAsJPA00wBAIEJhPov/Mtbo6O32NbGqxWc8ZpNBD1IWkRb7aerEveTaBdAeGn3d4YGQEClQX6gBRPkj3zzDPl888/754y+/777/9rXaZbbrmle1R/mhmn+ELeuEE7vrT29ttvL1u2bCmXX355twyAjQCB2QkIP7Ozd2QCBBoTiBu6IyDFE1VLt36NptF7m1a6NtOmTZu6ENSHof5nXEazESAwvIDwM7yxIxAgsOAC/creEYz6cLSSJQPiKz3GhaK4AdtGgEA9AeGnnqU9ESBA4CiB+JqTXbt2lfgKkFjp+pNPPuleky7eGPcRxSrWcbns7rvvLvHVI/PyaL5TgkCLAsJPi10xJgIEFlpg37593fe/9WGo/z2+AmTSLZ46W/okmi+FnVTR+7MJCD/ZOq5eAgSaFdi7d+/YULTSrynpF3CMG7wjIMVSAv2XxAaCJ9KaPRUMbGAB4WdgYLsnQIDANAIRfGKGaOfOnSW+zmLDhg3dYpK1HuXvA9JFF13UfTntAw880K16bSOwyALCzyJ3V20ECCy0QL8IZP8If62vH4mVreN16623CkILfQblLU74ydt7lRMgsOAC/eP5cdnrlVde6S57jX5n2x89kRYzQG+++WaJRRxtBBZJQPhZpG6qhQABAhMK9I/n7969u8TrwIEDR+1h+/btY9c9mvAw3k6gKQHhp6l2GAwBAgRmKxCzRTFLtGPHjm516whH7gGabU8cvb6A8FPf1B4JECBAgACBhgWEn4abY2gECBAgQIBAfQHhp76pPRIgQIAAAQINCwg/DTfH0AgQIECAAIH6AsJPfVN7JECAAAECBBoWEH4abo6hESBAgAABAvUFhJ/6pvZIgAABAgQINCwg/DTcHEMjQIAAAQIE6gsIP/VN7ZEAAQIECBBoWED4abg5hkaAAAECBAjUFxB+6pvaIwECBAgQINCwgPDTcHMMjQABAgQIEKgvIPzUN7VHAgQIECBAoGEB4afh5hgaAQIECBAgUF9A+Klvao8ECBAgQIBAwwLCT8PNMTQCBAgQIECgvoDwU9/UHgkQIECAAIGGBYSfhptjaAQIECBAgEB9AeGnvqk9EiBAgAABAg0LCD8NN8fQCBAgQIAAgfoCwk99U3skQIAAAQIEGhYQfhpujqERIECAAAEC9QWEn/qm9kiAAAECBAg0LCD8NNwcQyNAgAABAgTqCwg/9U3tkQABAgQIEGhYQPhpuDmGRoAAAQIECNQXEH7qm9ojAQIECBAg0LCA8NNwcwyNAAECBAgQqC8g/NQ3tUcCBAgQIECgYQHhp+HmGBoBAgQIECBQX0D4qW9qjwQIECBAgEDDAsJPw80xNAIECBAgQKC+gPBT39QeCRAgQIAAgYYFhJ+Gm2NoBAgQIECAQH0B4ae+qT0SIECAAAECDQsIPw03x9AIECBAgACB+gLCT31TeyRAgAABAgQaFhB+Gm6OoREgQIAAAQL1BYSf+qb2SIAAAQIECDQsMGj42fmv/eX/Dx5quHxDI0CAAAECBFoT2Lh+bfnbX/882LAGCz979v5f+fs//z3YwO2YAAECBAgQWFyBf2z7S9m6+U+DFCj8DMJqpwQIECBAgMA0AnMZfqJgl72mabvPEiBAgACBnAJze9krZ7tUTYAAAQIECLQuMNhlr9YLNz4CBAgQIEAgp4Dwk7PvqiZAgAABAmkFhJ+0rVc4AQIECBDIKSD85Oy7qgkQIECAQFoB4Sdt6xVOgAABAgRyCgg/OfuuagIECBAgkFZA+EnbeoUTIECAAIGcAsJPzr6rmgABAgQIpBUQftK2XuEECBAgQCCngPCTs++qJkCAAAECaQWEn7StVzgBAgQIEMgpIPzk7LuqCRAgQIBAWgHhJ23rFU6AAAECBHIKCD85+65qAgQIECCQVkD4Sdt6hRMgQIAAgZwCwk/OvquaAAECBAikFRB+0rZe4QQIECBAIKeA8JOz76omQIAAAQJpBYSftK1XOAECBAgQyCkg/OTsu6oJECBAgEBaAeEnbesVToAAAQIEcgoIPzn7rmoCBAgQIJBWQPhJ23qFEyBAgACBnALCT86+q5oAAQIECKQVEH7Stl7hBAgQIEAgp4Dwk7PvqiZAgAABAmkFhJ+0rVc4AQIECBDIKSD85Oy7qgkQIECAQFoB4Sdt6xVOgAABAgRyCgg/OfuuagIECBAgkFZA+EnbeoUTIECAAIGcAsJPzr6rmgABAgQIpBUQftK2XuEECBAgQCCngPCTs++qJkCAAAECaQWEn7StVzgBAgQIEMgpIPzk7LuqCRAgQIBAWgHhJ23rFU6AAAECBHIKCD85+65qAgQIECCQVkD4Sdt6hRMgQIAAgZwCwk/OvquaAAECBAikFRB+0rZe4QQIECBAIKeA8JOz76omQIAAAQJpBf4DJmv7inGX+jEAAAAASUVORK5CYII=','iVBORw0KGgoAAAANSUhEUgAAAj8AAACWCAYAAAAxIOk4AAAQqklEQVR4Xu3deYgdVRYH4BuVcUHihmMIooJxDygjOiquUQzqH0rIH+KCQQQREZVRUEFcQUUGjSIouDMu4AQVogmC4r6Au4S4o4mBOO4Y9yXDqZlqXnc6/V46r7qr+3wFTZvu9+rd852S/nHrVtWU1atXry42AgQIECBAgEASgSnCT5JOK5MAAQIECBCoBIQfBwIBAgQIECCQSkD4SdVuxRIgQIAAAQLCj2OAAAECBAgQSCUg/KRqt2IJECBAgAAB4ccxQIAAAQIECKQSEH5StVuxBAgQIECAgPDjGCBAgAABAgRSCQg/qdqtWAIECBAgQED4cQwQIECAAAECqQSEn1TtViwBAgQIECAg/DgGCBAgQIAAgVQCwk+qdiuWAAECBAgQEH4cAwQIECBAgEAqAeEnVbsVS4AAAQIECAg/jgECBAgQIEAglYDwk6rdiiVAgAABAgSEH8cAAQIECBAgkEpA+EnVbsUSIECAAAECwo9jgAABAgQIEEglIPykardiCRAgQIAAAeHHMUCAAAECBAikEhB+UrVbsQQIECBAgIDw4xggQIAAAQIEUgkIP6narVgCBAgQIEBA+HEMECBAgAABAqkEhJ9U7VYsAQIECBAgIPw4BggQIECAAIFUAsJPqnYrlgABAgQIEBB+HAMECBAgQIBAKgHhJ1W7FUuAAAECBAgIP44BAgQIECBAIJWA8JOq3YolQIAAAQIEhB/HAAECBAgQIJBKQPhJ1W7FEiBAgAABAsKPY4AAAQIECBBIJSD8pGq3YgkQIECAAAHhxzFAgAABAgQIpBIQflK1W7EECBAgQICA8OMYIECAAAECBFIJCD+p2q1YAgQIECBAQPhxDBAgQIAAAQKpBISfVO1WLAECBAgQICD8OAYIEBgkcMghh5Tnn3+++tn06dPLihUrCBEgQGBSCQg/k6qdiiGw/gIbb7xx+fXXXwd2dNxxx5WFCxeu/47tgQABAi0REH5a0gjDINBvgWuuuaY888wz5bbbbis77rhjz7s/6aSTygMPPDDo9fGz++67r+d9eCEBAgTaLCD8tLk74zy2hx56qJx++ull6tSp5cADDyznnHNONaJVq1ZV3zfffPNy2GGHjfMoffxwAhdffHG59tprq19tsMEGZc6cOeXcc88tBx98cE9gH374YZk5c2b55ZdfBl5/+OGHl4cffrhsueWWPe3DiwgQINBWAeGnrZ1pwbhmz55dnnjiiXUayT777DPoj2Pnv+OPZgSmadOmVd9jNmKnnXZap/17cW8Cc+fOLQsWLFjjxUcffXSJYBRBptu2fPnyMmvWrBJBqN6ih3fddVc54YQTur3d7wkQINBaAeGnta0Z/4FdccUV5fLLLx+zgUQQ6gxDQ4NUDGS4n+29995mI4Z06YUXXiixcHn16tXD9m+HHXYoV155ZTnttNO69jeOgTgWOrcDDjigLFq0iHtXPS8gQKCNAsJPG7vSojEtWbKkxNqRjTbaqHzyySfl559/rr7HtvXWW5elS5e2aLT/G0rnrEbMVERgiq3+7y222GLgZ60bfB8HFFdsHXvsseX7779f61433XTTcuaZZ5bLLrtsxCDz9NNPl3nz5pVPP/10YF8RoObPn28WqI89sysCBMZGQPgZG+c0n/Lmm2+Wb7/9dqDe+KNZb8uWLSuPP/54dcpr++23r0JU5x/TsUaqZ5o22WST6qNPPfXUsueee066YHT11VeXxYsXl5gNWtsW64IiHJ5xxhnVabHh1vVEX2PG57333hu0mzgFFqfCrAUa6yPY5xEgMFoB4We0ct7Xd4GhwWnov+MDO8NU/HvlypXlgw8+KH/++WdfxxOzRxGOYtYovibDwu4Im+eff355/fXXSwTRkbYZM2aUU045pZpFG1p7XPV19tlnl++++25gFxF8brzxxp5Oo/W1UXZGgACBUQgIP6NA85Z2C3QGpJitiBAVW/zxr79GM+NUB6E6DNWn09qtMfzowiGcbrrppvL222+XP/74Y8QyIgTFDE8Eoag7XM8777xyzz33DHpf/O6GG27oaUH1RHQzZgIEJoeA8DM5+qiKUQjUQeipp54qzz77bLWeKWaSeg1GG264YTnyyCOrdTV1KBjFMFrxlljzE2u7fvvtt67jiVmeOgzFDREvuuiiNczikvrYX6+X1nf9UC8gQIBAHwWEnz5i2tXkEKhni2LGqP566623uhbXGQqOP/74CbkGJgLhJZdcssZNDkcqPhbD77zzztWptJ9++mnQS+OS++uvv94tDboePV5AgMBYCgg/Y6ntsya0QJwmijD06KOPVs+++v3330esJ04BxczHMcccU80OTaQtAmCs4YmvzrU9o6khQmGcIoubLFoUPRpB7yFAoN8Cwk+/Re0vjUC9biZCUXyNdLosrm476qijqtNFE2lWKELQI488Ut3vqdfTgWs7AOKy+rivUJwOE4LS/G+iUAKtFBB+WtkWg5qIAhGGIijEVzxTa6StXjwdV5RFIJoId7uOumImaLja4lL5bbbZplo3NdJ9hWqT3XffvZx44okDV9IJQxPxiDdmAhNXQPiZuL0z8hYLxIzJ/fffX6666qryzTffDHpG1tqGPWXKlCoE1ZfZx/c23pAxQl7MBEUYGu6U2BFHHFGtAfriiy+qGbFeTptFCIzZsbhx4oUXXjjp7rXU4kPV0AikFBB+UrZd0WMtEGuFIixEGOg2KzTc2CIIxWxRfI/HebThmWgR8O6+++5y6aWXDjzstnPse+yxR/Vg3P3226+88cYb5d577y3vvPNO17VSsY/6btxR73D3Ghrr/vk8AgQml4DwM7n6qZoJIlAvno5ZlAhGL7/8ck+zQ3V5MUu02267DZw6Gu9AFHeRjpqefPLJNToQp8QiBMVXBKJ42vzNN99cfvzxx3XqVh3+6jDkVNk68XkxAQIdAsKPw4FASwQ6L7GvQ9G6PAKk8zlm9fPN4rTZLrvsUvbaa68xmS2KZ73deeed1dfXX3+9hmw8bDVCUNwwcW1Xk8XjT1atWtW1K3UYqm++2PUNXkCAAIH/Cwg/DgUCLReoQ1F9VVk8o6vbZfZrK6kOSJ2nlWLWqN+zKPG4kToEvfTSS2sMZ9ttt61C0OzZs6vTZkOfOzZ16tQya9asag1U1N3tPkud91iKG0624bRgyw8rwyOQWkD4Sd1+xU9UgXpmKE6Z1afQellYPFIoisAxZ86calamn4Eo7ol0xx13VOuDhtumT59enb776KOPqnsodW4xuxMPTY0wU9fay7qpzTbbrFprFLNLE/kxJBP1+DRuAm0XEH7a3iHjI9CjQP24jnqmKL4/+OCDJU4jffnllz1dddX5UZ0Pdo2f16fSRvuQ17j6q54Nev/999eoatdddy2HHnpoiZmiJUuWDPp9XF0Wj+Cot6gtQlC9iHykexDFrFAEuviKeyzZCBAgIPw4BggkEuh8uGv96I7RXH0WZBGO6tNL9eX58e9eZo0itMRjL1588cVh9ffdd9/y7rvvlh9++GHg9/vvv3955ZVXhn19fY+lCERDZ48631AHobjbtBmhRAe+UgkMERB+HBIECJTnnnuuPPbYY9VNCiMUjTYQ1ZRxNVosso67WtfrcTqZ69mjBQsWVKfDItTEzNDQbeji5wgscdl8ty1Od8XptldffXWtd6aOoBaP3Yi7Tvd7zVO38fk9AQLjKyD8jK+/TyfQWoGYRek8hRahKGZjPv/888bGHFendVu7FMHprLPOKtOmTRsYx0in4mLcEbBitmm402Ox1umggw4qt956a7XA2kaAwOQXEH4mf49VSKARgQgVEY7qgFSfUlvfWaPRDjZmb2bMmFFdCRczRPPmzat2FYEqttdee636vnjx4rJo0aJBp9Ti5/F0+ttvv72aCbIRIDC5BYSfyd1f1REYF4E6CEVAqq9MqwcS/16+fHmJy+HbusWNGa+77rpywQUXtHWIxkWAwHoICD/rgeetBAj0T6CeQVq5cmV1k8PPPvtsYOfxs1gfFFet1VvM7tSzOk3MNsVT6Nf1LtT907AnAgSaFBB+mtS1bwIE+i6wcOHCMnPmzDVuZFiHp/nz55etttqqfPzxx9Vnx88jTH311Vdlu+22q9YKxcLuuJx+pDtJx/2HVqxY0ffx2yEBAuMvIPyMfw+MgACBcRKoA1NcHRaLuWO9UMwunXzyyeWWW24Zp1H5WAIEmhYQfpoWtn8CBAgQIECgVQLCT6vaYTAECBAgQIBA0wLCT9PC9k+AAAECBAi0SkD4aVU7DIYAAQIECBBoWkD4aVrY/gkQIECAAIFWCQg/rWqHwRAgQIAAAQJNCwg/TQvbPwECBAgQINAqAeGnVe0wGAIECBAgQKBpAeGnaWH7J0CAAAECBFolIPy0qh0GQ4AAAQIECDQtIPw0LWz/BAgQIECAQKsEhJ9WtcNgCBAgQIAAgaYFhJ+mhe2fAAECBAgQaJWA8NOqdhgMAQIECBAg0LSA8NO0sP0TIECAAAECrRIQflrVDoMhQIAAAQIEmhYQfpoWtn8CBAgQIECgVQLCT6vaYTAECBAgQIBA0wLCT9PC9k+AAAECBAi0SkD4aVU7DIYAAQIECBBoWkD4aVrY/gkQIECAAIFWCQg/rWqHwRAgQIAAAQJNCwg/TQvbPwECBAgQINAqAeGnVe0wGAIECBAgQKBpAeGnaWH7J0CAAAECBFolIPy0qh0GQ4AAAQIECDQtIPw0LWz/BAgQIECAQKsEhJ9WtcNgCBAgQIAAgaYFhJ+mhe2fAAECBAgQaJVAo+Hn368sK1+v+rVVBRsMAQIECBAg0G6BrTf/S5n79x0aG2Rj4eeZpf8p//jX640N3I4JECBAgACBySvwz1P+Vg7b46+NFCj8NMJqpwQIECBAgMD6CEzI8BMFO+21Pm33XgIECBAgkFNgwp72ytkuVRMgQIAAAQJtF2jstFfbCzc+AgQIECBAIKeA8JOz76omQIAAAQJpBYSftK1XOAECBAgQyCkg/OTsu6oJECBAgEBaAeEnbesVToAAAQIEcgoIPzn7rmoCBAgQIJBWQPhJ23qFEyBAgACBnALCT86+q5oAAQIECKQVEH7Stl7hBAgQIEAgp4Dwk7PvqiZAgAABAmkFhJ+0rVc4AQIECBDIKSD85Oy7qgkQIECAQFoB4Sdt6xVOgAABAgRyCgg/OfuuagIECBAgkFZA+EnbeoUTIECAAIGcAsJPzr6rmgABAgQIpBUQftK2XuEECBAgQCCngPCTs++qJkCAAAECaQWEn7StVzgBAgQIEMgpIPzk7LuqCRAgQIBAWgHhJ23rFU6AAAECBHIKCD85+65qAgQIECCQVkD4Sdt6hRMgQIAAgZwCwk/OvquaAAECBAikFRB+0rZe4QQIECBAIKeA8JOz76omQIAAAQJpBYSftK1XOAECBAgQyCkg/OTsu6oJECBAgEBaAeEnbesVToAAAQIEcgoIPzn7rmoCBAgQIJBWQPhJ23qFEyBAgACBnALCT86+q5oAAQIECKQVEH7Stl7hBAgQIEAgp4Dwk7PvqiZAgAABAmkFhJ+0rVc4AQIECBDIKSD85Oy7qgkQIECAQFoB4Sdt6xVOgAABAgRyCgg/OfuuagIECBAgkFZA+EnbeoUTIECAAIGcAsJPzr6rmgABAgQIpBUQftK2XuEECBAgQCCngPCTs++qJkCAAAECaQX+C5T4MZlAaSJ4AAAAAElFTkSuQmCC','/9j/4AAQSkZJRgABAQAAAQABAAD/2wCEAAMCAgMCAgMDAwMEAwMEBQgFBQQEBQoHBwYIDAoMDAsKCwsNDhIQDQ4RDgsLEBYQERMUFRUVDA8XGBYUGBIUFRQBAwQEBQQFCQUFCRQNCw0UFBQUFBQUFBQUFBQUFBQUFBQUFBQUFBQUFBQUFBQUFBQUFBQUFBQUFBQUFBQUFBQUFP/AABEIAV4BLAMBEQACEQEDEQH/xAGiAAABBQEBAQEBAQAAAAAAAAAAAQIDBAUGBwgJCgsQAAIBAwMCBAMFBQQEAAABfQECAwAEEQUSITFBBhNRYQcicRQygZGhCCNCscEVUtHwJDNicoIJChYXGBkaJSYnKCkqNDU2Nzg5OkNERUZHSElKU1RVVldYWVpjZGVmZ2hpanN0dXZ3eHl6g4SFhoeIiYqSk5SVlpeYmZqio6Slpqeoqaqys7S1tre4ubrCw8TFxsfIycrS09TV1tfY2drh4uPk5ebn6Onq8fLz9PX29/j5+gEAAwEBAQEBAQEBAQAAAAAAAAECAwQFBgcICQoLEQACAQIEBAMEBwUEBAABAncAAQIDEQQFITEGEkFRB2FxEyIygQgUQpGhscEJIzNS8BVictEKFiQ04SXxFxgZGiYnKCkqNTY3ODk6Q0RFRkdISUpTVFVWV1hZWmNkZWZnaGlqc3R1dnd4eXqCg4SFhoeIiYqSk5SVlpeYmZqio6Slpqeoqaqys7S1tre4ubrCw8TFxsfIycrS09TV1tfY2dri4+Tl5ufo6ery8/T19vf4+fr/2gAMAwEAAhEDEQA/APtUsGBxyPWvPSsdTdyNmUGlYroIrChq49hryY6VSRLfUhkcE56VaVib3ImHfPFMaG7tzYotcL2ZHKR+NS3Yrl5tSMYPUUr3J2YMwxWijYlsjDBjinZkXQGQLWbpmimRMM81Sj0BvqNznr0pqNiXJMY4qibajVGKEgbsBUZ9adhN3VxudvbFWRcVXwMdqA3IXbaeKWoWGs4AJ70gK0j96piHE7hipsUnYEXb1q0IkznjPFWSx4JApMSQqEdc5qShDh6sAUUAKSB2oAY1ACY9qkAZeBT6BcUZHHrQgHeTgUAG7ZxTsAcY4oA+A/8Agqn/AM0w/wC4p/7aU27ko/ShG255rhZ1JCnHWs2za1tw+8fb0pR1G0Mcgd+K0tYzvcqyDnHSqvcVrCGQKMYpiv2EBA5pJjcdLkTSkkkiqcbkqdtCJnJOe1K1g+IccNVJicRjrg8Vd9DKzuMbjgUkx2VxoJoRctNhTwlBnbqRK4JplXGzEjHvQJq4wEgjNCdweiHuRtznNWQRuTsytGwEOMjJpNlWI5QR0pJiasRhuQD1p3EOP5UJjHICaYiQDirAMilcBVXg0AIx2UXBoarnOKYkSjDfWlcYxsg4zSYx0bDoaLEjWcVQWA/MQRxQMkB45poBcg9qQDW259KCbnwJ/wAFVgB/wq/H/UU/9tKSKP0hJ+bNcMnZHdBaj1fIxUJ3NJIYSc4rRKxD1Q132jmrMGivKSRmlHcqT0IQ1aNoxVyTIx9az6m+6K8nJ9q1TMWrDkYBMVjJXZpF2Q3t1waaVtB3Q1m9KuzuZtkZf86vYzuGCeaLWY73DJ6UWEVySjcVK3G1oO355bmnIURG5pRsVJDQRuGa2WpmOfAFJ6DW5FIOKyRpJ9iPGa1SMxjoAc0NANDBjj1oQhwbaDRewChiOae4AXFCAcshC8U9wEJ3CpGM3BDg0xEiyYHFIYg5PWqsIccYpghu3JzjigbQ/IHANBDBSM9aATF6GgoUxZOaW5J8C/8ABVcYHwuH/YU/9tKZR+jbuVxXAo3O5uwLNt5NPkSE53HyOCpYUyosrvJkVMXcmWg0Nnir5WiL30Gk7jjpUK43sNZghxQ11DoQSMV59atO5LG78j3p2sQBOOD3rRO6JegA4GaaZLGMwx6UXHYiWRs57UXCw4zEnpQJ6Ebvk1NrFJ30F28ZzxUyuy1oIxyvHWiKJlsRE4NbdDPceSWSkmO1iF220coXImdt3HSqvYkVmyKE2AqkfnQMGAyaGgFU/jVIQppgKDjpxQAxpNoqQKjEyEnNMBv2sj5aVhXJ45MCnqNajtxc4JxS3Am3fJgdauOgNjFPetHG+pA4EZrN6D0Y8Nz1xUjSsSo4x1oSFc+A/wDgqs24/DD/ALin/tpTGfouX3cHrXGlY627iYzRe40hDNhcVTimhOVmM37hx1NTa2xLfMR7yp4quhGwuR1zzUbGq1IXPzdae4m7EbMTjPShbkt3FXge1bWMvMGai3KV8QMSRxRcXKRMGK80kN6DQcDAqkRe43cR2oQCng896TLVhNwHFCJaGA4PqPWnYV2BPPSnYBGY4xnFCQXuRyLuXrTEMyV4PNRqMU428daq4hqc5zQtQEYuATjmrsARsxGTwaXUCQDeatqwbiHIpCsNY5BxjPvQMrCMljwaBMT7FubJNDEWBCEGKVyhgiJYEnimTYsMRtyOtArMjUkt3BrWMugNDk+9yMZpSSeok7EpHFZWKuIFOM0XHY+Bf+CqIP8AxbAn/qKf+2lAz9FS43daw6G3oJ5p6VC1Y3JpAWVh1q5aBGzGB8EVKJaGtJzVNWQLcb1Of0rJX6m+xG/BPP51qkYt6iAFhzUppsdrIG4Hr2rQhiFhjFDHBCgHBpDI3JbjNOJEhEjJPvQ2JIc6hTnFNCe4wsGpvUE7DCN3eo5WaXQznpTE7ACQaq5AjH1oQ2N3cVWhI1lBpsAZcDFSMaqkGiwiUcjmqQDOAfakA5SBTuNjuGpiGMqk0ANUcEH8KQC444pgGKWgEYwGxmiwAwYHjmkgH8hQe9WnYliKxJ5HAqm7hYkaQGoCw5elKxR8C/8ABVL/AJph/wBxT/20pgfoayn6VzrU0egHIB9ah+6y17w1FOablcErBK+2qSJbvsNVt31pOXQai7XHMQoBOKVh3ImO6m9hdbgZAFxWCTTNW1YQ5Ix3NdCMGyMnaSD1pSHB9BUkbnFCkNoQkhs+lWSLvyaCW7CSMelUidyNTSVxsPxobBWFYBRmjcOpGWz6UmmWrDWGBkHNEQkMdvkNVYzEU7Y81QC7sii4CA/MeadwFLZB5pXAI+R70gFI4607AAbincAIz1pAKIxjINMBpbC/SgBA24ZpBcaQoIJPJqhIdu+bFAx4Jxg07CZFJLsOM0WBDli389KLahck5RcZq2kkUnofAv8AwVPk3n4Yj0/tT/20rMR+h7A4zXEmdDSGbt3WtNyNhzNsHqarlJ5iu5LP7VMnYqOo7GGyKztc0vYVjuWtFoiLELuFx71NmF0PwNoOeaaT6g2hqt83WruRbUZIdxzms9epej2HJQh+RHLntWhnew0EjHNUnYVrjt5qtybDCRmhsB2Aw64qLlWRFMWC4BouOxXDMe+KBNWJY5O3WrihXuLJ8wwKqwhu3jbTAZMh2jFTZAMVivXrSAlLEJmkkVe6Eik/Cm9CRWkGck9KV7gOVtwyBxVIBXOeMVQrjdxVfpQMjZt64AxQAqyEKFFMGiOQMzZ61LEAY8ZOMUrDJt3AIOfatL9BXIpB5hB71WyJV7komMYAqBslzvXNF2K9j4G/4KngA/DEjv8A2p/7aUiz9CRIWBBHFcSktjocWOVfU1buiRWAB5NXzIXK2Rk5zUNplcthgftS2DcbIxJ4NNNdRNMXqM96u6ZnYTrVCSuRPnOamxb2FVuPeiSFF2YxpCOlC2NJIUPuX1NCMmIeQabHEVT2OCacUSxjMPWm0IRXHAzSa0AceeDUKJpzFd1+brWnKQ3ckTaBj+VXsIbu+Yj9aVwBiFIyMVQC78+9QAFB1oAaWx16VYCFc89KTVwIiFLYzRZAWEIVcA0wAttNK4txA+4lSMii4xAmAc80XAjUDzMdqYrkzEZAFJhchdMHk0wGAhX60Eky7Xxg/pVplqSQrxhl4qWS3cdFyOTRa4ro+Cv+CqBz/wAKw/7in/tpSKTufoOzgdORXCkkdV2OEvy4rXmuRy2GtIB9aTVxp2GvLv6U1EUpETZNaWMk7DVOKzcEaKQ52A6ChKwm7sar7vancq1tiOQkHFV0Ib1BOTSuDXUdtHOaZSYxmKmkIcMDvVIloYxwfenfUSVxcBqLg0NwFNMQNTQEeMHPWqJB3AHyjmkxhvHGKkY5mXvzTuJiK4xnFIYsj7hx2oAYpDAg1SAeDxg0xXIxGqtk80BclTGaCRruM4pWK2Qn3eaTQXGlick8VQxVGOTx70CsJ5qgmgNh8ZVyc0rDG+WGbAFaLYCcIqr71JLRBkbyM0hJWJFAUdapOxLVz4J/4KojH/CsP+4p/wC2lDdyo6H6BKQOtcUkdcZExUAcc04qxLZXlyTmtVoQ9QU0IgA2T7UwDINDAiLc0WAUn06Vm43ZonoNOWFVsTuJlk9jU+ZWwLJ+dMHoMkYrzimRcVX4z1qkAwP83NTYd7Di+OOlXYkUcjrQA1valYCKTKlatCZIMFevWhjEMeRxSsAm0HHNCQD9oA+tIBjIe1NANaMrg0WEPEnrVBcQyDPSgLACTzjAoACQT06UBcBnrQK9x5ACdOtA0V5GI4oJvqAXIyRxSSHJj4h1IpjTuTKdoOetAWFXDZ5oGRFQJOaBWHyjCgdqaGfBP/BU45X4Yc5/5Cn/ALaUgPv8n5+vNcy03NScvUrVjexEZd59q3eiMluOXGKw50jbluMxtINaxdzJqwkjr271VhEWc80xEmR5ee9LqBEzEcipZSASbqa1ExhOT0piAnpRcYH5Fp2ERgFhnFIBHO7FXca1HK5UZosII38ykJMSUA/WkMWKPC80ASFgq81SAjeUAdPmpgRncxBGaVgH4Zx1waAFwzcHkUwHMgIxnmkhaERTawzTGTZG3jpQQ9SNhjkUDSsNLnBxSuOw8NuTB60wY3y8kZoI3FYmNunFA7aAr9cUFIcwMg4PNAMSMMpOelNCuxSQW/rQ1YEx64pDTufBP/BVAY/4Vj/3FP8A20oA+/lwTXI9zfoPZuMVasJq4wYA4FU9SUOB2rjvWCjqbOSsJv46cVulY527kRYMasQDgHFSxob5hBx3oAYcg0CEWTGaaATeW6Dmhsa1FfpioTuOQqjcCDzWqJEwV+X9aNAIHfD4oQbDyPl9abFe4gYDgdakY8kDknmhIBBICevFADm+dOKaAYYwy564qgHK+B05oAU8r7dqAEEjA47UCY07mfOMUCB0wvJOaB3Q6LheRQGw4seRQG42JODmlYYrqEBNMTVyJZDJx2oFaw7eSMGgY0IVbIoJHCRgfbNDKuSSEleKaHoxicHJOKpsTXYkBUc1AkrHwT/wVPbd/wAKx/7in/tpQUfoAormkjVdh0mMcGla47kYP4UXsNK4E59a0TM2riA8U0SN8vDE0PUBv8XWmtBiMRTJIy56VNguPSPg1S0Aaw2ZIoaDYj355PBqErDbuPEu7oabEKjBvwqgIyAWJIqR9BykDrVEjWiBbrigYOgxgc1SFYEhI69KXUYS/LwDSAIQSDzxTYDyOvpTRJHkgYJ4oZQjMRgjkVIEikuoxwaq4C4555pMWwu7AxjAqhXIzyeDigY5U3DGT7UhkckTdM0yRFTaeTyKBpEiKG4PWgYpQ59qCQxxxTuRYlCbk9K0umUlbcgKkSD0qXqDZYKL5eRUAfAv/BU4jHwxwMf8hT/20oKR9/bz0FYXujTqIQw9aasLUFHrWctzWOwBgOapaozvZjj1p3SDluxHYdqaYnoyF24zVMQ1TvX3FTcBCQD05q0xCq557Ci4D3AK0AVGUgk0rgC9cVQEqfLSegA37wcDFABswKaAQnPAqgHMMIPWgBCMLmkBFwDk80txkpbYBtGaGIYWbtmkBIqfL83WqQrgiDBBoGO4XgUrAIwI5PSqEISAc00rkN2GuAPm702rApDlYYGBUlCuPMX0NAiIoS3JpqLHcULznNFmSpDmJxjNJ6FjogMcmgQ92IHFOxQ3HGTQZ7jlbjHapsUj4J/4KoY/4tjj/qKf+2lMZ99A4Oa52rI0vqDMQDUoqVhFbvWrSZCdhGcZqGUrXux7PuUYpKIOWugzcCcU46Ceuo2QD8BWr1IETA+lZ9SrgwU5NaEkTMS3FSA9sj1oAhmbBGKdrDHIm5cnrVIQ/YeRSaAOEU4NADFcnIoENjkxkEVSC5NnzF/GmMVVVhjpQA1owaEhXG5xwO1AnewoHGaLIjUf95TQVsRByARRYadxyHPXmgEDbj05oE9RwXjmqTsTy33GuA2AaLtjUREKhsY4qSiVuF+WmSyEZ5zVc3YpITLEf4UXuTyjlbA5HNQPYdtO7OeKdhJjt2eKpBJjiQEIo5WxIRfm6VLVhp6nwT/wVQ6/DEf9hP8A9tKRZ99BgFrK10UnYibc1ZXNVqtRyjaMZq0yWkJ1NFyR4A2+9VYkiUEN0JpbDQ5mx1qkwY0yAD0piEDZGR9KV7ARZPmYoAe7kDrTENEgI6ZND1GOiOf8KS0AGcjim2A2MHknpQBJsUj5TQBGVCHk5FPoBIjrnGKSbANpwT6VXUQFuOtMQDZxzzQO49mGOMUgYgb5famSMKc5/nQNDmbjAoE5diPDbvaglMldSwUg0Gl7jQuFO6newxY0Vs0gHRjYMHmgW4jgEGgRWaRhwK3gkxt2JArELxSkknoZtjm6dcVluJDY3OOKuOhMtQkcgVtGzBOwJNtXNRJajR8G/wDBUxtw+GJ/7Cn/ALaVlJWNUfeaux61iUSs+3io5SuYcg35zxTs0O92RNGUyd1JDaHxtmtLmYM57D86ncZC7MT6UaBuIME4Y1QhzEKPlpWAjD5bNMBXOVPagBEAHJ6UATxkEcDFVYBrJ83BzUsCPzOSuKAFEeBwetNCY5YhjJOadgQnlEnI4osDJwVC4zzTF1I2T0oAaqAmgEOcbT7UFDl+bjpQRe4OOODQAsYA60CsMmlC9KBtEJuSMACgSFLs65PFBSHIxUCgbRK7lVzigSTQRHzV5GKAuNaPaeaqLaE0OWXIxjFU7oQhQAc9agLDOTwBigLCSDcOetNSaFyjkiBGCaabbB6HwZ/wVOUL/wAKxx/1FP8A20qpq1ioy5j7yQMrYrjNrEwG7NCZTiMMmzPNWjNqxGZC49akd9Byg4z0FNiQ/cD35poQMvHvSsBDsy1Go1sNdfmNUhDkbaMd6GgFddy+lK4EeQMCqQyZCVQ45qhC5AAxUPQCIfK+ccGmtQJtu7ngVQDjtC4oEiPJU4HSgY1yV7ZNITBZe5pmY/IxkDmgtPQQgsc5oC45ExnvQHKLg546UD2FfgUCRAI9xOelBD3EZQnQZPvS1KRKMSR+9MT3GpwR3oHzExQbKBt2I1kGcCnYi4kmWPWkNahHwORVXF1HSHIotcbYRtxzTtYlMbIPmB7UuUu9hx4AxVwWplJnwV/wVN/5pj/3E/8A20p1CqfU+9TJ2riR0MXBCE5qrIV2iDaGzyap6CJYwESlcAOQvXn0pNAR9+vPSlcqwgdg1UK1h7sOueaLCGeYWNWtgBhgjFQ2ArtlaSVxtkWDiqETI21c5zVgA+fHtSbsSxzjI60ARhyvFMolVc4NAgPXBoAfjKketOwrlYpkkGpuKwqoVGD3oTE0TAepphdD1baMUDsMJYNQOwg+brQJDwgYcCgrcjZBnmgluwBNmeeKCWyVY1KjmgNxQMjB6UF2uVWT99x06ZrRvQnksT7QBx2rMaIclfpQNilsDJHWqRnYdA26iW446jpCScU+Yb3CNuNpq+l0SfBX/BU4YPwx5z/yFP8A20rJsuJ95AZyawNgLE8CgLDGypI6mgdhyMf4sZpWHuPbgZrS2hkRPt6+tTYdx0fKk9KpITIyAScdKbAWMHqe1ICZWVhyeaaQDJVAP0p2sBDk/hSAnjOQMjii4DjiMcDFPcAU5UnpmjYBoUA8ilcVxxGRkHj0pjBSCcnrRcADbT6imTuBUbuO9ZvUY8x5ApoTVxduOKslIQDJ4HSgu9hQpA+agVxuwHmgB0ZwSD0oAbKN3SmtBNXFC5Xmh6isICQKRVhVO9TigZGY8c9aCea4uN/FArjlj2ZLDigbYxmWT5QK0juS9hnl4+7WskmjOL1JQp2471zs2RECVbGK6oNcpnJnwf8A8FTcY+GGP+op/wC2lc89y4bH3gTjAzxWFjW5IEBHWkO4MiseetFguMkXauRzVWC4iZbrQSOIXAyRmgBjbl+hoAavynJosA7zSRinYBqjJyTikwHycjjmgCICgCUE568UASKytwaaAR2APHShiFJyOlCQDvl24JGfSqGJsVRkGiwmNcbhRuJAhwOuaXLYdydWBXnrTtYXMMfOetAIdDgEk8UBuKzfNjtT0JIycHj1otcd7Chgzc96RSBiCMZAFMl6Apx9KdibiO4JIFSXcajFeOgppXJch6vuPNAxThTmkFrjpW8xOKAZCqYHFarUyZIMKM96TuXGwxpCeBWZasIqHJJP1rRS6GckfBn/AAVPAA+GGP8AqKf+2lKSsVA+6lywyKxbNSdAcZqLjew0sd2M1d7Ejww20rjaIi3PBpiGOc1W4Dmfcg9RUgKmCpNO4DSRnigAcMSKQDgu09c57U7iJNuVwOtAyNFzkZ5pCY48Lz2qkIYh70xE6Ov0oKQbQzbu1ACt1AHIoGI0ZboKBCrFjvQKw9cCgdhxGfSgCJ12855HpQQhVbdQUBYbsUDsI5wKQwUjGetNESHHGOOlW2RbUYuFzUlgRu5pp2IkhQuwYFG7FeyGNuA46UPQE2xwkCAAd+tJFEqqCARVp9CWh+VXtTvfQLNEbryG7VMhoa5+UAcmrgk9xs+B/wDgqVn/AItln/qJ/wDtpRU6Difd8ZCcAVw7nRawocjJNJrUBFlUnkfjV6grIVmz0oYrjMDPPFNEsTg9OlXewrXH4G3mpTuFrDkQc88e9VYCIrtfg55oAlL7gKlq4CMQTnpVWAQMQ1OwDuo46+tMBfvDFLqIMAcCmKwpj3KMUFD0BVOaTQD412j3NCRNyQfKOaCiu0wDYAxS1AaMs2ckimgJsgd+B6UrgMZjLx0qiWCLt460EvQeUHBqkrhdiyFSmB1qRhsVV600JsagBU0CRGBuY+lSylqSMu3pVIli4G3Pei4+UAMg4/Whu4JWDyuOaRTQ9CVqrXFoglAYcdaS0E9RRjaM0N3CwIozmqTsJq58Ef8ABVQAH4YEd/7U/wDbSk3cqJ9zb8GudI3uhS2eKogURDbmmPcFOO+KbJGsck0gGDqfSgCZBlKEgGEkMPSqAXbu70gEAOaAFPFO4Cd6LgSwjOaVwFCE5xVANB2t6mlcm5YBwOnWmNMCwA55oGR+aVPSglkiycEk8UARsgkIK0mNDh8mRTAQgr7g0AKflXjrQA6IHOaAsSSEY96aI2GDBNBXQCuBTTsQ1cMFOfWhu4JWHALnIpFJ2FZlAOaQWuRiRcUDeiEWYbsY4qrC3JVIyKkfQkYjHHWmnYlK4zGeT2oZTVhrgMetINx2MLxQOx8D/wDBVEH/AIthn/qKf+2lA7WPuZlzUAD8EYqdxj1kG3nrQykMY5HFCZLVhu7g1YhYyT2pAPX5elUgAjcaGAKpDYqUxXEYlWpjH7OM5poTY0Ko70mCdyZTxwMUIBMEnrTDcSNcPRYLFgoGAz1pjGOAMDtQAhUN25pMW4wjcuOmKEFyNZWj6UwuSrcbgMjJoGPPC0CGPKMdaDN3HROcUF3JmwRyKBWvqM57dKBj88c0BYR3yMUJBdIITTYtyR4VcZpBsQOgUnNAt0JGgzmmJaCO+DwapLS5TRNETjJ5qWyVoSEZGKcVcqT0GmPaa25FYxUncTOTgVi1Y3R8E/8ABVI5Pww/7in/ALaUij7lEvYVncBRg0wFMZ9KAGlMLSGJECD83IoEOyAfQUwFb5uBS1ARc5qtxMfIGAzU7BYjzyKoVh+4FfQ0A0xgYE1JQ8EnjPFOwMkDcVRKVgbjkHBpMdxyTZGG+8O9IY9AGqibXHD5TzQNKwjIo5x26UE21KUpweBmgBFJz7iouyt0WFkJXmrJIpASeBimxE9vkdapIluxKTu60mrBGTYEcADrUlt6ARxzVWsTe4EY6UihYwFWgAeTIwOKQXuNI3nk0xN2E4DAdavl0HYcVTHTBqPIHcdGNoOKGStRqyEkg9aBskHIwarmYrIQkJSs2NaHwP8A8FUCCPhgR/1FP/bSk1YtNM+51QKOtYWZdw347VoSSrN8poYEW8k0AOJylOwDVwTipYBJ8pGOaEAobpTAWQECkJDScgUxhiglsVU596YrskxjimUiJwQ3B4oGTKdyjNLcVhQq4ORg0IGO3bRgUxDgzEUCux+0FfSgoryDnAoC62FWDODRYVyUwjbnpQIYqgdaAHpirTMrDzhvY1LNIoM7cetK5bQE7h7073JQqnApDe41iVPTIpK7HYSNucVbVhWFcDqKkVhCV3D1qrsb2EZSTnP1qmZJu49SQOai1zR6DSQTmq06kbjy4GKXUoa67yOa6Ohluz4K/wCCqCbB8MP+4p/7aVzyd2bRPuXdx0rNFhkfWgBR8x4qW9R2JQgC9eapMTIweSBVEoCKllCgHPPShAISFNFiWhyyYGCM0D2EJ4oGOVweMU0JoYHw3pSuCJ93y46mmhjAR070wJVgI5B4qbANMeCfWqAeFwuTU3AYGYNxyKaZLZIWO3pzTJuQgEnmqWxJYGQOKRS1JVIx70mir2I5Ap5FAbjERccGgQ/AQeposO6QgG859KTQ7ikgZqjN6sBKFI7UikhXbOSOvaqQnuNQEjtQ3cpNkrYVfepFdkAXDZJ4p3GS5BA9KtbGYgYA8VagtxXIvLO7OeKmQ0yTZvXk9KSVgeo5QAuOppslI+Cv+CqfT4X/APcU/wDbSs2axPuJTgc1CZYD1oAcvTipYCZIGapAC/eHrQ3YBW4brU7gK5P40IBF5+tW3YB4jqU7iauHaqsK9gWMk5FBQFcHHSiwthUOwHvSHuOyOw5pkpolWTGATQmNsaxO7imTzAzkp15pWHcYoOM00Ta5OhIODxmncaiN2lWHYUeRBPgYpFEWTu+tMY4ABaAvYTHIxzSGtRWUmmJodGu3r0xQwSFEeead9LEWI3jy4pGiJN6ovPWhbiaGxkqTxVySEhHy5xWYJiLERweRQUIyFTxWnMTJEuzCg5pczBIQpxmtYq5Ek0IeKtIzTFQFmzWcmUo9T4M/4Kq9Phd/3FP/AG0rORpC+tz7jwQOMc1z7GwipgVQhFyD0oAVhgUwEOcVLVyk7Ai4PXNFiSRge4oQAu1etMCQyrtwBzTQEJNO4WJYSSfamJKwjnJpXDQWMZBJ5xUjEDDd0qrk8oOdzUxsVlZhwRQRYI0PepuMnCbVFNASKoZfemUNmAK8daCNBi8pjPNBVkxB8uQx5pBYkC56GmiWhVQKeT0piWgxlJPB4zSLuPXcRjtVIhkiAjGaTGmDAZ96RVyJgD0HNCWomyRcBc02JEQO980hrUeZMcUCGEtuG0ZHeqSTGyRWJ+lJoExwx6VSbiJ6jANx46VXORyksaqvFZvU0Wh8C/8ABVRcN8Mef+gp/wC2lFxpWPuRTgCsyh+QBU3KtpcbweRVIQYzzTENY9qfQBY/lIFSBMxz16VJdlYhPJqiBQMUCRJGAx+bpTBuxLuTHFDJTuJkAZAqUgsRtk8gYFMsSMDdzTJ6j5PvcdKRViPe3QVZNi0GUoOealDYBxVEIejAc9qC9xrSjJFMzauQsAOSaRUR8gBA9aVyx8Q460xDmQ9jQQ0JgjmmMcoI5FIB4bIoERZw2BzTYJDm+UHjk0h2Ggnv0oBaA4AGVNAMYqfxE800ib2JY3GelIu90OVcnjiqiQxTEuKbeoWAEKMUWvqg2DODkUkho+B/+Cqhz/wq8/8AYU/9tKGWj7kXn61kUIeeKLAKB+IqkhADtyT2qWxWsIADyKYxSCTmgBdxxinuAMrdqVgBVIAyadhN2JCQMAUBuAXPSmJKw8oV6d6kbYwkk47UWJHBgOCKdh7CDaBznmpHckVE/GmwuCop68U0A2QE4AHFMljlJQUXGkNYB2oEOEXGKAHbMAZ5FKw7gpycdqYr3JBw3FMnqPboKRdxBwOmKaVyGxCSRjGKBoZwpoGPJDAc0WByHcEAVTjZXJTuRNHg9agpgRnGKpK5mycLhfrSsVcYmd3NNA2SPnGRSGRj5vrWi2GSKlLqI+Bv+CqoIPwvH/YU/wDbSpZaPuUMFrMYw8nipuMXtVsm+oDuKhq42xwjKimJCHOapjF6UgY8Nkc00JDWU5FDBjyo25HWpFsMX061RQ93LDHSmA0Hmp5ibpDwFLA5/CkMklXI4HFNDGIMcVQth2w+vFAgXIbnkCgBGDZIA60ihuNpHrQBMz7ccZpiESQE4PSrtoYXdx6p1xyKg0VkOwFoAB8zdaYXEZtvH86LiQqA9f50imHkgnd+lMnUaBtzxWqSsZskGOOMUXujSMQdN1c7NNASPHNVcl2JdhZDT2FYg3FXx1FAydQZRjtT2C/QZsKtjvVbjQuSCc01Ek+Bf+Cqhz/wrD/uKf8AtpUyLTufcZHHNZdBiqMrxWZXQdGRjBrW5FhGT5vSkO3ccoLDGaVwHBM8DrVbgMYEHFJgJu5xTQDuopivYD+VArXE6EnvQOw3fk460mNIlSEkZqbXJY1VKvzzTY0ToS2QeBR0AXAzxzQArZ28HGKBMZGp3Ak0xInYjHHWminoQYyaBNj1weOpoBah5YX60CasKjhQcUCSuLneDnigpqyBVIIJNMzSHumQCaRYivjg0Ax4PPJphcjIJbPYVaMmrskDqQPWky43FJ4qUWx+CB15qmZobuIzzU7mjGoBnJoESqccitGLYVuuaT0QN3FUFznHFSpWKWx8Cf8ABVhdp+F//cU/9tKJO4I+4XbHFZ9ChwXcOKAG/d6cUDGgktz0oC9yRQS/FAh6MQ3FADpBv+tMCN4sNg9ai4AQRVrYlj0IY4b8KTBDyqp1pFAYwAGFPcBhYkH3pCWoqRMCCOtOweQ4xMaolCIpHHekgdx4YrwRRsJkqruznpTAdgEdKCkMZDg8ZqCiM5Q4/WquImCFhyeKZLFWPbxQCdhAwZsA9KY2PHJpEgw3D6UCFSIHJ6UFIPIBNANCGPIxVxdmKwixgDpmqaG1YeEyfpUPQgew2jpzSuXaw3yywzQnYQ5INwx3rRu6Eh/lbOKyKeomB0Iq1IEh8aH8KVtbl2PgP/gq5/zS7/uKf+2lDJR9uuM1jE0kSw8DJpNiXmPkClfeqQiEAGqAdH8rj0oAfuBk+XikgB3KsR0oAY2W781FncQYYAVVrDFHIqgAgnFICUSELyOKom9xxI2ZPWpdhoWKUMOaLjCWbJwKdiHqKuAQc1WljMcTt60jREZmy2BSZRKvI600guOZsjjrRYXMNHTJqUNvQepyuaoVwLfL70EjUAPTrQUSItBAbgGwetO1wY4HccYwKbVhXuG7B4PSlYdxwwRx1pDQ4Jn2NA73IihDdaBEmMjmgNBFYqD+lVFXdguOSQhhTkrDiSOdxx+tNJDY3btbnmk7XGh7TDbhaGgZ+f3/AAVX5/4Vef8AsKf+2lJ7ImJ9wuQOlZM0F/gyOKSQ2NjJLYPSmJC4APWhADEbDg81V0Tyixk4yaYXsSrhzzQG4FgTQAkrZUAUEjoYlkHJ5pMrckkX8KnYGrjA+DhulO9ydhThlIH5Uiwi+U1VgHbF5PamTYaJAKB2Q15NwoFoIFJIxSuUWFXyxkmmmJq4L8w4qyNERqx3nNJKwPUkAzwDikNWQrISQCcVryJq4iQABaxaLsG6lcLICu6riyBwXAFWwsO8vI69alyQ0gUbQagdhd5xjpVXJtqN3ZPvUgPBIP8ASrT0BIcxBGBVR3CaEDAL05pNXYloODADnrTtZDerF2knNZotOweSSTg10Ra6ikfAX/BVhdo+F3/cU/8AbSs6lr6AlY+2shnzWLNNCTzCMc1m2IkVNwLdBQhuwxxu61RIIoX61LRS0JYyOcirjsZyeo1mw1NjQuRtzmlcYhbjrRcVhVfaM00PYcZC4osQ2MLDPNU0hXJFG5akY4SYGMUx7DFkzwaA3HrFnB60guKI1B5pol7jyw7UrXDmDzflINFrFJ3DzMqccVVwaGgb6aIZIAEPApBYkbBGRTUmMcq7V5Oc0mCbDZtGaErlMEXA5oasyExWXnjrTvcodu2rg1NgvYFcHir5QTA4FQHUVgB9aaVwYEbBSBaCcj+larRXHdNj16ZP51nzO4NXHqgb2q1Im1h7N5Yx1FRcaXUjSRieDxTvoLVnwH/wVZzn4X/9xT/20qS0faytjPrUDJFlBXmmApuSQFHAp2AaZD3NIB5fKnFOwxiyHPtUkEyuGB9aoYhYnoakSGZI70DY4vgDvTvYViQMGHofSrJGEkZzSDYmjfMdA73ELCnYLsaBgmpH0JxJtXg5o2ER+du4pXHYA5xgVaIsAYgHmkUkPiI7nFA2PLgcA1a0IauAlAHPNNIlkuVK8HmpejHuhhLRkZobuJLlJS7FeD+FJaFu7IxJIPeqvfcLDlkYHmpYLcVpdzbdwFA7BHlOM0dAWhLuLjPekO1xGcjqaE9RtDxIzL61TIuROzY966YpdSUL5pVcHk1nOKuXFjlmOMnt0qFFN2KeiHiQziiceUzTbJEAUHJqErltnwH/AMFWW3f8Ku9v7U/9tKbVhp3Ps7fzx1rIYbjg5osxMemRyasEP37qmwDwfU0guOJXbx1qyRqkgHHWgYqMRnNA7ibtxODSC45W5+lJjAzbeaaZLHeaHFMHZoNx/hOKYkrD94wCetIpiK/OT3p2uTdIJJPl+XrSHowibIyeKmw0SKRng9aV2MGfZ1q+grgJA3anYhu4bxV3sLcXAx1pcwx4JU9aTaYrDxJk800PcV5SAMVLBXQByOppA2Ijnv0rS1yL6jMbpMg1m1Y1TuWS52gVNxiicKORiqGIs27ORxVKFzJztoIZmU9KcUi0k1clD762bsiFYRlXGO/rWSbZa0Q3zAowaai07i5kyZG+XIok77g12HjOKVidz4E/4KqHP/Cr/wDuKf8AtpUyZoj7QXBPFZjbsI7fNjtVmWtyUzAJ0yKRYiS+3FAril/pUtCuKGJNCGOV8D6VQCGXJoFcQ8HNAxySetSykI2WwP1poligBBTKQqt61OtwHb6oTFYED9aadiGrgrgHB60mykrA8oBpXuPYQS89aZKeo+Q5TJp30sW7CI+R/hSIFJ70xIN27oaAZIH55osNaioSTVS0HsP3HPWqSVtRN3FJzzmko3ZN7CE5GM5q2uVEqzYK21hWVr7l3sWA+373IqLFsRnD9K0USLkQkI4HFbWsiOW+5KZi4AxWC3NNlYIpCG5raW1hEhyx9qzSsJ3aIip3Ek8VtGS2M+VsmjJOMHAokkdENtSz5g2YrJaA9GfAf/BVFg3/AArDH/UU/wDbSokM+yll4OOtQtBihiw5qWxEoIKnPFMbGlgtNaE2E3dO/NO+hHKyVpQqjmoNBVfI45pibGmXGRjpVCsOWQMuaBoUMCeDUsrYUyFeRTRm9RuSe+KExvQcDn602JMXzBQTcf5vHNO2hV7DQ/ze3rU2LuI2CfegncXgc5pi2FD7hQO44fKvXmgTDzDjmgV7DtwYZ6UDauLngVTfYFoOWTBNK9wsOWTnmtIu6M5XRIpG0k1WiJTbBcHp3qJSuaRQjHacVmmU9CTdkAZ4oAVTt6VSdhEbPg1o5aCRPG4ZemDWVnuU2hryGM81SbZL0COVjyKbTC5KilwSaI6MaE+bOAcCqlIpJoRmcHHekpImV7nwX/wVJJz8Ms9f+Jn/AO2lE7WVhwPXh+2v8Fx08Y/+Uu9/+M1g0zQeP22vgvt/5HLn/sF3v/xmlZgC/tt/BgHnxln/ALhd7/8AGapAEn7bPwXY8eM8/wDcLvf/AIzTAF/ba+C//Q5f+Uu9/wDjNRZgIf22fgwT/wAjlx/2C73/AOM00u4mPH7bnwXH/M5Y/wC4Xe//ABmqFYP+G2/guevjL/yl3v8A8ZoGJ/w218F8f8jn/wCUu9/+M1OrEIP22vgxn/kcz/4K73/4zTQyUftufBbbz4z5/wCwVe//ABmmKw0/tufBcn/kc/8Ayl3v/wAZqRvUP+G2/gsOnjT/AMpV7/8AGau5NhT+258FsceM+f8AsFXv/wAZouLlD/ht34Llcf8ACaf+Uu9/+M0D5RV/be+C4P8AyOf/AJSr3/4zSDUU/tu/BYtn/hNP/KVe/wDxmgdmJJ+258FWGR405/7BV7/8ZoJaYL+278Fsc+M8f9wq9/8AjNMdmSf8Nv8AwVI58af+Uq9/+M0h2E/4be+Cv/Q6f+Uq9/8AjNNGbi2D/tvfBUgY8aY/7hV7/wDGaRVmPH7cPwUAx/wmn/lKvf8A4zT0CzQjftw/BU/8zp/5Sr3/AOM0D1Hr+3D8E+/jT/ylXv8A8ZoTsS4tjh+3J8Ex/wAzrx/2Cr3/AOM1TkHKw/4bl+CinK+NP/KVe/8AxmoK1A/tyfBRuvjT/wApV7/8ZpWG9RR+3L8Ewf8AkdeP+wVe/wDxmrVupFmO/wCG6Pgpj/kdf/KVe/8Axmn7o7MQ/tx/BItn/hNf/KVff/GKkfKPH7dHwSB48a4/7hV7/wDGavm0sRyO4kn7c3wRb/mdc/8AcKvv/jNKLS3HKLYJ+3P8El/5nT/ylXv/AMZqudDjG25MP27fgkBj/hNuP+wTff8Axil7oWaAft1/BAc/8Jtz/wBgm+/+MVL1K1Eb9ur4Ik5/4Tf/AMpN9/8AGKWgtT5K/b2+Ongf41f8IL/whut/2x/Zv277X/ok8Hl+Z9n2f61Fzny36ZxjnGRQ2NH/2Q==',''),(86,'11/03/2016 08:47 AM','11/03/2016 08:57 AM','110.138.157.206','Andry Priyandika','1','','','iVBORw0KGgoAAAANSUhEUgAAAj8AAACWCAYAAAAxIOk4AAARE0lEQVR4Xu3daYhc1bYH8N0xXiU4XkIGEodIUJQ4XQJOiZoPipo4oKIiAQcQccLh4SdncUKQOCAGQaP4CA4XcQii+EEljohXTTCKglMU9SmiJkLUYD/WeVRepdJDpburuqrW70DRJqmqc9Zv7Uv/7z77nNPX39/fX2wECBAgQIAAgSQCfcJPkk4rkwABAgQIEKgEhB8DgQABAgQIEEglIPykardiCRAgQIAAAeHHGCBAgAABAgRSCQg/qdqtWAIECBAgQED4MQYIECBAgACBVALCT6p2K5YAAQIECBAQfowBAgQIECBAIJWA8JOq3YolQIAAAQIEhB9jgAABAgQIEEglIPykardiCRAgQIAAAeHHGCBAgAABAgRSCQg/qdqtWAIECBAgQED4MQYIECBAgACBVALCT6p2K5YAAQIECBAQfowBAgQIECBAIJWA8JOq3YolQIBA+wQ++OCD8uGHH5Yvv/yy2umjjz5aNm7cWGbNmlV23nnn6u++//77snbt2urPxx9/fNlll13Khg0byrx588rChQvbd7D2lEpA+EnVbsUSIECgNQKffPJJWbZsWXn11VfLNttsU956660x2dFBBx1Utt9+++q1aNGiMnfu3HLggQdWIclGYKQCws9I5XyOAAECSQX+/vvvKtzE680336x+xgxOO7fJkydXu4tAdMopp5Q99tijRFCyEWhGQPhpRsl7CBAgkFjgxx9/3CzoRNj566+/hhWpBZJaKJk0aVI1gxOnveq31atXV7M5n332WXWK7Omnny5//vln+eGHH4bdR+Mbpk2bVs4666yy9957lxNOOKEKRTYCjQLCjzFBgAABAlsIxOmr1157rSxdurSpWZ2Yidlrr73KjjvuWC655JKyYMGCMTk1Fcfx7bfflscee6z88ccfpb+/vzquZra+vr6y3377lZkzZ5Zrr722WkdkIxACwo9xQIAAAQLll19+Kc8++2x55plnqnU78eehtn322accfvjh5bDDDqtec+bMaaviypUrqxAUC6jjeNesWVNihmqoLULQ4sWLy+23397WY7WzzhMQfjqvJ46IAAECbROIsBOh55FHHhlyn1OmTClnnHFGNaMTYWf69OltO8ZmdxSBLa4we/HFF8v9999f1q9fP+BHTz/99PLUU081+7Xe14MCwk8PNlVJBAgQGEpg1apV5cILLywfffRRWbdu3YBvjbUyRx99dLWYOH5249VVK1asKBdccEG1dihOl9VvZ555Znn88ccNlKQCwk/SxiubAIF8AnF6KO61M9gsTyw6Pvfcc6vAs+eee/YUUMwKRX1ff/31prp22GGHQcNfTxWvmC0EhB+DggABAj0uEKHnpptuqtbGNG4xwxNhJ0JPr18qHpflx6Ln+lmg/fffv8RMmC2XgPCTq9+qJUAgkUBcNn7eeecNGHpiwXKc+rryyit7ViRme2JRdIS+WNf0xRdfbDkD0NdX4r5FtlwCwk+ufquWAIEkArGQOYJP41Vb55xzTrnxxht77rRWBL14lEYseI6wE3+uPVZjqJbPnj27ur+QLZeA8JOr36olQCCBQNzb5uOPP96s0htuuKE6tdULa3ki3ETQiQXLEXC25u7SM2bMqO5DFM8R6/XTfAmG+ohLFH5GTOeDBAi0W+C2224rN998czn11FPL8uXL2737rtjfcccdV1566aVNxxpremIWqBt/0dfP5sSMTryamc2pb9RRRx1VXa0W9XfrVWtdMfC67CCFny5rmMMlkFlgu+22qx57ENuDDz5YXcZs+3+BmNmJq7lq2zHHHFOefPLJrrhMvfG0VQSd4W60WN/7eCp8LeDE7Fb8dzcGPuO5PQLCT3uc7YUAgTEQiJvrvf3229U3RRCK//YL7v9g77777s0WL5944onlueeeGwP1sf+KOCUXi4/ffffdajZna2d04pL16HvceyjuLB03LezG+xCNvaxvbFZA+GlWyvsIEBh3gQg78+fPrx5pUNvil/7ll18+7sc2ngcQ4eHggw/edAixqHm4Oza383jj+N55553q9fLLL5dvvvmmqd3XZnNqszhmc5pi86YmBISfJpC8hQCBzhGIX6SxduPXX3/ddFC77757tQA24//7j1NDU6dO3XQ6MGZFwmi8tp9++qkKORFUa4Hnt99+a+pw6tfnRNDphcXZTRXuTW0XEH7aTm6HBAiMViB+4ceN+eqf7h2zBHEjv2yzQPXrfLbddtvy6aeftjU01M/qROBpvMpssF7vuuuu1bPCDj30UOtzRvs/CJ/fagHhZ6vJfIAAgU4ROPbYY6vTKPVbzBgsWbKkmh3q9S0WCc+aNWtTmZdddlm59957W1b2SGd1YmbukEMOqYJO/IzXxIkTW3acvpjAcALCz3BC/p0AgY4WiHu+xOzHV199tdlxxt/FvW16+dRJzH7FnYtji1NGAz2+YjTNi3AVs2sxuxP31GnmfjoTJkzYLORE4InL7W0EOklA+OmkbjgWAgRGLBB3LY7Fz/VrgeLLejUENc76vP/++2Ny5VvcE6j2SIhm1g6Z1RnxkPXBcRQQfsYR364JEBhbgQgEEYLq73UTe4iF0FdccUW1HqhXFkXHAzrfeOONCnC0V3dF4IkZpPg53L11pkyZUl1afuSRR1YzPGZ1xnYM+7b2CAg/7XG2FwIE2igQp38iBNUviI7dx4LgI444oixbtqyrT4c1zvq88sorW73GaeXKleXhhx8eNvDUrsCKNVQZ1lG1cZja1TgKCD/jiG/XBAi0VmCwEFQ7HRYzJt34Cz1mse65554Kb9q0aeW7775rGjLu/3PdddcNeq+dmMmJtUThEj9tBHpRQPjpxa6qiQCBzQQiBJ100kll3bp1W8jEL/lYFxRBqBu2OC0VV3jVTk89//zzZdGiRUMeerw3wlIEn4GejRWBJwwi7LhjdjeMAsc4WgHhZ7SCPk+AQNcI3HLLLWXFihXVzfcat7gqrBaCOvkKsTidF/czii1Cy1AP+oywU1vLM1CT4oaIsUi8G2e/umbQOdCOFBB+OrItDooAgVYKDLYwurbP2gMyYyYk1rx0yhYzONOnTy8bNmyoDinWLkVgq99i0fJdd91VLYbu7+/f4tBrszxx6qxXFn93Sn8cR/cICD/d0ytHSoDAGAtEmIiZj5ghabxPUG1XERDiyqa4yumaa64Z14XS9ff1iTsk//zzz9VhxiXpcYVb1DHY1VoR4iIoNYalMSb1dQS6QkD46Yo2OUgCBFotEMGhdsn3UPuKMFS78ilmiNo1MxShZubMmeX333+vDu+iiy4qcY+dW2+9taxfv37AQ540aVK5+uqrq8DTyafyWt1b30+gUUD4MSYIECDQIBAhKBZJx8/BZoTqP1K7Ourkk09uSciI03SxXumhhx6qdtvX1zfgKa34t9rVWqeddlqZP3++3hIgMICA8GNYECBAYAiBOKV03333VWto4pLy4Z5QPnv27DJ58uRy5513jip8xH7jWV2Drd2pP+QIQ3HF11VXXWXxstFMoAkB4acJJG8hQIBATSBCSbxiZiheQ80MxammmBWKy+ibvYT89ddfLxdffHFZvXr1kOjxFPs4/RYPdz377LMtXjZECWyFgPCzFVjeSoAAgUaBOCVVO01We8joQEoRhOIKqwULFpQDDjhgi7c88cQT1R2pH3jggS3+rf4014wZM8oLL7ww4HfoDgECzQkIP805eRcBAgSaEliyZEl15dXnn38+4E0V40vi/jpxamzhwoXV3ZZri5gbdxAzRrvttlu13qe2jdUDTJsqxpsI9KiA8NOjjVUWAQLjLxAzQrVX49Pmhzq6qVOnbnp8xeLFi8vGjRurt++7775lzZo141+YIyDQ5QLCT5c30OETIND5AnGZ+vLly8sdd9xR1q5dO+ABx6mtuXPnVgulJ06cWC699NKyatWqTVd17bTTTtWfPUW98/vtCDtfQPjp/B45QgIEekgg1gidf/75JZ7E3rhNmDChulQ+TpnVb/H37733XtOLpnuISykEWiIg/LSE1ZcSIEBgeIEIQnFzxdqzugb6RFzVFc8jmzdv3vBf6B0ECDQlIPw0xeRNBAgQaJ1AXOkVl7fXHlcRe4rTYNdff32JB5naCBAYWwHhZ2w9fRsBAgRGLBD3DVq6dGmZM2dOtebHg0dHTOmDBIYUEH4MEAIECBAgQCCVgPCTqt2KJUCAAAECBIQfY4AAAQIECBBIJSD8pGq3YgkQIECAAAHhxxggQIAAAQIEUgkIP6narVgCBAgQIEBA+DEGCBAgQIAAgVQCwk+qdiuWAAECBAgQEH6MAQIECBAgQCCVgPCTqt2KJUCAAAECBIQfY4AAAQIECBBIJSD8pGq3YgkQIECAAAHhxxggQIAAAQIEUgkIP6narVgCBAgQIEBA+DEGCBAgQIAAgVQCwk+qdiuWAAECBAgQEH6MAQIECBAgQCCVgPCTqt2KJUCAAAECBIQfY4AAAQIECBBIJSD8pGq3YgkQIECAAAHhxxggQIAAAQIEUgkIP6narVgCBAgQIEBA+DEGCBAgQIAAgVQCwk+qdiuWAAECBAgQEH6MAQIECBAgQCCVgPCTqt2KJUCAAAECBIQfY4AAAQIECBBIJSD8pGq3YgkQIECAAAHhxxggQIAAAQIEUgkIP6narVgCBAgQIEBA+DEGCBAgQIAAgVQCwk+qdiuWAAECBAgQEH6MAQIECBAgQCCVgPCTqt2KJUCAAAECBIQfY4AAAQIECBBIJSD8pGq3YgkQIECAAAHhxxggQIAAAQIEUgkIP6narVgCBAgQIEBA+DEGCBAgQIAAgVQCwk+qdiuWAAECBAgQEH6MAQIECBAgQCCVgPCTqt2KJUCAAAECBIQfY4AAAQIECBBIJSD8pGq3YgkQIECAAAHhxxggQIAAAQIEUgm0NPz8+52vy8/r/0wFqlgCBAgQIEBgdAL/3OEf5fRDdh/dlwzx6ZaFn9c+/p/yX//9n5YduC8mQIAAAQIEelfgrsX/KkftO6UlBQo/LWH1pQQIECBAgMBoBLoy/ETBTnuNpu0+S4AAAQIEcgp07WmvnO1SNQECBAgQINDpAi077dXphTs+AgQIECBAIKeA8JOz76omQIAAAQJpBYSftK1XOAECBAgQyCkg/OTsu6oJECBAgEBaAeEnbesVToAAAQIEcgoIPzn7rmoCBAgQIJBWQPhJ23qFEyBAgACBnALCT86+q5oAAQIECKQVEH7Stl7hBAgQIEAgp4Dwk7PvqiZAgAABAmkFhJ+0rVc4AQIECBDIKSD85Oy7qgkQIECAQFoB4Sdt6xVOgAABAgRyCgg/OfuuagIECBAgkFZA+EnbeoUTIECAAIGcAsJPzr6rmgABAgQIpBUQftK2XuEECBAgQCCngPCTs++qJkCAAAECaQWEn7StVzgBAgQIEMgpIPzk7LuqCRAgQIBAWgHhJ23rFU6AAAECBHIKCD85+65qAgQIECCQVkD4Sdt6hRMgQIAAgZwCwk/OvquaAAECBAikFRB+0rZe4QQIECBAIKeA8JOz76omQIAAAQJpBYSftK1XOAECBAgQyCkg/OTsu6oJECBAgEBaAeEnbesVToAAAQIEcgoIPzn7rmoCBAgQIJBWQPhJ23qFEyBAgACBnALCT86+q5oAAQIECKQVEH7Stl7hBAgQIEAgp4Dwk7PvqiZAgAABAmkFhJ+0rVc4AQIECBDIKSD85Oy7qgkQIECAQFoB4Sdt6xVOgAABAgRyCgg/OfuuagIECBAgkFZA+EnbeoUTIECAAIGcAsJPzr6rmgABAgQIpBUQftK2XuEECBAgQCCngPCTs++qJkCAAAECaQX+F+enT5lNuoOTAAAAAElFTkSuQmCC','iVBORw0KGgoAAAANSUhEUgAAAj8AAACWCAYAAAAxIOk4AAAQ1UlEQVR4Xu3dW4gdVfYH4B0Co0LQMOCYSNToi3e8gAwiaCJCIKBRMqCJA9ogCj6I8Yr6EA3igyhGfRBFosKgeRg0kggieAn68n/5R1GMoqIGAyI68Up0CDisgmpOn77kdJ9bnbO+Aklrzqmq9a2C/rn3rqpFf/7555/FRoAAAQIECBBIIrBI+EnSaWUSIECAAAEClYDw40IgQIAAAQIEUgkIP6narVgCBAgQIEBA+HENECBAgAABAqkEhJ9U7VYsAQIECBAgIPy4BggQIECAAIFUAsJPqnYrlgABAgQIEBB+XAMECBAgQIBAKgHhJ1W7FUuAAAECBAgIP64BAgQIECBAIJWA8JOq3YolQIAAAQIEhB/XAAECBAgQIJBKQPhJ1W7FEiBAgAABAsKPa4AAAQIECBBIJSD8pGq3YgkQIECAAAHhxzVAgAABAgQIpBIQflK1W7EECBAgQICA8OMaIECAAAECBFIJCD+p2q1YAgQIECBAQPhxDRAgQIAAAQKpBISfVO1WLAECBAgQICD8uAYIECBAgACBVALCT6p2K5bA8AW++uqrctttt5VDhw5Vf65atWr4J+UMCBBIJSD8pGq3YgkMT2DHjh3l8ccfL++8886Ukzhw4EBZunTp8E7MkQkQSCcg/KRruYIJDE7gxx9/LPfcc0959tlnq5GembYvv/yyrFy5cnAn5UgECKQXEH7SXwIACPReIEJPjPJs3bq1xM+zbaecckr54osven8C9kiAAIE5BIQflwcBAj0TmCv0LF68uETY+eyzz6rjHXPMMeX999836tMzfTsiQKBTAeGnUymfI0BgVoEIPRMTE2XXrl3TprdOOumkctddd5W1a9eWk08+eXIfDz30UDUlZiNAgMCgBYSfQYs7HoExEog7tx544IHy/PPPT6vqkksuKffff//k3VxxV9fu3burzy1ZsqT88ssvYyShFAIERklA+BmlbjlXAg0RiDu2XnjhhRlDTwSbnTt3TrmFPcJRjAzV2549e8q5557bkGqcBgEC2QSEn2wdVy+BBQrE1FYEnljEHCM+7dtFF11U1q9fXzZt2jTlr+J7Md1VL3zevHlzNSJkI0CAwLAEhJ9hyTsugRERiEXJ1157bfn4449nPOP26a32D916663VnV+xxfqf2J/n+oxI850mgTEVEH7GtLHKItCtQExVRWiJsNK+xZ1aV155ZYlgM9f0VXz3vPPOm/z6K6+8Un3PRoAAgWEKCD/D1HdsAg0TONzzeU444YSyZcuWKsB0MnqzYsWKsn///qrKGCFqf7pzw8p3OgQIJBEQfpI0WpkE5hI4XOjZsGFDWbduXbn66qs7hoyQFOt76s2TnDum80ECBPosIPz0GdjuCTRZYK7QE+tzrr/++mpqq5NRntY6Y7/x/Z9//rn6z2vWrCmvv/56kymcGwECiQSEn0TNViqBVoGNGzeWeNnowYMHp8Ccc8451d1Y3azNidAUd4bFdtxxx5VPPvlk3gFKtwgQINAvAeGnX7L2S6ChArGQ+c477yzff//9lDOMkZoIPRFcutliXc/q1asnd/H2229PeeZPN/v2XQIECPRCQPjphaJ9EBgBgQg98TTm9mf0HHvsseXhhx/uOvTUBHH31wcffFD9a6wTitElGwECBJokIPw0qRvOhUAfBGYLPUceeWS56qqryosvvtizo8bIUQSs2Ly4tGesdkSAQI8FhJ8eg9odgSYIxILjV199tZrGah/piVASi5gXspB5rtrap7see+yx6hg2AgQINE1A+GlaR5wPgS4EIujUr6CoXydR765foSf2H8eKhxnWQcszfbpo4hC++vvvv5effvqpujsv/oxnM+3du7ecfvrpMz7kMvrcGqpjqjMeazDfuwKHUKpDEqgEhB8XAoExEIgnKcfTmGd6u3o/Q09Nd+mll5ZY2Byb6a7BX1DffPPNlPDSGmQ6+fmPP/7o+qSfe+65nq0b6/pk7IDAYQSEH5cIgREWiLATIz0zPTm5vnur06cxL5ThqaeeKjfffPPk173CYqGSpRpN+frrr6sdxGha66tF2kdbmva0bH1feN99c/ACws/gzR2RQFcC8Usxnrj87rvvlt9++23avmLKKdbadPOcnk5PMKZH4rlAP/zwQ/WVeP3Fvn37Ov362H8uwkuMvMQWP9dTkbP9PCyQI444ohx99NHVqF38E+cc53rqqaeWyy67bNpprVy5ssQ/9db+78Oqw3EJdCog/HQq5XMEhiwQ/+cfd1LNNLUVp3bdddcd9kWjvS4hAlYsrI4t23RXjLwsWrRoMtTUIzPtIza9Np9pf4sXL64eJnniiSdOCTGtgWaun4866qhBnKZjEGiMgPDTmFY4EQIzC8Qv2Qg9M01zLF++vNx44409v3Ork17Es4HuvvvuyY++9tprZe3atZ18dSQ+E6MzMQUVfw4q2MRUZeuIyqpVq2YdXYlFxhYYj8Sl5CQbKCD8NLApTolACMQITyxibl33UcvEL8krrriiPPHEE0PBiim3iy++ePLY9913X3nwwQeHci7dHDRGaeKBjHW4iYDZy5GbJUuWlDPPPLPEM5Vaw0rrNJEpo2466LsEFiYg/CzMzbcI9EWgftFoBJ/25/PEAWNqK14/0Toi0JcTmWOnhw4dKueff3758MMPq0/FnV5vvvnmoE9jXserQ85bb71V3njjjfLrr7+WuEOq/XEA89lprHWKkZc6vMTPEXBiG2Z/5lODzxLIKiD8ZO28uhslEEGnvlV9pufzxNqaeGBh65TIsAq4/PLLy65du6rDx4jGnj17ymmnnTas05ly3PpuqXqqKv5sXVw8n5Osp6AiyAg285HzWQLNFxB+mt8jZzjGAvVIz9atW6eNQsQv3xjl6fWTmLvhvOmmm8ozzzwzuYtt27aViYmJbnY57+/WAaeeqqrDzUJv/Y674+pwU09NGbmZd1t8gcBICQg/I9UuJzsuAocLPb14u3qvrSJsxAhP/UC8WPOze/funh6mDjbffvtt2b59ezWNVIeb9ufczPfAEXKOP/746msbN24sZ511ViNG0uZbh88TINC9gPDTvaE9EJiXwGwvGo1fzhF6mjjqEGFt9erVk4uv47b2WPMTz/WZzxajM/EMmXoRdz1as9CpqfZjx3lFYKrX4YSlBcXz6ZDPEsghIPzk6LMqGyCwY8eOsmnTpmkLmesnMccUV1O3M844o3rXU73FOp96cW/7OUeQ+fTTT6uRm7gVP77Xq3ATx2oPOHW4cet3U68e50WgeQLCT/N64ozGTCBCwNNPPz3tOT3xSzzW+jQ59EQr4pb6nTt3TnZlxYoV1ZRRhI14IWY9itPttFRrsIlprwg1Mc1WLzhuXXQ8ZpeIcggQGLCA8DNgcIfLIxBhIKaK2m9ZH8SLRnupHE8O/u6773qyy/r28Hpqr/7TqE1PeO2EAIEOBYSfDqF8jECnAvVi5li/075t3ry5UXdvdVLTLbfcUp588slOPlp9Jqbx4hb4ZcuWlTVr1pQLL7zQupuO9XyQAIFBCAg/g1B2jDQCsy1mjhGPWPPThOf0LLQZ9bqd9957r3z00UfVlFTrVJRpqYXK+h4BAoMWEH4GLe54YykQwSAWM7c/aybu4Ip1PbMtDh5LDEURIECg4QLCT8Mb5PSaLRBTXPHS0Qg4rduoLGZutq6zI0CAQH8EhJ/+uNprAoEIPBF82l9HMYrrehK0S4kECBCYFBB+XAwE5ikQU1sxxdX+tvWY4oo1P6O8rmeeFD5OgACBkRQQfkaybU56GAIxwhOhJwJO6xZ3N8UoULx81EaAAAECzRcQfprfI2fYAIGZprjq5/XMdEt7A07ZKRAgQIDALALCj0uDwBwCs01xrVu3rhrtMcXl8iFAgMDoCQg/o9czZzwAgZjiuuCCC8rnn38+bYorpr2a+PLRAbA4BAECBMZCQPgZizYqopcCMaJz7733loMHD07u1hRXL4XtiwABAsMVEH6G6+/oDRKId3BNTExMe1BhvJ9r27Ztprga1CunQoAAgW4EhJ9u9Hx3bARiKivu5Gp9Zs/y5cvLli1byg033DA2dSqEAAECBEoRflwFqQUi7MRoT7x3q95McaW+JBRPgEACAeEnQZOVOLNABJ+Y0mp9WKG7uFwtBAgQGH8B4Wf8e6zCGQT2799fzj777HLgwIHqb2O0J6a+PKjQ5UKAAIHxFxB+xr/HKpxBYP369eXll1+u/mbZsmVl7969ZenSpawIECBAIIGA8JOgyUqcLrBhw4ayffv26i+uueaa8tJLL2EiQIAAgSQCwk+SRitzqsCjjz5a7rjjjuo/PvLII+X2229HRIAAAQJJBISfJI1W5nSBCECxCT6uDgIECOQSEH5y9Vu1BAgQIEAgvYDwk/4SAECAAAECBHIJCD+5+q1aAgQIECCQXkD4SX8JACBAgAABArkEhJ9c/VYtAQIECBBILyD8pL8EABAgQIAAgVwCwk+ufquWAAECBAikFxB+0l8CAAgQIECAQC4B4SdXv1VLgAABAgTSCwg/6S8BAAQIECBAIJeA8JOr36olQIAAAQLpBYSf9JcAAAIECBAgkEtA+MnVb9USIECAAIH0AsJP+ksAAAECBAgQyCUg/OTqt2oJECBAgEB6AeEn/SUAgAABAgQI5BIQfnL1W7UECBAgQCC9gPCT/hIAQIAAAQIEcgkIP7n6rVoCBAgQIJBeQPhJfwkAIECAAAECuQSEn1z9Vi0BAgQIEEgvIPykvwQAECBAgACBXALCT65+q5YAAQIECKQXEH7SXwIACBAgQIBALgHhJ1e/VUuAAAECBNILCD/pLwEABAgQIEAgl0Bfw8+//29f+c+v/80lqloCBAgQIECgK4G/LvlL+cffT+xqH3N9uW/hZ/fe78rt//r/vp24HRMgQIAAAQLjK/DoP88vl5z+t74UKPz0hdVOCRAgQIAAgW4ERjL8RMGmvbppu+8SIECAAIGcAiM77ZWzXaomQIAAAQIEmi7Qt2mvphfu/AgQIECAAIGcAsJPzr6rmgABAgQIpBUQftK2XuEECBAgQCCngPCTs++qJkCAAAECaQWEn7StVzgBAgQIEMgpIPzk7LuqCRAgQIBAWgHhJ23rFU6AAAECBHIKCD85+65qAgQIECCQVkD4Sdt6hRMgQIAAgZwCwk/OvquaAAECBAikFRB+0rZe4QQIECBAIKeA8JOz76omQIAAAQJpBYSftK1XOAECBAgQyCkg/OTsu6oJECBAgEBaAeEnbesVToAAAQIEcgoIPzn7rmoCBAgQIJBWQPhJ23qFEyBAgACBnALCT86+q5oAAQIECKQVEH7Stl7hBAgQIEAgp4Dwk7PvqiZAgAABAmkFhJ+0rVc4AQIECBDIKSD85Oy7qgkQIECAQFoB4Sdt6xVOgAABAgRyCgg/OfuuagIECBAgkFZA+EnbeoUTIECAAIGcAsJPzr6rmgABAgQIpBUQftK2XuEECBAgQCCngPCTs++qJkCAAAECaQWEn7StVzgBAgQIEMgpIPzk7LuqCRAgQIBAWgHhJ23rFU6AAAECBHIKCD85+65qAgQIECCQVkD4Sdt6hRMgQIAAgZwCwk/OvquaAAECBAikFRB+0rZe4QQIECBAIKeA8JOz76omQIAAAQJpBYSftK1XOAECBAgQyCkg/OTsu6oJECBAgEBaAeEnbesVToAAAQIEcgoIPzn7rmoCBAgQIJBWQPhJ23qFEyBAgACBnALCT86+q5oAAQIECKQV+B+rDpGZTlZJhgAAAABJRU5ErkJggg==','/9j/4AAQSkZJRgABAQAAAQABAAD/2wCEAAMCAgMCAgMDAwMEAwMEBQgFBQQEBQoHBwYIDAoMDAsKCwsNDhIQDQ4RDgsLEBYQERMUFRUVDA8XGBYUGBIUFRQBAwQEBQQFCQUFCRQNCw0UFBQUFBQUFBQUFBQUFBQUFBQUFBQUFBQUFBQUFBQUFBQUFBQUFBQUFBQUFBQUFBQUFP/AABEIAV4BLAMBEQACEQEDEQH/xAGiAAABBQEBAQEBAQAAAAAAAAAAAQIDBAUGBwgJCgsQAAIBAwMCBAMFBQQEAAABfQECAwAEEQUSITFBBhNRYQcicRQygZGhCCNCscEVUtHwJDNicoIJChYXGBkaJSYnKCkqNDU2Nzg5OkNERUZHSElKU1RVVldYWVpjZGVmZ2hpanN0dXZ3eHl6g4SFhoeIiYqSk5SVlpeYmZqio6Slpqeoqaqys7S1tre4ubrCw8TFxsfIycrS09TV1tfY2drh4uPk5ebn6Onq8fLz9PX29/j5+gEAAwEBAQEBAQEBAQAAAAAAAAECAwQFBgcICQoLEQACAQIEBAMEBwUEBAABAncAAQIDEQQFITEGEkFRB2FxEyIygQgUQpGhscEJIzNS8BVictEKFiQ04SXxFxgZGiYnKCkqNTY3ODk6Q0RFRkdISUpTVFVWV1hZWmNkZWZnaGlqc3R1dnd4eXqCg4SFhoeIiYqSk5SVlpeYmZqio6Slpqeoqaqys7S1tre4ubrCw8TFxsfIycrS09TV1tfY2dri4+Tl5ufo6ery8/T19vf4+fr/2gAMAwEAAhEDEQA/AP0pLZHPWvkm0me0hh+UVpBpkvQZvwDn8q13YyJmyPY0/IREXHrxWfJbcEyEg792c1EkrDAsKKbsyGQt8zADrXVJ6AhruVXHtWMHqNlczFevI9K6LKxK1B3yuawLexE5yp9a2pq+5k1Yg27jxWjtFhfQYTtY5Fa300M73Gswx1zWCdjRaELNzio5tSZMayjmuhLS5PMQBeTninoQ9QZlC4o8iFuR8ZBHNU9hTEdgO9TTuQhhG5M10cpV7EEgyDzVt2RPUjBC1nfmRYu7NZOOugWInbcKJKyHoMJCjjrUQ3FYQPuNdGljF7jmOOQKyWg+W5FKQ2eeaqC7lNWI/mz/AErfl6kbCqOau+hN7CMuBmseYTd0J5wHBraNnqSkOwWHtWjsirhjYea56muw7kbDDZHSri7IVrn57f8ABWk5/wCFVf8AcV/9s63i7jtY/W8v8vrXzOj3Pa2I5JcDrWSlyuwbkZbK5q4Tu7DZCZMA81tezM9SLfuyDWkmJIi83adorOSujRCb8HOaiEbsliCQF81pVWliUMlk+Y96VKIPUiJBPWupqxMVYaXqNtC27FeSYbsUJcuxDIjLtfjvTk3JGTGyPuyaiM7aMpIhMnUA05K+oNjQ+TStYTY0ygNitlsQ9RjEMRzirjfdmexC+M9aG+Z2HtqQl9hwDmtraAD/ADdDz70J2DlFxxyaTqdiOpXm9jS5u5TISCa0TJeg5T+VSotO5NxjMBkCt2k0JNkBJ3VzyiUPU1LdkFu4jE1as0JuwwnmrutibkbMRWi2IHI/40LfUjlIzcAsR3FN2RW2ghAbnvUl2JVbjrilfuIYSW71aaZEhH4TBPNJolOx+ev/AAVmPy/Cr/uK/wDtnWlNblrU/Wp35r5y1z22iJzxzS5UxbEQl+bFVGnyahe41xjmq5la4DZBhcmohLmItYrlx1roS6DuNMgxWyikRdkZf0pWT3KEdvlz3p6IRXdizDNUncT0EZ8DGawmncRG5z1HNRdlsibJ5zXXT1OeW5CXZjjtScUmCbsMD8nijdkjDLg4pyjoJ3GlgWFY6rYoZI2ehrWnK+jJaI93rWkrLYhsilYYwK2iRe7EEgC9aymnfQ0Qjz8cU1G2o2Vmck1o0raAKG3dfzrJJrUlK+4jNtbArWN5EuyI2BY8daqTtoZNhlU68msObUafcAwY03qW2ML9cmtowMpMjZu9XKKYkR+Zk00rblXFb5K0JuOKhlJFYy3sU11Gg7R707EOQqjblvWs5JslS7hjdyDWsI2RdyJwzvgdBVWsQ0fnz/wVkGD8LP8AuK/+2daRHE/WaVgVBHavko1Oh7j3Inm+XFbxepTRAsmDzWs37pKFEp6Hg1yrUmSI3kz3611U42FzFcsE79a05W2F0N3k5q7uK1KtcjaYrk1HxaoNhpudwGKfs2tTJvUYWB5qknuK9xhfmi4xkpyuRWKkuYmTsQ7iRzxXZGSZm3cTcBwKxqS1DoNYrg460RutCbXKbEhzXQldalXGHLGlJJILjJSQcfrVU4pohscpzHUOLUiLdSIkf/Wp85OhGRnJzVp8xonYZkVYm9BjZB4pvQV2RCUk1Amx6yZJ4roi7IzeojSfNxxWctWNLQjZsn3NDirE2EQ7QT1p2QiGR+c54rZbCuEbE4zUtmYcK2aTd9EWlYe3zrRe2gDQ23ArOK1uynsCgl+elb3MkyaQqFxWLlqW0Vy3YVUZXdgBXwa1Gfn1/wAFZunwrP8A2Ff/AGzq4gj9W5JQR1r5qNJR1PZRG7DbgZpQi+YTbIN2w4613SgpaAnYRpiBUqnGBF7kRckZzSSVx2sRkk1XM4ha43zNpA61Taa1JasNc4GcdalW6Dv3IRxyBVqVtCWrgG7k1EpdhWsyOTBOaH7ysVYGbHWslBRMpEO4Z561vDTYQbgAawqK8gb7ETMKoEROcc1cZt6MnZkbNmujlTRMiJgTznpTTUNjNMaZTgilK71NNyNuMUku5DIz0znit0jN6EYGDxSkrlweg4sMc9awd72KkyBhuOc4NdSXKjEUAgetZykCuIR8xycVMZCuIeRnNaXbKTuMkBZcdK0TSQrEZQEDNZa7mbvcdwMVFm2adBdoI966IoW4Kcd6lvUyswYgDPestbnT0GeYSSc4rpS0Mbain5l6/jSsgbEIO3FLkV7ivYaEK0S0He6Pz7/4KyHP/CrP+4r/AO2daU9gR+qpIxya8mKuey3YiL+9ZyTjqgVmMdsk81rGQ5REDcc4rKopt6GdrEZOAcVajyq5egwZPepbugGudtYxm3oJq43cT1rWFkFhjuF4zkVTjJ7BoiItu5HSlZpWYaPUa7jNaQstzJsaWyOtZXvIgifGM5rXZg7WIy+TgVvKmmZ3uRFiSawcexQ0PzijlE1cY7ZOK6YbakvQZIxC4qvZozsV1ySeea05dCk7DmbBwazlGxnJ6kRIycURlYL3ICx39eKrdaAtB4GR71nHfUGMY4PrWru1oTYQSmsVBp6lWuhpfca6YwRAmeRSkkhpjzhl96ysyrojI21t9khisMkZrJ6DjsJIvPtWkZBYY5K9ORQrNiG78t/hQ11KbEJyR2rVaol+ROqDb1zWM1ZmdmhD8nFUpCYn38fzzTbuUkfnz/wVlAB+FmDn/kK/+2daUyz9Tyw7mvEjPQ9i1yKVgOhoc+bQVrEZfPFEVZ6lSdxjEnvitpTUTGzYuSO9Ye05kPYYWxXNzagmMZs96EymxDJxWkXqG5A7ZNehFpIxkM37SBXNWdtUO9tAdgRj1oh7xLRGTtFJxdyCNmDA4q37r1EyJTg+9bTn7ugJDwa4+dg9COTAbIFb05dwbK8j/NxXYrNaENjCdwqZNoW5G3y//Wrfm925L3IXY9+tT8QmiM5z1pOIooQnvTWxbQ/J2cdfWsdbmbITlT9a6VJWFewYyvFZ892O9hoGDVc1hCpyTUybkOwBTuxnj0poykITg4PJob0BDTJisWmaLQiklZ2x2rSERJjtxUc1pygxscp3nIz6U2nYljm+Y+lUtENCiUrxWTvJ2B67DXck96tU7ENXFUGhqyHc/Pz/AIKxdfhb/wBxX/2zrWmho/UcsT3r55XSsz2ribiaL21FcaTjmum6cbhuNJHXNZP3hEbPjBzxVOn7uhLaGedmuJ02PlIt+Sa6403yk3H7gBnrUOFiHJrYjY59hXRGV1qO5Gx3GnLlZN7jGzmoU1AAbBXBNbRmmzKTsRrkZFKqlLUcWR5IJ61Sj7pd0IzkD61MYKS0Mm9SIy5pxp62Bsa3K5q1LkdhpXIWcqfaqbUhNWI2k681r9mxC1YwjcuT19qnm5dgbGMy80+a+xCY0jiqT7lNjkJxUysTYilf25qUrbglcfEMrzS9CZEM52dK1WoghLAZNVdBccSW6ZpoTIySGotcm2gwnmlygn3DPOad0mVdDC5J56Vt6DGpICcU9CdBxJPI4NLyAAwI6ciptYnVC7sjNVcYolypHeotqK2p+fv/AAVf6fCz/uK/+2dbItH6hFyO/FeHOHU9ZMcZVxXO2rWQmIWDHrimpcq1GmRS8cVrTkpgyIt3ycVvN2joQkN3g1ypOTNL6CDviuu/KjG+o37v1rK3MxtobvPTGambURqwnmAEg8VKi5kPR3GMTtzWE462Y7pkXmFhXTTXQiSG+dg9K3cSEhjTEN7Vq4PlsguNkk3ilBcglFlbPNWnZ3YSQ7c2KynZ6jTSRC7buM81lC9yJMQqCvWuxakJ2GMdvasWtQbEZM/Wmvdeom1YVfSlKT5gSuQ5Ic+latc2o9hzlduaybvoCRCshBIrSMbEyFIyDmtUiNxik5puJGw5nxwKasgGM5FVcvVkLyc8UhNCq7egqWibAxD8DinGVtBakW1UfrVDWm5IM4z6VY1qBcY4qhoFyRnrUuwaIRVOTihKwLU+Af8Agq8CP+FW5/6iv/tnVRdy7WP07LfjXhSloeqkCyDoaIJJXIY15sNxWkqamib2Aybq5VFxZd9CORuwroSbV2RfUQjGDUxdmUG7HSqnLoZtDHbPzdTWcZa2RGxH5nHvSqRbNE9BiNliTW0GoxIY2VgneqSUwTEEq4waIwd9CbkUh44PWtkmNyGDK9ea3b7GcRPMGK5+ppdIjZ8Gm46XJbQ0PxzxUp2MbkEnDZFbqzRWgCX5eaWpDY1iS3WudpxdxbgzFF61XNzMLWEVqqbKWiGOPmxVxkTzERY56cVdky9kOX5u1PbQi1xGBBpx0YNWD7orVq5miKRuc1HKUNV8g0CUrMQg46076WKFU7etK5lIZ0J96N1cIsYqgvuJ6Ve+w5D1bcxA6VMdDNOxIAuOa3TNOYYflPoKlodr6jlOaXN0DY+AP+Cr5yPhZ/3Ff/bOnDqO9z9OWfaeK+YinJ6nq3sRuwC5HWu+na1iLkIcljurRuwPVEiuFp2QkNkcE8VT+EzbdxC+V9q4Wmnc1Q3dgY7VlfmkKTIpX7LXZBWEtSPd6miTsxOI7zQPxokuYiS0I5GDcitoJIhDF9yavVal9LjCw/Gp5yCNZCW20+bQXoDqVHpUc12K9yLNdF9BaiMxHFc+lxNEbDPStoaEkL5Wt42Ymrixy44Nc9WNxpBKQ3Ss6aswb1I0cpx1rapT6hcC/GOtVBJohoReBk0m7PQu9kPDBelLcnmY1peatRuNtsY0ox0q9kTsiMMGPTikmxKXcQL83HSn5g+48phfepu7k3InPIwelWlzMncbuyeKqw0KzY7YqkrGm47IVc96hkcupGJNxzVRZfKSMMjNXuJgnSlYR8Bf8FXunws/7iv/ALZ0Q3Y0fpkZAVrxeXXQ9UaJAy8UWcWSyEk5rpVrCuBYnrWDmr2RaY84AzVqomrGdtSPf8/tSbTRYF93QZrj5bSuJtELMc1120EmhDVcqaFzCsoOMVgpcrsRKVxPMVRjvWkZXZKRBI3oa7E9NQaEDYHPWuaS1IsNDcnAq46bmbuhXfcOay1TGpJkBbaeK050lZjbGls1Fr6hcTcFB9abb2M7jT8610QlZaibsiIw7/arcroExwXaPWsYq7G2RHIYZreo7KwkGOcnvShoF7ilxgAVnZtiYpTjNZ3akHMrFebcDmu2KuhXBCSK0bSBsHGOlZXsJCAkL70Rd2OQ9WyvNW1YzISQWxUpsFoKQUqZK70KsmI5GB3rZbDemwoG4Y7Ur9wi9RpTB44p3RV7i+ZwFI4p30C5Iq5SoT7iep+f/wDwVeII+Fv/AHFP/bOtIq12ET9K94FeWpI9Na6jz92okyWyIsRWfPcpNB56ke9c7XK9RagXyvHWu6ME1ch7kaA8mm0rEuVh27A4rnUdQbG7gOTW8l7uhS2IZvUVFO+xNhBJxzSlT94ndjSN3Ofxodo7FjGGO+a3g7ohuwwtxml1FcRjx15rTk6mLd2NLk8VFylG2omAK5prUshdjmtaaMZbjQa6tBCs+wc9KlxvsJkYkyfarULoLWJAcDJ6VKdhMQkEVnJtsLkTsRxjIroUWFxo4/xquWwm9BQ2eKhx6kJD8bhS57DZFIpxxVKd9xNjdpAOa20Zothqt2rJ6Ml6uwOeM1cXcixHk8EUPXQrQUy5HPNQ7juiPed3tWqegkSBinPapersJbik7xxVctirCNwvTmq0GPiY7TzWb0J2Pz+/4Kt/e+F//cU/9tK2i7miZ+lAbBPNeSono3sPViR1rGcU9BbjWP41g4uLBxsQsnfIFdqhdagtBV69c05e6iLXZKPl57VyqoxOyCRvk4NdUPeFuViTVuyLQYLAntWHOlIGQkEMeuK1lLmWhnsx4Y4rmT97UbdiB2w2K9GCutDG6FRd/OaxnoaLUjJ2n1rRaqxm1YYSzc1jzqLsPcaqnPU/jUy97VEXaYyTO7AJrenZRuIYRtIzUpuT0BiuDJiuiCFe4gjNNyUSGxZPlGCa507O5MdRmS3TpXQmmrltAWwQCauLEkDkDBFO9ymRqdxOD+FZOF2TsLuZavkQ2AbcOppOKIYODjIOfWsVuOLsNAC81rayuD3uBIdeT0pCIwwPFNITFZAe+KpgkxGRSMjilG6QbDg25CKIrW5KTuMU4+tbGwuMnJqLEMkCbVzmod2Q9T8/v+CrX/NLv+4p/wC2lbQ2NYH6TEceleTzq9j1NxFJA61k/i1CwocGqk0RJkbsNuBWsXdAhqnCmue7lKwbCeZuGM5rR00tzF6sV2+Wrg0jS2gyPI96iq77E6jZp9vyrWajdaktke8nGTSjcq91ccTxxnFbwimQ9SJxnn+VdMZqJm0hVBU4zWE3zstPQYwIOQPzrSKaDcYZMcCplR5tUZt2YjEnkcVCXLoxtkTkgiuiEdCRXAZadNWYrphu2x8DJrVLUGraoN5Iz0rGSuzPdiSfOooilcq3KMU4GKuUdNCL3EkQjk4pQvazNLoiDB+ByaqCd7stpDkQ5z0NaS01I0Bhtbmpi2xNjXUhcg4rVsWjEVmA9RXPy6kW7BI25OK3sVYjg5ODQ422FLQcybW4pRYkxW4UGraHfUhYMxz2qW0kDZNGuec8VKdib2DAzmquMbuy3oKe4yVm+UUWEfn9/wAFWunwt/7in/tnVxLirH6RF8ZrxoU9bs9JsRZdxNFWL3Q4vuPGOa5JXHIjAx71ftHFGdxzrmM1NOV5oTK0Y2E13TV1clD3cLWcb9TS45ZflxWFS99CGyBsbsmuiCutTLca3BArKXuspbDySqVtB32IuMU5HFS73E9RjvtzW6joRcckoIPPNJ8zC5GEGTXQp2QDPMKHFc7XM7l6NCPh+lbx91GWxEwIOBVxVxLcfnC5PPtQr3G30Izuc/L0rKTsyVpqObAH9KEmZttiZBwa3SBaDJMsR6US02KZEI8NlaUH3BSZJ81W7PQV7jcHJzVRjYoRsNgZpNJEilCe/FK6KiRjIJBqgegqqUJOPxqJMzbuh0rAAGiCfUcfMRCCME1UmxvQV8LSS5kTa4wPgGnaw7CjFKe2hfQVVBPHHelB3RPUbLnI9K1LR8Bf8FWenwt/7in/ALaVSGj9H2Yg158rLY7lcYqnJNc1SpoNKw9XOORUQSk9Rt3DzQtOpTvsZ8yGmTcD71nCnZ3BMjU/Ng9K0nNoLjZztPrW1P3oibGhjjPSsaisTcTG5utVTlbRiEdsNWsoqQKXQWR/k461MFZmbeoxG+XnrVuUbjeiGkFia1UkiNyFQQ9a6WDYm3BV61yu7EyN+RTgncI3GqSOK6JbBIZJnNTGViFe4Bsrtyc1PO2y2gRtmeeaUlqRfSwx3ya2jEhojdmQcDIrUpCqx2/NUtAxU4PtTsh2JCwA461C3ItqRHdmtW7FjTGTWTkmFx8bYO3rWDuhJ2GsRuwK3g9NQ3HnOMYzSv3M1uQtknBrZM1uheFFLRhe4hYnrRtsGgYLjApXJuLjAxVborcUEKKVktiWhThgOxoEmfAH/BVr/ml3/cU/9tKqBpE/R0uGHWvEvN6noqwbsLkVoqfMtQuIZAetONNxZDGMQRmiXNexDGbuRg/hTWiBMCSDS0mrBew1j+Naw9xWEw6Lx3rNu7M+YaDg8c0WiCYrkEe9Un0FYZj3zVJWYJoTeMYxSlTV9xydxVY9xx61fIrGUdCDd8/qK3jG6L3H5Basm+gNaCSvgYxxVU0r6maZAZge1buIN6gG8zPY1zT0ZLkNYYOauGupSk2AxjJGac02Ia53HIGK0iJgQcelWMaN2SOtJsVx5BwB0xWTZV9BVjz9aSlYgdtKmtVJNDuNmkCD61moXYbkIyDnsatwDlFbk8HmnZJDvbQDM0fGM0cqJtcGbcN1TzWJbsNHvQn1FruPSEZOTihyDmAHyziq3KFXkE0X1FewbeaG2mU3oJtzn0q+gkfAP/BVrbj4W46/8TTP/kpVRVi4n6KRg+vFefZHdqSFsCrVkS0MBy2e3pWcu5TloMdiWx2puWhK1HE9MVj8SKtYXdz7VivdloQ9hH56GqcjPUjY4XrSi7shiI/em1d2FewrP0pqDRaYuBjOa0UmSyFnAbIqrOQ0wkk+XNbQTjoybkUbBm54reTstBjmYK2RWAXvuMkkLcVUVbUjZkSrzWrelxyJuEXNc1+dk2EGHU5rTVPQHsREBcjrWt9CUGcH2qrXRe+5IzAgVkrolkZbYw7itN0Jajw+/k9qxWjsD00BXBzimwuMeUk4zVJaC3Gld3Wr+FFpWDIA9RVJ6DvcarjdUSIYsh3U47FLYRWCCpcbmbVxAwY9K0UbI0SHrJjiocOpm0Iyk8n8Kal0Gn0GkkjHQ+1VoXZMkV+AD+dK6JeghBPsKL3ErM/P/wD4Kr/80v8A+4p/7aVrE2R+iofcSM15bbjG7OtO44natZwqOQXGCXnkVpJvYiQoO45BotYzTYwsQ1EpJR0HqNdjnFcsIts0ixGYqK3VPm0HJib9w5o9lymaGsSnelGNmRJj1PmCtHPldiYjWlC8dapq6uatEbEAilTYnG4PyODW2siLJDBEc56VfNbQm9xx5/ConIm7G7sH+tOOqCzeoABRkmpersVbQDhvpU25GZXsHTA7V0Rd0aJ3IpOvBq7FbCBC1RzWBgAQvPWnzGLYoIJ5/CknYdhJGPA6CoSu7hYWIZ4qpLqSwlhzgiiMhJj1YYwaGmzRvQhI+YjtVxVkQgZcdKUnYb1HKygc9qyT1DYiZt3SulhcQHA5qS0HmDIxVsl7kgbIxWLQrB16VSWhS01DkU7EvUcZQfl6VT2ItY+AP+CrIwfhf/3FP/bSqibR2P0SOVNeMql42O9RsOf5gBms6btqQ7J6DOM4z+NW5MT1JE2jpV3uibWIZG+bipUbpjuIWFXTtHcGxrfOK2U0ndGTeomOM+lU5cxV0GQ6+9Zt8rIlqhFOOM8VlJ3dwirEbId2c1u5KxV7CEBuppwSRLbFUAHrW8nYzkyV346c1zvViTGLgnPSicew0rkcgBPHFWrxRRHIzMAvatItJXJuPAwnHWoT5mJpMbCxeTDdK1l7iuO1kSGLLVk6l0Q+4xiUarhqSncVnytO19wSIejcU7W0RomK7huB1qdblWHISKpe9uS0hS5zQo6mfKJuI71o3bQpsR5cMKlxvsNAcMhPc1PKLqMjwR1xT9mDF25OBzV3sR5say7RxVKzKv1GpAD83pzSYDyQFOKzbsxX1I1+U1S1L3HyS+lUkOwQDkk0MVz4F/4KtYz8L8f9RT/20q4lRP0RHKeteElZno3GsTjHam7LYxkuww8HOeKrRoqN+oFsDINZqSWgt2NUhskmutX5WyWG7rzXO7k3ImY81tBpFNJoVWLLzVyavoZ2sCnPQ1DB2sAfDc0ezuK44ENkmrcUhOXQhlzuwKpabgOQ7cE9aKkubYloC/NCjZaisM381utrlXEOc9ap2aJaAqcA5/Cs32M3cZuweDVxilqUhyLt+apn7ysi2iQOVU1yqNnqZO2whO5ck810ryEkRsQ3StW0h3sKE4PrUoL2GLEevam5p6XLTuiQuOlKNydxr4Iqr2Yr2EjXd3okr6g7CPGcmiL6D5kN+9gZ+tWgStqxPK2ng0uYG7iDIPFJq4mh3XGazScQ6aDgSGwOlaqSaC4kiAc5rNxdzPl1uM4I4raKNUDDAAqi7iocZ9KiSIZ8Cf8ABVZt3/Cr+3/IU/8AbSqiVE/Q/dsUV4buztGsMAknihIbdhFYMdtU4uOpDdxZAEXFZwSlLUm9iGM7q7HL3bIFqhH68Hio5Wo3FZMcy4TPesVq7Cd0xgOBituRkN3FUVUtCNUxrj5utPnsrItD/NA44qo9yGtSOVwmCKhyvoDUiHzc5NaRS6g3YRHLHnrVyBMk3AdaTlpZFDvMG2lC/UiTGGTitFruRuMPJyBzVt6WHsSqSyYpRsmVzXGs+BiocdbmXL1F8wY5xWiKFTAOaiTuxMeMVKuiHdiM+BgdKlwtqVFMiCgt1rWEirjZJBjA/OtrX1C1xA5A46U3sJocrs3UVj1FawidT61s2XfQVnxWJNiNX2iqb6IGxN+7PNXbQoVHJNCiFhec1TEyVFVVyOtZpu4kxmRk5rTmsaX0FC56Ubi3R8Bf8FVwQfhfxj/kKf8AtpTjoET9DegHTFeEm2d4jkMMZFVG5D8yPhGyDzW/NfRk6Me7ZTJ5NYxV5aA0VlcZ4rrcUtRJigktROXujJGkVetc6j1FLUjZsHPat46oy6gH681zzeupbQjnaa2ppS3M2Rs+7p19q6uVWGtNQc5GDXGo6lcwnCpgVetxSSGI+3Oa3kmZrQcx3DHSs9hjWJUVUdWZ9Ru/1rWSKHow21mgZNC+EORTtqQiF+W4qpbF3DbuIxURlYm5K52gVaVyE7gjbhk0WsWlqB5PrWd3I0aSI25JxWlrIiwzyiWrSLuA8KF71MmyWxGz2qUtRCZ2r9a2tcq1xoyyZ71LWouo0RljzUkvRiH5Gx1rRGi1LKRBVyD70cxLYxeeKi4pXsOYFAMU0hxQBN4z3qZXQpaCbGVq0hqios+Bf+CrP/NLv+4p/wC2laJGiP0HeUAYArwrWeh1WdyNWPPpXXFLcmWuxEXO+nNRaCKY8yhgRmudrkdy5a6EeAD71u58yMEmgaTaK1UVKIrsaG3DJrLl5SrCOSwxnpTg1ewJDEco3PSrnTjIl3GyTljxRCmokgjZGa3auhvYGm3Vgo8ruxIbuNW7BdjiwZfep9omSPG0qDnpWWzENclhx0q4tJitZiCPeMVUpq4Ao2PgmrSvqDRIfSqemokgKcc96G00MeuEFZqNyOoB955/CjYLCZxkVsvMtbiis7K42NIwc5p7k3Atk8U0rCvcbsbO6r0ZW47OevakPlAgOvFF7C2AYUc9qT12JaE4B60tkS00OaJcZ600ylK4h4GBVWuNDFLE+1PRFNkhYEY70xIjVirGpeoOxJvwKaBJHwF/wVW+78Luc/8AIU/9s6qN7u5aP0FJXjJzXk8rep1cwrlccVCm7hHcriUMccfjWrTlqXdIhYndzxW1k1qZtjmfC5rLlCxH5m7vXTF8sTJrUUEisHNPQpA8vHvXPzWZaVxm8YOcVr7RsUtEMWVTzWiqX0MdXsDzqBgHmtoz7hZjfOQDJasJVLvQBjXce374yfehu5NxY7yMkgsAR1BNcsm09BWYgvonLBWDYOODmupXtdlOFlcninXb1FNR5jPccsm7npV8ltxrQcFDHmlzcuxMmSKu05qua6Ence/KZqE2xoBhjWzdloXoLkYOBUxXVkIYvXmtJStsPccV9KmHvCIpMg1ryoaQRsOh602rLQT0LJAK+1ZJkpkTjJ4xVJmnOCcVlK7YrhjPUVr00BjGHJqnsJ6huKn5ulCVhJDgRj1oYN2GmQg4Heq5XuRe7DtRbQ1SGuhPI7VLvYLCk8DNKNwPgX/gqr/zS/8A7in/ALaVsjRH3+XGATya867eiN9hWkHl+9Y+ztqMiJUDjrRz8pN22Rsc11RtJaB1GSSAripUXfUq5HuwMjpSqPlVhXuyOW82DJNYQWlxS8jntc8aWWiANcTogIz16VpGnzDvZHB6r+0NolizIkjuRxnAxn60Ok7aEKSZxOu/tVRQxkafbsWA6yDgmnCg7XG2lscTqP7VfiafC20tvbpnkCNT+pFbcmmpPOZtz+1H4xkRx9uhA6KRbpnH5VKooOdMw5v2jPFsqFW1ZgQc/LEg/DpXQqaMuplzfHzxPMWL6tN/47/hWTpRfQlt9DV0P9oHXbOZHbVJmPoduPyxWjgrWDmfU9i8G/tKvevHHfSq/wDwED+lYJOBcbHu3hfxpZ+IbdXglVs+9TKqrDaOmWfd0PFRBpmckSeafrW6hpcUYsckpbAp3RVg84E4NPoKw7zD2qbMrlsOOQOaHsCsJ5nFTFtGbeom4MORk1Tm3sUMVQrZrVNtBuT7t68HFQt9SURqxDEUMiVrhuKmixSEkl7DpVq5RESW6VoDdhyYYEGi3YocRsGB0qkurJlsCjr60OQopIMhjilexpexK6kAYxU8yZN7kRBwatbAfAn/AAVUGB8L/wDuKf8AtpSjfW5UWffjMAMZrgSaVzsk0yMHJ9KFO+hm7jugyawnBlR0GtyD6VdJ8qsD1K7SKoYNQ5u+g9LHJ+JfG9loMMjTTKij3qmudktLc8E8e/tJzwrJBpp2pkgv3NdUKdlqYuR4XrnxI1PW5y01w8m7qGNaWUQvdHPtPe6jMECyEHvjipckiUncvweHNQnByjY6c0lUSRryNkjeBb0kPg4rB1UzT2LY2bwbdLHx96sZV+V6C9g0jLn8FXijOee9dtOopIh02jIu/DV2j4AOPpWtzPlKcmn3NpklWqbp7ENWH2urT2jg5ZaTWhR6r8NvjBf+Hr6FvPPlg/dJrnnRurlJn1/8Pvi9pviq1jCzKtxj5lJ71yp8jsNq56TBcLJHuBzXUm2rEp2HLLu6HmoSsRKWoo461snZDTLEXTNaoGx7TLgis3BvUz1GJn72KFoUo9SVSrdeKya10JlcY2Aa2UrCTFwNvHWi4dRu7aeadrsXLcTaXORWtrI0SsABXOaEkOw7AOMVRIFQjbuoouhRbEYk8+tS3oVIVcd6zTuyESKFwTirY2GVzk1XLoCGyEHpQhpM+A/+Cq/3fhb/ANxT/wBtKpGiPvcsD7GuSOmh0MaSFPtWbilqZuQTyhelc6bkyOZsgluQsec1KWti0cP4/wDG9p4a0O6upJQGReFzyTnFbxg7kXsfGfjj4iap4uv5iC7QEkCMGur3YjvJ7GRo/gfUtdG6YGJSeN1c9TEKOiNoUJSO1074R2MIWS5HmOvIIOOa5vrFzdYazOgtfD1hp4ISFDj1FZe0bOpUopCyxQxcKgA61pe6K5VEpyOpXaBgfSslDUptGdOQSTjpTlTvqZ3RmXUmTjbmummmjGRRlhjY5K8mtasmloYpJGdd6dFcZXYKmlK6uQ0jIuvCcMyEhcGuuMzNo5688N3NoSYc/hVcyZi02bHg/wAX3/hm7SQyPEUPAFYOmpO4K8WfY3wi+N1h4kt4LO9uEguGGAXOM4Gaid4FPU9ktdQt7qMNC4ceoNRF3epzyi0y1G5duelbONy7k7SBAKpXKbuNyDzmtNepJJG3yGs5KzBuwZK/WhdxXGvJgYpWuzProJGx2mtUWhwUkVTZVyWIeWuTxUKV2Te7GM5ce1U3YvYXICgVpuhaDlw3XmudtolaDiABz1qndocmRnBPrVJWEh6gLTkxNispbnirUtBIa52jFCZsj4E/4KrdPhd/3FP/AGzqikfeDTbMV5ju3odOliNpiSa16GPKNe4QqcnmudtxZUY2RzHinX00ewlnkcIignJrSnHmdwbPkv4g+LL7x7rTW0TuLUnGB7V1TkoRbJhDnlYseGfBEFqqmRdzeprwqlaVz2KWHUUdzFaRWkIVVVR7VyuTkdiSiVbq4CqQDVQTuTJJmW7b2JzzXVbQyIJoWk6VpHQiSuV3smwSe1aGZmXZEZOavczZmyBDkg803LlRNim0WSauEuciSRXMJVs9Kprl2ElcjZzmpVyXFXARq/DLxRqLlsZepaHDdg4UA+tbUnbcwlHUxYLq88MXiSI7qingqelbyXOjOzR9F/B346oXhtb1923GGP8AF9a4LOLsPSSsfSuj6/b6xAJoXBzzgdBW8ZGL00NRpPNA/pV81iUTQc8E1tzaFXJGbaOKh3YPYerjHNQtXYi1yJ3Dnoa3SSLSsOUce1N+QNErSBUwKhR7majcZv8Ak9aOS2qLtYcuMc1Ldybj9qleDxWmw27CgKgzS3BO5GWy3tVpF2F69qHYlgzds80kCHKD+FPlE3YftyDxU7DT6nwD/wAFWenwu/7in/tnWkTRH3XI6EZzXl0+a50vXYrPOEBzRVUkOJzHiPxEmlwvIWxitEm1qEnY8E8feObzxbus4d0dsPlLHgmkpqAlTc9UYGh6PFabSQA3qa5qlZyTPQp0eXU6aOe3tk3Fx+FeZrN7HUnbco3+uwsMK2K6adNomU0Y9zqwJ65Fb8liPaaECaiD8xOAKbXYhSux6+IYUf5+lS4OxamjP1Xxvb2uVTJz3xW0ItbmU5rocNq3jhFkYjOD2FbuDexye011MRvHYRu9UqV1qJ1exPB44WXlg31rKNNp6Bz3LUXi2CV8Emt3BoXOti4ms28x+Unmpdx3Q4Xu4/LzWd9bApD1lyevWtErmbkVdShjurdlkAIraDa3Mn7zOTju5dHvg8TlAD1WqkubUiziz6G+DXx1i0OIWupGR4XwA6gHH1yax0QpK59TeHfEdprljHc20geNhkYpNpk2saqSHcDW8UJFn+DORTk0Ju4K/wApzWXMkykgTDDNa3bWgifI21nFu4r2QwZJxWrZCY9IyCc9KHItsGHUA0oxJSsKqMGxnNXJA3cRsg4prYtaIRmCgUXGhQjMc9qNB2HBRnJqrWFYkVx2pc1iWk9RenP8ql2YI+Af+CrDbj8L/wDuKf8AtpVRNEfcbe9cvPHob2Zl6nfpaRszMMD1oTUyE2eHfEjxWl5JJAkuEB+bHer0RpFNs8rvPEFvaZIIOK4JRbZ2RaRzOp/EjYG8lsEdqpULoJV7bGPL8RriYDDn3GaXslHoZus2S23iyWcjcxwa1hTMnVdzXi1kuvWqlBWLjK4PqxcEBqzULmjkkZl7qDYOHwa3UEkc7m72OY1HUpGzkk1aimS5WOd1C4MgODzWsY2MG2ZhVs81ejRNyZLjy1xnkdqz5bMLsWG9KMeaphdmna6mwYYJqbJlKRu2Gq4I3Hn3rN00y7s3bW7WUZzzUqHKymE84ZGFaWuCdtTltYdckjpWiVkQ3cyI9ZMBCq22sXG7IaPa/hB8c7vw3LHazTGSIkAbm4xWDg73EfZngzxND4m0yG6jcHeM8VqpW3HZHSqhY4ToKttMhksilVBPFJRTGmLDj8K0toK5OR8uaSJtcROKGOyQ8mlYdhue+K0WgCliT7VW5NhGbPei/QtNBt3DJ7Vk9wHwyc4I4q9guSFc/Q0+YOZAIwM4rN7mTeoAlcirRotT4A/4Kr5z8Lz/ANhT/wBtK0RaPtm/vVgBZmAA56143I2tDp33PGPib4/EavBBKOOpBroo3juS4rofO/iTxS7u3znH1rrtcV7HA6prjylgHJz71PIgc9DnridmDMTnNaqyRle7IEuSo68ms5RTLTsaWnX7o2T0qbcoXOht9VJA5NRJNm0Wkiwl6zsD2q4pLQzlK4l5IQM+tauKZBzt9chW5qIqwrmNc3KlsAVpcBqEyjpUmdncetsHPNPcuxMumDg1MtR2LMVl5YGVpxVjO2pLKpVRjtTZVyay1aWCQA521MloUbkWopdLtz1FZxbuadDL1SHKt71rJ6GZyF/CUYn3qI6g2O0+9Mcq5YgA+tDRDdz6f/Z++MX9mXsWnXUxEDYAJPSvNrOUWJH2PpepJdwJLC4ZGAORzXXCaktQZoswlQetXzakCIAhAJxWly0rkqnjg5ovYnYeGwMYpKQrhnI4q73BSFB+TJo3HuMZiOe1FwGpLuPIqkwS1Jy2BScdSraixFQc0NA0PZvwqGmZtDSxAq4oaQqODwe1XaxSPgT/AIKsDB+F/wD3FP8A20qkWj3H4xfExNJR7S1k/ftkcHpXJBKxo3qfOOta/cXYZnkLM3J5qtLl62OH1OeW5LDJzWyMjE+xysx3VSE0RXNsUQ+lTPRAtDP8pl+bsKxT7l7ksFyA4BOBTUlILG7ZyBwuKlySRSTNVFfjiphNSZLRNICY+fSukg5rVIwSdpqBnPyoVbOaaAmt25AB/KmgNO3wSM0XHY14FBjHFZtNsHsSsu1eRxWy0RirkKqpPzVIEc9uvO2q0NEPsIykmKhpFJmlPbCSIk9cVlqUchq0AUsalXTMp+Rz0g2yDBwK6bXRJ0Gi6jJaSxyxuUZTkEGuedNS3DZ3Ps39mr4tPrlvJpl7L88e0IxPXrWHLyMG7n0tDMD0Ofet7Jq5DHOxbkDJqooaZJCCOvWtLJlEwGRk9qnlsDHM21eKas0SkhsZZuvT0oSsCF6jFDAkRFC5PWmo2HceFDrRqK4hG0gCnuA3BY88Cm1oV0JsDaKlJkhtx071Yz4E/wCCrQwPhb/3FP8A20qkWjkfEfiubWtXmuJHLZY8E1zz0VkXFXMtpzN1rOC7m8miq8IySBzW17HPcoSuEPOMU+bQdinPtm4HeknzaEdShc25RD3BqZpFpNmSYjv47Gs0kiknsdn4V0mW9KkqdtZVWmjohHudjPpsUEWNvzDisKT5ZFzgraGDqIMYxjivUTujhkmjlNRBQMSODT0A5i5usSEUmBNazhVDZ5oVhXLCaqqMMtWUr9DSJvWepJKEweMVpF6ES0NJ5gY+oNWSikJsnmkkIPtK7tvekMuWsoZ6UtdhpF4SCbKis+ZLc0toZOraduQnFaKxBxt/amN+mOa1TMJJt6BbzlMAnAqWUj0P4a+K5fD+rxSxyGMbgSQfSuWpG5LZ98fDPxnH4o0mKRXBdVG7BrDmktB2bR30T5rqSuibOxPu2mmmxJknm7hzTb7Gm43JP0qY76iSsPU5GK2GhR1oUdQaJWOFFXIlKw5eh9ahhYRckkmmthkgQtRzdBgeDg1TBDgNoyelQij4C/4KtHP/AAq7/uKf+2lWho8vLhSO5PWuHWTudui0LMEqHGSM0m7GaV2OuHVVJJogru5c0kc7qd0mOuTXTscxkRagqORnrVLUiSJzeeZwpBzTaW44uxp+HvDU2pXQfaduea82vUUXY9GjTvqz1XTbL+ybURhccelcXNd3Oqa92xlas5LkrzXZHU5WrHP38nynPXFdKukc7s2c3qSuIycfLWkTmmtTgtemW1BcDn0rSV7Ajnl1SWdTtJArFXQ1G5nXGoyJJgsc1stQasyzb+JLi2xtc0cthuVzodN8ZOqBZT1707kHRW2upOg+cZprURowzB13A1EkNRuXLaUls56UlJLQ0UTYtJASprK12PZWLs0YkiqvhJOU1qyJBbGPpW6kFjl2BjlwaGZM0rS5MLhhwadtAsfRH7P3xHl07VILaVtqsQowa4aysXFo+2NOuTNFG+QxYA5Bq6c7xJe5qDpzzWl7kPUACX46VogRKmCfer5eoWJV5FZKLBKwbuetaAh34VF9QAkelaPUliqu481VgWhMPlAFZ2KQ1lJPHSkmFx+NyYPStrDTufAH/BVoY/4Vd/3FP/bSgtHlE/7nvWNrItu7K39orEdzHAFc04t7HVTklucz4j8ZFcpGxA6YBranCyMZzu9DkZfE9xKHO4g1tYxbKtvqlxdS4DEUm7IFqdv4K0m91rUI0CtsB+Y9q4K9dQVlud1KjzO7PpPwto+m6RpuZWUSAfjXi3lVlqeu4xpxMnVtUjmmZYvug8V61Kj7p5s6quYd5llz3p8vKzO/MjBuwHbmulSMJRM++RZISg5rSO9zFnE6zpCsWyuRWy3Jd+hytxpYTOxacoijKxQk0USAkr81YbGr11ZH/wAI/wDJnHNaGdizb6ISnQ8VnJvoVbQsJpFypDRkjFVC9ibGxpmpXCSeS6njqab1KWh1FkxcA9zXE6Uua5qpLY2rB9v3q6YRa3JlJM2oeU+tKYoFTU9N86M8UQLl5HAazZvazEgVtc5mjPiuSWAHbrVoXQ77wRrX2C7idDtYEd6ynHmRnqmfevwY8VjxF4djO7c0eASfpXHF8rsW9T0kSOCMjiuuNmiNy0jEgDuaexcUO5HGeaq+hV7EqtTQtxmGDdaoETxPtP1qGiXEVuW9qqOo2SgAKOeae4hxJxQkCE3E4pbMLXJA2Bim5AlY+AP+CrZyPhb/ANxT/wBs6adzVHj+qzCEsM1zc2htyo4zV9YJDIufwrSO1yW+iOUeKS5lLMCfrWcpO9kO1iSPR/PBwMGtk7IzN7w94OnmuUxGdpPX0rjrT0aRvSheSZ7LoAt/DGnEYXzWH3u4rzI0ZSd2epzxirEE3ihpWYCTj2Nd9Kik7s46tV7Baawu8lmyDXobHC9S42rRTKQD+dS4plKTRm3cfnqdrflXNKOpundXMxrd0yT0rRXMZJNFO/tRNEcjk05N9CqaWzMKTSUOa2i7oxa1Kf2BA+NvH0rCd+g7ki2KZxtxVXdhFqHTEIzgVcdEG5ZGnpGmQOvWhySKUbkSaYu/dtH1qIzT0DksWbaHyZMYwK1uJLoasZVRnvRfQTRp2QYpljWVyloaK/vUIqeUpnJ+J9M3xsyj9KIt3sRN2PPNht52B45rq2Rne5uaTcmF1ZTzmociWfXH7Mvit/OWAsXDDbt/wrjlG7uEdT6whnDxA1pBEWsyxHLvHHUVvy3NUPB5pGbuWFQHBzVRQ0KTniqasVcVPWkMUH5gKpEtEjDHSp1uIcrFhVXKRJkbam+owQZ60SIdz4D/AOCrgAHwtx/1Ff8A2zoiXE8vn8LTamCACN3evPlJI7VBsSH4XF02lMnuTWkKqtYTpWM/VPAEWmJjAz6CqTVxcvcoWHhhUnBZdq+pqpTshRhzM6i61+x0KzMUCrvHG/1rzkm5XZ2L3UcRqfi43UrDzOvvXoxskcUr8xmnXjG3LcGnF6ikrluDXtyn562exkV5/GK2jYMv61KY7F7S/HscsgQODmsJSszZRbWh1ltqcN9FxwTWyaZg9CGd1VStNlJlJYA+e9RzWL5bkT6cSc46021YnkdyE2BV+RispO2pooXLsFkxGR0qPa9BclmX4LJSvIobuaqNkTrpwk4A4rVRtqZX1HNpAj7c1V+gW6kZ045x0FOTstCFqzRtYCqgY4rli7smW5YUFD6CuroJFTU7PzoGHXNJNA1c8u8RWJt7vIFavVE2K9g5yATzmotoTI+gv2fdX/szXINrcufWspJoIo+59Ll+0WsUhGNyg4pwE1qXxxznAroTKHBwxqbCsWEmO3bWi0KSJ1bik2TYN+3rSQEqMCad7A9RzuMYqbisSQhWTnilcjVMHynPWtErodxFJPNK1wbPgX/gqu+4fC4Yxj+1P/bSqtY0jqdJa+GrW1C9zXxdSUmz6lU42J7nTo1Q7BjjtXfRd0Yzgr6HLah4bt55C8hJxXX7XlicvsuZ6nA+OXh0a3IQYJ71dOSqbmdSPs9jwrxVrs4LNE+eehrrcEtTk9o3oct/bE7EMX5qHEm5oW2pSXK/MeaIrWxXMrCvqFxGhC8/hXVa6sY3tqc3qV3cST7mdvwpxhy7g5cwmn39zbzhkY/jUThFouEmtD0jw74oljjTe1csbx3NpKL2OmGvtcrxitpSVjJRNXTLkyD5uK47yTOhJJG3a4Y81vrYlNFuWyhkTdn5/Srtpci7uNjhVFwKw5Fe5av1HqoUHiuiMUTKTRctRtGT0rfRHM7slaYSZ4xik0tyk7blV5VyQB+NQ0y9CaFyBijlS1IepZBDjJptoajfcZOqhCOuazSTdwemiPO/GEQEqnvzXSYylynMKCCCeD7VlLQafNuerfCLU5YNattmNwYdehrmqttaC0P0H8NXLSaXbbuG8sE5+lZU5SjuJrU2eoBzXZGfMGw9AD0Oa2TC5ZUYUd6zbJuL5+w+4pJFXJWm3LyBW19DJ2Y+OTI+lZ2bLQ4PuNCiU2yQNjAXFaJIzb1HEkkZNBa1HK+OKOYTR8Df8FWCD/wq7H/UU/8AbSqWpcTdGqbV5b8c18pOET6aMmMOrYU5Nb0o9CJzsYeq60sasd3SnOEkSppnkfj3V21ElcZAFdVJcsTmqvmZ41rsQeQqveu1czRxNJMybXQpbl8pnmnd7ENdjqtJ8KFEBkNStGLl0ubJ0S3Me3aCa6ouxk0Zd54RjYlgo/Km5XFFNGJqHh42mGRM/QVHqXuQW4dHAwRXLJtvQ61FJanW6MHZhkHFDJsdDDcPAa25VuY8xtWN47KD0pMtM1UvA+MHmp6AlqTq5KmnFXHJ2JUy4HWtOV9DPm7l62j4wfSjlZLfYlNvlWxWhJQKhHpAPWVQfWoepqrCpdZJB6VmP0CWczcDpVKNyXocf4wjBjU9xnmtUzJxvucXHuaTnoKmceYlqy0PSPhmd2t2mCOXAI9s1jy8q1JgtdT9EvDg3ada9v3SAHPXismkzSTSNhpMfKDmt6cVYhkkbYA5rUC2k4IxUS0JsRs3zVUXdFEwJ281RCiLC7B8HpVJovYmZ9nTkmi9yh0UuevBobsiGkSPNjnNTHXclMWOTd9fWqt1L3Pgn/gqnn/i2Gf+op/7aU0WlYqyXvOA2a8CVE9tVCld6uYUPzcVvSpqJhOdzk9Q1Oa+l2Jkg1rNLdigxk3hv7RaPJIMtisFNXNJLQ89vPBDSaiWIwua7/axirHA4Svcsp4fi098ZWmnzaitYV1EYwrU3G7E3YjGN2MjNaWdjIllcMmKmKaZbasU2tlk4YZrRq5CdiIaJDI+dgH4UuVLYfO2attaR2ygAdKzcLmimXGt1eIsOtDutBaMLZzFwelZWkmX5GhbyDfkelbWuTfl3NGCdehNVGNiZSuXoZV7VpYgnFzswaWwkyaS9zAdvWmtRsyppyGwT171D3BajUl2dTSbsikWIpEfnIqbXQ72YrMAeKI6Dbuc54nw8VV5kNnAySmOcgGrTMrnc/Dy4WPWLZt2CGFZVNiW30P0O8D6i134c08uQXMIBxXOmS03qzpoSAfWt00kaLVFjPIoi7snUlD45Fa2RdgWQueaLJDsTxzkjFMnVag0x6d/WpsN67D42IGScmq2JJPNycihq4WuG/zDzStYTVkTxybeK0S0Jiz4P/4KotuHww/7in/tpSRsnc4+TUGBYA15E23oj1Y23ZlTzyzuUJ61Mm4lxSka2k6YI1DuKxnVbVjRU0nctahdx28DcgACqp02yakkjzbxX4vhtonWPG/1FdcaTe5ySqJI85ufGFwZjufg9Oa6orl0OWTuC+KZGHJya2SIbIJ/EUgYFWP51pymbkXbbxMSq7j0qZWRad0bel61HcvgkCs3qiJG87oyDaR+FEUyItjUl+YD9a0NkXFOFxnFZSHcjRGLc8Cp5kwU9S9bPgACrjFilLUtIpz1qmrCRbiZlXimpdxPQV7zAAHJptoaAXZ24NZ9Qd2iOZw/zZ6VnbXUmOhF528Y9K0sWRGVkbAbFO3YZOtyQh3Gs5GkbGPrb7rcsfehpsho4KRw85IPenFO+pz21Ov8FpjU7fceN4PBqpq6KZ+g3wwug3h6zwc/uxmuXlKbTR3AnU8jg1SXQV9CdJdyjnNaxjy6hdWJI2YNg1SlcSdyZTT3LHhu9NIHqKG79aYWHxvnNJoliq+0800+g0OE4DjFMmSuWQwwDnrTvoFrHwh/wVKfcPhiM5x/af8A7aUo9SoniH/C2fDR66of+/Ev/wATXJ7J32Ov2isWbP4seEUbdLqvP/XtL/8AEVlUo1JbI6KdWEd2Wpfjd4XC7U1LI7f6PL/8TWCws+xq8RDucf4o+LWn3wKWd0XU9/LYfzFd1Ok47o5KtVS2PPtR8SR3jlvMJ/A102OR3Me5vxKflo5bjIFvZFHBppWE9SZL3d99sVVyeUk/tBQpAbn6VDVytiex1xrZcbyDnrSsybNnX6T46sUQJdXBTHfYx/kKLMfKjX/4T3Qsg/bcf9sX/wDiadmFh/8AwsPRO97/AOQn/wDiaVm9xWJk+Iug/wAWoY/7Yyf/ABNCgkCVhw+I+go+Vv8Aj/rjJ/8AE1otEJxbJ4/ifoKnnUP/ACDJ/wDE0mOzJl+KegAH/iYY/wC2Mn/xNRZisxo+J/h4kk6jj/thJ/8AE0KJS0A/E3w7njUf/IEn/wATTcSyUfE7w1t51L8PIl/+JrGUJN6CG/8ACzfDSnjUf/IEv/xNUlLqVca3xL8Nk8aj/wCQJP8A4mrSZIL8TfDmedR4/wCuEn/xNDjcLlDVviB4fu4tseo59vJkH/stCTA5b/hJNJE+77Tlf+ubf4VVgN/Q/H2i2N3HI97sCnr5Tn+S0pK60JaufXHwx/a1+Fvh/wANWlpqfinyrlB84/s+6bn6iI1yuE+xHKztD+2p8GjjHjDH/cMvP/jNawg1uHKySL9tf4NRsf8AiseP+wXe/wDxmtGmwcWSH9tz4NZz/wAJl/5S73/4zWShJMcY2JI/23vgwPveMv8Ayl3v/wAZq7NBZkx/bh+CxA/4rPH/AHCr3/4zTSYJMI/23vgqp58af+Uq9/8AjNWVqSJ+3D8FFbJ8a5/7hV7/APGaTv0IafQJf24vgoT8vjT/AMpV7/8AGaST6jSYxP23/goOvjX/AMpV7/8AGabTZVmT/wDDc3wTwB/wmn/lKvf/AIzTsKzPk/8Aby+Ofgj40DwN/wAIdrf9sf2b9u+1/wCiTweX5n2fZ/rUXOfLfpnGOeopoav1P//Z',''),(87,'11/07/2016 10:34 AM','11/07/2016 10:35 AM','110.138.157.206','Mirna','4','','','iVBORw0KGgoAAAANSUhEUgAAAj8AAACWCAYAAAAxIOk4AAAUB0lEQVR4Xu3dbYhWZR7H8Us0bXOzWkQqyp7eNDCgbdhCTuiIVJA4DQyRYav2Jl9oTemLyqIHfFGI2AM9vYiaZZ0aGHAkGAxJG3Eoe9geKLbe1ZqkS0ltNshizfI7ce4db8+5H8+573Nd/++BMPK+z7n+n/+x+Xmd65wzbXJyctKxIYAAAggggAACRgSmEX6MdJoyEUAAAQQQQCASIPxwIiCAAAIIIICAKQHCj6l2UywCCCCAAAIIEH44BxBAAAEEEEDAlADhx1S7KRYBBBBAAAEECD+cAwgggAACCCBgSoDwY6rdFIsAAggggAAChB/OAQQQQAABBBAwJUD4MdVuikUAAQQQQAABwg/nAAIIIIAAAgiYEiD8mGo3xSKAAAIIIIAA4YdzAAEEEEAAAQRMCRB+TLWbYhFAAAEEEECA8MM5gAACCCCAAAKmBAg/ptpNsQgggAACCCBA+OEcQAABBBBAAAFTAoQfU+2mWAQQQAABBBAg/HAOIIAAAggggIApAcKPqXZTLAIIIIAAAggQfjgHEEAAAQQQQMCUAOHHVLspFgEEEEAAAQQIP5wDCCCAAAIIIGBKgPBjqt0UiwACCCCAAAKEH84BBBBAAAEEEDAlQPgx1W6KRQABBBBAAAHCD+cAAggggAACCJgSIPyYajfFIoBAIwJbtmxx27Ztc93d3e6tt95qZBd8BwEECiRA+ClQMxgKAggUR2BkZMRt377djY+Pu8nJydLADhw44G644YbiDJSRIIBA3QKEn7rJ+AICCIQq8PXXX7tnnnnGvfbaa+7HH388o8xp06a53377LdTyqQsBMwKEHzOtplAEEEgSUMjZvXu3u//++93x48dTkc466yw3ODjo+vr6gEQAAc8FCD+eN5DhI4BA/QIKPGNjY9EMjy5vVdsuuugi9/bbb7uOjo5qH+X3EUDAAwHCjwdNYogIINC8wCeffBIFHoWdd955J3WHV199tTt8+LD75Zdfos/MmDHDffbZZwSf5lvAHhAojADhpzCtYCAIIJC1gILO8PCwGxoacqdOnUrd/YIFC1x/f7+76qqr3MqVK0vrfc4991y3Z88ed/3112c9NPaHAAJtFCD8tBGfQyOAQLYCWrAcz+5Uu5ylwLN27Vp36623ussvv9xpZki3sscLnc8777xohmjhwoXZDpK9IYBA2wUIP21vAQNAAIFmBBR4tGBZ63cUYNK26dOnu2XLlrk77rgjCjznn39+6aPaxzXXXEPwaaYRfBcBjwQIPx41i6EigMDvAvEdWgo8ldbvaHZn6dKlbvny5W7FihWJfNqXZnzi4MSMD2cZAuELEH7C7zEVIhCMwAsvvOC2bt3qvvvuu9Saenp6osATX86qVDzBJ5hTg0IQqEuA8FMXFx9GAIFWC2hGRg8e1BqepAcPajwKPAo75ZezqgWfSy+91J04caL0sVdffTVaB8SGAAJhCxB+wu4v1SHgpYBCzsDAQMV1PLoza8OGDVFYmbp+p9aCOzs73RdffEHwqRWMzyEQkADhJ6BmUgoCvgto/U4cepJqueyyy6LZHT1luaurq+FyFZh0nHjbuHGje/bZZxveH19EAAG/BAg/fvWL0SIQnEA8y/P000873XVVvmkBsgKPAovW8jS7lQefRx55xD3xxBPN7pbvI4CARwKEH4+axVARCEmg2ixP/ODBetbxVPMpDz5r1qyJLq2xIYCALQHCj61+Uy0CbRXQLM/mzZvdzp073cmTJxNneRRQ9LRlPXgwy00hZ926daVdEnyy1GVfCPglQPjxq1+MFgEvBXQ56/HHH0+9Y2vJkiXRZa287rQi+Hh52jBoBHITIPzkRsuOEUBAt6frNvWkBxHOmjXLrV+/PpdZnqnyGkNvb2/pP+lymsbTyB1idBQBBMIQIPyE0UeqQKAwAtUWMHd0dEQvD33yySdzH3P5+7oIPrmTcwAEvBAg/HjRJgaJQPEFdGlLt4/rrq2khxFqjU1Wd2zVokHwqUWJzyBgU4DwY7PvVI1AZgLxep6ku6Z0m3peC5grFaDwpReVxrfO876uzNrNjhAIQoDwE0QbKQKB1gtUCj16GOFjjz1W1+smsqqA93VlJcl+EAhXgPATbm+pDIFcBN544w03NDQU3blVvumuLYWeLB5G2OjgL7zwQnfs2LHS13ft2hWFMDYEEEAgFiD8cC4ggEBNArpDatWqVe7o0aOFDD0alF55MT4+XhofLyqtqbV8CAFzAoQfcy2nYATqE1Do0TN6km5Xb/Ui5koj14yTxhlvd911l3vllVfqK5ZPI4CACQHCj4k2UyQC9QtUCj26XX10dDTzpzDXP8rfv1H+EMPu7m63b9++RnfH9xBAIHABwk/gDaY8BOoVqLSQWTM9mmHJ+tUT9Y5x6ufLb2nXuqOkWapmjsF3EUAgLAHCT1j9pBoEGhbwLfSoUI1Zt7THzxXiIYYNt58vImBKgPBjqt0Ui8CZAj6GHlXBLe3ZnM2aOfvpp5+ihew//PCD27t3r7v77rvdzTffnM0B2AsCBRQg/BSwKQwJgVYIKDzovVu6jFW+6dKRntS8cOHCVgyloWPo9vXdu3eXvvvxxx8XerwNFZnDlxR25LZnzx733nvvpR5Bjwx49913C3WJMwcOdmlUgPBjtPGUbVcgDj1Jr6EownN6aumMxn7fffeVPsot7elq6vdTTz0VLQD/6quvolmeejadE3qmEy+CrUeNzxZdgPBT9A4xPgQyFNAsj2Z7yt+95UvoEYVmLrTOJ97uvffeaJaK7f8CupSp2R2FlmqLv2fMmOE6Ozvdt99+677//vtExlmzZrkHH3zQyZoQxJkWggDhJ4QuUgMCVQR0K7iegRO/6yr+uF5DoeDgyxOQFdquuOKK0xY4Kwyx/R4K48BTyUQ91xO41XNd1ky6c0/nSV9fn/voo4/OoNW72hSCinxJlPMBgWoChJ9qQvw+Ah4L7Nixwz388MNuYmLitCrid2/pB5lP2yWXXOKOHDkSDVkvK9UPacszEQo5AwMD0QxPebCd2lcFHIWVRx99tK7QotmeF198MfFSmfbX39/v9PgDNgR8EyD8+NYxxotADQJpDyhUYNBMj2+hRyWvX7/evfzyy6Xq9+/f39Z3iNXQhlw+oqCjNU56yOSpU6dSj9HT0xPN7miWp9nnMmnmUP+MjY2dcTyFz3g2qNnj5ALGThFIECD8cFogEJCAZgK0ELh8ncf06dOjGSD9Td3HmRLVo6c2x5veMTY4OBhQ5yqXosATX9IqX68Vf1PBVmEnDjx59Fnnl8KzZpuSNo1h06ZNbuPGjV6eZ2ZOKAp1hB9OAgQCEKj2rB6t99GlLh83/bDXAuf4ss61117rPvzwQx9LqWvMtQSemTNnuptuusnpPWatXLelnmgmSEHom2++SaxLs0Eak2ag2BAomgDhp2gdYTwI1CGgH0Ka6dEPovKtiK+iqKO00kc1W6U71LSFvs6nlsCjEKtQoXBRhEXHmpXT+Zc2GxRfFtP5WITxNnIO8p3wBAg/4fWUigwIVHpWj/6mrb+Rh7D+ovxy165du1o6w9GKU6mWRctFCzxJLpoB2rZtW7Qu6PPPP0+k0zmpMKtHKxCEWnF2cYw0AcIP5wYCngko2Ogyls/P6qmVXD8gP/300+jjCnWaGQlhUx3Dw8NuaGgoddGyD4EnrRe6RKnzVHWmXRZTEIrXJ3FpLISz2q8aCD9+9YvRGhao9Kwe/Z7u6glpe+CBB6InE2ubM2dOFIJ8nc1SUNWCZc1kKRCkLVr2OfCknXvxZTHVnfZ0aV0ai589pF99XZ8W0p+/0Gsh/ITeYerzXkA/PNatW5f4gEI9sdnH29Zracr8+fPd4cOHo49qvUjSuqZa9tOuz+hyli4BxYEnbRy6E++2226L/mnlouV2uKiHsUel12zoQZbxrfq6RMaGQNYChJ+sRdkfAhkJVHpWj0KP1k6Eumlm5IILLiiVp8soRZ8NUL8UdhR69O9pszsqKp7hWb58uVuxYkWobaxYVxyCKl0a0w7iWSHNCCkQ+Tr7Z7LJBS6a8FPg5jA0mwL6Qa+ZnvJn9ehOJwUeX5/VU083d+7c6VavXh19ZfHixe7gwYP1fD33z6pHGuOhQ4fczz//XPX9WRrQggULolk6/RBnse/pLZLn66+/Ht3Vd+zYsYr9Y61Q7qe3iQMQfky0mSJ9EKj0rB69S0mzPXk8uK6INrr8ozUy2tq90FkhVIt2NaMTz+rUYqawOnUdCzMWtai5aMZM5vHMUNqC6amzQvHzhKz8+ahNkk9VEiD8cH4g0GYB/c998+bN0d0/5Vsoz+qpl/iee+5xzz33XPS1efPmVZ0NqHf/SZ/XD10tqtYPXQXROOzUum/N7GhGR4Eni1dK1Hrc0D+nXsRBSL9WWjSt136Evm4q9H63qj7CT6ukOQ4CCQK6HVjB59dffz3td7XIU4tDrc4W6AeeFr3G28UXX+yuvPJKN3fu3NJap0YXwmrfCpz79u1zBw4ccCdPnnRffvllxTU65a3TrI7G0tnZWbqUxaxDa/6IV1orpBe3aoaUDYFqAoSfakL8PgI5CKTdwaUf6Pqfd2i3rTdCKIOkF2km7aurq6t0N5xmYBYtWhTN3ExddKx/13+rd9PiZM3oxLM6+pWgU69iPp9XkNWC6fit9iE+8iEfOfZK+OEcQKCFAmmLmc855xy3devW6FUVbP8XkMlLL73kjhw50hKW+MnDmnGLw05LDsxBEECgpQKEn5ZyczCrApp10FOZdZlr6qbLJ6Hftp5FzxUaH3roITcxMVGazal1Vqj8+DJXsDn77LOj37rzzjujO8qsXmLMoj/sAwHfBAg/vnWM8XonkPY6Cmt3cOXZOF1GPHr0aHQIreFRWEq6PMXlxDy7wL4R8EeA8ONPrxipZwKV1vVYXszsWRsZLgIIBChA+AmwqZTUXoG0dT1aOMuCzPb2hqMjgAACEiD8cB4gkKFA0iUu1vVkCMyuEEAAgQwECD8ZILILBNJme/SQQgUibo3mHEEAAQSKI0D4KU4vGImnAkmzPVzi8rSZDBsBBEwIEH5MtJki8xDQA/P0AtLyB+fxlNk8tNknAgggkJ0A4Sc7S/ZkSEDP5tFze6ZuerKwFjTzxm5DJwKlIoCAlwKEHy/bxqDbJTA6Ouq2bNnCbE+7GsBxEUAAgQwECD8ZILILGwK33367GxoaOq1Y6y8gtdF5qkQAgdAECD+hdZR6MhdIWtsze/bs6F1c/f39mR+PHSKAAAII5CtA+MnXl717LpB0J9fcuXPdBx98wLugPO8tw0cAAbsChB+7vafyCgJ6EWlvb6/TKyqmbjt27GC2hzMHAQQQ8FyA8ON5Axl+9gIKPAo+CkDxxp1c2TuzRwQQQKBdAoSfdslz3EIKJN3Crrev6/IXGwIIIIBAGAKEnzD6SBVNCmiWp7u7+7Rb2PVOrpGREbd06dIm987XEUAAAQSKJED4KVI3GEtbBJIuc/X09EQPLOSdXG1pCQdFAAEEchUg/OTKy86LLqCAo1dUTN1Y1Fz0rjE+BBBAoDkBwk9zfnzbY4HrrrsuumU93nSZS7NAvJ7C46YydAQQQKAGAcJPDUh8JDyBrq4uNz4+XipMd3Mp+HCZK7xeUxECCCBQLkD44ZwwJ7B27Vo3MDBQqnvx4sXu4MGD5hwoGAEEELAqQPix2nmjdW/YsME9//zzpeoXLVrk3n//faMalI0AAgjYFCD82Oy7yar37t3rbrzxxlLta9asie7oYkMAAQQQsCVA+LHVb9PV3nLLLW50dDQy0OLmqU9wNg1D8QgggIAxAcKPsYZbLnflypXuzTffjAgGBwfdqlWrLHNQOwIIIGBWINfwM3zoX+74if+axaXwYglMnPiP2z/yN/eH2XPcst6/FmtwjAYBBBBAoCTwpz/OdH1/mZ+bSG7hZ+yf/3ab/v6P3AbOjhFAAAEEEEAgXIHtq//slnTMy6VAwk8urOwUAQQQQAABBJoR8DL8qGAuezXTdr6LAAIIIICATQFvL3vZbBdVI4AAAggggEDRBXK77FX0whkfAggggAACCNgUIPzY7DtVI4AAAgggYFaA8GO29RSOAAIIIICATQHCj82+UzUCCCCAAAJmBQg/ZltP4QgggAACCNgUIPzY7DtVI4AAAgggYFaA8GO29RSOAAIIIICATQHCj82+UzUCCCCAAAJmBQg/ZltP4QgggAACCNgUIPzY7DtVI4AAAgggYFaA8GO29RSOAAIIIICATQHCj82+UzUCCCCAAAJmBQg/ZltP4QgggAACCNgUIPzY7DtVI4AAAgggYFaA8GO29RSOAAIIIICATQHCj82+UzUCCCCAAAJmBQg/ZltP4QgggAACCNgUIPzY7DtVI4AAAgggYFaA8GO29RSOAAIIIICATQHCj82+UzUCCCCAAAJmBQg/ZltP4QgggAACCNgUIPzY7DtVI4AAAgggYFaA8GO29RSOAAIIIICATQHCj82+UzUCCCCAAAJmBQg/ZltP4QgggAACCNgUIPzY7DtVI4AAAgggYFaA8GO29RSOAAIIIICATQHCj82+UzUCCCCAAAJmBQg/ZltP4QgggAACCNgUIPzY7DtVI4AAAgggYFaA8GO29RSOAAIIIICATQHCj82+UzUCCCCAAAJmBQg/ZltP4QgggAACCNgUIPzY7DtVI4AAAgggYFaA8GO29RSOAAIIIICATQHCj82+UzUCCCCAAAJmBQg/ZltP4QgggAACCNgUIPzY7DtVI4AAAgggYFaA8GO29RSOAAIIIICATQHCj82+UzUCCCCAAAJmBQg/ZltP4QgggAACCNgUIPzY7DtVI4AAAgggYFbgf6jeWbfm4AkbAAAAAElFTkSuQmCC','iVBORw0KGgoAAAANSUhEUgAAAj8AAACWCAYAAAAxIOk4AAAScUlEQVR4Xu3dW4gc1boH8BXxFk00nIcTiXIUX+SAJHEQIgpOkkdvUTxoUCHeAgqCUYMIirn4IhIxUSJRxAsciYJoLviSFw1JIPvFxIcYUQQVFT0R0XhC8Pgwh6+kmjH2THfPdPdU1foVDO697a5e3+8r2H/WWlU1a2xsbCw5CBAgQIAAAQKZCMwSfjLptDIJECBAgACBQkD4cSEQIECAAAECWQkIP1m1W7EECBAgQICA8OMaIECAAAECBLISEH6yardiCRAgQIAAAeHHNUCAAAECBAhkJSD8ZNVuxRIgQIAAAQLCj2uAAAECBAgQyEpA+Mmq3YolQIAAAQIEhB/XAAECBAgQIJCVgPCTVbsVS4AAAQIECAg/rgECBAgQIEAgKwHhJ6t2K5YAAQIECBAQflwDBAgQIECAQFYCwk9W7VYsAQIECBAgIPy4BggQyF7gl19+SYcOHUoHDhxIW7duTceOHUtjY2PphhtuSLt3787eBwCBpgkIP03rqHoIEJhU4PDhw+mbb75JO3fuTHv27EknT55MEX7aHXPnzk3Hjx8nSoBAwwSEn4Y1VDkECKT09ddfFwEngs6vv/6aPv744+Kf8d+7PWbNmpXWr1+fnn766W6/4nMECNREQPipSaMMkwCBfwpEmPn000+LsBMB58svv0zff//9tKhOO+20tHr16rRt27ZpnceXCRCoroDwU93eGBkBAqcIRMDZu3dvEXTKWZ1ekS6++OJ0ySWXpKuuuirt2rUrHT16tHWK+fPnF0thCxcu7PW0Pk+AQI0EhJ8aNctQCeQmEAEn9uZE2Im/bo/YqzMyMlKEnPhbvHhxmjdvXlq6dGlxilgCW7Zs2d+WwVasWJHefPPN4nMOAgSaLSD8NLu/qiNQO4EdO3a0Ak8sZ012nH/++UWgiXBzasCZ6HsRqG655ZZiqaw8Hn744bR58+baWRkwAQJTExB+pubmWwQI9EkgZmFidufZZ59Nn3/++aRnXbRoURF2ysATszq9HBF8YsYnfrM83njjjXT33Xf3chqfJUCg5gLCT80baPgE6ihQBp6Y5Ym/iY6Y2bn55ptbgafXsDP+vBs3bkzr1q1r/U9x7vjtcimsjo7GTIDA1ASEn6m5+RYBAlMQKJe0Ym/NREdsOl65cmUxGxNLWf04HnrooeLhheURwSf2EPXr/P0Yo3MQIDA8AeFneNZ+iUCWAhEy3nrrrWKWZfxy03iMWM6KsBOzPNOZ3WkHHOeN3y+PBQsWpCNHjtjYnOXVqGgCfwkIP64EAgT6LhCbiSNwxAzPRJuWBxl4oqAIWvfcc8/fltViVin2Fbmjq+8td0ICtRIQfmrVLoMlUF2Bch9PBJ6JbkuPZ+zE7M6aNWv6PsMzXqbdreyrVq0qwpiDAAECwo9rgACBaQl0WtaK/TWx9NTPPTyTDTju6IoZn/GvsnAr+7Ra7MsEGicg/DSupQoiMHiBmFmJZa14Ns5Ey1rx0MByH8/gR/TXL7iVfVjSfodAvQWEn3r3z+gJDFXg1VdfTc8991z66quv2v5uuY8nQs+w99XEDFQ8vLDcVB0zTrHMFctsDgIECIwXEH5cDwQITCrQafNy+Sye2MczU7eOR8iJpa7ycCu7i5oAgckEhB/XBwECbQUiUMTS1kSbl0dHR1vLWsOe5Rk/4FODT2yqjtvqZyqIuZwIEKi+gPBT/R4ZIYGhCcSemfIW9XbP5DnvvPOKUPHSSy9V4s3nMdu0ZcuWlk8su0VYm8kwNrRm+SECBKYsIPxMmc4XCTRDoLxFPTYvj79Danx1M7F5uZPuFVdc8bfxCj6dxPx7AgRKAeHHtUAgU4FOt6jH8lF5i3q/n7o8XfI77rgjbd++vXWaeIZPhDczPtOV9X0CeQgIP3n0WZUECoFOm5fjMxEkIvRU9YWfp76uImZ8Jpqx0nYCBAi0ExB+XBcEGi7QzbLWTN6i3gv/qcHn1ltvTe+9914vp/BZAgQIeLeXa4BAUwU6vUG9Creo92J/avDxuope9HyWAIHxAmZ+XA8EGiRQ3q0VwadKT16eLrHgM11B3ydAQPhxDRBokEAsa61duzbt2rUrHTt2rG1ldVnWajf4U4OP93Q16OJVCoEZEjDzM0PwfpbAdAVidieeyRP/bHcM6w3q061jsu+vX78+bdiwofURwWeQ2s5NIB8B4SefXqu0AQKxlBUP9ZtsWSv2wsT7rOr+TquNGzemdevWtbpmj08DLmAlEKiIgPBTkUYYBoGJBLq9W+vKK69MmzZtasSzbl544YX06KOPtkjiIYsTzXC5cggQINCrgPDTq5jPExiSQPkQwnh3VVOXtdrVFZu2r7766nTy5MniXy9YsCAdOXKkEaFuSJeOnyFAoIOA8OMSIVAhgW4fQtiEZa127DHLtWzZstZDC88555z02Wefpdi/5CBAgEC/BISffkk6D4FpCHSa5anz3Vq9sMRTpffu3Vt8JZ5DFC7ezt6LoM8SINCNgPDTjZLPEBiAQLmXJ+5oavdMnvg///LdWjkEgOXLl6ePPvqoJf3BBx/UftP2AC4bpyRAoA8Cwk8fEJ2CQC8C5R1bsZcnAtCpx+joaCv09HLeOn/2vvvuS6+//nqrhNjwvGbNmjqXZOwECFRYQPipcHMMrVkCcbdS3KYeSzmnHuWrJmIWqGpvUB9GF84888z0559/Fj91zTXXpP379w/jZ/0GAQKZCgg/mTZe2cMRiJmdeBDh5s2b2y5txUbeCDyxgXnevHnDGVTFfuW1115Lq1ev/tuoIgCWIXD8f77ooovSBRdckObMmVNsgq56UDxx4kT67bffBiIegfncc88dyLmdlEDTBYSfpndYfTMiELdr33nnncWdSu2OeG5NLOvEBt/cj3379qVrr7122gy9Wn733Xfp559/LgJUGTyjb+2WIqc9uCGfoF14PP3009ONN96YFi5cOOTR+DkC1RMQfqrXEyOqscDOnTuLWZ6JlrYi8MQm5qrPWAy7BQ8++GDatm3bsH82y9+LzfMRFOMvQriDQI4Cwk+OXVdzXwU63bUVQSde0xChx9GdQGwKL++AK/9zOL/zzjvp7LPPLsJjzNIMakmpu1F296kzzjijmFmKf/bj+OOPP9Lx48dbe6Smc85wjGXXeHWIg0BOAsJPTt1Wa18FygcSxkxPu6WSWGK46aab0v3339/X33Wy9gLtZts6Wf30009p/vz5rY/FrEgT9l6ND48REuPvww8/LJb52h2zZ89OR48e9TDJTheMf98YAeGnMa1UyLAE4v9I4q6tdq+dKJ/NE8tblraG1RG/04tAhMT4i9A+fuYsNpJHAGpC+OvFw2fzFBB+8uy7qqcgMNl+HndtTQHUV2ZUIGYrY8nrxRdfTGNjY8VYYubr0KFDMzouP05gGALCzzCU/UZtBTrt54kHEsYsT9yq7iBQR4G42+76669Pv//+ezH8gwcPpiVLltSxFGMm0LWA8NM1lQ/mJNDpKcyxQTRCTw6vncip77nWOjIy0prxue6664r9QQ4CTRYQfprcXbX1LDDZC0ZjP49b1Xsm9YUaCKxcuTK9++67xUhvv/324q46B4EmCwg/Te6u2roWiKcwxwbmdncM2c/TNaMP1lRgw4YNxf6fOOKf8WgGB4EmCwg/Te6u2iYV6PTqCft5XEC5CAg/uXRanaWA8ONayE7Afp7sWq7gDgLPP/98Wrt2bfGpTZs2pccee4wZgUYLCD+Nbq/ixgt0s58n9vR4zonrJkeBCEBxCD45dj+/moWf/HqeXcXPPPNMevnll9OPP/74j9rL/TxePZHdZaFgAgQyFhB+Mm5+k0vvtLQV+3liY2evbwJvspnaCBAgkIuA8JNLpzOpc7KnMAdBPJ8nQo9XT2RyQSiTAAECbQSEH5dF7QXKF4zGrerlm8DHF3XhhRemyy+/PL3yyite3Fj7biuAAAEC0xcQfqZv6AwzJBCzPBF4duzY0XYEK1asSLGXx6snZqhBfpYAAQIVFRB+KtoYw2ovEM/mKd+o3m6WJzYwR+CJP0tbriICBAgQaCcg/LguaiEw2W3qUYAHEtaijQZJgACBSggIP5Vog0G0Ezh8+HCK107Esla7WZ5411bM8MSzeczyuIYIECBAoFsB4adbKZ8bikCnwFPO8pRLW0MZlB8hQIAAgUYJCD+Namc9i+km8JjlqWdvjZoAAQJVFBB+qtiVDMbUbeCJO7XKvwxYlEiAAAECQxAQfoaA7Cf+EhB4XAkECBAgUAUB4acKXWjwGCLwPPLII+mTTz5Jx48fb1tpLGmZ4WnwRaA0AgQIVExA+KlYQ5ownHj4YNyaPtFdWlGjwNOETquBAAEC9RQQfurZt8qNOgJPhJ34iwcRtjtmz56dbrvtNnt4Ktc9AyJAgEBeAsJPXv3uW7URcMYHnolOHDM8IyMjafny5empp57q2+87EQECBAgQmKqA8DNVuQy/Fw8aHL+kNRFBvGKi3MOzdOnSDKWUTIAAAQJVFhB+qtydCoytDDzxAtHYvDzRsWjRohRBJx4+uHjx4gqM3BAIECBAgEB7AeHHlfEPgVjSitdKdBN4yreme72EC4kAAQIE6iIg/NSlUwMeZ7d7eFasWFEsacUsj8Az4KY4PQECBAgMRED4GQhrfU5ablqOWZ6JjjLwROiZN29efYozUgIECBAg0EZA+MnwsujmtvTYwxNvSxd4MrxAlEyAAIGGCwg/DW9wWd6+ffvS448/nr799tv0ww8/tK06Ao89PJlcEMokQIBAxgLCT4Ob382dWuVt6THLYw9Pgy8GpREgQIBAS0D4aeDFEPt3yqWtduWVgcdt6Q1svpIIECBAoKOA8NORqB4fiHdpxe3pE71eYu7cuenSSy9Nq1atKl406iBAgAABArkKCD817nwsa23ZsmXSF4iOjo629vG4U6vGzTZ0AgQIEOibgPDTN8rhnKibBxDGslZ5p5Z9PMPpi18hQIAAgfoICD816FUEnu3bt6c9e/YUszztjniBaNyWHqHH6yVq0FRDJECAAIEZExB+Zoy+8w/Hu7TWrVuXdu/encbGxtp+IR5AWN6e3vmMPkGAAAECBAgIPxW8Bvbv35+eeOKJdODAgbajs4+ngk0zJAIECBCojYDwU7FWvf322+muu+76x6jmzJlT3KV17733eh5PxXpmOAQIECBQLwHhp2L9uuyyy9IXX3xRjOqss85KDzzwQLGPx8blijXKcAgQIECgtgLCT8VaFzM8J06cKEZ18ODBtGTJkoqN0HAIECBAgEC9BYSfivXv/fffT1u3bk3Lly9PTz75ZMVGZzgECBAgQKD+AsJP/XuoAgIECBAgQKAHAeGnBywfJUCAAAECBOovIPzUv4cqIECAAAECBHoQGGj4ee9f36Zf/vf/ehiOjxIgQIAAAQK5C/zbnDPTfy35j4ExDCz87D36P+mx//5kYAN3YgIECBAgQKC5As/fNZJG//PfB1Kg8DMQViclQIAAAQIEpiNQy/ATBVv2mk7bfZcAAQIECOQpUNtlrzzbpWoCBAgQIECg6gIDW/aqeuHGR4AAAQIECOQpIPzk2XdVEyBAgACBbAWEn2xbr3ACBAgQIJCngPCTZ99VTYAAAQIEshUQfrJtvcIJECBAgECeAsJPnn1XNQECBAgQyFZA+Mm29QonQIAAAQJ5Cgg/efZd1QQIECBAIFsB4Sfb1iucAAECBAjkKSD85Nl3VRMgQIAAgWwFhJ9sW69wAgQIECCQp4Dwk2ffVU2AAAECBLIVEH6ybb3CCRAgQIBAngLCT559VzUBAgQIEMhWQPjJtvUKJ0CAAAECeQoIP3n2XdUECBAgQCBbAeEn29YrnAABAgQI5Ckg/OTZd1UTIECAAIFsBYSfbFuvcAIECBAgkKeA8JNn31VNgAABAgSyFRB+sm29wgkQIECAQJ4Cwk+efVc1AQIECBDIVkD4ybb1CidAgAABAnkKCD959l3VBAgQIEAgWwHhJ9vWK5wAAQIECOQpIPzk2XdVEyBAgACBbAWEn2xbr3ACBAgQIJCngPCTZ99VTYAAAQIEshUQfrJtvcIJECBAgECeAsJPnn1XNQECBAgQyFZA+Mm29QonQIAAAQJ5Cgg/efZd1QQIECBAIFsB4Sfb1iucAAECBAjkKSD85Nl3VRMgQIAAgWwFhJ9sW69wAgQIECCQp4Dwk2ffVU2AAAECBLIVEH6ybb3CCRAgQIBAngLCT559VzUBAgQIEMhWQPjJtvUKJ0CAAAECeQoIP3n2XdUECBAgQCBbAeEn29YrnAABAgQI5Ckg/OTZd1UTIECAAIFsBf4fM1mZqPfB0MgAAAAASUVORK5CYII=','/9j/4AAQSkZJRgABAQAAAQABAAD/2wCEAAMCAgMCAgMDAwMEAwMEBQgFBQQEBQoHBwYIDAoMDAsKCwsNDhIQDQ4RDgsLEBYQERMUFRUVDA8XGBYUGBIUFRQBAwQEBQQFCQUFCRQNCw0UFBQUFBQUFBQUFBQUFBQUFBQUFBQUFBQUFBQUFBQUFBQUFBQUFBQUFBQUFBQUFBQUFP/AABEIAV4BLAMBEQACEQEDEQH/xAGiAAABBQEBAQEBAQAAAAAAAAAAAQIDBAUGBwgJCgsQAAIBAwMCBAMFBQQEAAABfQECAwAEEQUSITFBBhNRYQcicRQygZGhCCNCscEVUtHwJDNicoIJChYXGBkaJSYnKCkqNDU2Nzg5OkNERUZHSElKU1RVVldYWVpjZGVmZ2hpanN0dXZ3eHl6g4SFhoeIiYqSk5SVlpeYmZqio6Slpqeoqaqys7S1tre4ubrCw8TFxsfIycrS09TV1tfY2drh4uPk5ebn6Onq8fLz9PX29/j5+gEAAwEBAQEBAQEBAQAAAAAAAAECAwQFBgcICQoLEQACAQIEBAMEBwUEBAABAncAAQIDEQQFITEGEkFRB2FxEyIygQgUQpGhscEJIzNS8BVictEKFiQ04SXxFxgZGiYnKCkqNTY3ODk6Q0RFRkdISUpTVFVWV1hZWmNkZWZnaGlqc3R1dnd4eXqCg4SFhoeIiYqSk5SVlpeYmZqio6Slpqeoqaqys7S1tre4ubrCw8TFxsfIycrS09TV1tfY2dri4+Tl5ufo6ery8/T19vf4+fr/2gAMAwEAAhEDEQA/AOKa6wx5rkSsjZSVyOe5GzOamMhy1KouWduK2Wpk9Ce30+5u3GxDj1q0rENnWaD4RaV1aRcmqJvY7Wy8PpDgbP0q7CbudHp2jb8KF5rNozsdRo/hOe8YLHE2fpUt23LUbnofhn4R3V46vNEYxUuqoo1jRPX/AAx8MrHTUDSxBnz6VzObmzfljA7W1sIbNNsSBRS5LkuTZYotYkUVokIKqwBRYANDAKQBSATFKwBnFK9hjT1pW1GMY8U2rlIYT1ppWKGFsdKT3KsMaQc+tURsMZ/l60bFbkLPxkGhO4mrDNx9amW44jWcDPNNaK4tWRGUdc1V7iasMacY64qraE3I9wPes5aFx1GF+etEVoJjfNquW4rjS2K2UTJsXzOMU2BGSE5NIZ+Y3/Balg3/AApvH/UZ/wDbGriScpI0jnCgmk1oK5oWOiXF5xtIFZ8iFzHVaP4KHyl1596tITfMdjp/huKFB8gq0TsdJpmiHcAqc+wqgZ1ek+Br3UXUQwFue4qJTUUVGDkeseFvg1IyxSXEe3pkEVyOvrY6I0OrPWND8B2GlohWJSw7kVhNuRa5YHTQ2scQwqAfQVUI33Jc2ybpWqSRmLTtcApAFWgDNFwDNS5AJmlzXAWqQCE1DYwzTuIYfyoWpYmap6DsMZuaQ9iJn29elZttmiRBJLg1SfcGRNcAYGaOYViNrtApyRilcexmXev21uGzKoA6nNNJol2Zg6j8StF0wN9ovolx6EUpXY1ZHnutftPeF7Cd4Uv4mdc55HNPkk0HMkYMn7WfhxkOy4VQvUsetWqbRPOmMi/am0C6YeXdoynnINUk0Q2i2P2o/DQwv21Pz5qJQZcZIu2H7R+gX7rGl1GWY4A3VUVYhtNnY6X8RLDUVDJOh9s1pfuLc6S21SO7jDK4PtmnclrUuCUbBg1HNqVbQjYlu9aozPzJ/wCC0J4+Dv8A3Gf/AGxqkB0em+DEQAlcn3rNamJ1Wn6BHbqMID+FNqw7G/YaIZcBUyT7VtG1tRWZ12gfD+71RgscTAnuR0rJzSNIwbPYfBnwXWHY91gjuDXNKp2OlU7K7PVdI8K2emoAkS5HfFYSbkXzKOxvRxLGoAGBSjBIycmx4FbqKIFp2AMUJAFNNAFIAzV3AKkBKgAoGGafQBp5qOoxN2OKtdx2I2kqblJDTINtUO1iFpsDrS5rFWK0lwB1ND0BGNrHiOz0qJnuLmOIAZO5sU0r6iueP+Nv2kdD0KJhHOrSDI+8Oar2bYue254T4y/bgls1ZNPt1J/vM3T3rWFLUylU00PBvEf7WPinVp2H2ryYm5xG2CK63Tikc3PJs851r40axqTkS3cpx/FvPNYNJM1u2cjfeNZ7gkmQ7jnkGrUkKSuVD4zuolwZnP1NO6Js0N/4T25VdqTMo+tTuO7IpPHV2MN5zZ9c072AvaX8R7u0lWZZ23gg53VF0xcrTueseDP2htUsDHvuCUHYtUSjdGilY+hvhx+1Ok00UdzLjkDk8VCi0Upan0x4W+K+m65bKUnTcRn7woLudhb6vHcqGRwQfQ1Zmz82/wDgs3KJR8Hsdv7Y/wDbGriI9107R5LgqqISfYVCdjKKO88N/DO61FlLRso6ciolUW50wptnrfhP4QQWKq1wDJnnJHNcrrM6vZJbnpel+HLbT0AijUAdDisbuQnJR0RswxKnatEjGUmyXvTIFxVJCCrSAKLsQtNMBKm4xatoQCmkAHik9AEzU3GITSuMaW60XHYjJNQ9yhpfirvYpIiZjjipbuXYheUd6bZKRj63r9ro9u01xMsaDksT0p2bC584/FX9rrR/DTyW+nSC4nBK7geK1VPmI50j4++Jn7Umt+J7wl7x1hycIhxW8Uo6GDd2eP6z8RrrUxiSZnHPU1psS1c5HUtdkk6tmpuFjDuNTldhgn3ptlWFku2aMckmsZDID5rZIBz601sIhFvczHG00tR6CS6XcBhgGtb6CGyaVdcZzii9ybCjTriJc4OBUbO42S2s1xGe4FaJ3EbVj4knsWUh2THviom7Cbsek+DvjVq+kTx+XeSLGpBxnrUJXGpH0n8O/wBrPyolS5k54yCc5qrWHzHz5/wU3+JNv8RrH4WzwMCbf+1NwHbd9k/+Jpwd7jP1j8O/CnTdNKsULv6nFeX7RyO9U4x2O7sdDtrRAEjAx7VnysbnbY0kiA6cY7VoooxcidF49KtRM2ySrtYgBTSuAtaCEpMAzSUrjCk7AFMQtVe4CZpXsAm7NFyrDS/OKl6jsNL4pXsNIa0lA0iNpMf/AFqcUURPJxQ1cpMp3moJbxlnYKo9aaTE2eK/FX9pPQ/h9bupmSa7yQsYOapU3Jk86R8Q/GT9rXXfF7SRwvHbWxPEce4H8ea6UlEwbufNeu+MLi/kLSPnJyeTiq5rk2sc/NczXzDBJ+lQUh9tot/eSgKjbfXFTzJFqDZqw+Ar65OH3KPWquQ00zRg+G21fnZ6yc9TVQVrsux/Dy2QZZn+mf8A61UtdSHpsWD4WtY1xg/pTs7ibVhp8PW0fIFaEkMukQj+HNQ3YaVwGjRSLnbUxdypC/2LC6EMtU1ckozeHImOFSrEZt14VSZuMgigTVyhNoc1n9zJFKwWQtpPc6ewYEgjmrRDRxHx81ybWLbw6kzbvJ+0Y/Hyv8KmKs2Uj+jSKPAGBXkxjY9GTJ1XgVpYybJOlDJJEPFVEhi56U29RDqvoSIelJjANkULULCZoSsMOppMAzg0gDoaaARmpgkMJyalvUsDzV26gRuc1MrWLRHuzxUxa2KsMdj261oKxSu5/IiZicAd6kdlY+WP2nP2hD4QtJdP0+Ueechnz0rphHqc8pH58+MfiBe6/fSyXE7SsSTljmtm0jKzZwdzJNdSEAE57VhKRvFJF/R/h7qniCRQkEgQn72KzVaKL9k2eoaB8CGsIBNd55A4apdRvYpU1Hc6mDwxYaTDhYlYjuaizbNNEiheQRRfMqgLW8dNGYSRmzzo3pVONybmVdXiIxUGmlYl7GXcXO3OOc1qZlcTlyPSpuOxISrA03G61BaCowxgYoUUgbuK2McVVhDI8ZI4p2AaUUHBFKwA1vHMMMoNPQlGVqWjKw+RaZR4n8crE2R0UH+Lz/8A2nSEf0iqu0ivKeh2N3JAKaZArD0qugIVTjipvYTHDmnuSOB7VV+grCE4FMdgDA9KNgsHWrWqABmkAVKQCH8adgGk5oK2Gk4JpWGJu4ptjsRyHFQykQuwH/16ajoNy6EEk2O9GwHA/FvxvB4P8GanqM0qx+THkZOMkkD+taxTZMpWR+VHxk+IEvjLXri4Mp2MfkXPFdexybnnunaHd6tOkcEbO7Hjg1zVJqK1N6cHJ2R9DfC39mi41COK+1KIpEMZ3AV5TxLbsj0o4fTU9lfwvonhGBEs7dRIgwWbBzRFNmjtHY4XxZrkZHBC9cAV6FNaHBUlqeb6jrJYsAa35TFyMS6v2kUgmi2pDloZUsxOSa00RGrM+cbjkfMaV0wsyIxfLkmqvYCLyx1HQVKAYwLHirchD1jK96aQri7iWC072Ex+0jpTENcEkZpMLksaE1CEiQpxgjmrKPDf2k49jeHj6/aP/aVCQ0z+jAnNeZudQ9eaEiWKQB3q0hDaloYKeKEDAsQabHYUetLUQuMCpd7iDNaIBQ3FArCFqY7DS9K5Vhm/FK5VhjyCqjqJ6DPOwKrlQuYjaTcP6UmUmVpnKipvYdjI1nV4tNtJJ5XCIgySe1NK4N2PgD9rP4/N4nefRtPmBs0YB9p+8Qf/AK1dlONtWcs5X2PlLRvD9z4j1NY41Y72646VhWqqGppRg5aH1P8ACj4S2fh22iu72MNIAD8w7140qrqs9eFNU1c9P1fxhHaQmK3xGAMELVU6N2OdVJHmmu+JpLmRuSRXc4KKOL2jkeda/dyTSEknHPFbQWhhPc5O9yxNaJsyauUyuYznrWlyWio6kA56UtyrpDYIA7VLjbUakgnttvAqrXJbsym8YVTmpSsG5EMeozRa4hTkGtk2RZDW+UZ70DFVv3ec1SJY5Dv5amFiZZMUtiepMG3AUxs8M/aZGD4c/wC3n/2lTYRP6IpNRghHzyAfWvJeh38tyxFMsi5U5B7042ZLjYfvq3oTYXIqbgJnBqQFJBFWhCF6Gx2AtxRuFgySKewWEDY4qkhgWFILEZJPSoZaEzxRZgRO2e1WnYlq5G0gFO9hWI2kAGahlWKl3cLsPNTuVsfIv7WHx9g8P2M2g6dck3TAiUoD8ntXVRhbVmFR9EfCMcN14p1bau6V5XLcmtKlVR0JhScj3X4d+FrPw2FknQNc/wAq8ibdVnpwSpnpc+ttNCEi4A7CoVNQNHU5tjFuLae6zhSQe9dUJJHNODkYl9pRtyTJWkpc2xlGNjjPEMUYYbSO9XB2RM1c5e42DOTmtOYy5Si0keTzxS1HZFWSSNnxmtU9CGtSTzIYFzuGaadyWrGXdalH5h+bHNJuw1qZlzq0RBw1FriuUG1qGM/6wVSjYTIX8Rwk43j61pYQ8axFMn+szSsS3YVNYiU43g+1VYm5YTV4mGNwoGX7e8jK/eBoET/aQOnOaBnin7SpJ/4Rz0/0n/2lQNKx+qHjH9oLUMGRZvKXPCKa5XBWsdCqWZ7P+z98YY/GenR2txOPtKLjk9a8Zz9lOzPTlFThzI9wScMuRzXcqiaucbiOD9+1NO+4miQSU0ibCGTIxTegJEbOAakokWTjigmwFu9O47DA43+9Um0FgaRT0NXoSM3EVFy0iJpCpxTFuRu5H0pBsQyOFpMZBJcg/LS3DY4X4oeObbwR4Zvr+eQIY4yVz644rSnHUmUlY/K3xj4juvHHiu9vJy8ktzKX5PQZ4rtqvkhoc9P3pHX+DPDsWkRLNtzM3f0ryLuUtT07cqPQdLtZJ3B5qr2M0mzv9E8PGSIM3T3rnlK7OpRsifVY4NNi+ZlBrbluZN2PMPFPia3ikYbwT9a6FE52zzPWNdFxKSrZFdMYpo5nLU564vS+ecijkJ5jOkvdjkE81VrE3u7lSW/KsSKB3KlzqZK8HmrSJOev9XaPdk4osBzt7r7AkBuKaIvcyZtbc5O79aoV7FJNacvgtxQWncuJrpTGGNApFu31rJJL81VmzLYuQaq7PndxUOyKvob9jqZ2j5uaE7kpm1banu6miSLTPKv2ibgXC+Hj6faP/aVJKxofYHjHX/NuPKDcA1PQDrPg548ufDGu2ksTnG4Dr6mvn8fQc/fX9bHqYaprys/SPw/q4v8AS7W4/wCesSsR6cVnhZXjqbVo8srGut0CMV6Cl2OVoctwCQAaqLJaJBNitCLIJDvXpRa49iON8HFSxon38daqInoRs3PFOW4kNyQfSgYF6Erhcid6skgZ8E80IT1Ipj8vWoRRj6lfC2jLMcAd6VtQvofE37YXxVbU5YtDtZSFVsuF6mu6nHQ5Zyu7Hz94S0DcftMi/Meeawqu+hvSVtTv9OgDOq46VySVjrUrnb6HDHbbXkIAHrXNJtm8ElqaGs/EG10iEqkiqQPWtKdJtkVKqR5F4w+KT3bsEkwPrXoKFjz3UueY6n4jkupSWk4PvWnKZuRQF6Hz82atKxD1Ee6VUzmmBlzyebJnOKAI3cbCD1FOwGPd3YQnmqEzlNZvjlsUmFjlru7cihEWMqS8fcBRcqwya4ZF3A0XGhkOoO5BHbtTEy79pdMEE81SdjGSua+mXjsADXPZuTYkjpLWUhc5reMblaI07e+woJND0YXueefGu6+0ponOSvn/APtOhu5cOp9N6pqRvL53zwWrJmh3PwzUXGpwu4JCsDzXFW+Fo6ae9z9GvhrfST+FbGST7zLwD2FeBhrqTR61TVXO1jlOAc16djkLcUverIZMs3PNa3M7FhZNwq0ybETsU5oeoyVJwwFSgYpYelWIaz46mr0ZN7DHkB9jS2DcjaXt0oV2HQgZ8EGnsG5XuZeDU2sO55v8UvEY0PQLmdpApVCRmrjG7uTLRH53+I71vGnieS8kBILE4P1reUuVGUY3lc6G3gWzgVQMYFcqd9Tpehbt9Xg05WldhketRKLkylJRRz2vfFaO2BjjkA/GtI0SJVuiPKfE3xMe6lbEpPPrXUo2OZybOOvfGLzPy3WrJK7eImYAFqANGx1cNHy2c1IFpb7IxmmA2Sfoc01oK5HJcgx8HmqGYGpT4yQaCTldQm3FmzQUYs7h80AZlwfmwOlZMaGeWSnPT0poksWkPQBasbNmDSmdcsKLkWNey03GOMEUIDat7PGAelbRfQxmupZaz8vnBxUzTsEWeZfFsENpf/bX/wBkrKJvE+j4phNNnNS9Cj2n4PaV9p1CAY+ViF/GuOu0om9O7Z+gXg2A22mW0ONoRQoFeNQXM2z1JPQ66FjsrvSOZlyGUYx3rSxndk6n5utWloJssB8DjrV20IuIzblIxUJ3KIUYqTitNkTckWY0twuKXLDmpuNoiZsVotSSNnzyapIluxEz4+lKSsUnco6jcCKItnGKhaofU+Rv2q/iCIYF0mFyZJP9YA3QV0wjZXMpu7sfPnh2wWOIy7cZ5FYyldmsY2Vx2taqLWM89KSQ9zzTxN4xZVcB+K3ilYwm9TzDV9ckupGIc4PvWhmc9c3ZbJJ5oAzmuzuGT+NArj/txHB4HrSbGjR0+/OMZoA14L18j5s0LcC0LpsdeTV2FYRbg4POaNBmffnCmhiscXe3GJHUnualvlKSuZssoXvSTuD0K/nbu3NWkImiTzMA9aW4G5ptoGIyKdgOgggGAMdKERuaEVsRjApgadtblBlqcHrqZyVx00nGK13ISPKfjH10n/tt/wCyVkzeB9CaFA1zeIoGQTXLN6Gq8z66/Z78LR3GpWZYDCfO30rxsVUajY7sPC8rn2PpSLHGigAAcVnQvY7KhsRP0FejZ2ucN7lhHwKlMponSQjucVomQ0WUfK9aal0Ja6jwd3U4qHKzGloISOwq9WLQYW2tVJ23E9RS9UkS2RO+W9qpoSI2fNZ3sXoyCV6q/cLWOI+IfiJNA0a4u5JNixKWJNVBXZMnY/OLxL4quvHfja9u5ZmnSSUlAecKD0FdU2owsZRV5XOnZk0+xG7C4Feaots620keTeM/ETCSQKxx9a7oqyOSTu9DyfVtUkuXcljj0qyDn7iUnvTQmUpcyd+KYJFN0bPtSuhjmIC8tk+lTcdh1tcGM8HioW42tDXs7pnNU9BI1rWUlsHmmtRPQvrBu7flV2sBFd6a8iHA4oYHDa7pbRu7Y4yahq407HOtGQcHOaaVhPViqowCOtDAv2zKoyQM1GpV0alld4GB+FaJkM1bO5dW5JNUJG3ayvLjk0yWaTPJHDk0CsZU8xD53H6UirHnXxaff/ZPOf8AW/8AslBSPqjwPppubpCBxmuOWm4pSsfb/wCzxoqW1tLcMM7lCjjoRXkYiUak7I9XD3Ubn0HZkBRXRTiorQ0k7mkjhQOc10Xuc9rE8b8A0cqC7LUbZFOKuyJPQtI4AqmrbEJtj9wNQ1cvYQsACPWtErGe7GsRSWruN6KwzzBmtbkWI3cAZAouOxEX4JzzWUty4la4l2AnPNOwXuz5j/a+8c/2N4Q+wLMYnu5Nm5e49K2pJ3uZVXpY+PPAcJa8aQ5IB4J61FaV2aUloavjHXBFG0e7GKdNaXIqPWx4rr18biducit0YnK3UO4sAOtNgZ8lpk4oTArPahFNDAybjcjEVA1uQGPeMk0blvQjSTy5QvamlYlu5u2MhcgYxVMk6XT7XoTzUrQe5v21kDjirWpL0NCWxEcGcDGKohHn3iWDJk44yeKTLRw91ByeKjUZkSz+XLt70mBZhuR0Y1a2I1J21mG0X7w4oKZJF4rBYYPFFwRu6b41it2UuQB607gzfPjKC+TarKB7UEldrxJSPmBplnCfFBix03Pbzcf+OUCR9ufDnS8yQnGSSK5anwkxXM9T7k+FGm/Y/D9uXUB2AOc185GDlUue5H3Y2PULT5UHevVgjKTLsYzg9q2sZNluCQdKbRCZZ3jGP5UbBuTxuMVe5GxKrjvU6Ip7DXfJzWiXMjJ6DWb0PNNRsDdyPoPepS7juMd8HjmqshXImJPtUvUpaIp3b/KaYkfBX7aXiP7X4vtNKVg8cEZkYY+61b09EzKe55F4VuhpunPIR8xGAa52uaRvF8qOS8UakbiRzuJya6IqyMJO7ucFdEvKSe5qtiSrJDlCcUtx2KrwZUmnYm5RuYggzQMy7m3RgW70rAZ6lBnIzTSHe5TmwZBgdKb0JZuaUQ4Ud6TBHZabAVQZqLM0urHQWY2hc9BVrQh6l+5lEkOB0qrkWOQ1TThPK/HegrY5HWtD8uJmUUWC55vrYFuxbOCDSaEm2ZJ1F5OBnNKxRWm81jlyeapATBxDBgH5vSmBAJ5ZGC7ic9qT2E1c3tPkktwoyayi7k2aNMavJHKvzHIrYq5meL9SbUEsg3VN/wCu3/CgSP0k+GGl7ru3UDksAK4MQ2oaGlJXkfa3ha2WKwt0C7dqgYrxqF+p7EtEdZCQo4616cUc7LSscdSK2ijKT7E8L9KpohFhZMt1qLWGW42AwPWmiXoyTzAKmxQuVPJNaLQhq5EzDdn+VWidiNrgDNS00NMieXPehDuiLzGI607CM++uNqHNIND8yv2l/EZ1T4x+IUC4aC5NupHoDXZZKlcyteRy0MjR6aMnAxXDHWRvPRHF6vcbpyDyK6b2OYwrkgyZo3GiORt0ZxTSsNu5TfIjIzg1SZmZNydoOWzTKMqR8A88UgMeeZlkOOhovYBqRsz0mB1fh3TWd1OM1KGd5aWTKoyOKoRfT5PlpDJdoQfMetPckzruD5iRVdCTl9ft5HhZVXtQhJHj/iHSZZrps5wDVWGmZkemCBs4JNIssSWIlQkelArlJdJbd357VN2MuW2jDfmm1dE81jSSwKMBg0ox7Cci7HojSMrbSaoE9DI8b6W2mpYFhjzN/wCm3/GgaP1Y+DeiCfV7dsAqp5BFebWfunTh463PqzSYRGoAHTtXJCNtUd8pXNqFQOetdUbmTtcsK4IFWmZOyJkO3kVqZkqHDe9KwXLqMGGe4qdnYNxwbJ+lDBMGbj1pasptIiaTBxirSsRuRvgmncLWIWemIYZSoJoiD0MTWr1ba2llY8KpOc+goe9hpXVz8tPHt4fEHxH1y5PIm1CeQE9f9Ya6KkeWNjGLbkS6xbfZtPVc9BXJTWpvOV1Y89vELOxJxXQ9DnM5YzM+3vmpuilroN1SFNLtvMkcZPO2ri7g1Y4vUvEQUnb/ADq7EmLca+7/AC46981NrAVHv5WB44oYFOTUCD93moWo9jW0CCXUZgAO4qJy5RxV2e0+EfCMjxJ8pLHtioVTQ19nqekXXw6n0zTo7mb5fMGVBFOnPmYVKfKjk7rTRA59a33MDMuEbdzTAhDiT5TTTFYjudLjnibJGaoVjidd8LoSxAz+FO4rHFXvhp1kOOg9qRRTOjPEwzn6YpCRLHobO2Rx74pDNG10AowLEH8KV2NpGzbaFFIVJGD9K1i7GMkbtloka44z+FaNJknBfG62W3XRAoxnz/8A2nWTVjWJ+svwU0cRxec3fkZryK972PToaI94089MdhRHRWG97mpGxArTcnQniAJz1poh2ZMjc1prcjoSKcHJNUCRchk+Ws92FrDt+T1qyRSd2PanZIV7jGkwat7Epke/NZmhEzenWmhtW1K0xP4UdRXucZ8Rbk23hbU5QMlIGIHvitEtTNysfmTbRC98U3E2TlpXYj3LEmqxEuayFS11NTxY+yNUHQCs4Rshzep5xqM4Xca0e2pmZNtfiCRpWGQKya1sjRaI5LxXrMt6zYY4zzWqViW7nFXUzb8Zq0SRxGSSQZGRU3A1GhLIAozSkUlqNTThIwBXmpTBo9H+HPhvdMWZemKyq6o0gtT6j+Gnhe3lkSSbaqINxJrzpyeyPShGyuaHxG12CZBGjjZGNqgdhXXQ0OSvqeP3MhmlY+9dpxFGe18wGtEBjTRNDIwHY1m9xgL0AFTWiZFhkkKSoSQDmqWpLkzLudEjkUkKN1TYd9DEvPD4Gfl5qnsQtyhNpphAwOKzLGwowPSmizSgBBBxVCsbFvchCvHNK9hWPNvj0QRoRHfz/wD2nQncaVj9jPhpYC10ODAALDPuBXiSlzSPVhHliek2J2ryetapMzbNJH4FdKRlexMjZGBTSsS5EkZ+bmr2JJwwbpSLRPF933qQeo8NiquTYUyMpznikFiJnw1VzEcvYa0mKtILjGfA96kdiKViQaLAeb/GO7a18Cay6kqRbscjtxThdsznsfnT4Mha4v5mZfmDEn86VZ2lYdJXVyx4wYBW9K0jsS9zyrU3LuR2obA5vVLkwxlVqUPU5x4pLgtxViMp7EmY5XNO9hF+DTQFHHNJagaEGn5Tp81FgNLStI82cDbk0nZDWp6z4R0r7JGMDBOK5amp0wXKd9H4om0u38qNymRg4OKyjSu7m7q2Ry+sa3JdsSz5zXbGCSOKU22U7WVWHzGtFEzNS3hiljbkZq0jKTMLV7HIYpQ0EZHLzxujmpsak9nKx4PNNMho0hbkrTJ2KlzBkEsOBQPcyLq2WUHApMpIqrppFIonittowRSAtJahSDik1caPM/j2MLoPp+//APadOIM/abwxbiz06GMDGFAryorU9Js6m0k+Udq1Rky+smAPStE7mbJ45uK1iZt2J43Bwc0mUtSXzB0FTctIsQPmpeoyYuM8CiJL0Inbn+laIm40nP4UrWGN3A1VxJETNuNKwMR32qc1SRLZ5Z8c50HgLWFfo8LLkduKcFqRP4T4S8BaZhJn7nrWdbWZrRS5DI8bRMrsoHc1qtkYyWp5zeabJICdp5poTMmXw6zgs4pgZtzohTOFxVCKqaKpbkc0nYCX+yhGelGwFq104u4AXii47XO48MeFTKwfZXJUnrY6oRsrnbJBHo1uzSgDA4BqbXY3scJr3i3MzbTxmuyKsjlb1Mhdf8zktV3JJBrrLjDfrQmBct/FO3A3iqE1c0k12GePlxkim3clRKmyC8f74pFln+zo4k3BgT61NhMri7EWQxyKtOxm1cp3N8rgjtSbKSIvldB0pbljQgLYzTAf5RLA4qWBaij3UAeUftCx7F8P/wDbx/7SpoD9rNOi2RICO1eVFdT0W9TbgjAUZrZK5k3YtqwK1rZIybuSIcnNUmiWiwCFxzz6VGrZS0Q9ZATzVOKsCZbhcBetKxdyZWBB55ppEN3InJzmr0FqJu3DFQ0UiPdipsNCFgT1oUhtaFeR8fStbmNrHlHx/k/4t1rQH3/IYA5x2NFPSQppWsfIHgSwK6MrkEl0By1Z1HeobRSUNDN8Q6GbmZhtJyfStdkY6tmQ3g6R4wFhZvwrJzSNVTuYereHJbRDuhIH0q4SUjOcXE5G8sxkgitkZmU9mPMzQ0A42XmkcVDZSVzZ0TRzJOo2Ej6VzzZvBWPSdN1XTfDtufNZPNx0JHFYKm5O5u6iirHnXj/xst222GQbST9011RjZnNKV9jzS61TzWPz5roTRgU/7W8s8PxUSKW5KNbV12hsUk2U0VbrVxAufMx+NaXIKX/CaeV0l6e9O4izY+OysgzL+RpNgdZp3jYXChWlHPvRzDsac2pJLDuVgW9jRcVjHk1Vw5U02BoWd4HAyfwzUgaUZB5Bp3At+YpUdqVgLFswz7ULQDyj9oz7nh3H/Tx/7Sqk7gftVZPwua81Kx3N31NiJuM9quJEhxkwcA1tZsyLMb7QKjYe5IjYHPWmpDcSWNgaq9ydi7Fhl64xUopkisF46mq1JvYGfnmnawc1yN2GOoApMY1V3ZqntoTfUZINorDld7l30InPBzW6ViGeWfGqEz+F72MfdaJsj8K0p2uZS1PmLRrQWWjQJjBCAfpXNKXvNnTFWSRGkEc02ZMAVzyqSOiMImg01jaw53LuArOLcnqXKy2OD8U30V4XCgAV201yo46j5jzLVNPYlio4rZSMLGUNOPUii47DhbCNqiTKijXjvo9KsXmBAbFTy3L5uU8y8R+LJJZJGZzjPrWqXKZO71PPtX8WGRwofpUSZcVoVodWE6g7/mpxZEtyY3IYYzzWhJD/AGgsbEE8VL0KRl63rIaIhevamtRM5d7iRySXNaWES208wcFSTSaA6rStRkTBYkGsXe+hpHY6/SvEIlwhPNVFWIbubFwCYvM7mtWIitL11Iz0FSB0VpfCSNfWnYDSim3YJIqhMuRzA42moaBHl37Q7bo/Dv8A28f+0qIjP2rtMkjjFeW23segkascnAWt4PuZTJUVR/8ArrVyfQhR6k6zLisdeoPTYlUhuRVpcwNkqdc9K1UbENlmNz2pNDT0sSkk44pomSF3Z6+lTKTLihhGT14ojqJgH25xWpmyJmLdaTsNDZeV9Ki5TR5r8XW2+Hrg5yduAPWnBszaPnG5t9kGAMADispLU6Voji9c1BrVmVTg+1VyJon2lmcvcatPI2NxxWShZmjm2iBEa5YbiT9a36HPrcbqVlEkB6ZxRG9y5WSOTu12thelNq2pmnfQzLqXYOvNULY5/XdUP2crup2aYN3PLtcuSxf5qtq4J20OE1CF5ZMqaVgvbYfZLKgzk1PLqSy/HPJuwQaGmUmE8cknKgmkwTM+406WfsamMmmW7DV0J1QMwJrRSbZmyVbPyMHbiqTETJNucDpipdh6nTeHbX7TcLt65qlqI9Lj00vZ7duTirAxp9MkgOSO9TYWhPFciFAKewy7Belsc0XJZq2lxjB6+1MV7Hmvx5mMy6Fnt5//ALToKWp+2to5JFeVyu9zv5jTTHtWyM5Eq/N1ODWqXUi4oQk8c0ONxJlmHKAVCdmD1JTIckgVsnchqxatX3DJFJhFlrcAKSZbQIcdqVrjI2I596VrCAKAvJrRMhoidgDTtcSdiN5Moc1DRd7nmnxYdf7JZSeWOMVS2IejPnrxBfxW1uygjI4rNLU2ctDy3VpGuZmI6E1rexjYypIhFyaymi46DJL1II8g81KuW7GNqGotMp54roijFu7Ofub4AkfrTauIydRuN8fB5osgOP1qR5EIBzTEcFqiNkhgc0XuBji2BfkcVLkVbS5YgsxvxtwKdyS9DpBkcfKarSwGzaaEMfMtTYCdPD8ayEleKaQmy8fC8c0OVTtQJMzpvCKsCCKTRRTtvAG+43sePSpauVF2Ow0LwzHp/IWtoRuZykdlZW4Kg44FW4u5HMVtSsFmB2qKlqwJ31OZvrIxZwOlItFWCXaQp496zsNo17e5CgY5qwseb/Gm4+0f2N7ed/7JQB+4VtgAGuPlOpyLiyknAqlGxLdyeE9z1rQmxZU++Km9h2uSK3I56UkluIeHyeKNhFm2bBpt3BFtuRmnGw5XGhhjrTYkxnU5qGUOdh0NC1EyrKdx45rQzQyVgiHoKzbNbWPEvjPrIiQx7x8pzVRWhnJ3Pm7W9TNzKygnBJp2BXuY8qKqZOKjdmuyMHU5lGQDVNEXRh3cwVetUlYlsy7iXch5p3FYw75winnmmIwbi5ZlYZoYyibVplPGTR5AZt/4aMyZK80rhYxv+Eb2S4YZFJahqieLRgjY28ChoE7GrbWcSR42/NVLYRZSJUHSmK45QHcDHWhgzWtQqIB2prUgZPb+Y+V6VQ7tDUXyjgDmjlsCkadqpK8iqT5TN6l6G4WLA9eKvmuxWJWwzfWperKWhQ1KzWSM4+9Q1YLnKXlmYpM9KzsacwscpiANSxp3OA+L0gkGkHGD++/9kpoZ+49oDtGeRXJF9zoZciBJzVaiVkWFDA+1NSTdiGncsx42knihiUgD4YDqKu2gr6k64H1rMpsswk5q2tBJlrzPlxUxRUndEZbJrRozWgoOenWoaNExrMp60RRMmNAHam5W0JsUNTbbbuV64rN6stHy58aNX/0542Y7xnHtW60RDPDLi9kMrHORmkwW5Qv9SYRnmlGzKk+hgT3W/JY1oQY99dAnGaAM+WfKcHpU2KuYt7cBiQaexJl7fMk9qLgbFlYfLuI4qG0ikhb1VUYC0i7WMWaIF8uoFWvIzd+pQvJooOhGaoRnf2vEjEbhmpuAp1YNwD+NNhoVpdeEJPPShASWviwEfM2KpMVjTt/FMR7j8aoGrmvp+oQXh4YUEWRsrt2/K2aAsZl5cPA3XpzTT1E0NsteJkIc5xTchWLp1WOQ4OKV2yrGfqO2QZwKQzKf5FoA89+LTBhpOBj/AFv/ALJSKR+5ULfJjpXmRbudUlqXY3wOa64q6MW7FxGDIKUkkUtdwDZbHQU9kQyVFX8RVa2EiVMZqOUp2ZbiGeTSu9gsTHAFWhjD0zVGY1Hy3vSZY5gNuelTcdiInFO1yblHUlL27bTg461nsyk1Y+QPjarx69Kpb5cZ/WutK8TI8ellAJrnkaxMfUZMg4qY6FNXOdvr8QjB61sjJmTJdCQ5JzVCKNxdBCeaAMaefdJ1/GpY0WLNVZxk5rOV0jVJXNuacQwALioir7jm7FWPE43McCtHoQjmPFmuw2BCIwJ56U4Ckzz3UPELzOcMa0IMl9RkEnLGhgW4tYbAwcmqJuVbrUyHJJpMooLqjhz83GaEgJE11lfAY47GqA19P8UPZEEOfpU3sxWOt0bx35rAM9O6Cxvy6mt3EWVuopiasZM10I+d2DSsIqxa2wlwW+XtUt2HY1YtXE6bd2atakyEMjN9KbEmcJ8Vvu6V/wBtf/ZKRadz9zY1UjNeYkzsui2i9MHNdkDCW5YXKkAUppsSZZjRWXOeahX2K9RCuG4PFarQnfYnUgADvRuLYsQk1DjYtS0JlbceTRFMTYStjp0qySNT8xNKS0KQ+RgRUxYSK+TVvQncraiCbZselZXuyrHyd8dLcC9dm9etb3siLHgN5ceXIwHIzWb1NErGFqV6OapITkcxqUnmqSetN6E7mK975bYBpLUNirPPuzk9asRXcDGQeKAJra4SBSxPPpWckUtCCXXjLLtzwKcVZBJ3ZBqPiRbC0YBsEj1ptJiWh5lrGrve3DEknJNSo2G3cyZZQikmrJKDXJY5/hqC0tBTcMoypxVJ2JGSNJMMnP4UuYaQsFpKVJIJzVEsJLGYLwhpIZXYTKdrKePaqshCw3k9tIGBIxRZDudXpnieTy1BY+lC0JZoXGrCWEsWpjMY6q4kPzcUgNvR9UJPJq0Szp7a5NxjHSk2JI4/4ptuGl+3m/8AslBZ+6SJjFcsVdl8xbiPatbWJvpYsAHaMU2wRJnZHk1KKbQIdy59KpEkgkB4wc+tMWxYh5HWs5MqJY428UosqS6jSScCtNydhdpB4oaFcNvBzxU2G2ROMdaUn0BIp3jfuW5pKI2z5d/aDCR6gsW4qzLu9mrVbEHzZqjqkjj3NS4lJ2OS1CfMpFNJoTdzn9TuCgwOlPcRhyMXOe1NaAVpZSo4POaTdxjTcnZz1oQGdd3+wFd2DSuIzhefvM7vxqgOd8Q6uSxG6jRAcw17lj1NJsdhDDNejCg0rga2l+G7i4QKy80Wu7jv2N6y8Bbl/edD1FAjWTwPBEnTNVyiLFt4Qi4AWqsBqjwdapAcqKLEtmVc+D7U54FNrQlS1MG98LRKxUKPqKlIts5nUtHms9xjB49KT3Dcyzc3IjIINMRAt1IGGeaLFHQ6bqCoVyMUkydzsdNuiyBlNA9jn/iW+9NLPf8Ae/8AslWCdz93FXpzWCjyhYmSMjr0qrjLKOQu3HFCQ7g8g2YxQIarMVPGKYD42yeaALsbcYqWikSg461PKO/cTzBnIrRaEEgkz2rOV+hSGyP1AqkSV5CxPBpbgVLkEoaq6Q9z5n/aSiJvbSVVIABXmqWqEfLurH/SH+pqCtDldSG0k00JnL3xZySadhGS8pQ4PNRzFqNyu7ZbJqvMVtdSC5uEiQnOSPSmtSTkNW1UGQ4zTsBm/wBuBEIyQaG0gMS7nN1Mcc56VL1GnY0tE8PPPKWfG33pNDudbZ6RbWRG4A1SRJvWr2sYwBg1QFiTUYIxjoaQEbaxCoOWzViuQx+JYo9wxmgGV7vxQ7nCZ2/youTa5Wh1kyH5yRQK1iTz0dss2c0FbkD2KXTkHGDUsdiGXwjFMvyBRTJMu68DeWCw25qeUpGLLoslvICQMA0rBc6TR5ECqmOaViWrsyPiUAq6Zj/pp/7JWiGlY/eAKAandFFhF4xWbdh3JF+Q4PNWguG0A5piHE5GKAEUY4oAsxZ3AfrWLepSLRG4VSBjRGDVPYkcRtAAPNRr1KQ0EY55PvVoRHI4Q+9DJRVmdSpqLX3K2Pn/APaTiVtKgm2n5G2kitYiPkjXIhG7kdzU3HY43UHJyD0pXCxzd8yhWqrhYwZG+Y5qGrlJkEpyhxQtdAZmXJIjai9hWuclqYVSzDmhSuDVjnLpGklwgNO9nqOJe0rTHDgydaog6qCVbWL0NLcexWuNYAfO6qWgiJdf8vndilcCnceJSWOG59c02G5RfxI27AY4poCT+3Pk3luPrUu9wGJ4h3E4JpaoCRNe3Njdg1V77g0atnqbygc1MmCNmwnLSAk1EE92XNo37WbkAVtuYk8qeaKY+hiX+nKzdKYrWKtvZ+Q+4DGKze5S7nN/ESQSLp2O3mf+y04jP3loWwE8RwvWk1cCbZuGRQJiZK+9QrghVfnGOtMsfuAbmncRIhO7PalZMRaD5Ap2C45Md+lS3Ye41iCcd6a1BjTjHvTEV5zmlcaKpB3H0qtiWzyv44eH21fwzcpEPnK9apBc+KtetXgmljfqjFfyrLqaXTON1CJdzcUnqNHK6ogXOOBQtB7nOzsN3Sne5LRC7jHoKqNkSzK1SdEUgdaiWuxcdDlb5TIGwOtFuUG+YhsrFc7mHNTzJlctjSMPlplRWq7Gb0KV5dMY8dCKWwjDufMLbl/Gp5irFW5kdk4Jq0RuUec981qFgNABk4xQAUAW7CDzJQT0rOb7GkbW1Or0u12471m02ZXOltLYELxW1tA3NizhEfU01oKxdVlUHHWmOxRunG08c0BYzTIByfypWBaHG/EBtzWPGB8//stJDP3pAIODSTAnVQOT+VNiJkcbfSgCPeT7VL0DYeq560bgGzPOaLDLUOBxmkBYCqKEApHHFDVxrQaBx1FK1g3FKjZnvQDK5Ibg4zUpE6kMsfWtQMHxDZLd2M0brlSppXGfD3xR0hLDW7+JFI2yt1HvRLYa3PH9WIiJzWcdy5I4vU5GlYqOmatolMyJrY9BzmkgbKktudu0nFDWmgX7mRqMGQcDJrOKd7sGzD2EuQ1VLYWxPBbbWz2qYxLcyw7qqba1SsQ3cxrxcqcDiqEZrxZQilZBqZTRSB2B4Wk9CkMa2YglR0pofMRi1dh905p3JbJk0qVhkjFURfUu2nhyac5IODUczZZp2Hh17VyGBOadriub9hpzr9KqxO50VlaGMAkcUxJll0IPHFSyyWABUJb8KFsBUdd7HIppCbKM8QD57CmCOL+II+axI77/AP2Wojuyuh+9u3IGKWwhVYZwetMRIBt69KljtcQjvRa5DQq5/A0LQaQ/aVPtVDbsSxcEUDLaikBMuNuKVwI2UfShjEIOO1CBkJjwSaoQ2RCRUIDL1KImJs9KqwHx58dbDy9encRkB3Ylvxq+gtj518RxAs23rWRd2zjr23J5x0ouJoyX3I2MZpN2GtWVL1gsZPepTe5bSOduLsuxA4FaLUzasVBEC2SMU7LYRYkRRGNp5qVoOxSliLc5pt2GkVpofMTbSTuDVil9jKE5FDdgSuQS6U1weBWfPc05LF2z8PvtAK8e9bRZi1Y1rfwvG3JABq7ISNmy8LwFQSoNTfUZsWmgRLj5Rj6U7CuaB8PxFMhBn6VRD1Ky6KqN0xTBPQux6VhRnoKQ13IrjT1J4qHKwNlOS2KggUKVykVGUoCMc0xtFC4Qydu9O5GpxHxDTZ/Z/v5n/stCKR+9vSoWwxVTnNCYh7REDOauwxueMVLQrk6IKh6BJ2QP0460Jmadx9tGepptmhdQH8Ke4Jki5PWptYdyOVuRjtVBcZk0IAPJ9aAIpRwSOtICq8O9TmizA+df2iNFZoZJlTIz1FaPVE9T498QW22VxWdirnIagMA+tFgMWRhk5FJoabMbVCpjYijdFPc5q4mXsOlERNWCKcSjAFRfU0tpckba0XIwe1WiGVGjdmwKtogfBAxYgihWAuQ6cZDjGBQBpQaQqgHHNFgLP2XFNIGOVB06VQF63XZGCDmlsJq5dtZs8ZxSW4mattNgYJq2QWBEJRmkVaw4Q7Vx2NAFGa2O7jpQBBLCAOnNA0Z9zbAA8ZNSCKU9qRHyKcd9Qdzzr4nx+X/Zvv5v/slU/IaP3mUhwAKxeiC6JxEF70JjuIRk1qJiNHipYIXBAz2pbjFBOc9aErC0J4WKtzUtDLikbeaLisBfj0zSbKsNOG78VS1JtYQFR7UxjG680gG4J4pCIpEANUFzzL4waIup6DOdmXGaqOuhDZ8JeL7I2t5KhU4DEVMlY0jqee6rFyfWoRTRzdwdpKnpSb0CKuzGv4wEbnipjqXI5e9YKCAKu9iNyO33qvShWYO60LW7cnoadyS3ZgAcj5qG9ANO30/zWzt59qUWNl37FtIHQ00wtYklAVcA4NUhFPzskjPSq3AaZl2nnmobGFvec4z+FV0EXoJsHdmhEGhbXo7tzTuU0acV8MAZoYrXLAvUOOeaSBorXF1tbOetaW6kMr+cZTUNlJXH7QEJPWpTLKNw24YPamB5h8Wjl9LHp5v/ALJTTuB+7wj2Hg9ayepnoyy7fuxjrTUbDSIocs3PStStibGaQyVo8JTASCEnOeaxctRksceGpiLGzcMZoAYwCjHam43GJtyCBzVIQ3aQetSAjHBGapAObbtyOtOwEMuDU2FY5zxRZG/spowOoNXBcrIaPhr4waEum6zOqptBYnBFXVdy46Hi+rIMlcc1hYq5x1/E3nHPSlJXGnYxNQTYhGc5qIrlZctUc5c25LnniicghBsdDFnA6UoDmi/aWaynHWtH5EJmitiqEHvSWm4nqzUtj5CgEim9UJBLeRg5NSlY0Zm3lyOWBq7GbZnm7Ayc1VhFS4uhjg81BW2hHFchRu3citFsSX7XU1AwzUxWJ01FFfKtWewzQh1Xn2qgLP8Aam8cGldBYd/aAYYY801K5NiaK76c09ytiY3u40WArXd0gXHekwPMvim+86Yf+uv/ALJSiB+9Xk9c0rGaJY4w4zSbL1JFgAOKpPQVrk6wBU6c+tJ6jSGKvODQMVSFOaQEm8Y9KHsA9CMdahKwnqRuQ3etUx7AvWocrMgUjnINNMaaElZcYPNWUREjFLmAYw4qrgULyLzFIPQ0riZ8xftF+FNsbXKRg98iqepGzPkLXoGSVhjFYtO5tdWOO1FgrEGq2JOfvycdKzu7mttDHdDI5HT3pNdRxlZEsdl096jbYd77mtZWixACpjUbdjGSZbmAQda3kmyouxnTXRQEZ6VOxV0zNuL9n79O1VdWJauzMm1JjlSeKLisRfbPNXaDyK1ewtitPK44zUocndFUTMoOW61T2IJo52CnmsyiWC72uCW/CqYjUGqAR4qVK42rBDqnzZzU76labFuPVfOccc00FjYgugEzV3sSMe+G7ANJO4rEZu1z8xqgOG+Jcqyf2bt7eZ/7LVID9+iQo5qL9CRyEADFZuNy0wLZPvVJWQmPWXCkHk01qAm7jNDRDepHvJPtSSsUKXz161d7gGW7HikMcFA5ySaCWBbPFOwkIr4OD+lRsJoa7CqKT0IwcgnOMVPKF2MMuF4qwuQSt5oxU3swscH8S/C8Wu6JOjrk7fzrSJLZ8I/EPwwdL1C4i2kEMcZ9KGik7nkup2TJKcjpWMmaRObv2XJU9anoDZkMmWyOKvluJOxdt4flGSTVcoXL8YCrmuXlsze6aKl5ck5GcGtr2IsYVxetFIQ3IPeh+8iU+VmLd6gUkOCKdklYV7u5Qa9DkkmqtoK45Z8j5GpXG0khJbzIOeSKLiM17t9xbNClrYLAuqkDBoEH24owIb86a1Asx6ozdaEkBKmogSAg96Vx2NGHUs8rgU0kTqX4tbkYYBAxRKNyk7CNqLs4OeaFGwN3J5L9m9Ca03JOU8azmf7HuOSN/wD7LTGf0DStkVjFMCNZMDr0qyWOR93Pak9iepIJARilHQu4iHB68GqYbhI4H4UrXAgabLUrWEyZJxjnihCTBrj06UXE2NMxB4NO+gXHCTeT2pblXuNZ+KtAiIyYGKRWxGxwe9LcgjZx1FFhso6hF9qhZH5BHSnHRkWPln47eCG3yXEEeTz2rpsnESep8oa9ZyQzSB1xg1yS0ZvE4e/t0Dse9Re5drbmQyiNjVpmZNBKoHPBq73At78r7VlYtMxtTuvKY+tJrQEznb28JOW69qlPoW0upiXkhLZ9a0tcyK25VjPPJrSxLIorkgEA81nJdik77i+dgHdxmoSfUOpTkvFBI6iqUHuaO1hv2pHzxim4sz0IDu3FhkitFsInW7PlnjmlYBYbjf1OKTQF1LowKFByfWpirMJO6LEd4Rg561o0QrloXrBOOaRSGWupuZWBNMTM/wASTea0Htu/pVDR/QaWB71BLIcEE4PFDYx/mFVwOtCGOhct1pMhjwSBSuCGjnOTVpjGZ+bnpSAVsD6VCepIDG3rVjG5OTioZLZIW2rjpmlsMj8z9PWtLliM/fvUX1JbGeZgEHvWqVhkTMAPekwdiNmD00hHF+P9DTV9OkQxrnHBxTA+IPin4Ok0rUZwy/KWJHFRJFRkeJ6xYFA+ByDUxjYuUjmbiJkBz1ptEJ3Kiy7X2mkgL3nhE56+lDLMjUU87LA9KdhHP3EBc+46VCVim7mTfqI0ORzRcLGXuMqHHUVbdySrHMYpTn1qraALdXPmYA4x1oSAgaPaqnPWmncbQ2mIUOwGAcCgBQ5AxQKw3NAyQzsyBaAFjuHjI5yPSgRabUiqYTvSsCHWUjFizd6nqT1F1ggiAg56/wBKq5SP6CDKc4pXE0SA5GKzYr2HDjPrTSBsVJNlUG44vmp3AbkmkTfUa+VAP86voV0Gb9wweBU2FYVTtG39aGIkRhHx1JpikMeY9DQilqM8wZ5psoV2G3g81KWoiDdz3q7iug3ADmpuIjZsHI/KruUU7mIXCEGkpakNniHxp+HY1mymnjjAb1FXuCfU+L/F3h6WwnmV1KspIwalpo0TTPONUhJfGMc1EtRpWM5rcYz6UJDKl1MPud6drgUZGO3FT1Aw9RmeNty9qHqtBoyLmVpkywxUJPqPmM4nZnaMHvVqyEUJDlya1ENoAM5oAKACgAoAKACgAoAKALUFz5SYqLajdhl1J5ip+NNCP2L/AOHgXwDz/wAj5/5R7/8A+MUNCY//AIeCfAIcjx5/5R7/AP8AjFLlJaD/AIeC/AP/AKH3/wAo9/8A/GKaVgsJ/wAPBPgJkf8AFef+Ue//APjFNisxR/wUG+AgH/I+f+Ue/wD/AIxRYaTJF/4KEfAHHPjzn/sDah/8YpWCxHJ/wUG+Abf8z5/5R7//AOMUWHYF/wCCgnwCA/5Hzn/sDX//AMYoaG0Nb/goL8BD/wAz5/5R7/8A+MUJdyUmhf8Ah4L8A+P+K86f9Qe//wDjFDQSV9hD/wAFA/gGf+Z95/7A9/8A/GKErCimiM/8FAfgJ/0Pn/lHv/8A4xSaKsIP+CgHwF2n/ivOf+wPf/8AxinYLAP+CgPwGX/me8/9we//APjFFiXEa/7f/wABmHHjvn/sD3//AMYpWGlYhH7fnwIGc+Os/wDcIv8A/wCMUNBZgP2+/gP38df+Ui//APjFKzIlFszdT/br+BN7C6f8JuHBGMHSL7/4xVoai7Hzn8WPjt8I/EDzTaR4qWeRj93+zrtM8/7UQq27qwKLTueG6p8QfCk7N5Wqhh2P2eUf+y1FjQwpPGuhbzt1DK/9cZP/AImiwzPuPFWjSMSt7+PlP/hQBVbxTpnOLrP/AGzf/CpaYXsZt1rdhM2RcZ9tjf4UJMChPqVpIhUSfT5T/hTYGcs8QyN/6GsnFhfQrSBBkq2Sa1V+oEdUAUAFABQAUAFABQAUAFABQArHIFIbP//Z',''),(88,'11/07/2016 02:14 PM','11/07/2016 02:17 PM','114.124.5.126','Andry Priyandika','1','','','iVBORw0KGgoAAAANSUhEUgAAAj8AAACWCAYAAAAxIOk4AAAbgElEQVR4Xu2daawVRbeGCwVFxU+ZREAUlYhXnFAcAEEFNQiiYm4COARQEhNQUC4gxgFRYiBogCh/cMR8DBoTRAHBxIEwCgGEECYVZZRBEARlhpu3TO807T57Onv37u56Kjk5DL2raz2rzum3V61aVeXkyZMnDQ0CEIAABCAAAQg4QqAK4scRT2MmBCAAAQhAAAKWAOKHiQABCBREYO/eveaDDz4wDRo0MF27di2oDz4EAQhAoBwEED/loM49IZAAAk2bNjXr16+3lgwYMMC8+eabCbAKEyAAARcIIH5c8DI2QqAEBKpXr24OHz6c6rl27dpm3LhxRIFKwJouIQCB4hJA/BSXJ71BwBkCderUMbt37/6XvVoK69mzpzMcMBQCEIgfAcRP/HzGiCEQCQL16tUzO3fuTDsWRYD69OkTiXEyCAhAAAJBAogf5gQEIFAQgUsvvdT8+uuv9rPK+Zk4caLZsWNHqq8ZM2aYjh07FtQ3H4IABCBQSgKIn1LSpW8IJJjA/fffb7744gtr4eeff27atGljmjVrZrZt22b/TTlBa9asMY0bN04wBUyDAATiSADxE0evMWYIRIBAq1atzMKFC1Pip3PnzmblypXmhhtuMMePH7f/fv3115tvv/3WnH/++REYMUOAAAQg8A8BxA8zAQIQKIhA/fr1zfbt2+1nhw4dal555RX75x9++ME0b9481edVV11l5s+fjwAqiDIfggAESkEA8VMKqvQJAQcI+HN+Ro0aZQYOHJiy+sMPPzS9evVK/b1GjRpm8+bNCCAH5gUmQiAOBBA/cfASY4RABAkEc3607OVvQQHUqVMnM3369AhawpAgAAHXCCB+XPM49kKgSASyiR/dpnfv3ua9995L3VH1f1QHiAYBCECgnAQQP+Wkz70hEGMCuYgfmadcoGHDhqUs9ecHxdh8hg4BCMSYAOInxs5j6BAoJ4FcxY/GqIjPhAkTUsOdOnWqefDBB8s5fO4NAQg4TADx47DzMR0C+RKYM2dO6iODBw82ixcvtn9XnZ9gzk+wb4mdadOm2X9WDaCvvvrK1gaiQQACEAibAOInbOLcDwIxIbB27VqzbNmy1NfcuXPNsWPH0o5+zJgxpn///hkt27t3rxU7q1atstedd955tkI0NYBiMiEYJgQSRADxkyBnYgoECiWg2jwrVqywNXomT55sdu3aZU6cOJFXd926dbOfzdTUv4ognjx50l6maJCWwGgQgAAEwiSA+AmTNveCQAQITJkyxUZzJHAUefnuu+9yHlWVKlVMo0aNjAocasnLEzFeB6rovHz58oz9jR492p4F5jVFjBQ5okEAAhAIiwDiJyzS3AcCZSAgcaM8HUVcJHL0Pdd27rnnmrZt29pIjfd18cUXpz5e0anuuSQzP/PMM2bs2LGpvrT9XUnRNAhAAAJhEED8hEGZe0AgRAISOUoszkfsXHLJJfYcLu+rdu3aWZORW7ZsaRYtWvQvy1q0aGGWLFmS1WJ2gGVFxAUQgECJCCB+SgSWbiEQFgEvujNixAijJOVsrVatWnbpqkOHDvZLgqeQpOM77rjDRpXUrrjiCrN+/frUrYPLYenGpARo9aFcIzWNQYegajy0+BOQfxXdu+666yhrEH93Js4CxE/iXIpBLhDQ8pWiO5999lnWpazbb7/digx9FSp00jH1i58hQ4YYiS+vzZgxw3Ts2DGrKxBAWRHF9gL//Pjll19M48aNY2sLA08eAcRP8nyKRQkkIJGgKIvEjpazFO2pqGkLuZaU9PApZSFB/8NNEZt27dqlEqC160u7v3JpEnLqa9++fakIkB6WhUSjcrkf15SeQHBJE/FTeubcIT8CiJ/8eHE1BEIjoHo4SgSeOHGi2bFjR8b7PvDAAymxE9Ybtl/8PPfcc2bkyJF2jNWqVTNHjhzJi1NQAClCJUGFAMoLYyQuDh5oy3EmkXALgwgQQPwwJSAQEQIHDx60VY+9r59++iljdEdRHS+6Uw6R4D+zq2nTpmbdunV2vAMHDjSjRo3Km6oiWnfeeWfqcw0bNjTz5883SsamxYNAUPj06NHD6N9oEIgaAcRP1DzCeJwioOiOX/BkShS++uqrTfv27e2SVhSSgv3iRwJl48aN1neVWeIIPjwvvPBCs2bNGiJAMfipUPRO4lVLtGpKdM6ntEIMTGSICSKA+EmQMzEl+gT0YFBBv5kzZ5qdO3emBEO6kSt3Rw+TJk2amIceeshoa3mUml/8PPnkk2b79u1WmFU2z+iNN94wgwYNSpmqPrX8R4suAR19cs8995hDhw6lhI8ieeWISEaXEiOLEgHET5S8wVgSScDbmaWHQbZqyiomqIeIvvxLQFEE4xc/xc7r6Nevn3nrrbcQQFF0fGBMEvR169ZNnfv2n//8x5YvCCv3LAaIGGIECSB+IugUhhRvAtqJ5RUZlNjxlgEqiu54Ykff/RWUo06hlOJHtgerQBMBit6M0NyWSPeWt0477TSzdOnSSCzLRo8WI4oSAcRPlLzBWGJJYOXKlfZAz02bNpkFCxZk3IYuA5Ufo6MhXnzxRdO5c+dY2qxBl1r86B7BLdMIoOhMl6Dw0ch0blzXrl2jM0hGAoEKCCB+mBoQyJNAPjV3PLHjFRlUPkxS8iDCED/pBBDngOU5YUtweTrhg19KAJouS0YA8VMytHScJAL5nJelRGVP7HhVlZPEwrMlLPGDAIrW7EH4RMsfjKYwAoifwrjxqYQT8OftqKpytqYt2Y8++qh55JFHnMl38Nflad26tZk3b142TJX6f23v984BU0dEGiqFs6APK7enV69ep2xhxw8FoeRDZSaA+CmzA7h9dAio3s7rr79uFi9ebFRwMFPzn5el6I6LTfkd3bt3t6arIOGWLVtKiiF4DphuNnXq1EpvrS/poBPUebCODwI0Qc510BTEj4NOx+R/CGzdutXMmjUr9XXgwIEK0ShJ2V9RGYb/JLeGKX7EPKoHoV500UV2PrVo0cIsWbIkcdMjKHy0tKuClJWt6ZQ4UBgUGwKIn9i4ioEWg8CiRYtSYuf777/P2GU5zssqho1h9RH2spdnV9QEkF8EaozPP/+8jSAmpUnkPPvss6mSDRI+8n0UqownhTF2hE8A8RM+c+4YIoH9+/eb2bNnpwSP3s4rajqfqlWrVubKK680gwcPDnGU8b1VlSpVUoPPdDRHsS0MHoRavXp1e0xImzZtin2rrP2NHz/eqMK11zSWbMumWTuNyAXBYpMIn4g4hmFUmgDip9II6SBqBJSsrIrD06dPN3v27Mk4PJ2V1aFDB/uls7No+REol/jRKCWAlHv1559/2kFXrVrV7Nq1K/RSAv5dbx49nUgf91wwJe9PmjQpNSF0VpeiQER88vsZ4epoEkD8RNMvjCpPAt5WdO3MkvipqGlXlid29F1vsrTCCahm0b59+2wHlTnQtNARSADpSBAv6qQHs4RHmLWUgrvQZMstt9xitMQax6ZlRS1z+U9jV1HOtWvXhso1juwYc3wIIH7i4ytG6iPgLzQowZPpCImbbropJXi0rEUrHgFFN+bMmWM7LFe04+OPPzbdunVLGRW2APKSnf1Udb6VJwqLR7v0PaWr4aOIqKKoSvqnQSApBBA/SfGkA3YooqMHrcROtto7HTt2tL+s+/bta5o1a+YAnfKYGAXxI8sVpVD9Ga+FKYAkdJRbpnbmmWeaw4cPl1UMFjoTFEXr0qXLKZHTHj16nBIBKrRvPgeBqBFA/ETNI4znFAIqnKc3e333Dk9Mh0hCRw9ibb1l+214k8h/+Ojo0aPtYaTlauUQQIqU1KxZM2WyxMKECRPs3xUR2rx5c7lw5HVfvUxIPPojqBQvzAshF8eMAOInZg5zYbhedWXtolm9enWFJisB0xM7JGGWZ2aEecRFLhaGLYD82/2VfC0RccEFF5ijR4/a4Q4bNsy8/PLLuQy9bNeMGTPG5vh4TXlwsiPuCdtlA8qNY0EA8RMLNyV/kJ7g0cMrU4SH2jvRmgt+8dO/f3+jB2m5W5gCaOLEifZYEzXviA8l0qu8gpqWxDZu3BjJROF0ic2KoEr48DJR7lnM/UtNAPFTasL0XyEB/fLVEkE2waMdWi+99JJ5+OGHI/kQcdnFwciH/h6FFpYA8gsdCXMv+V61onbs2GFRRDFvRi8byu/xv2gokir/hblTLgpzhTG4SQDx46bfy2q1HhASPRUlLSvs7j9Kgl/GZXVXxpsHc17CLHSYjUoYAqhnz56pHB+/yPGLQo1z8uTJp+xIyzb2Uv5/uvyeKAq0UjKgbwggfpgDoRDQG+bYsWNTb8bpbqo3Zy+HB8ETiluKcpNy1/rJZERQAJ1++ul2S36xKkH7d7sFD1nVXJ42bZod3hlnnGEjQeWe18GCjHrR0FKlRBwNAi4RQPy45O2Qbc1lWUuhdu0Q0oOi3A+GkPEk5naZBEAUjAwKoLPOOsssWLCgKHktmbb6a/7XqVPHHD9+3GLQHJdAKkfTWPSztmnTptTtye8phye4Z1QIIH6i4okEjePdd98148aNqzBxWb909aapr8aNGyfIcjdNidqOr3RemDlzprnvvvtSlaAltBUBqmxib7Y6R9r+P2DAgNSQylEOQMtcypfznzfm7UzjhcPNn1msNgbxwywoCgEvyqMQerrjJbw8HgkettAWBXlkOtHDVcmzanqoRiXpOQho7ty5VgB5Z4EVQwBlEz8ag78Wkv4eVv0c/RxqC3swt478nsj86DCQMhJA/JQRfhJurQedt2MrnT0sayXBy5ltUD5X8+bN7UWK5OmMr6i24GnwlRVAyuXxavr88ccfFS7dBs//euedd0zv3r1LhkkvIaox5C9aWL9+ffPqq6+W9L4lM4iOIVBkAoifIgN1obtsUZ4aNWrYIyVGjRpVtMTSUnGVLStWrDAHDhww27dvtzka6eoM6S3aH9H68ccfzWmnnWYuu+wyW8ulorZhwwab6Kpqv3rQ6iu41KL/EzNt6ZdYjONShP9090wioFR+zKffYgqgXE+11zyTQPTPoVJEgNS/KjUHo2+qwaTlyTjOrXx8y7UQyJUA4idXUlxnf6FmivJoycPL5SknLj3cvEMlvYeAX7zo/zMdhFrOsQfvHVwiVGSlVq1aZvny5ebyyy8311xzjTnnnHPM2Weffcp3/7/pz/rSTqdStVyWf0p170L6LZYAylX8aIwqdiixfOLEidSQJUiGDh1aiAmnfKain03l1ynhm6XmSiOmg4QRQPwkzKHFNidblEe5PBI8ymsIK3lZQkYPEk/QeN8lCOJ4knaxfVZRfzp0MyiKtGzz22+/mUOHDtmIVMuWLf/18XTRKl3kj1LddtttZv78+faz3bt3N5MmTQrLrILvExRA1apVM998842RLbm2fMSP+tTPU6tWrcyaNWtStxB35eUUcmq6RI+Wt9LlWUlU6eeSaE+u3uQ6lwggflzydh62ZqvLE0aUx1uS0lgkcPS9FMm0smXLli126evaa6+1D6dgk7Dzizs9vI4cOWLf5DO1v/76y4791ltvtZfJJv+ymkTHlClTzLFjx2z/q1atir2AkyD25wBpOU8267tsDEYhyrnUp3Gp5o98r6blRx1GmqtgyFf8eHNA297nzJmTmjqKyg0fPtwMGTIk60+p5tDIkSPtvEm3uUD1shRRquxOtqwD4QIIxJgA4ifGzivF0BUi19JWOpFRyiiPJ3R0/+nTp1vTfv/994JMrFq1qs050gPMe9D6oxdBIVPQTUL4UFAo6ZZ6WOvhrO+yqWHDhkYC6++//z7le7p/8+rNhDD0St0i6B89xD0x4n1v0qSJFSoSrpVt2gWmfrzq1LqftsFnE0Cap507d7a313yTcM2nBQsO6rOyXf8uAeO/v+aCCiYqQlRRZXTt4tJnw4rA5mMr10IgagQQP1HzSBnGo7dHVV+W8EiXC1OKHVsSV3rz1UPci+zkarpEmPdA1HfvYRkXUZOrncW+TlGmdCJJu7N27dplc4hySfb2xuWPXBR7rIX2V716daP50bZtW/PJJ5/k3I2iKFqu85rmkgoSZoqeKEqjCIxao0aNTikgmOuNVRPr6aeftsuO/qaIUtOmTW20LFOOmpYtNW5ET67EuQ4C/xBA/Dg8E3Qi9aBBg2zOR7qmN8li1OWRuPKEjkRPplPbg+PQG7knahTF8UcBHHZdJE335/289tprNndGvl+7dq39kjDRgZ/BqKI/Qb2YhknU5RMFCVaCVgRR81/b0tM1FQ7UmV1qffv2NW+//XbBw5d40fb0XHPWZJd+FrRjLFuEquBB8UEIJJgA4ifBzk1nmh5G3o6tdPkCSrpUkqR+6Rf6S1XLAT///LN9yOUT1ZHQ0S90PSQ7deoU+W3yjk2drOb6l3G0tVoP80JaMNLh//uiRYvM0qVLTe3atW1UpKLok3K3VMIg36YlJc19vwiR0NDPhF4GvJ+JlStX2oRvr+UrtNKNS1FXCbAXXnjBRuj8TdEsiX99KV8oH1GXLwOuh4ALBBA/LnjZGJsnkOkk9bvvvtv06dPH/mLNp+kXthfVmTVrltHDKZemB4eEjhfNITkzF2rRvsZf6Vn+1O67MNvOnTtt4rhagwYNCr61XgpuvPFGs2fPnn/1UbduXaNdc8pH85aq9MKQ7kWi4AEYk9rJqD7Ypl4ZknwWAukJIH4SPDOyRXn0NnnXXXfZt9pct/fqLVxv1Irq6CuXX/pejo735sov82ROOgnhmjVrpoyLerHDbF546qmnzEcffWT2799f4aXKzVGks2PHjtm64/8hAIEIEUD8RMgZxRpKtihPrtvUPaHjJSXnus1cuRL33nuvadeuXSqyUyzb6CfaBPzHOGjHVNyFrgSdahaNGDHC7rLzN50OP3v2bJZnoz0lGR0E0hJA/CRkYmSry5Ntm7o+//XXX5tPP/3UEsl1+UrXerk6XmSn0FyhhLjCaTP8h3iqyJ7ygJLU9HOi5G0daUK0J0mexRbXCCB+Yuxxb4u6Ij0VLT+li/IogqOlKy8ZOdeIjlApv8GfqxP3N/sYuz+SQ4/LCe+RhMegIACB0AggfkJDXZwbLVy40ObaqIZJRVvGJVCUuPz4448b5V34d13ls83c22HiFztEdYrjx6T2krS8n6T6Cbsg4DoBxE8MZsC2bdtswbXx48cbbbFN13Rmk44U0KGXCxYssFtlg9tlM5kqweSdLv7YY4+Z1q1bs502BnMjikP05/1o3ua7gzCKNjEmCEAgWQQQPxH0pyI1u3fvtmf3LFu2zGzYsKHCUarCq86Yyqd528y9c5YoHJgPPa7NRsCf96PaOKpdQ4MABCAQJQKInzJ5Y968ebas/aZNm+wIlECpOiX5RGtyGbqXjOwdA0GOTi7UuKYyBLS06h1sqoKVBw8erEx3fBYCEIBA0QkgfoqONHuHTzzxhHn//fezX5jHFf5jILTVXH/XadU0CJSDQLVq1VIFB1XskCKW5fAC94QABCoigPgJeW6oVoiWm06cOJH1zvXr17dv0DoPaevWrbairP7coUOH1GdZssqKkQvKQMB/zhdLX2VwALeEAAQyEkD8hDxBJF7WrVtX4V3bt29vunTpYr8qU6I/ZLO4HQROIeBf+tIOQZ19xU5BJgkEIBAVAoifkD3RrFkzs3r16lPu2qhRI9OvXz+jU6IRPCE7hNuVjIB/15eilV9++WXJ7kXHEIAABPIhgPjJh1YRrt24caM99uHo0aNmyJAhVvDwRlwEsHQROQL+goca3PDhw+2J5TQIQAAC5SaA+Cm3B7g/BBJMoF69enYXo5oS8SX6aRCAAATKTQDxU24PcH8IJJiAxM7NN99sq5H36dPHjBs3LsHWYhoEIBAXAoifuHiKcUIgxgQkftjuHmMHMnQIJIwA4idhDsUcCEAAAhCAAAQyE0D8MEMgAAEIQAACEHCKAOLHKXdjLAQgAAEIQAACiB/mAAQgAAEIQAACThFA/DjlboyFAAQgAAEIQADxwxyAAAQgAAEIQMApAogfp9yNsRCAAAQgAAEIIH6YAxCAAAQgAAEIOEUA8eOUuzEWAhCAAAQgAAHED3MAAhCAAAQgAAGnCCB+nHI3xkIAAhCAAAQggPhhDkAAAhCAAAQg4BQBxI9T7sZYCEAAAhCAAAQQP8wBCEAAAhCAAAScIoD4ccrdGAsBCEAAAhCAAOKHOQABCEAAAhCAgFMEED9OuRtjIQABCEAAAhBA/DAHIAABCEAAAhBwigDixyl3YywEIAABCEAAAogf5gAEIAABCEAAAk4RQPw45W6MhQAEIAABCEAA8cMcgAAEIAABCEDAKQKIH6fcjbEQgAAEIAABCCB+mAMQgAAEIAABCDhFAPHjlLsxFgIQgAAEIACBkoqfT7/fZPYcOAJlCEAAAhCAAAQgkDOBWjXOMP97y8U5X5/vhSUTP3PW7DT/999l+Y6H6yEAAQhAAAIQgIB589EbzO3/c0FJSCB+SoKVTiEAAQhAAAIQqAyBWIofGcyyV2XczmchAAEIQAACbhKI7bKXm+7CaghAAAIQgAAEok6gZMteUTec8UEAAhCAAAQg4CYBxI+bfsdqCEAAAhCAgLMEED/Ouh7DIQABCEAAAm4SQPy46XeshgAEIAABCDhLAPHjrOsxHAIQgAAEIOAmAcSPm37HaghAAAIQgICzBBA/zroewyEAAQhAAAJuEkD8uOl3rIYABCAAAQg4SwDx46zrMRwCEIAABCDgJgHEj5t+x2oIQAACEICAswQQP866HsMhAAEIQAACbhJA/Ljpd6yGAAQgAAEIOEsA8eOs6zEcAhCAAAQg4CYBxI+bfsdqCEAAAhCAgLMEED/Ouh7DIQABCEAAAm4SQPy46XeshgAEIAABCDhLAPHjrOsxHAIQgAAEIOAmAcSPm37HaghAAAIQgICzBBA/zroewyEAAQhAAAJuEkD8uOl3rIYABCAAAQg4SwDx46zrMRwCEIAABCDgJgHEj5t+x2oIQAACEICAswQQP866HsMhAAEIQAACbhJA/Ljpd6yGAAQgAAEIOEsA8eOs6zEcAhCAAAQg4CYBxI+bfsdqCEAAAhCAgLMEED/Ouh7DIQABCEAAAm4SQPy46XeshgAEIAABCDhLAPHjrOsxHAIQgAAEIOAmAcSPm37HaghAAAIQgICzBBA/zroewyEAAQhAAAJuEkD8uOl3rIYABCAAAQg4SwDx46zrMRwCEIAABCDgJgHEj5t+x2oIQAACEICAswQQP866HsMhAAEIQAACbhJA/Ljpd6yGAAQgAAEIOEsA8eOs6zEcAhCAAAQg4CYBxI+bfsdqCEAAAhCAgLMEED/Ouh7DIQABCEAAAm4SQPy46XeshgAEIAABCDhLAPHjrOsxHAIQgAAEIOAmAcSPm37HaghAAAIQgICzBP4fi5+d8y0iPSUAAAAASUVORK5CYII=','iVBORw0KGgoAAAANSUhEUgAAAj8AAACWCAYAAAAxIOk4AAAOx0lEQVR4Xu3dX4gd1R0H8BMhfdCSxBaLSKhB8hKw2VAfQgXZBGqQaKKWgC6mJEEf8mQirm3ezD6mYpOIL8EHN1j8R20SF4TEglkQ2j5YVwuGPgQ38S3QRCEPEsQtZ+Debm437t2bmTtn5nwGRGJmzpzf53dKv8zMnVk2Nzc3F2wECBAgQIAAgUwElgk/mXRamQQIECBAgEAhIPxYCAQIECBAgEBWAsJPVu1WLAECBAgQICD8WAMECBAgQIBAVgLCT1btViwBAgQIECAg/FgDBAgQIECAQFYCwk9W7VYsAQIECBAgIPxYAwQIECBAgEBWAsJPVu1WLAECBAgQICD8WAMECBAgQIBAVgLCT1btViwBAgQIECAg/FgDBAgQIECAQFYCwk9W7VYsAQIECBAgIPxYAwQIECBAgEBWAsJPVu1WLAECBAgQICD8WAMECBAgQIBAVgLCT1btViwBAgQIECAg/FgDBAgQIECAQFYCwk9W7VYsAQIECBAgIPxYAwQIECBAgEBWAsJPVu1WLAECBAgQICD8WAMECBAgQIBAVgLCT1btViwBAgQIECAg/FgDBAgQIECAQFYCwk9W7VYsAQIECBAgIPxYAwQIECBAgEBWAsJPVu1WLAECBAgQICD8WAMECBAgQIBAVgLCT1btViwBAgQIECAg/FgDBAgQIECAQFYCwk9W7VYsAQIECBAgIPxYAwQIECBAgEBWAsJPVu1WLAECBAgQICD8WAMECBAgQIBAVgLCT1btViwBAgQIECAg/FgDBAgQIECAQFYCwk9W7VYsAQIECBAgIPxYAwQIECBAgEBWAsJPVu1WLAECBAgQICD8WAMECBAgQIBAVgLCT1btViwBAgQIECAg/FgDBAgQIECAQFYCwk9W7VYsAQIECBAgIPxYAwQIECBAgEBWAsJPVu1WLAECBAgQICD8WAMECBAgQIBAVgLCT1btViwBAgQIECAg/FgDBAgQIECAQFYCwk9W7VYsAQIECBAgIPxYAwQIECBAgEBWAsJPVu1WLAECBAgQICD8WAMECBAgQIBAVgLCT1btViwBAgQIECAg/FgDBAgQIECAQFYCwk9W7VYsAQIECBAgIPxYAwQIECBAgEBWAsJPVu1WLAECBAgQICD8WAMECBBoscDZs2fD+fPnw9dffx3Wrl0bRkZGwpo1a1pcsdIILC4g/CxuZA8CBAgkJzA7Oxump6fDzMxM8U8MN1988UW4du3aonO98847w+nTp8P69esX3dcOBNooIPy0satqIkCglQKff/55GBsbCxcvXgxXr169qRpXrlxZBCYbgRwFhJ8cu65mAgQaJRBDynPPPRcmJyeXPO9169aFy5cvh3i1Z9OmTeGVV14Jc3NzxTivv/562L1795LHdACBpgsIP03voPkTINBqgZMnT4Y9e/b831WaW2+9NTz44INFoNmwYUNhEJ/lWex5nr1794Zjx4519//yyy9b7ac4AgsJCD/WBQECBBIUiFd7YuiJ4Wf+dt9994UXXnghPPHEEwPNOo4bA9I333xTHP/SSy+F8fHxgcZyEIGmCgg/Te2ceRMg0FqB+ABzDD7x353t7rvvLm57xSs9N7sdPHgwTExMFMOsWrUqXLly5WaHdDyBRgkIP41ql8kSINB2gYVuc+3bty/EwBKDShlbvPpz++23d4f69NNPu7fOyhjfGARSFxB+Uu+Q+REgkI3AkSNHigebO1v8RVa82vPYY4+VbrB9+/YwNTVVjBvDVTy3jUAuAsJPLp1WJwECSQvEX10dP368O8d4myteBeo8zFz25OPYjz/+eDGsW19l6xovdQHhJ/UOmR8BAq0WWOjB5tHR0SL4lHWb60aA8cHnCxcuFH994sSJSq4wtbp5imusgPDT2NaZOAECTReIwWfz5s3XPdi8a9eugd7nM4jF/v37w9GjR4tD3foaRNAxTRUQfpraOfMmQKDRAh9//HF45JFHuj85j8W8+OKLxYPNw9rid79i+IpbvArknT/DkneeugWEn7o74PwECGQnEH/CvnHjxuu+w1XX25bjrbXOO3/86iu7pZhtwcJPtq1XOAECdQjE4BOvtnS+q7Vs2bLwxhtvhKeeeqqO6YQdO3aE9957rzh3fHHi22+/Xcs8nJTAMAWEn2FqOxcBAlkL9L7D57bbbgvvvvtu2Lp1a20uBw4cCIcOHSrOf8cdd4RLly7VNhcnJjAsAeFnWNLOQ4BA1gLxfT3xrc2dLb7DJz5zU9VP2fvF7n3hYXzuZ7Hvg/U7tv0IpCog/KTaGfMiQKA1Ar3BZ2RkpPhFV93BpwMcX6J46tSp4o+HDx8O8VdgNgJtFhB+2txdtREgULtA71ubY/CJV3yqfofPUgqfH85iIIsPPtsItFlA+Glzd9VGgECtAr1vbU4x+EQgt75qXSZOXoOA8FMDulMSINB+gd7gM6y3Ng8qO//W17DfNzTonB1HYFAB4WdQOccRIEDgBgK9wWeYb20etCnzb3351tegio5rioDw05ROmScBAskL1P25ipsFmv+tr7peunizNTieQD8Cwk8/SvYhQIDAIgJNDz6xvPkPZ3vw2ZJvs4Dw0+buqo0AgaEILBR8mnjlJNYRr/50Pnfx1ltvhSeffHIohk5CYJgCws8wtZ2LAIHWCbQl+HQa89BDD4XTp08Xf1y9enX46quvWtczBREQfqwBAgQIDCgQv9MV39oc/93ZmnjFZ3758WvzDzzwQPc/nThxIsRfgtkItElA+GlTN9VCgMDQBHo/UBpP3PTg08Hbu3dvOHbsWPHHeBssvvQwpZcyDq3JTtRaAeGnta1VGAECVQn0Bp/4na74U/G2XCHpffbHe3+qWknGrUtA+KlL3nkJEGikwELBJ4UPlJaN2fs9snj1J5VvkZVdq/HyExB+8uu5igkQGFDgnXfeCTt37gzfffddMUIqX2YfsJxFD9u0aVOYnp4u9ovB56OPPnL7a1E1OzRBQPhpQpfMkQCB2gXilZCnn346fP/998VcVqxYUQSDNl8NiVe5YgDq/PQ9vrk6PtdkI9B0AeGn6R00fwIEKhfovQV0yy23hE8++aTVwaeD2lv74cOHw/79+ys3dwICVQoIP1XqGpsAgcYL9P6ff/z106lTp8L69esbX1u/BcSwc/To0e7ur732WnjmmWf6Pdx+BJITEH6Sa4kJESCQikBv8BkZGQnx4eYcf/a9du3acP78+aI1y5cvD2fOnCluidkINFFA+Gli18yZAIHKBQSf64kvXLgQ7rnnnu4zT/Fv2/Jeo8oXkxMkJyD8JNcSEyJAoG4BwWfhDszOzoatW7eGc+fOdXcQgOperc4/iIDwM4iaYwgQaK2A4PPDrY0vQIy3uz777LPujvGZoPgixBxvB7b2fwgtL0z4aXmDlUeAQP8Cgk9/VgsFoLvuuitMTEx4ELo/QnvVLCD81NwApydAIA2B+A6b48ePdyeT88PN/XQkBqBoFn/5Nn+79957w/j4eNi1a1c/w9iHQC0Cwk8t7E5KgEBKAoLP4N04efJkGBsbC99+++11g8RXAsRvnT366KN+FTY4ryMrEhB+KoI1LAECzRDoDT7xikW8/WXrXyBeBbr//vuvexB6/tFejNi/pT2HIyD8DMfZWQgQSFBA8Cm3KTEEHTlypPin80mMeIZ9+/YV/81GIBUB4SeVTpgHAQJDFRB8quWOL4OMt8RiIDp48GCIt8FsBFIREH5S6YR5ECAwNAHBZ2jUTkQgSYFKw8+f/3ExXL56LcnCTYoAgTwFJv/w+/C3M3/pFv+rLb8Ju393KE8MVRNIVOAnP/5R2LHx55XNrrLwM33uUnj+T/+sbOIGJkCAwFIFZqdeDv/511+7h/30F78Oa7Y9v9Rh7E+AwBAEXt75yzC67meVnEn4qYTVoAQIpCYg+KTWEfMh8MMCjQw/sSS3vSxtAgRSEPjj+G/Dv2f+3p2KW10pdMUcCNxYoLG3vTSVAAECKQhs2LDhuu9QeY9PCl0xBwL1ClR226vespydAAECofj8wvxPVmzbti28//77aAgQyFxA+Ml8ASifQFsFFvpkxczMTFvLVRcBAksQEH6WgGVXAgSaIeA9Ps3ok1kSqEtA+KlL3nkJEKhEQPCphNWgBFolIPy0qp2KIZC3gOCTd/9VT6BfAeGnXyn7ESCQtIDgk3R7TI5AUgLCT1LtMBkCBAYRiB/OnJiY6B7q5+yDKDqGQD4Cwk8+vVYpgVYKTE5Ohj179gg+reyuoghUIyD8VONqVAIEhiBw4MCBcOjQ/z5K6orPENCdgkALBISfFjRRCQRyFPjwww/Dli1buqWPjo6Gs2fP5kihZgIEligg/CwRzO4ECKQh8PDDD4cPPvigmMzKlSvD7OxsWLVqVRqTMwsCBJIWEH6Sbo/JESBwI4Ht27eHqamp4q/ffPPNMDY2BosAAQJ9CQg/fTHZiQCB1ASuXLkSXn311eKqz7PPPpva9MyHAIGEBYSfhJtjagQIECBAgED5AsJP+aZGJECAAAECBBIWEH4Sbo6pESBAgAABAuULCD/lmxqRAAECBAgQSFhA+Em4OaZGgAABAgQIlC8g/JRvakQCBAgQIEAgYQHhJ+HmmBoBAgQIECBQvoDwU76pEQkQIECAAIGEBYSfhJtjagQIECBAgED5AsJP+aZGJECAAAECBBIWEH4Sbo6pESBAgAABAuULCD/lmxqRAAECBAgQSFhA+Em4OaZGgAABAgQIlC8g/JRvakQCBAgQIEAgYQHhJ+HmmBoBAgQIECBQvoDwU76pEQkQIECAAIGEBYSfhJtjagQIECBAgED5AsJP+aZGJECAAAECBBIWEH4Sbo6pESBAgAABAuULCD/lmxqRAAECBAgQSFhA+Em4OaZGgAABAgQIlC8g/JRvakQCBAgQIEAgYQHhJ+HmmBoBAgQIECBQvoDwU76pEQkQIECAAIGEBYSfhJtjagQIECBAgED5AsJP+aZGJECAAAECBBIWEH4Sbo6pESBAgAABAuULCD/lmxqRAAECBAgQSFhA+Em4OaZGgAABAgQIlC/wX5XnYorU/MvwAAAAAElFTkSuQmCC','/9j/4AAQSkZJRgABAQAAAQABAAD/2wCEAAMCAgMCAgMDAwMEAwMEBQgFBQQEBQoHBwYIDAoMDAsKCwsNDhIQDQ4RDgsLEBYQERMUFRUVDA8XGBYUGBIUFRQBAwQEBQQFCQUFCRQNCw0UFBQUFBQUFBQUFBQUFBQUFBQUFBQUFBQUFBQUFBQUFBQUFBQUFBQUFBQUFBQUFBQUFP/AABEIAV4BLAMBEQACEQEDEQH/xAGiAAABBQEBAQEBAQAAAAAAAAAAAQIDBAUGBwgJCgsQAAIBAwMCBAMFBQQEAAABfQECAwAEEQUSITFBBhNRYQcicRQygZGhCCNCscEVUtHwJDNicoIJChYXGBkaJSYnKCkqNDU2Nzg5OkNERUZHSElKU1RVVldYWVpjZGVmZ2hpanN0dXZ3eHl6g4SFhoeIiYqSk5SVlpeYmZqio6Slpqeoqaqys7S1tre4ubrCw8TFxsfIycrS09TV1tfY2drh4uPk5ebn6Onq8fLz9PX29/j5+gEAAwEBAQEBAQEBAQAAAAAAAAECAwQFBgcICQoLEQACAQIEBAMEBwUEBAABAncAAQIDEQQFITEGEkFRB2FxEyIygQgUQpGhscEJIzNS8BVictEKFiQ04SXxFxgZGiYnKCkqNTY3ODk6Q0RFRkdISUpTVFVWV1hZWmNkZWZnaGlqc3R1dnd4eXqCg4SFhoeIiYqSk5SVlpeYmZqio6Slpqeoqaqys7S1tre4ubrCw8TFxsfIycrS09TV1tfY2dri4+Tl5ufo6ery8/T19vf4+fr/2gAMAwEAAhEDEQA/APuAnnk1D3MUxWfamKvYpMrmbFIGCtvU5oFYM4+lSNkU7A85p7AUpJAgzVq5k0Yur6j9njZu2OtSzRHzv8bPHVtb2ksQlBkI7GtYRZE5WPkbXr/7VcMwIwe9VPQiOpU0vTXv5wAMiueTsdMUd7o2gJZoDtGTzXJOV9DqjGxrtDtGMViXcnt4wRz0rmm9TrhqhZQF6VN+hTViMYznvWy2M1uSAjHNZNamydhWZSme9Up9AlqQmT5KTV2VB2ESQmpktCiNpCz47VMY6XHcSTpnPNbqWljCpuNi+ZSDxUSVi4e8QSKFY881kk2aWsRnbnk4PSnYye4jKDxnioe50+zvEglhCDOetaRkYqHQrlMdelbp3Q1GwCP5dwrN7iaZC5Oeeh7VpuQnYjkyoBqWwjIjceYozUqVhtjYZQj7CODWqZbXukhkCvgUpakUxRFuOaEW1cawG7B5FPYF7qIp9p4Wr6EL3meGftFptfQOc5+0f+066qFtbHHil8J+55PHHWunQ8voRGQE0yUN2bjmgaFYYFAPciaQE7T+FCG9iNxvBwKTDdGbevsRvamnoTY8o+IvjKPSrWaNn2sB60WuVsfGHxL8UHV9RlcSEjPTNdEXZGEo6nA2kMmo3SooOCcVlVkka0o3PU9B8Ox2dsjbfnwM8V50p30R6UII2TCI+n5VkayREUJPSpv2FYeEBPFZGsdCvOMNilYqUrkR6elDdgiriqMDmkXazHoAevSoZpa6Ek2gECtlsXFJIqFijcdKwqPoTYTJHzVUNhSWg3ec896kUY3WorPtXFJNs0SUSuyn1zVl7jCoXJY4qborlTVyAvluDxRuK7egPJ26iovYVyHfhsGrUybiuWIwDgVk22G5DJ04OcVvCV0Z2uRE+YMGqeo1T6kOcnaKdiXTdwaMIwNJNtnQ0uWwYyelW3ZHNblZKCdvWlGVzoi01YTbuUsKfUmeiK+3hs9a1MoxtqeG/tF/6zQf+3j/ANp100OpxYrofuaWwD3rpZ5RGeXqr6CSux0mRQtSnoRFiRTERsu7kdqRS1EU4FRJgzH1qUJE57UrgfIP7QviIRTyRRuRzzzXTBaGcmfNF5MbiRieSaUnqEUdj4H0NdnnsmSTkZriqO7sdVONj0DySijHFZtHVew0xhuSMVzydjZakbqBjFSgsQP14FRoaRRFKo289aZVkVzgdaxd7lKyE3/LnFXHU2VhQQy02kYydmQSEIcmpRcGIwB+btXLN3ZTI5pxtGK3WwcwyNw55rKUg8yC4fDYq4gtWN3ECm3c6bJIhlcycGnGOhk2QopDY7UmlEi/YUk78Cj4iE7sjcYNTaxW4xw2ODWnQteRGx2rycGpRcYpkOSV47960uVGdnYRfl571Fxz3Fc7iPetUKyY5GUj3FJq5hKGobQ561cY2JS5S1HDtWnszbl5kVJ4duTjHencwvrY8J/aMHzaB/28f+0668P1OPFq3L8z9yiuPpXWzx1sNCgn0oRSVhxPBzTC9yJxnpQAgUspHcdqAKsj+Xmkxo5rxhdi30maTOGxUpajPgr4x6z/AGjrtwgfhSQea3eiMrHnukac97eIgGVzXPKVjeMWz2HRdLWxs0UgCuOUrs7YxL0rAj2FYps2aKznj2qZO40ralRmwc9qnZDuQO4znNYt6mqVkVnZnJ5rfYhPUjyV6nii9zVrQgllI6UuVWFzWHLlk96zsNK+pGysTzUXZrblVxeWUihJLcyTbZDtIODVSt0BRu7DJH8vp1rHc2tYhbLYNUkkQ3bUN35jvTKjeYwxlzntVJm3JcjKlW9qUotolxshVUk5/Wo20MeS7ElSlFq5XLYhbcBxXQlcI72GCIyj5utS3Zl81iJo/LOPSm0RruRA/NluRSsUlce2NuR3oTVzS9tBI4ssOau+oWdiyYNgyOtbLa5zrR2JIBv5z0rKWp2L3Vchu8MCB1po5Gk5Hgn7RybG8P8Ab/j4/wDaVd+H6nDjPs/M/co8/WunQ8kXYAPekihoXAJqybJajGGRwKQnZkUrBFJHUUmxpWKE0oYEnikPY8j+NvixNB8PTsJlEpGAprWCuzOT0Pg/Xr+TVNTkduruTxV1FZEwbe52ngrQ0CLKwO71rzKjuejTR3LxgRhRWB1XKcy4BzQnqDTaKbL75FTK2443K1y5UYAqEkxu6KZVmPNNwS2HzNjsEjFZSd0aQXUheInjrSggluILfC8jAFabE2HKV24Ao5jWAo2Hg1LV0bS1Vhk0ewfLzWXK2KKsVihJzkUJdxNMaYvXpWTdthxdhwhUpgU47j0ZA8IiyQOfeqk9QTS2IxKxU5GK0iu4KRAQG61ttsPmuPCjAqGriuSMvyD0rFxSZdkyIRqc1onZE6IrTEKxINHLrcxTZECGPPWrmi1LmdhCoPG3NJG1uwojCqRQ4mfUkiReuKmzudCn0J2x061vEzkle49bcKufWhibb0IpYR3rOLszCW54P+07F5Z8N+/2n/2lXpUOp5uI6H7fkjfXQ0cOgtNDYnRTmgT1RGr84p2uRaxBcHrj8aVitzI1KQQQu5OAByaTHY+N/wBpbxqL7U3tInxEPTrXTBWVznlueD6Nam9vlwM81z1Z2OinC57HoOni1tkGMcV58nc74qxpTIMc1jsbLUzb5MDg0JFNmVIxVj60mrlRDG9cnBrIsasBJrR7AlcDCADzXNLU1UbEaquaSvEbSIJ25xjit7tohK4xVBGRWY3oysSfMJI4q+h0RSkhJGYGi5MmokeCDzQwUkxGJL4rCatqZlqJAq89aIFxXchfAc56VtypjcBhiV+vSs53RDSZWlgRT1qY1LDtZEQmCHHGK05yUtdRrzBhyeKrR6mlk9iN5QO/FT1M+XXUoyPufdnitdTVuKQglXdwazk2c8dHcGvQDhRkitLaXNozV9SSN9/J4z2pXY5tN6FuKMEcVeiMtb6ExQKvqaaZtbQRpSABiqsVCz0GtkjPWosrkTjqeDftQZ/4pn/t5/8AaVduHd7nm4uHKov1/Q/bkoSc967WeMmPzxSNGMIYn2p6WM9UxkmABzSTCTKtwf3ZI60ikcD8QNZ/s3QryRn2lELUWuNO258B/ELWH1fWZp3bO5jjBzxW/wAKM3qyXwRY+ZOsgHSuCq7s7aS0PVoMpGoNcx02HTNxWT3NImZeNuXFClY1kroy9uTzSbsJLQCCOB0rO1ythy/KvPFFzanpuQSPluDWT3NOa+xE/wB3jFaJGU9GV2lJO1qpuxrBoXnGBWMiJasZ5bBuaNbG8VYryvg4J/GmndEzjfUdGMjrxUtsyvbYhkkEb5605NSViESrPkdazjodCehTurkdQa3hJsiT5Sm2o7VwWxVNXM1K7KFzrIQnLVKpXK5jJufES7uGrZU1YlzSIf8AhI41+84pOFtiVIjXxIkjECTj61SpmUqmpOutoy4DAmpdxqVxkmrJj71Ta4c1iSDUIyM5GaNXoF7E66oqsBmhp2sbxkrGlaaiG6HNS7oakkzUhcSLkmknYvnvoTeUrrWilccXZiLEE78UN2NOZdTwT9qgjPhgD/p6/wDaNdmF+0zy8ZJS5UvP9D9vGXn5R9a7+h4qjqRsu0dKlalCYyOtDHYikQAc0kFitcr+6JzmhhY8H/aG1L7H4auRvMQcbd39K0p6slnxBqG2e6Iz3q6hUUj0TwRYiOFGA/GvMnds7KbsdydoTpWV2b7mffXSx8ZFZPc0S0MC71LLEAjHtSSuxuZVN6CeTgVTiSqiQ/8AtJFPWkol86FfUEZc7hWTi0a8ya0Ky3sbN94VCi7jUkiGa7APynIraw3JMdFMJj05qJ+Q49yc9fpWSv1CT1GzuFTmr30N4vQz3/efWqtYcrjgSkfJ5paNk8qexWlm3Y4pSSexnJWYolUIRnmnZWLlHTQyb6cqT2q4WWxlKLe5zmpamYjjdXQlcxfunO32qu2fm4pPQzcrmHcX7Kx+YmrjIzk2VZL5ipyxpdRczSIUvHjO7ccV0RtY5m3cvw6u3ldSDWDSbOiMmkTQak7vgtx9afKrD5ix9vk8wbW4pctjW9y/DfMSCetQ46lJ2NfTtR2SDmqcbiTu7HVWl+GQEmsJROlR0uXY7kSY5qIlxLKTKvDVbHy3PBf2pmDHwzj/AKev/aVduH2Z5mJ3R+34BB9q6rs85aCyAbaL2GRiMKMmq0HsRSmp3J1KV0wEZ9qbGfLf7VeshNNgticBpMgAVtS0ZnPRHyhZwedf8jgtU1pBTPZPDVmsNgvHavLk3c9KK0Lmo3H2eE460lqPY4rU9YwxBbFDgNTSVjCn1M5znPtTUSW7FK41kIpy2DV2M9DFm8VNGxG8mqVOwc6KT+L5NxAY4qZQuVGRYt/FJIGWOTWcoWRanc17XWxKoBOPrWaNjUsdVG8AnispI6YSSWpvw3CyoCDWW5dk2MuCCp9KtaG8I9WVFcKaHqhz12FldWHJrJXuZJOL1M6eYKeKteYSaZEsgIJJqnqUpaamRq03UqelVCOplOaSOL1O4LOQTXWtEcLbkzDu7gBeTzWUnqLYzGDMSeooSaJuQNkue4reC01M5XuMkicgY6Va10FbuOJMagA80mrFSES88ggsam2pF9C3b6lubjkU5eRvTfLuaEd98w5pWGpq5pWt4GIOc0x8yTudFY6kFQZauee50xqaGpb6ioIbdisTVtWNSHUY5CCWqHLoQpHi/wC0+6yL4ZKnP/H1/wC0q9HDbM4sV0P3DAOa7WecI5GOaTWgkyNpe3akgc7DJORVDvcy9TuBBC5PpSJ6nxT+1BrbX3iVY0cCKJdpX3rSC6ikeOeGbf7Xfp7Hmsaki6a1PX7RBa2g7ACuFq7O++hy3iLX8KyLg9s1cY2E5KxwF9emSQsW5rR6HM9TPmvCD1oSKXYzryQy8Z4NVdBYybm3If1qmyCq6CNjxk1PQpLUZFOFk21jLVGytc2ra6KoOayS1Nm7Gtp14xcelROBvGSsdhpk+4AZrlb5TaMkjTlx5f1oV2aczexUIXPFLVbhz2I7hxjA5qki372pl3TDd1om1YhxIGl2rjvUQuZtvoY+qSfK1dMGzKWxxt4Gec+ldDlZGKujMvbZSOKwk76jsVTAwXiqUiOS5VSMM5B61pe6C1tBxU9D0ql3FbuVJoXd/lGRT5rEWuyO4t28rheaqM7ikrBahlTG3BqWrsV9C9CCHUnmlKVtBxj1NCByj5HSkpGiVzQS5eMg5OKlq5tdRRbj1QhutNQM/aamhHqwUA5o5DXmPMfj5fG9j0DJzt+0f+066KCtc5cQ72P3d78V1nnp3GSc1NyiIKBTIcbhuHIqWOJz3iSZYrOZmI2gc0k+gH58/GPVRqniy+dXyiyFQAc9K3WiIkrso+ArNWffjjNcFV6nXSidnreprb2hRTzipguptJnnepXDTOW6itnsYdTndRlCHjrUJ3HtqYs14zZ4rWxN9Sm14fMGTWfKacyJ/MEi+9UtiLalGSORpOnFZNmyQ9LA5DbeaylIpRsW47d1YZ6ULQ0Sua1km3BrNts3cbI6zSEyVrCSSRUTauTiMVMGdUNNyqWABJ4FRJ3ZLj1M+aXZnHSrTEtWZV3c/NntQ1c3asis9wWGaUVYysZGq3GeAfrW0ZIynHW5gSsSSaU3fQSsUpI97c8U1HQhxdxhQBTjmkxyg46kCWe5i2OTTuyEk9R8dj5j7cVqmRJXdicad5RI29aqyZCVmNOmZPI4pN8qHy3K0lgsbnApc4uQeLMErgVF7j5SY23kjJFK9i2S24E4INVzFqPMNdPLfGOK3UrmcqVth6ZYjNWZJXZ5/wDGvATRAO3nf+060pbsitskfvUDk9ea6TgsMkUk1LSFsNYhTRcu+pXuHAHFDA4X4mXv2PwnqNxkrtj6+nIpLcT2Pzx8RXQu9Umb+85JP41rLRER1Z1HhpRY2PmCuCXvSPQg+VFLVL57mVhng1oloYyldmTc/JHgjr3pNNiTMe4svOyf1qdi1qZkmlEkjFPmsFilJopBz3p84/ZkyafsQZ61g59DbksMWAqcYzWLlZm0VcsRw56cUnJA43ZcW1TAHes3OzNoxsia3gCv9KPaAdBpkoDAVlJ8w0bZCyR81KfLuaLVlG8A2YWtFqdNtDIumOwgdazbszFK2pi3cpANaG0XfcoGdgDzxUyZlNq+hl38vzDms43ciXqjJkmIbbXTy9TBPUjMmc5qbtF81tRID5j7cU7XK51JWL8NrtPTNaPRGSWpbSBIhnFZuTsK2o8IG+YjihNhYSVA4wBg0b7itYqtaquT1pN2NopWIlg2NkiqWpDaQ97XzAM1ukTPVBHZBWyOKydkzSMXa4s9pyOKuLM5yew5bUYAPWruEUeY/G+Py/7F9/P/APaddNF3ucmIVrH70KnGe9dZwDmPFSxEEmGqdkMqT8Z9BRe4X6HlXx81EWvw41gI4SR0VRn/AHxWlPSSJmtD4GnTzb5hkE561dZ66E0zpYpHSzSNRXGlqdTfQntrAycsMmqehK1FvNG8xcYpcyL5DNfSTCCCKwk2bRVijPZbP4ayci+W+xQuLcgVXNoWtCjKpA5Fc7bWpolcz5n8s5oepKVisL3LkA4qVBlp6lq2ujnluKmSN09C9HcZI5qegmbWmzAOM09ioK7OhXLw8Vk7uRty6laZSFOa06G6Ma8mAzjrQo33Mp+Rz+oTbSR1Na2JgrmNPdbTgHmsWrsJQsZd9OWYEGtErE2sUWJB3HmtL6GEtyWJTIaWgSSsXYLNd4x1NBklZmgiLGBuIzVXNGrD/NiOBkVDVxpXF8yJUPzCs3JI0SsQrdwliGIGKiUnfQGkxCyNyCKHK4rcosaLLxVKVmZtXLK2oAGelaxnc1jG7EnRYkGOTTtzGk1yqxUPzkZPFCujmcepKjLnrVXKtZHl3x5II0LA/wCe/wD7Trrw/U4MQ72P3jZdpz2rrbPN2Iyd49qZWhA6Eng8UrDK10mF4NZalJHhn7Sl4tv4Du1JALOi8/7wrrpRuzCrKx8WabafadSG3J5yec1nV3Ckz0G10XKLlRXLex2WuadtpqKQmB+VQ6hooWLlxpkYXGBWSl1NDC1GxVCeBSbuaxgczf7FBHANY2dynZHPXk6rnkVVibmPPeKc5OBQ1c1jKxlXcok6GpWgpNMoAjd1qm3sSlYVbht+AalqyKWr0NS0uzkLmsFC7ub3sdHpswyCcU5e6UnY67T33oCeRioclY0V3qR6nFlcrTUtLj5uhz9zCqAkjmpjJtiehgzwB5CSOK1bKT7GLqEarJwKjmdxWb1Zz2pFkkGOK0i77nLOTKXmuGALfhWkloZJ3ZdtnKkEnioiW2WzfbV46+tUyEUJNRklcgO3B9aq1kXzXG+ewPzSH86tK6I5tdSwLtFjHz5P1rmcdTZy0KzTq54cg/WtEkSiaAyONqSHn3qeVFXb0L0Ftcgb0cnaMkZquTmIb5dyRdUkiOJCRQoWNYTJl1KK4U/PmtL20OlrnVyNuRuDcVO5g3Z2EUnGQc4pSvbQm1zzL42sWGik/wDTf/2nXThL+9c4sVG3KfvaRnNd1jzbEZXaMU7k2IzgZpXuaIrTDjoSKlsZ86ftRyIvh1oycB2Awfrn+lb0mY1I6HzF4N05Jb/eBkZrCtdMujHU9INqABgVxXudtiWC1HWsGbJDL5lgGWPApq+wranD6/qreaVhySRWkYmjlZHH30sjglmxVtGF7nL310Ec5fNLlFzGPc3Ibnd+tJDuZ0lySTtbiny3KUinPfOn+NHKDkTW9zuHXBrKa0LhIvWtwQ4yeaUVZG1zrtIk+UMxrkqO7NUdlpM2+PANYM2V0ixeZ2U12I1MC8RpAcVstDXlvqZk1sxB45pKabsZXs9DC1G2CgluK1SOi+hy+ojbJzzQou5wSZjXZfdlB0raw4pWuEeoNGoDGhQ1Mm7smF6JEyadlcpqyuUJ9TW3JxyarluZxlbcxrzWJ5XwhP4VtGNkYTd3oUZNZuomwxNHsrh7ToIviGRerHNZOBanoaun65OuGyStDh2LjUsdFY+LDkKTx3pJNbjnPmZpSXsN5H1GTRF3YL3THm8y2lLRk4z0q5xVjphV6MuWmqs/yucfWubmSZs7NGvDOvl9c5qr3IUXueafGlt39jHt++/9krsw/U4sX9k/fEcV1HljCuee9AiExn/9dNCUiC4O1CKho0TPmr9p6HdoUrEZJIx+dbU3YzmeD+AbE43bcCuatI3oqyO3nGwdK4nex1qxCbjy1zWfqaNnK+JNV+by1fOfSt4xMZNo5HVdWjsICXwXYd6rlbegOemp5zrXiGV2bacAntWnKY8xyl7ezvkgmrSJcuxQa6mzkkmnyJBzMtW8Msg3A5z2rNmsWJKjg4cfjUN2LSuyIbkfisW7mlmmX7WYs6imloadDsdJlbaoNck4W1N4PQ7zQ4wVBzXPudCZdvSAOaLpGqszHnGWOOlLmDV6EAjUAk81EdyOWzMHWIFbJxxXfEzbaOK1SIMxwOlF/esc8lfUwp28oEY/OuhIwu9kY13cGNye1XYm/LuUG1ol9o6UuUbqXVja07TBqMRkfjis1L3rDUbxMa3ENvqEqzY2gkfrXYmrHG07mRqV9Gly4AyvarTRmzPjxJKCemaUkrXLTex32g6MtxaDAzkVyKep1xhzEl/pP2aM7VwR3ockxuDiYX9pSWJ6nr3ocbaohS11NW311bkLuxUSkzdJMvb43wUIB61i4c2pcpW0RatrpgQO1S9NC4T7nFfGCbzV0f287/2Su/C9Tlxbvys/fkjtXWeWNK4GadxjCd1GwilethD0o3BM+fP2jtreHpA3XIwPTkVSRUjxnwXaiK1B24z3rjqPU3prQ3LsAZrKWxsnqcrrt8bWNsdazjG7NW9Dz66vjJcPPI3A7ZroSsZS2ucTr2otq1+qI3yDjitUrI53qXJfCW6wExXPFJSuS7o4/WoYrRCCMOK0VxHNm8Eg2gVTaA3fDyEqWYZFc8nY6acb7j9Q2iRgAOtYt6HTdJ6Gb5DFs9qyYN3L1rGoxxzSUzRKyOn0fLMqjkVlUloaR8j0TRrV0jDkdq4VK7sdUY3WpJeDOc1s0maxgZVxuU4A+WoSOnlikQlSRwOKiSaehyyV2UNTgDwnit6Lb3MpJM4nUIfLc5FdjS3OdLozmdVAB9/StE9DGSszm9RJKlQKpSMpxuULTTzJJkrmnKRCjbc6axn+yxbK5bO9zojtY5LX4JBdySR5O4k8V2w21OaaszHjtZZPmZSTWblrZCUNLs0dI043NyFI4zzVylyq4Ri2eoaXFHYWqheuOa5E09Ud0I2G6i6XCNt6kdKXMXKzRxuo6W00hXB9q64TUkcEoWeg2Dw/PGuQDTaiy4xmkSw2d2HxsOPWlZWFd31Na3laMKrLzWTpmnNfY4/4sf6vSD0z53/sldOH6mGIvaNz+gMjJrqZwjZVPTI4qRkJAGaZDRSuo9yE5pJgkfP3x+t2u9PKLkfMv86tSsOx5ppFgLW2RT1xXFNXZ1w0JbqIc5rJ6Fpq5x/iGz8zIPNVAJHmniKwlbdHEDz3ArYzburHMWuiSWl0ryAnBz0rOUm1ZFxS6ncx6rbvphhKYIFRTunqOcVLY8q8VafLPdOVGQTXU5HPyHMLoMokBxis3IpRN2zi+xwY7msW7nRFWIbi1Mrbs4zzUtporldxy2btHioi+hTRLbadJuxyfwptJaiUnsdz4V0B32u3T6VxVXc66cHuehQ23k2+PQVyJKLudkX0M66h8wkniteYrVGbPBhvWrWpbbI1jGORRK5JUu7UspxVQ0MuV3OR1vTmcjHFdF7kclmcjqmklj71TlZHLOPvGDeaUc9cfhThK+4paEVtbm3bHWqbJumiWUkHpjNZ3JWg02Ec65b61optaCauMfTLfZgAA0XSNVB21G2mmpaSbkPP0rOpO6CMTXjmOzB9KzhodcYKRBJOYm5Bq5JWMZPl0GQyB5NxTJqqd1oY3W5t2Vu9zj5QorS9jaOpqQ6MC2Tj8qabCcYiT+GFZtw/QVd76GLilqjy744aebBdEB6N5+P/ACHW9BWuc+JldRR++a8fWuk824jnNSVe5XPegkq3KhkPYUDR4n8ZYk8op97LL0+tVb3blpHlyYRRkVwyep1RWhTv5FAyKSRNrHL6kxkJ9KpaCdzn7qyjJyV609xvQyr7TI8ZwOlZpNFdDEmswjHAxSd7mkTFvbVWJyuaqzZLMi6gQfwYql5itqZl0nUAUI6FYSG3LRjNYNWYk7kkVqWcAU9EFmdf4f8AD4nK7lrkq1LaI2hA9D0nRkt4gAuDXGm73Z2xWhbvIRDEcVTSewLcwL2VeeKcY2Oq2hmSTKwxWiRHqMSM9c8VoVGDYFN4xSsTJcpl6jYbx93mqizJtM5nU9KJ5281o5GfInqczqOmspIK81ne7MpK5jG0KSHcMVVmZOJHNB82QM+9bxWmpg73GiE4pTV9io6MgmtjnIJpqPc2nMSKNmkAxWUqbM4y10NWGEcbhWShY6ndIuJp8U/BX8a2WiMZXkWF0SNSGVasmMHc1La0MSABcGmzeKsalvDwCetEXYlq5ZOAPXFWiHBM8Z/aLdXHh4Dt9oz/AOQq6aDvc4sTG1j93ev1roR54jEgiqFsV5GAqWOxVu3IjY1NykrHinxanExGccY4rS/u2NIp3PK5ZVCnmvPludS2MHUb/G4ZpMixgvdGRyTQWkLsWZDmkpWdinG5k31vljjoKpshIxrmNTkHrUrUqxjXcA+bitHoFzMlsUckkVi3YcUZlxaDfgL+NRzl2aIP7PkLjA4puWgI6DSdAMu1ttYynobRSuegaNonlRDC9K42rvU60joI4hFH6Yp2toa20MzUGLowq1GyFFanN3kTOTgU0dDlbQzGgcSEUyFqThdq8mpTuaxnbQdGQnPU1okOSUhXRZDzUSVtUcji72M6908NyBVN6DtbQw73SAxJKZz3oimCVkc5qHh/kkLW5DtYxLqwMSkFelWnY55RKTWwK+hp3MXTbFS0UJk9felzajSCG1CvuwCDWrehCVmX47XdgkYFcr0Z6KempZghG8KKUpWMHdo3LeFVQbhQpXHHaxbjiWQelPmLS1HPC0Rz1oUgkr7C4ABrRSujBpxZ4r+0OuDoB9ftH/tOuzD9Tkxn2T94uPSus8wacFevWjcRWlXI96lgihfSBIGyccVO5Z4J8Sb1J7xgDnbRLY0g7s8q1a6MWcGuRx1udRzVzcNITmpGkUfMAbmk2NEgnwvBwKhalMpTTFiRVN9ASMyYAucmldCtYzbrBYgUue5Sj1KU0QAz61lzXLtqVltt/OKhFM1dN0XzsHb1qZOw1FM63S9JECgbahO5qoHSWkIijyeKiasy79EQXMy9KqKuaR2Mu6wUNW2awWpkTIW6Vnq9gl5FOdNgJxzT30HHTcoTOG/Cp2NHNWK/m5bhq22Moz5ti1HJ8tFuY2W4rsGHvVJEyj1IzbK/PGPejYla6Fe80ZZIyQRii9yeVRZzF/o6MxGBkUXaKSTOeudF8tmJHANPm7mM7LRGdPaknHak3zbHL1JYLcAfNVc1tDojBWuy0qqflFZthPXYt2kCrIDwTRJNoiL6GsvlsACMCueErOxdrFmGNCeO1XILD5nVht9KqEXuKN7kSwF8dxWjdtTTl5tzxr9pODyR4c9D9p/9pV6GEd+Y8zHK3KvU/dlwARg123PKInPbNNuwNETgYPOKncLHNeJ7kQWkpyBxxQM+ePFMpeeZmbcc1lO5dPc8/wBRRmZs5rnUujOtJmBcRlWNJ2Ls3oU5NqnJ4IrnlI1ULbldp8Hg8VPNcNiKeRc5B4pq/UH5GfcOpHLc0mO3cy5WO7I6VdkxajAhl96RcVdamlpektM43KcVg3ZlctzsdP0oRIu1egpyWheiVjVijEQGRg1nY0ix1y2V4qX72hNncy3UsfWm7rY3SK86fKcVjdtl2ZSeHPStU+4JNsz7tM8Yz9KvzHbUzp7fI96LmzgmjOK7GweKpbHOlyvQRboRnk09i0m9WXrZxNgjmlc6E0lqSTI2PlqkYTaWxCWYLgmgaXMjJuovnLdqGPSO5l3kInyFFTp1I5ObVGTNpTEHKnNJJIy9jZ6lUWO3sfxrVLqDV9BYrfaak0UVFFqCDB3E05PQya1uX4IC2MGua1ncTkmaUVsAox+NWmiVuOayVmGTWnMjZJvoXILFe3SsrtvUcU7nhv7Ukfl/8IyP+vr/ANpV6eD+18jzcw3j8/0P3JfNd9jxbkTA9allFaVyM80tgOP8YSD7M5PHFNMlng2tjzbmUD1rKcjqoruc3d2RYnIrikztWpgXdltY8Vm5PoUtDGu7TOaz3NNzJnjMTEEcVoooTRWnQ7alvoCh1M2VWJpxYNXEW2Zh93GarYE0tyza2JDjjihuxpFHR2UWwDHFcreo2dDZN8o47U3LQlRLEigjNRzXRe2xWkUnjNNG0dStPH5aZxTOmKRlyyl8gce9SbOyVytITjihxOdzS2KjLnOetWjHmZSlUsxAFEjspvTUp3VjvGadzLS5jz2/lTYNK7ubTlFIt2z+T0PFVscM582xYW+DNg9KtsuDVtSeQK0e4MDWfMXFtMwry6Al2449ae4qivqVdygnAyaizKp1LKzA7WXmkbSTktCncWwOSBVqVjBxaK6wqBjHNK+oeo+KD5wMcZp7kz10RoxWxz8vSs2r6GCg2y9EpC4IpWsbcnKOIwwprVGqb6FuDjvmpbNqUddTwn9qzp4W/wC3r/2jXqYLaXyPHzONnH5/ofuIy5r0keAQOcD2pNXKbIHCtkdaTQzhPH8vl2zEcClYDxye33yM2M5rkqM6qZn3NpnJPSudx0OhPU5nVLXDNU2K1uc5fIVGB1pWOiml1Ma6iLCi9kVLsVDCWBBFYO7eo1sVzag9Kp6bA1daEiW4A5xUc0rkqK6k6R7e1bIuVktC9ayc4PSsWtdCE7m/bMkcSnPaocGUnYY90N+AavkshrUu28HmDOKzTs7M1TsVtTjEcfvVPyN4tsxjGME5rK75i221YoPncRWtw9nqV5FYChaBKCRLbWwdQSMGm9RwGX1qNu4AAVaCaOT1bCtletMzceYzFvG6U9DncGtiOW5YAkEikwScdx1rrB+4xrOx0Rdx85W4ORirukhSuQ7AB1qFK5kou404I4NFjvpslSIOvJxUsicrMhe1UHIoTI50x8cXIyKvZCSuXUzGoI5o0tclLUkWQMeTz6VmzpULrUV4zIcjihE3UXoXLRNq80WOi6seEftW9PC3/b1/7Rr1MH9r5Hz+ZX9xvz/Q/cYuASMZr0HpseGVrlhjihMCo/c02M86+IswMSJnBLc4+lQ3ZFxVzzsoqZ6GuGWup2RVjK1NhtJUViaqxyeot1zUalHPXaBxxVI1TSRmTxgDpSauaJplSRFZhWbRstURPbgAkVNjLYhRMNg561o0kTZvYtxInFZts05NCcKq8ipUrEpaim5ZRjNXzBKPUk0+NpZxnJz60c10OCszuLKwAtw2O1c73NJbmPqlvknNa2ubRehgXKiNCahqxotTFmlw3WmaKTRIrLLjBoJbuW4wAB6UxxWoXShoiKEOomkcVrFrmTrVtnNFu5jNFjOFoubKNtWVblG24AOaRE2rmNOz27FietTZiUlexas9QyoyaW5vJLlLqMZOjcVNrEXSRYVQi54NOMrmMZu46FQ74zihmkncsOFUccms4xfMc/UWIByPlrSVzsWhaWNVBFZKVtBcyTFhgXdmtQdR9CwUQDA5NJMxTbepPDFx05pnVa6ueC/tYxiNfCnv9r/9o16WC+18v1PGzN6Q+f6H7hMvGTxXoM8MqyrmqJK74Cnjmhuw0eV/ESX/AEgD1rKWxtDc4dlDK3auFnYtUZV8p+6eazZS8zn9RtcoTjrSvY0t2OZuI2RyKlO7CzKE0BPJq2VHTQzpVAlGKxZ0JhIAByalJkN3ZAyBeapu407DQ24+lFjTmuaVjaNOPaodkilDS5Jc6eY26cdKhalxjcvaRbr5ozxim12BxaOrF6kUO0EdKhRd9TNpmPfETHg5NbmsbpHO6mmEYDrRYpM5m5baTmoOhfCQrd+VzQ0ZqRMmr4IBNSKNS0h39pCUEbuPrWiSsdlSUZRMm++eU+hqZHMkiGGw8w/d4NKw+boSXWi7YidtNLUiUepxmtWflBsirMZaanMxzPHIQOlKw41b7mvaXhAAZqixu2mjQjuWfjt60uVdDnja5ZXMeDmqSNmrlmObeBniqQnFLUnjbBznis2dFrxuWonX161hy6mHLpcshVAznr2rV6LQEtCSKMHkGsothpHctRSBDyBWyNua6sjwL9rd1dfCeP8Ap7/9o16mE+18jxczVuT5/ofuBwev5V3XPDK0oBJxTJ2KU+UBpWKPLvH8W6cHoO9ZS2NobnCStjiuZo6b2Kk8BkGaxZotTF1CPAPpWcjRHO3kIBJxWaua30Ma6HULWyErXM2aMKQahnRFFV8MfeknoEkiOVwq1jZitcqBj5o571WtjXkVrndeHbaP7KHYZyKwbk2CF1N4eQMVvFaFJ6mQLoW7E7sGm0bcy6j01jI+/kUJCbRE+qEHIah6EOSehk6jq+VY55pN2RUIOTOX1K/LHrSTuXNuJlHVcEqT+NVYlbaDRqAY/eGayk7MzsxVvnVxhuK0i7ouM+ha+2qVGTUm6SZYtdTCEYPFK72K9mkrmhJrCvAUOCDT2M3I5TXPLdGOBmrTM5Wsef3ZZZWC8A+lataHPFq5ZtAAF3EmoURufRG3bXChfcVk9GXGNy4jbxmhHRaxOjjGM1oiZrTQtR4K4WsupMKuliVIWB96TVmbKd1YnQlByfwqmrkxnbRky3IQcnFRYbXMWIZhI3XNaJAnyux4L+1hwfC4/wCvr/2jXo4T7XyPJzN35Pn+h+45jwa7lueAROMmquUincoWBpNgeXfEBWQk4yKzlqjSLsefhd+RXLM6Y6kUj7RtrmbOlGNqIBU1DZTWhz88RckHpT2CL6GRd2wRsU76FpamPfEK20VG50xehQKbeTTFJ2RVmI55qLWKhqUjcBZB65oubVFZHZ2OrrDpgVeuKyjq9TOLOQ1rxT9llfc/Ga3YJN6nNXnjqPPD/rWai7iuk9SbTPFC3bgLJn8abumF+Zm6dQAQZaqtcdtTLvdQDE85FZSXQ7IPlRz+oXu44U0R0MqkruxlTz4Ga1Mk+Ux7nWPsr8ms5ailUK0njNYOp49KaVjKLvqWLLxfFctjdgUm7I3Ujbg1lZMBTmovc6024kv9qMrdePWhsqNpblS/uzOnBq4ET7GDc2/zbsV0c2h5c01K5HGcHOcAVi2+h0046XZbt5Czgqc1LVzoUkjWRmKjHH0oSsKzuTRqeKZc3rY0rc8e9ZSuc9Ra3RfSYIMH86lO5cNWNlPmLxVqQ6t0Q+WSvJpvTU1U7RLdsdnTikp3Ij7zPCv2qJN58Me32r/2jXq4TZnj5jvH5n7oSgHpXceOV5AUGDzmkKxXk7jFKRS3PPfiJBmDdjkelQtRs8vb5WrkmdcCrORg561hI3RkXQ3A4rI0bMa7BjUmtUJGBcymRjRNaGnMZFxGS5J5rKKNEULg7UPrVW1B6Gc5IBzzVO3UUZtGXLlphj1rJnRKpzI1hdslpt9BUQQoSPOfFNzJLJIOeprVLU1bstDimtZZZSSTXSkrHnS5pSNnS7aSLawcjHpWMrHRCLSOjh1h412yHIqLD5+Vkc+olwdpzWbRrCfMzKnvCCTnmtFDqRKWpkalq4ji5OKmzexEp2OWutQa7c4Naxikc8p3RXNj5o3E5PoalxCEgt7Pyn+U4p8uli1Jo6bTJvLGWauaUdbHbGr7pdfUSTgcijlsghU7k1s7THrzTTsayqaE09sXX6VrujnVpGdPbleOlQlZl7IuaZa7QCaplxXMa8Y5AFSdDjyonXrj9aRjuyzFiP3qbXNZK0WWRyu7rURVmznho9RvmFVNVbU1qv3bixzGTr0qrHJGd9BzTlAVFLksdkZJI8J/aZkL/wDCOA9vtP8A7Sr08H9r5HkZl9h+v6H7ujg12s8UhlXceaaQitKg5xRYZxHj21Mli+DzjqO1KwHjkr4dh6GuKe52Q0RTuiWrCzNrmbKrDNKxrEx75slhUbM1cdLmFcAK3SrbujNGXdZ3YPArM6aaRmXa4FUtBtXZl3AJPFG4pW2GWlqWfOM0nqtCeUvS2oK46VklYq9jl9b0QMHcDOa2WoubucPeWDxykBSPwqzOUrkltC0Q5rNo3jLS4kyOz8cVaaMm7u5DtdDwcn0pyaBP3ht3Axiz3ouNp3OUv4JJnZWzilsRJcxmCxeOT5c0J3Ofl6D3MkR5ptXNIrlZD57F8jtRsh8yexNHdyDjBFc0nqWnoa+n+a+NwyKpq6HF6m/Z2xOD0qYrU6m042NMRjaBWjM1G2pR1C2JGFFTc6KSu9SpazPE+w5I9aDS6izagf5ePxqJaGM5tk0cis3NEfMqnK+5J5mTkU5aI1T5nYt27kx/NWLlYmbSGTzhVwDzVx11Jb51YhikOMk0pOxh7OzGmQ7utXzG1rHin7SJyfD3/bx/7Sr0sJ9o8vHu/J8/0P3mYBueldtzxrleRSc07jIGXHGKLjOY8YWpexkOO1RuPY8NvInjmYOBvzzjpXNUR0wZRlRSeTg1heyNo6so3ZCjAOazsdaMC9UjJJpXRpzdDCuRuOe4q0ydDPufnU56jtUN2GtdUY0iMWweaTaGpWK727yN8ozUmbdzStdPAQZ4NI1WqI7m3OeDSbJcepRuIFkUg1GqQcvMc9f6VDk4xmrg2zOSSZiz6cMngVtJ2QcxA1mCMY59aws2x3Kz6f5eW64o2YRu2QSx7lwBWmhsn3Mq50tZScDmi442KUmleUO1Zpu+hMUr6lWTSRPnOK6Iu24q1raEUHh8F8HFZ1HfYwpwRppoMabSACe9YReup0ct1Y0bfTgoHAro5lawQhZ6mjDZ9uAKxvZnTy3JBB5bc9KrmuXFKO4lxEgQ45J9aaXVg99DKlt8HIFTIyb1CK4CNtqGrFIl+0ICcGktQhLUkiu1PUGqeht6Ei32TgE4qWkwjHnJMlwW9KTdkJ+47MiN1gnA4qkrjumxyziQgAGs3obqKZ4z+0cct4f/AO3j/wBpV6mC15vkeFmMeVx+f6H72tGeRjiu9niWK7DFBRA33qAuZWtwCa1kB7igDwXxNamzu5VJydxP61z1Dopo5e4nYHA5rJK6NtmVJpN3Ws2rGsZN7GXftmsZK5otzIlVQDVI1urGTdfISRUNXZpCS2KRi3HOOTUNWBly0sNp3Yzmi5kyw8KoMmkgjKxkXzgk4PNO1y3K5iXt35eaDPmsYtxektnBJ9KWxD1ZE7KV3EcmnuaqN0UpsYJqrC+HcoXM4WM1Eo9QUtTPecEHmpv3B3bGKVdeDzWqs0aK5G0W/OalKxoodRj2oVeRVXuTONyqVO75fzoatuZx0JRIyAc5NRY3gi7DIdoJ61Otwloy3DcBVya0shXlbQcbgTcDg0KOpPM31IhbPJJk/drTSxrd2JLmDEYAANZONxPUwbmMwOSfwo5RJ20K6SfvOah6bFx30LKSpnI5qHc6HsKmS5YdKiMr6Cg3FllZmJ4NacpdSSa1JVdQTnrTtY4ufUcsgH+NQ3c6qcnueNftFSb20D/t4/8Aaderg9pfI8nMJX5fn+h++8uOgruPHKkiYGaAK7IScYoApalGBA3eoLSPCvHK41CQY49azmtDaG5xckA5Nc97M6Groz7gAcCh6hEybt8nFZNWN0jJnYB8GkkOxmXWHlGBkU3oD0HxQKOSKzdmCk0W3dYouKjlJbMa9u2bIU8VrGNtyHLsZL7mk5zSkON7lW4s/MZieRWMr9DQzpLRA2cdKcYt7j0KF6gUZFafCgTszGvGfYSKmMtbGzjdGPLIzkg1U9EZxjZlKU7eCeTXLZvY1SJYiVj4q4J9QtqPidmxmrZ0pWJJDuShEyIFXHNErvYyUbbkohXII5qU3sxqViyFU4UitopGcpNsr3EwgOD0qXuUppaDIbvDZB4qt0J66o1otQjKDJ6VCvcWovnLL0NUzWNzG1iMk/L19qi9yWtdDFfJYCpaHF2kWYgEAz1rKT0OuV+hZEu0cdKygtSY6bkqXCjqetaybiZSu2Ezr1BqPaNkcmokU+T7VVrm8UeQ/tBHJ0Hv/wAfH/tOvVwf2vkeXmCS5Pn+h+/8i5PFdx45HJGCKYEDBDmgDO1AAowqR3PE/iHbGK6JxwTUT2NIOzOGlRdh+lcTvc7E7mNcjDHjNVcRl3qDGR1FS2bRbMS8yxPrQtTXmRXijUYJGTWU7ktklzt8okcGpppmcmYFzeuMgtW70J3RQ+05c5PWpbEi1AvmDkZzWbN0tBbiJURuKFqVymNOyJnccChtoixi3U8W85IxS3OhRVtTMvpYsYBrGzubJc2hkyxqxJFbbocoaWRm3Vt8xYnFRsTDR6jYpUjB3HipcrFuzYkupRJwtJXNE1sH9pxkYqri5dSeG4hlTgiqiyKkL7FmzjVn6jFZ1U3sKMC3Lbc5WqhJpakTSRkakny471qtTDl5mZKzNGcUbDfujjfmHiqsCldFi11PPepeprTmluXTL5qfN19aytY6Fa9zNuQqNxUu7MpWvcikyVGDzQ4nTCXMPw2FAOBUctjVw5hTCxwVNNu5ko8rHKGzyeKlRRTV1ccnU4rTQ5k23Y8n+Pjbv7C/7b/+069LCL4vkcOY6KHz/Q/oGKba7rHijGO0e5pWAqMnBNAFK6i+UnrUAeRfEyEplj60pLQ1hueV3M5DdDXLynRsUJmznispaGkVcz7pNyk1i5djdKxhXS/MQO9VBsi+pWKbM5q27lPYq3U+1T6U4qxi2c5qMu9uDg1bRN7EEFszHNYto1imzUtYzEuT096yabOmKuZeva3FaoRuGa0ihSWpwWpeIi8hw3FactzNvlMW71aRudxoUBuehnnVZHJLE0pRsVCtYsw6lvXrWaVtzeM7u7KOqaoY14PNWlcuT6o5651hiSQxH41LpGMaiTM/+2GZj81Lk6FufVEraq5AOaTjZGSrNMdFrzQ5G6lGJXttTU07xWY5AGJINOUbHXCpGSOptPEsUycsPxrMwk9R0rC6GQeK0WiBaGTeoqkgUcxlJcxj3M23Izg0OTLSSiU4tT2Sjmna2pyXdzfttTWRQuc5rG7vqdkXoMnLeZ1pyN1G6JkA2ZPYVKdzaMeVieZnGOBSkzovyjzIyDvSWpjOXUl3gpk8Vb0FGomrEJdRyOam4JK55T8eGDDQsdf3+f8AyHXpYN35vkeTmKtyfP8AQ/oPcYOK7TxSOVARine6HYqPGSMGgV7EMsPy81LGtTzD4q2G7T2YdiP51N9Doglc8Wuo9p5rnOl2ZmTpuPpUyIjuUZ05wTXO9GdD2Mu5iAyR1qZaGcdzNnkCZ3de1Ypu5q0mcvq+ourEAfL2rsjqc8tDAmvCTk9aqTKWxtaRcr5XzEZrna1OmGxU8Q64tnAwB5pxTYm7M8q1HVnu55NzZBJrdRaMpyuUWkXae5pyMldlC4nGOetRF9CpRuivHIG5zzSnK2hVOOmpLBdRIxyeRWc3dFpamfqt0ko4Naweg27GG7oXKnmrbBU7u5XaJd54wKyuRJWYjPjI7VMmO9yCQDyzg0kzOxCk+F4rXlbI5rCrq7xMOaTgdEJ6nRad4nAjRS3JrKzOu6ZrHUlmXg5rKWhKVzLvJlycnmmnoZvRmWpZ34HFb30MGrsv2tw0BDd6zcVuaQeptQXT3C5NYLc74MuLcYiK460Wady4u7uQqpc5xgUpM3lpG5NG3lDru+tOOqOWXvIgmYzGtOgk7Imt9q/erkcmmaR11PMPj0Qf7CxwP3//ALTr18F9r5HmZhe0L+f6H9CRXHGK72ePsNKYGTUlsgfaeR1qldDsmUpT2pMLWOH+Idv5uiTjGeh/UUWHGWp89akrLIwPrWUkbc9zNd8qRXLNNGsShMNzdaxZaM68jYnHarTTRSRm3tqSn4Vm7Jls5DVlEZIroiZSRyGp3vkGmoX3MHMz08TmE7Q2Kz5bG0alkYus6zLd7vmyK1SSKcrnNwpLPOygHk1qzmTdzZttElOCRnNc0mbxVxL3QSgztwalOxuo30MuXRnAIUEZpTtuawpu+o06C4iJ6ZrG99DvhSi9EZ76I8pwa0jKxlVw1tUUbzw+8BztolO4oLlVmQrpEkwxjH0qeeweyT1H/wDCOsVyTmpc0wVJMqHRX3suDVxdlcUqGgx/DUhQ4/CuhT0POdKz1MDU9CuLY55qotMzkrGOWuoG6GonozWMtC9b69PCmCSDUezctRqpZjDr8ryfNkHPelJKK1Bz5ma1nqBlA5wK5Obm0RurRV2XoroMw5rfZWZno3odDYTDywc0NI7IyUUa0OJBnGaxjK5pHQdtIY+9O2pvJXiRSKy9KLKJzxTehCVfcABScjWnTRYRMgAjpUW5ipLlPK/jqxP9hg9vP/8AadelgvtfL9TxsfqoP1/Q/oYfr7V3ep5TY1hlcdqEG5A0K9adxrQqzqp6UXE9TmfFtr52lTr/ALP9aLhazPnPXIMTSLtIIOMGsnozoUdDmbnKNWbVwT1sU5FIBYd65nG7OhaIqb95O7tWTVmXFmfqEmEOKloq5wetSfOx966U7EtaHDa0zSkg81pGSOZxOf8A7Nknk+XOKrmQrPobFt4YaSH5gTUXTdi7tImg0BbU5KjNXPyM4m3axQxKCwGfWuKTaep1wC9sorxcqBuNF7m8d7mbdaQsYHy1Lud8Pe0ZSeyUqVrN3uelTgoK5Ve3iU42j61a1OOrKTZR1C2SRCqgE00rmfS5lQWrbipGKUoGseWxM1oIOWNJU2x+1hEqMsSMScVVmlYHUVinPfJGxHetUtDzJ+9K5lXu257A1SdgnBWuZ8mmRuOVFO1zFRXQpN4ajkkJIxWqlZHP7L3ihf8Ah1cZxwPukVjU1OlQSKK27wOEORWMYxhqKT6GhboUYZrOq2loaRjbU6rTFBUEnmsYzbNlC50NqBtGKFo7nZGNlqPdR361re6NbrYZ5DckHNZKV3Yl8qQFlVcnrWjjbUwVSzGhwx5NNIKj59jyn47sG/sPH/Tf/wBp16OEVub5fqePjVZRXr+h/QqTxXYeWN3ms9ikyKX5ge1Wh2uVHFMhlHU4BLaOpGcipKv0Pnrx5pR0/U5X52sc1MtjenrocPeqrrnvWNzRpIyZQQCKzZonoU2j+Y81ja7HEy9SAVSM9qm9nZm1rHEaxFvLYrQU/I5K8scsdwrSxhZ9SXTbBQc4yaxkNG8sKpGMcYqYprU2aVjPuFDsQOxro5+5x8muhVmUKmKytzM2joU5Lh4MEcgUrWOqErBcaj5oBPUVDR3xmkUrrUEWA4+9Ry3K9s07GG95vfg8VVjKpNtjRcDfz0qJaGlFc+5XuL6NCexqea50OCTsZOoanuG1TmtEzCokjHnvHAznPpV9DC9/dRVLGUEk5NNNWOeUJXFjby+vNZvQu11YsKyvis3V5XYUFqTJAG5zTjO50SUUJcWAKVpzIxlDm1Rgappzj7q8is1Y55JpkdpbMyjcORSkuY2V5G3ZptA7Gs+TlRsmzatn+UHPPaoubxl3GmZvN56VLZ0xs0WhcCJaz5G5XRhIgc+byK6NbGU432IxH/FnGO1CdhQg3oeWfG/OdG/7b/8AtOvTwjvzfI8/MI8vJ8/0P6GmbJ967DxxhI6UrGmiRFIy981S0JuVZTnOaNyW7lKeU7SvY1DRpdM8u+J+kG4t2nVeRUmkdGeIXZ2OQelc8ro30Zl3EoGeeKhXZWiKEk4AIJrNrU2SW5i6xMAmRzSS11Jk+xydzMWY5AIrZx0uRGbuZs8HnHkcVMQm2yWztliORSkKBJcSAcAVF7FtXMm8YQrmpSTHbQw9R1J414FbwsjCS1M5dXbHzAYrOo9dDphsVbrWFQcEVK2OiNjCvdaYyE5G30FUgm7lE62FzkipauDkrFc6+y524Ipct9xwl2Ktxq/nYycZrO2p1NW1uVZbssQFINUrIioyvPfCJeRk1S94w5rbEcFyZMt61lKLbK529ydWZutCjYhe8yzFGSRjgetZTsUo8rLsSEgbjQmraHSkpblpVLMMHIFJySBvlIbqMNkFeKqL5jkm3Iz/AChFJwOKfM4sUV0JDICOBinJtmiiWbaY5HNQ0mbODsXoW3tggVPIojjeK1FlZc4boKI3b0JctRBIrH5ela6mt7K6Enyq7u1Tculpqzyr42SeYui+3n/+069LCK3N8jy8z+x8/wBD+hVmA56V22PEGO2Bn+dMCHzc89adgIJpN7Y6VOwLUqygE9RigZzfiewW9s5EPUipKVz5v8Xae+m30qEYXJrKcW0bRlqcncygL1qErFSbuZFzck8ZxUyRSkzG1O4Zl28/Ws9jRO5hSjPJNXfQdkKFG3JrnuyraD2xswuM0nK5SilsZ8rgOQTzT5bhexl3riQkDtWPNyl2uYF/H5gI70/aNEuKOfvyYYyO9apqWoR00Odu7iQBic+1PluWnY569vZlyRzzVKNiZO+hn/ankYjJrSxnd7DZLp4uM04q5Tk1sNFyzgkmplFF+0nLRCJO0Z3Z61HJzEuo9hPMaRvmPFDSggg3uX4VYKNv5Vzc6udafMjUtosrk9aiVQFHldy8iYGMcVhJtjumx5G5eDg04JmkJWZNEfLALdaUouWxrKKeoNMjg561VNSW5jKNloU7jEYLiuuUEzn1iUBOS3Sla6NYyY5S+/JbCisnobynZFqK7ZTwaErmLncn3krljVKNg3HQy7D0yKlyOqLTVh8tw0p2ngVULMmV0eZ/G0BU0MAY/wBf/wC069LDfaPIx0m+W/n+h/QczAnPSutnmWElbK+1ShNEHAFaCK8p5zQxbFdzUMrQpXSLIjZNSM8Y+K3h0FGuEB46kCqeqKTseHXwKOR2Fc70Nb3Mmd85rI0Me9kGSDStc0jojFlZjIR2qJaFxHHIQVgmVJC+YEQg0miotLcz5xuJatlK6sTJdTMnQru61zyWtyo2aMe73oSccVDXMxrQwtRj8xCa0hdFaLU5jUFY5UDNdcF1Zk5K+hj3WnySRnArTRsc0+W5jtpsySbcH60m0YRemokulSsvvUc1inqyL+zpUHAyaG7nQvdQj2cnAIocuUqEFN6lmK0O0AjkV59Sq3KxTgkalnDsT5xWdnccdC7EMj5RWihd6jbuibDAYrZqKRUYu12C5BrF+RqmWJEUwhs8+lTF6ik5dCsnycnmuhIUZ9yOcGXvxT1R0SppxuV5EGRwBih7HKk07EbtyBWZ0cvOOj4qkS4paE4mDrg9Kp7E8pahZRGO4rhkne5rBWFdgMHNdERyvc8z+NTbhop/67f+069LCO/MeXmCSUPn+h/QUx/Ouxo8e9xDLhcGpsyk00V3fA9KtMkiZ8rmk2BA5yODRckpyDLcmlYu5y3i3T1v7ORCueKEFz5h8ZWbaXfyoVIUN3pSgaxkkclLcgg1zuJSlqZl4wao2ZtfQyZnOeOaqSTJUrCZZiAawcEtjVSFmUBKhLUcpaEBi8wcU2rApcysV7m3AXGORSTTGroyLu2JByOKqyLimzBvLUjK4qrJaky0ZnjQfMfcRWcqltEJR6jn0JFG4gYFUpFNvYxdQ0yNCSF/Klc3VJbma1qARxVLVByq5IdNU/w9azv0FKxC+lgDpVNnVGFldEZ0z5gQP0rklFXMJydxxszkLihaMI6k8Nk46Dit+hS3sWBECuCKyd2zdtLQry2wDU+XSxArwlkANcsrxNItWsxht8AelXTrXDlj0IZYth65rfnXUh1GtCO4jHl8daE7gZ5BX73TNO2pEarhuSLIjLxTKdS+pPHtaPFJs2prm3GpIVbA6VFlIcpWdicNxzzQo2DmuebfGVww0cDt53/slelhFbm+R5eYO/J8/wBD9dj/AMFIf2ds/wDJQs/9wTUf/keu88Ya3/BSD9nZjz8Qf/KLqP8A8j1NhjP+Hjv7O+D/AMXB/wDKJqP/AMj0uVlXIG/4KMfs8n/moPH/AGBdR/8AkenYkib/AIKK/s9Hp8QP/KLqH/yPQkBWl/4KI/s/N93x/wD+UbUP/kenYClc/wDBQf4AyqQPHuc/9QbUP/jFKwHlXxA/a8+B/iEO9p41Dv1A/sq+XP5wCq3QHkt5+0r8N3ZhH4k3DsfsNyP/AGnWLg+homiif2j/AIe458Q5/wC3K4/+N1Lpt9C1NEX/AA0X8PC2Tr/H/Xlcf/G6l05Mamh5/aJ+HRH/ACMOP+3K4/8AjdR7OfY09pDuD/tE/DoptHiH/wAkrj/43Ueyn2G6kLbkX/DQ3w7UceIc/wDblcf/ABum6U30JVSK6kUn7Qvw+cf8h/8A8krj/wCN1CoTXQ09rHuU5vj34BYHGvZ/7c7j/wCN0/ZVOxUa0F1KDfG7wG551wf+Ak//AMRUOlV7A6tN9Q/4Xj4EXga3n/t0n/8AiKy+rVW72LjWp23Kt38bfBMkbBNZyT/06z//ABFbKhU6on2sL7mJL8XPCTMf+JruH/XtN/8AEUOhU6I6PrNO1rlZvin4Sb/mKf8AkvL/APE1KpVV0M/b0+45Pir4THB1Yf8AgNN/8RV+xn2J9tBvVj1+KvhBW/5CuR/17S//ABFT7GpfY6vrVK1riSfFbwiTxqvH/XtL/wDEVM8PUeyMPb0+5D/wtLwmWz/an/kvL/8AEVn9Wq9hxxFJPcmi+LPhOMY/tT/yXl/+Iq/Y1bbFvEUt0xsvxU8JP93VMH/r3l/+JpqhV7fkNYmlfV/mV5fif4UcDGq8/wDXvL/8TQqFTqgeJpdGL/wtHwrtA/tTp/07y/8AxNRUw1SS0Rn9Yp3vf8yOX4m+FnTA1XB/695f/ia56eDrResfyN/rVH+b8yo/xH8NdtTz/wBsJf8A4mtJYWq+gniaL+1+D/yIH+I3h9/+Yjx/1wk/+Jp/V6y2j+QfWqXf8xknxB8OuhX+0M/9sJP/AImtPYVu35GEq9J9SsPHugj/AJf/APyDJ/8AE1Xsav8AL+QlXp9x0nxC0MJhL7P/AGxk/wDiaXsKr3X5HRDF0o9fzFg+IGggDfqGD/1xk/8AialYeqnt+Rs8Xh39r8H/AJE7/ETw8B8moZ/7Yyf/ABNX7Cp2MXiqPR/mcN8RPENjrxsPsU/n+V5m/wCRlxnbjqB6GuzDwlC/MjzsTWVVq3Q//9k=',''),(89,'11/07/2016 02:30 PM','11/11/2016 05:08 PM','114.124.5.126','Andry Priyandika','1','','','iVBORw0KGgoAAAANSUhEUgAAAj8AAACWCAYAAAAxIOk4AAAUzklEQVR4Xu3de4hV5f7H8WeUNHKczOqEVtpUkP5RzRyiQ1hNQtAfETYglRfoShMUqShokJRdQCsdhxJC6Io4/nFonIgIIkoy6hA4DQi/knLSCsKm32RKpkRz+CzY+6xZ7hn3ZV2etb7vBVE2ez/r+b6+K+bbs55L0+jo6KjjQgCB3Ars3r3bdXZ2lvu/fv1698wzz8QWz9NPP+02bNgQtHfuuee677//3s2YMSO29mkIAQQQSFugieInbXLuh0B8AipE2tvb3W+//RY0umjRIqdiKK5L7be2tpab6+7uditXroyredpBAAEEMhGg+MmEnZsiEI9AW1ubGxwcDBqbO3eu++qrr2Idlbnlllvcnj17gvY7OjrcJ598Ek/HaQUBBBDIUIDiJ0N8bo1AIwLh11FqZ2BgwKkYiuuKvk6Lu/24+kk7CCCAQK0CFD+1ivF5BDwQ0AjMwoULyz156qmnnIqhuC69RtPrrtLrtBUrVritW7fG1TztIIAAApkKUPxkys/NEahdQAWJ5vloPo6uJF5HaV5PT09P0H4Sr9Nqj5pvIIAAAvEJUPzEZ0lLCKQicOedd7r+/v7gXkmsvtK8IRVXpauvr8/pnlwIIIBAUQQofoqSSeIwIRCdh5NEYRKeRJ3EqJKJRBEkAgh4LUDx43V66BwC/xOILmtPYh6O5vWsWrWqPKqkUaDLLruMNCCAAAKFEqD4KVQ6CabIAuFl50nMw4kWV3FPoi5ybogNAQTyJUDxk6980VujAkuXLnW9vb3l6JNYdn7FFVe4gwcPBve49tprgz2DuBBAAIEiClD8FDGrxFQogegE5LVr17qNGzfGGuP27dtdV1dXuc2PP/7YaaSJCwEEECiiAMVPEbNKTIUR0LJ27edTGoVpbm52x44dizW+6NJ5TXjWyBIXAgggUFQBip+iZpa4CiEQ3m+npaUlOMoi7gnI4Z2ip0+f7g4fPhzrERlpJkKF3LZt29yBAweC/YniPOA1zTi4FwIIJCtA8ZOsL60jULdAdFn7G2+84e67776626v0xejBpUncI9YOj9PYm2++Gex9FD3UdcGCBW7v3r1pdIF7IIBAjgQofnKULLpqRyDp09pLknk+uFSvArULtQqe0jEc0SfkggsucL/88oudB4dIEUCgKgGKn6qY+BAC6QokfVq7osnjwaUqcjTCo/2IxluNNnXqVHfy5MkgYeeff74bHh5ON3ncDQEEvBeg+PE+RXTQmkB4no9iT2JZu9rV3KFDhw4FvElsmBhn3lToLFu2zH377bfu1KlTpzWt+T16Jai/du3a5Z544ongM7feeqv78MMP4+wKbSGAQAEEKH4KkERCKI5AdDSmu7vbqRiK+wpPck7ifLC4+qu5PG+99ZbTKfbRS/3WmWMqeMLL8vVnfUcXGzXGlQnaQaBYAhQ/xcon0eRYQKMbWtZemr+yaNGi0ybwxhGe2m9tbS3fJ6kCq96+ar6Tihe92qo0l0cjVipqVPjMmDHjtNvMmjXL/fzzz8G/f/bZZ92TTz5Zb1f4HgIIFFSA4qegiSWsfAlE9/PRDssa7aj0y73RyMKv1fS6SMWGD5fiLU1grtSfO+64I3j1dffdd0/Y3aampvLPtTXANddc40N49AEBBDwSoPjxKBl0xa6ARjE0kVeXXueoENCk57iv6NJ2H3Zy1qutDRs2VCzCVJypWNOrrGoKQblp9EyXT4Vd3HmkPQQQaEyA4qcxP76NQMMC4ZPU1ViSe+2E58N0dHRUnEvTcEBVNKCRLo3yjPdqS31T0aOisJYrHJ/vk7hriYvPIoBAvAIUP/F60hoCNQlEJzgn+Qvbh1Ef9UGjPBrtiV4a8VLxoqKnnl2so3OZfBjVqulh4MMIIJCaAMVPatTcCIGxAtEJzkmPxGi+zM6dO4NOJH2vaK4nms9T66ut8Z6jdevWuU2bNgU/5pUX/7UhgMBEAhQ/PB8IZCCg/XU0qfno0aPlX9YqhqqZ11JPdzUqMnPmTDc6Ohp8Pa1REZ2ttWXLlnKc4b6rACvtzVNPTNHv6Fyy48ePB//60Ucfda+88koczdIGAggUUIDip4BJJST/BebNm+e++eaboKNnn322+/zzzxOZ4FySCM8rUoE1MjKSKNJEk5i1hF+vtsJ78zTamfBE50mTJrmDBw8Goz9cCCCAQCUBih+eCwRSFghPytWt165d6zZu3JhoL8K7Ob/44otuzZo1idxvvKJn8uTJbvny5U6bK9Yzn+dMnQ2fUZbkvKkz9YOfI4BAPgQofvKRJ3pZEIHwzsoKqaury7366quJRheeVK1JxeMdAlpvJ0ort1T4RPcMamlpcZ2dncEk56RGYsKjPophaGgokQKrXh++hwAC/glQ/PiXE3pUUAEVB/fff385unvvvbfiqqe4ww/vIRTnqMhEy9VVZOnVlv5Kah5TySk86pOWadw5oj0EEEhXgOInXW/uZlRAk5nb29vL0ae12iq6vD2OUZGJih6N7mh0a7yjJ+JOP6M+cYvSHgI2BCh+bOSZKDMUiC5pT/LoimiY4flFjZ4VVk3Ro/uleV144YVueHg4uCWjPmnKcy8E8i1A8ZPv/NF7zwVUMGjEpzQXJs0T1HVvjcT8/vvvgVK9y9t9LHoUj5bR64BTXWeddZY7cuRI4q/YPH/c6B4CCFQpQPFTJRQfQ6BWgehhpUme2VWpbw8++KB7/fXXgx9deuml7vDhw7WGEMxJWrVq1WmTpEuvt9Ie6SkFEC3sbrvtNvfBBx/UHB9fQAABmwIUPzbzTtQpCIQnGjcy8lJvV6dNm+b++OOP4Ou1Lqcfb8l61kVPySK8au6iiy5yX3/9NaM+9T4ofA8BgwIUPwaTTsjJC0T38knysNJK0YRXlmkTxRMnTlQVtO9Fj4KITh7v6+ur+QDUqjD4EAIIFFaA4qewqSWwrASihY/mpWikIs0rvKlhNfd/77333F133XVakaRXdeq7lqz7crW1tbnBwcGgO2mtmvMldvqBAALxCFD8xONIKwgEAtHCJ4sVSOFRnzNNsNZScW1AqL+HrzT36anl0VER1tPTU/7KwMBAoseC1NI3PosAAvkRoPjJT67oqecCPhQ+Iqpm1Eerz7ThYrToaWpqcg8//HBw3EbSmxPWms5PP/3U3XzzzeWvVTOiVes9+DwCCNgQoPixkWeiTFjAl8InvPy70qiPih6N9Gh0KHo98sgjbt26dYkdQ9FoCq666ip34MCBoBmdUP/rr7822iTfRwABowIUP0YTT9jxCfhS+Gj5tzb9++uvv4Lgwiu89DMtWa9U9OjVXFIHjsalHF7dpT19PvroI3fTTTfF1TztIICAMQGKH2MJJ9x4BXwpfBRVuECYMmWKO3nyZLA/j+bIbN269bS9ejRZWMVQEqesx6kcPaKju7vbqwnYccZKWwggkI4AxU86ztylgALXX3+9+/LLL8uRZTG5uXTzSgXC0aNHxy16VCjpQNA8XJdccon76aefgq6yuisPGaOPCPgvQPHjf47ooYcCN954o/vss8+8KHzUiXCBoE3/tLnhsWPHxsjpTDGNAOWl6FHno3v6JLG6S6NjpaXzYTDd+8orr3QLFizwbvK3h/9J0CUEciVA8ZOrdNFZHwSir7r0y3Hv3r2Zde3xxx93L7/88rj392VX5nqArr76ard///7gq/Pnz3cvvPCCmz59elAUqWgpXdrh+c8//3Tz5s1z2tQxfIVXtOkz+q7+Xuul1W/atVt/6ZBYLgQQyK8AxU9+c0fPMxDwrfB59913x/1FPHv2bPf8888Hew/l9Zo0aZIbHR31rvvnnHOO02tPHRbLhQAC+ROg+MlfzuhxRgI+TW4WgUY+zjvvvNM0pk6d6hYvXux27NiRkVR8t9W+Q0lf2hJAu0aHr+PHjwenxLe0tDj986FDhyp2Y+HChe6dd97htVjSSaJ9BGIWoPiJGZTmiingW+EjZe3Js2nTpjL4rFmzguXtK1asKEwSNOfmu+++K8fT3NzsNHfpuuuuG1NwTPTaS4VNeMNGrW6rZ4WbJpVrztTbb7/tRkZGyn1S+zq7LVpAFSYJBIJAAQUofgqYVEKKV8DHwkcRajTi8ssvd3///bebM2fOuKMT8WrQmgQee+wxt23btjKGiquhoSFGgHg8EMiJAMVPThJFN7MR8LXwyUaDu4YFdu/eHcyn0pYCurSKjjlAPCMI5EOA4icfeaKXGQhQ+GSAnrNbRpfic95YzhJId80KUPyYTT2BTyQQPT08yw0MyZTfApoHpKNDSteWLVvG/Nnv3tM7BGwKUPzYzDtRTyCgIx904nnpovDhcTmTgPb+6e/vDz42efJkNzw8zPyfM6HxcwQyFKD4yRCfW/snoHkcnZ2dFD7+pcbrHmnbAe2sferUqaCfWnGnESEuBBDwU4Dix8+80KsMBDR/Q/u2lHYO1pJq7Q4cXiadQbe4ZU4Etm/f7rq6usq91eTnPB0lkhNmuolALAIUP7Ew0kjeBSh88p5BP/offv2lfX90FhkXAgj4J0Dx419O6FHKAhrp0YiPCiBd2vFXIz5sWpdyIgpwO22EqOemtPyd1V8FSCohFFKA4qeQaSWoagUofKqV4nPVCoRXf+mVqUZ/6tlRutr78TkEEKhdgOKndjO+USCB6F4+OqYgzweBFig1uQ5Foz+Dg4NBDHoV1tfXl+t46DwCRROg+ClaRomnagEKn6qp+GCNAnptqleppYvJzzUC8nEEEhag+EkYmOb9FHjooYfca6+9Vu4ce/n4mac89ypcXF988cXuxx9/zHM49B2BQglQ/BQqnQRTjUD0/8qXLFnidu7cWc1X+QwCVQtoPtns2bPdiRMngu888MADYwruqhvigwggELsAxU/spDTos0B0SXtzc7P74Ycf2MvH56TluG9Lly51vb29QQTTpk0LRn/YNyrHCaXrhRGg+ClMKgnkTALRlV16FbF//35+GZ0Jjp83JDBz5kw3MjIStMHOzw1R8mUEYhOg+ImNkoZ8F9Buu3v27Am6yV4+vmerOP2LHpkyNDTE0vfipJdIcipA8ZPTxNHt2gRY2VWbF5+OVyBceOuftfqLCwEEshOg+MnOnjunJBA9pZ1dd1OC5zZlAc01a29vL/+Zpe88HAhkK0Dxk60/d09YILqyiyXtCYPT/LgC4dFHRn94UBDIVoDiJ1t/7p6ggM5Z0v9tc0p7gsg0XbWAnsfW1lZGf6oW44MIJCdA8ZOcLS1nKFDpzC798mGZcYZJ4dZu5cqVrqenJ5Do6OgIDtDlQgCB9AUoftI3544pCOg8pf7+/uBOrOxKAZxbVCWgolyHnOrUd4qfqsj4EAKJCFD8JMJKo1kKLFu2bMyOzRxWmmU2uHdUQJOftfxdo0CMRPJ8IJCNAMVPNu7cNSGB5557zq1fv77cOpvKJQRNswgggECOBSh+cpw8uj5WIHqWkiY779u3DyYEEEAAAQTGCFD88EAURiC8kZyOFFDhM3fu3MLERyAIIIAAAvEIUPzE40grGQt88cUX7oYbbij3YmBgwLW1tWXcK26PAAIIIOCjAMWPj1mhTzUL3H777e79998Pvsfrrpr5+AICCCBgSoDix1S6ixvskiVL3K5du4IA77nnHtfb21vcYIkMAQQQQKAhAYqfhvj4si8CmzdvdmvWrAm689JLL7nVq1f70jX6gQACCCDgmQDFj2cJoTv1C6gA0kXhU78h30QAAQQsCFD8WMgyMSKAAAIIIIBAWYDih4cBAQQQQAABBEwJUPyYSjfBIoAAAggggADFD88AAggggAACCJgSoPgxlW6CRQABBBBAAAGKH54BBBBAAAEEEDAlQPFjKt0EiwACCCCAAAIUPzwDCCCAAAIIIGBKgOLHVLoJFgEEEEAAAQQofngGEEAAAQQQQMCUAMWPqXQTLAIIIIAAAghQ/PAMIIAAAggggIApAYofU+kmWAQQQAABBBCg+OEZQAABBBBAAAFTAhQ/ptJNsAgggAACCCBA8cMzgAACCCCAAAKmBCh+TKWbYBFAAAEEEECA4odnAAEEEEAAAQRMCVD8mEo3wSKAAAIIIIAAxQ/PAAIIIIAAAgiYEqD4MZVugkUAAQQQQAABih+eAQQQQAABBBAwJUDxYyrdBIsAAggggAACiRY///7PYff/x0+hjAACCCCAAAIIVC0ws3mKW/yvOVV/vtYPJlb87Pm/I271jn219ofPI4AAAggggAACbvPyf7qO+f9IRILiJxFWGkUAAQQQQACBRgRyWfwoYF57NZJ2vosAAggggIBNgdy+9rKZLqJGAAEEEEAAAd8FEnvt5Xvg9A8BBBBAAAEEbApQ/NjMO1EjgAACCCBgVoDix2zqCRwBBBBAAAGbAhQ/NvNO1AgggAACCJgVoPgxm3oCRwABBBBAwKYAxY/NvBM1AggggAACZgUofsymnsARQAABBBCwKUDxYzPvRI0AAggggIBZAYofs6kncAQQQAABBGwKUPzYzDtRI4AAAgggYFaA4sds6gkcAQQQQAABmwIUPzbzTtQIIIAAAgiYFaD4MZt6AkcAAQQQQMCmAMWPzbwTNQIIIIAAAmYFKH7Mpp7AEUAAAQQQsClA8WMz70SNAAIIIICAWQGKH7OpJ3AEEEAAAQRsClD82Mw7USOAAAIIIGBWgOLHbOoJHAEEEEAAAZsCFD82807UCCCAAAIImBWg+DGbegJHAAEEEEDApgDFj828EzUCCCCAAAJmBSh+zKaewBFAAAEEELApQPFjM+9EjQACCCCAgFkBih+zqSdwBBBAAAEEbApQ/NjMO1EjgAACCCBgVoDix2zqCRwBBBBAAAGbAhQ/NvNO1AgggAACCJgVoPgxm3oCRwABBBBAwKYAxY/NvBM1AggggAACZgUofsymnsARQAABBBCwKUDxYzPvRI0AAggggIBZAYofs6kncAQQQAABBGwKUPzYzDtRI4AAAgggYFaA4sds6gkcAQQQQAABmwIUPzbzTtQIIIAAAgiYFaD4MZt6AkcAAQQQQMCmAMWPzbwTNQIIIIAAAmYFKH7Mpp7AEUAAAQQQsClA8WMz70SNAAIIIICAWQGKH7OpJ3AEEEAAAQRsClD82Mw7USOAAAIIIGBW4L+lTpi3dVeZjgAAAABJRU5ErkJggg==','iVBORw0KGgoAAAANSUhEUgAAAj8AAACWCAYAAAAxIOk4AAASvklEQVR4Xu3dW6hVZbsH8Nc0E7qoNHcWhXrVkY4XdRGUBkWmqFh0+spEuwgCk7oIoqzu04QuIpSyNlaww0SKisoCKYvMTLBuonPWxg4IkZWHzTNgzj3WbK3WmocxD+v9Dfj4Nq45xnif3zs+9p8x3sOEo0ePHk0OAgQIECBAgEAmAhOEn0x6WpkECBAgQIBAISD8eBAIECBAgACBrASEn6y6W7EECBAgQICA8OMZIECAAAECBLISEH6y6m7FEiBAgAABAsKPZ4AAAQIECBDISkD4yaq7FUuAAAECBAgIP54BAgQIECBAICsB4Ser7lYsAQIECBAgIPx4BggQIECAAIGsBISfrLpbsQQIECBAgIDw4xkgQIAAAQIEshIQfrLqbsUSIECAAAECwo9ngAABAgQIEMhKQPjJqrsVS4AAAQIECAg/ngECBAgQIEAgKwHhJ6vuViwBAgQIECAg/HgGCBAgQIAAgawEhJ+suluxBAgQIECAgPDjGSBAgAABAgSyEhB+supuxRJIafv27WnNmjVpxYoVad68eUgIECCQnYDwk12XKzhngXfeeSfNmTOnIJg8eXL6888/c+ZQOwECmQoIP5l2vLLzE3j11VfT/Pnz09GjR+vF79q1K1144YX5YaiYAIGsBYSfrLtf8bkI/Pbbb2n27Nkp/juOCRMmFCGoHIRysVAnAQIEhB/PAIFxLhCBJz51ffLJJ0MqPe+889KePXvGefXKI0CAwD8FhB9PBYFxLBCfupYsWZIOHjz4jyqXL1+e1q9fP46rVxoBAgSGFxB+PBkExqnAyy+/XASfI0eO/KPCKVOmpH379qUTTzxxnFavLAIECIwsIPx4OgiMQ4GHH344PfLII/XKJk6cWAxs3rlzZ/FvK1euTI8//vg4rFxJBAgQGF1A+BndyC8IDIxAjO9ZtmxZirc+teOUU05Jq1atSvfff3/937788ss0a9asgalLQwkQINBJAeGnk5quRaCHAl999VVavHjxkIHNV1xxRRGErrzyyrR79+6idUuXLk3PPPNMD1vq1gQIEOitgPDTW393J9ARgRjYvGDBgiHje2qfth599NG0evXq4j4nnHBCEY689ekIu4sQIDCgAsLPgHacZhOoCcRbnPjUVT6efvrpdMcddxTr+kyfPj0dOnSo+HOEoBgPVPURb6FiMLUB1VVLuz4BAq0ICD+tqDmHQJ8I3HPPPWndunX11hxzzDFp69at9T27ygOfYzuLn376qfJAcumll6YPP/wwNbalT8g0gwABAkn48RAQGECBeKMTg5jLY3cuuOCCYnxP7ZNWvH2JVZ1rR8z+euihhyqtNjZL3bBhQ/0eixYtSps3b670ni5OgACBZgWEn2bF/J5AjwWGW7F54cKFRRAqf2aKQc7vvvtu0doY+BybmlZ5RLtiZtlff/1Vv80rr7xi5/gq0V2bAIGWBISflticRKA3AjGw+dZbb63v0RWtGG7NnvLu7fGbbmxg+sILL6Sbb765DhPrCsV9HQQIEOg3AeGn33pEewiMIDDcis21gc2Np8Snr6+//rr4524taBgzyQ4cOFDcc9q0aWn//v36kgABAn0pIPz0ZbdoFIGhArEac4zxqR0xmPitt94q1u9pPMqzvyKQ1GZeVWkaY3u2bNlSv0VspPr2229XeUvXJkCAQMsCwk/LdE4k0B2BmLK+cePG+s0i0GzatGnEsTTltz7dmNoe4Sp2iP/999/rbXzwwQdTrC/kIECAQD8KCD/92CvaRCClYlxPvEGJRQlrR8zoivE8I62f07igYS/e+kRbt23bNuxbKR1LgACBfhAQfvqhF7SBQINABJ4IPhGAasdYtqU49thju7qgYePA6lpb7R3mkSZAoJ8FhJ9+7h1ty1JguBWb165dm2JBw387yudNmjQp/f3335X7lT+x1W526qmnph9++KHye7sBAQIEWhUQflqVcx6BDgvEW565c+cOmR4e43tqG5OOdrtyEOnGgoblsDVx4sR0+PDhoomxwvOOHTtGa66/EyBAoGcCwk/P6N2YwP8LDLcje+OKzWN969OtGV5Tp05Nv/76a9Gs2DqjtrihhQ092QQI9LuA8NPvPaR9414g3uzExqTl8T3Nvj3p9gyvW265JT3//PNF38Q4o9ontpkzZxZT6x0ECBDoZwHhp597R9vGvUB549FasSMtXDgSRrfX9YmQdtppp6U//vijaNIZZ5yRvv322+L/7taCiuP+wVAgAQKVCgg/lfK6OIHhBSJALF68eMh+W/HWJN4CxbYQzRzx+927dxendGNdn/K6QxGCfvzxx3TkyJHi/t3YRqMZG78lQIDAcALCj+eCQJcFYhp7BJ/y56HYeDSCz0jr94zUxPJU826M9Wmc2h6fvmr7ecWq07VBz10mdTsCBAg0JSD8NMXlxwTaExhuGns7b2vKO7dX/cmpcdHF2Ek+pt/HekRxNDtOKc6JABjbYkT4a/aNV3s94WwCBHIWEH5y7n21d1XgoosuGrJac7ypiTAU+2K1csQO79ddd1391KoXFizv3xVtjzdY0f6YVh9HsyGu3P4zzzwzff75560wOIcAAQJNCwg/TZM5gUBzAiNtUxGfuWKWVqtHeaxPTIsvb4PR6jVHOq9xY9XaoOxrrrkmvfHGG8VpV199dXr99dfHfOvyW6sYO/T999+P+Vw/JECAQDsCwk87es4lMIrAcNtUxOeh1157renxPeVbxeei2bNn1/+pyrV11q9fn+688876vcqf12LsUoS4OG666ab69PexPBgnnXRSfXr/mjVrhuxaP5bz/YYAAQKtCgg/rco5j8AoAsON72l2GvtIt4ixNuvWrSv+HONlYiByFUeEt0suuaQ+m6vxDVMEnhdffLG49W233ZaeffbZMTUjrhufAWtHLJbY7GDvMd3IjwgQIDCMgPDjsSBQgUA5nMTlm9mmYrTmxGe0eOtTWxSxqh3U4/oRUGqz0mI2188//zwkpEQY+vTTT4smn3/++fUp9/9WQ4z1WbJkSTp48GDxs7PPPjvt3bt3tLL9nQABAh0TEH46RulCBFIRSFatWlUMBK4dzWxTMRbD8sKIVY31aRyndNxxx6WNGzemG2+8cUgTzznnnPTZZ58V/xYBL8LSWWedlWbMmJG++OKLYvHDWARx2rRpxYDmAwcOpPfee69+jdrA6XbGPo3FzG8IECBQFhB+PA8EOiQw3MDmpUuXphgs3KlPOo1vfTr1Ga2RoDwYOf420tul8pufZhljM9SPPvrIFPdm4fyeAIG2BYSftgldgEAqZlrF/lzlGVcRfMpvgDrhVH7rU9U+WuUVnKPN/xawnnvuuXT77bc3XVqEpieeeCJdfvnlTZ/rBAIECLQrIPy0K+j87AViDMv8+fPT0aNH6xZVvJFp3FOrins0E3zKHR8zvl566aX03XffFW9y4k1X+bPX8ccfX4wdiplucQ+fubL/nw0AAj0VEH56yu/mgy4Qs6yuvfba+uDdGBvz5JNPFv8PvtPHihUr0oYNG4rLxjTxX375paO3KI/fiQtX8eaqow12MQIECLQoIPy0COc0Ao1T2WM21NatW9O8efMqwZk6dWqKKeFxLF++PMX6O506Gt/4CD6dknUdAgT6UUD46cde0aa+F2gMPq3uyD7WQssbik6ZMiXt27evY4OoG4OPqedj7RW/I0BgUAWEn0HtOe3umUDjVg8xeDfCSadmdA1XWFUbmDbW4o1Pzx4rNyZAoIsCwk8Xsd1q8AUa35J0I/g0bmXRqQ1MG99eCT6D/3yqgACBsQkIP2Nz8isCxSDmWOivdsS2EjHLqco3PnGvckhZuHBhfS+tdrok2h37cpVrqWqLjHba6VwCBAhUISD8VKHqmuNOoJcDgq+//vpiGnkca9euTbF1RjtH7MUV9dS2l+jG26t22utcAgQIdFpA+Om0qOuNO4FeTwGPlZCPHDlSuO7atautFZGH26i06vFK4+6BUBABAgMvIPwMfBcqoEqBXr7xibrK431iKv3hw4dbLjeuFXtv1TZEjevt3LmzrTDVcmOcSIAAgR4KCD89xHfr/hUYbp+uXkwBL09xj9WRd+zY0RLaWDcqbeniTiJAgMCACQg/A9Zhmlu9QLwhicHAVe/TNZZKynt5rVy5stgktdmjMfjETuoRqmIbCgcBAgRyFBB+cux1NY8oEKEggk/t01D8sIo9tMbaBZdddln64IMPip+30o7h3mC1cp2xttfvCBAgMAgCws8g9JI2dkVg0aJFacuWLUPu1eugUB7s3Oz6PvHmas6cOX0T5LrSiW5CgACBMQgIP2NA8pPxLRAhIdbP+eabb+qF9sOnoWhXDFCOo9nBzk899VS666676rPEWn1zNL57XnUECOQqIPzk2vPqLgTKY2pqJOeee27avn175YsXjtYF9913X3rssceKn1188cXFzKzRjvjMtWzZsiELIcZeYO+//74xPqPh+TsBAtkICD/ZdLVCywLxViVCQnlQc/y9Uysod0I7PlnVVl2+6qqr0ptvvjnsZSPwxOe6+G2s3FwerzRp0qTib1XtNN+JOl2DAAEC3RYQfrot7n49FxhubE+schzbSPTTDKi5c+embdu2FV6nn356WrBgQYpxP9OnT08xFihmpUV4K4edMm7MDos3W1Vvv9HzDtUAAgQINCkg/DQJ5ueDKxBvRm644Ya0f//+IUWsXr26CAn9dgwX0sbSxghyMSU+doJ3ECBAgMA/BYQfT8W4F4hPQevWrat/QqoVPGvWrLR58+a+ettT7ox4oxNveQ4dOjRqH82cObPY8ysCU9TlIECAAIGRBYQfT8e4E3jggQfSxx9/nPbt25f27NkzZMZTFBsDgGMtn02bNvV97RGAYouNCRMmpBkzZhSfuk4++eQUY4Ai5NT+0/eFaCABAgT6SED46aPO0JT2BWJ2VMySGulYunRp8UnIOJj2rV2BAAECgyog/Axqz2n3sALDhZ/JkycXa97EZyGfhDw4BAgQICD8eAbGncC9996b9u7dm2K9nrvvvlvgGXc9rCACBAi0JyD8tOfnbAIECBAgQGDABISfAeswzSVAgAABAgTaExB+2vNzNgECBAgQIDBgAsLPgHWY5hIgQIAAAQLtCQg/7fk5mwABAgQIEBgwAeFnwDpMcwkQIECAAIH2BISf9vycTYAAAQIECAyYgPAzYB2muQQIECBAgEB7AsJPe37OJkCAAAECBAZMQPgZsA7TXAIECBAgQKA9AeGnPT9nEyBAgAABAgMmIPwMWIdpLgECBAgQINCegPDTnp+zCRAgQIAAgQETEH4GrMM0lwABAgQIEGhPQPhpz8/ZBAgQIECAwIAJCD8D1mGaS4AAAQIECLQnIPy05+dsAgQIECBAYMAEhJ8B6zDNJUCAAAECBNoTEH7a83M2AQIECBAgMGACws+AdZjmEiBAgAABAu0JCD/t+TmbAAECBAgQGDCBSsPP/3zwbfrl9z8HjERzCRAgQIAAgV4KTD3+uHT9pWdU1oTKws+7n/1vuve/P66s4S5MgAABAgQIjF+Bx/5zcbri7P+qpEDhpxJWFyVAgAABAgTaERjI8BMF++zVTrc7lwABAgQI5CkwsJ+98uwuVRMgQIAAAQL9LlDZZ69+L1z7CBAgQIAAgTwFhJ88+13VBAgQIEAgWwHhJ9uuVzgBAgQIEMhTQPjJs99VTYAAAQIEshUQfrLteoUTIECAAIE8BYSfPPtd1QQIECBAIFsB4Sfbrlc4AQIECBDIU0D4ybPfVU2AAAECBLIVEH6y7XqFEyBAgACBPAWEnzz7XdUECBAgQCBbAeEn265XOAECBAgQyFNA+Mmz31VNgAABAgSyFRB+su16hRMgQIAAgTwFhJ88+13VBAgQIEAgWwHhJ9uuVzgBAgQIEMhTQPjJs99VTYAAAQIEshUQfrLteoUTIECAAIE8BYSfPPtd1QQIECBAIFsB4Sfbrlc4AQIECBDIU0D4ybPfVU2AAAECBLIVEH6y7XqFEyBAgACBPAWEnzz7XdUECBAgQCBbAeEn265XOAECBAgQyFNA+Mmz31VNgAABAgSyFRB+su16hRMgQIAAgTwFhJ88+13VBAgQIEAgWwHhJ9uuVzgBAgQIEMhTQPjJs99VTYAAAQIEshUQfrLteoUTIECAAIE8BYSfPPtd1QQIECBAIFsB4Sfbrlc4AQIECBDIU0D4ybPfVU2AAAECBLIVEH6y7XqFEyBAgACBPAWEnzz7XdUECBAgQCBbAeEn265XOAECBAgQyFNA+Mmz31VNgAABAgSyFRB+su16hRMgQIAAgTwFhJ88+13VBAgQIEAgWwHhJ9uuVzgBAgQIEMhTQPjJs99VTYAAAQIEshUQfrLteoUTIECAAIE8BYSfPPtd1QQIECBAIFuB/wPE0V2ofYk6ogAAAABJRU5ErkJggg==','/9j/4AAQSkZJRgABAQAAAQABAAD/2wCEAAMCAgMCAgMDAwMEAwMEBQgFBQQEBQoHBwYIDAoMDAsKCwsNDhIQDQ4RDgsLEBYQERMUFRUVDA8XGBYUGBIUFRQBAwQEBQQFCQUFCRQNCw0UFBQUFBQUFBQUFBQUFBQUFBQUFBQUFBQUFBQUFBQUFBQUFBQUFBQUFBQUFBQUFBQUFP/AABEIAV4BLAMBEQACEQEDEQH/xAGiAAABBQEBAQEBAQAAAAAAAAAAAQIDBAUGBwgJCgsQAAIBAwMCBAMFBQQEAAABfQECAwAEEQUSITFBBhNRYQcicRQygZGhCCNCscEVUtHwJDNicoIJChYXGBkaJSYnKCkqNDU2Nzg5OkNERUZHSElKU1RVVldYWVpjZGVmZ2hpanN0dXZ3eHl6g4SFhoeIiYqSk5SVlpeYmZqio6Slpqeoqaqys7S1tre4ubrCw8TFxsfIycrS09TV1tfY2drh4uPk5ebn6Onq8fLz9PX29/j5+gEAAwEBAQEBAQEBAQAAAAAAAAECAwQFBgcICQoLEQACAQIEBAMEBwUEBAABAncAAQIDEQQFITEGEkFRB2FxEyIygQgUQpGhscEJIzNS8BVictEKFiQ04SXxFxgZGiYnKCkqNTY3ODk6Q0RFRkdISUpTVFVWV1hZWmNkZWZnaGlqc3R1dnd4eXqCg4SFhoeIiYqSk5SVlpeYmZqio6Slpqeoqaqys7S1tre4ubrCw8TFxsfIycrS09TV1tfY2dri4+Tl5ufo6ery8/T19vf4+fr/2gAMAwEAAhEDEQA/APYpOaq5y6gE+XJ4qLlMY5GPlqk7B1GxhutDdyOV3JNy9T2qEWrCGUdq0SuKRG7ljQ0kZR3K7fKcms5PobWIZpd64prQZCBtFD1Cw8NxWeoPQa0mT6Ur2M1IZJORwTimimQG8jhPLD86opaDJ/EdrbJ+8nVCOxPWmizKm+Iml27HfdKG7AHrTZDKn/C09KYndcqQOhDUIashv/C09IVebpQ/XBPH5072G9S3afE3S5DtFym89s1LdxLQ3LLxXZ3mAs6tn0NIZpDUoioIYfnTQFuGUOmQcinYhCMx7UWNHoLjdgntRYQ/eOMdKiwAzbhTL6EqPhMVSEIpP0pgPAD8ZqdgsPQHtTCwhQnrRe4SELbOBTJTuhyyELmpZSEEgakUKJQox2osDZm6yQY8jpilYaZz/Q561aBbnxz/AMFEDx8P/wDuIf8AttTKduh94MM9elVLRHE2Dc8dBWKuib2IiNta6DTFQ8+1SzVMRiGbA/KkiLAIsinflKsMZdoqHJtkorycdOlCWo7XK8pNaXHsRFuME80MaKr3yQthjgfWgGZuoeJrOyy8syoo7k1DiQtTiPEPxl0yyikEcqs4HHPSmkaLQ8o1z46XDSMI2wCeMGtOXqF+hwGqfErUb2SSRrlyC2cbun0rRJIh3OfuPGN3MSXuWP8AwLpSdugtRsPiycHiUn2zUXsK7RI/iy4flpGx6Zq7pjTZZt/GFzGQwmYEdwaNEVZs6TRPiXe2RBWduPU0NJk3a3O70z45XACLK5J6detZJF3uem+FfjTbSqguHBB9TUtXKPStI8W2WqAOkikHtnpS2FY20uEl5U5FU2UiVSCOvapGKCQfam2UmOLcYzjNCZI84VRninuJiowHNDGiVJQoIoYD0kByKErBe4ybHamA1MscE0rXC9hCmCaLApDcA8GgChqq/u6kpGCv3/0qtirHx3/wUR/5p/8A9xD/ANtqAaPu9FJGe1EpanFYR12DPWqWo0kmQbzmh6FNXFD7qnUVhyptAzRdMuOgSPtHFGhTIHclc1m00SVzISelWtgIpZAFOTUXsZtO5gatrEOmqZJpVVR6mtE7mq2PHfG/xgt7TzVgkzj0NbRiZuR4v4i+Jt5q5I85lX0DUOy3BO+xxV7rMkxJaQn8am6KsZT6gxfl8j61T2JSdynLqe4sAeBWRsUpL1jxn9aBMfHfFR1/WgTiOfVT64qlYlroWI77EO7dSe5avYsW2pkfxcUgsXbfVSJPvUD0NSz8QzrIMSEAH1p3JPQ/CfxMu9NlQCYle4LVTSaJ1PfvAXxbtr+MxXLbH4AJPWudlo9P0nWINQ5jkDfQ07lo1t3HByaLCbsTI/yjPpTAZLLxitImch8I3AZoZS2JNpXjFRuNO4oBBzVASE/JQMYo4PrQK1xV5Xk4xQA1Ryc1LLRQ1Z/k60JBcwA5Levaiwz47/4KIDH/AAr/AP7iH/ttTQz7zOQlTynPy2Iic8ZrS9g5UyNxjIxRe47WRGq4OaW5mx4YkjNHLYS3ElIAyKSRpcqvNlTmjYTdjPnvFiJ56Ubj3OR8UeN7bSIn3ygEDpnvS5blHzX8TPitc6letFbzERYwSDWsVYlu+h5DqmvPMxZnJJ7U+djUF1Mlr4gbs8VDdx2UdivJflwcH8aRRUkucZ+bFAyq8+OQetBFitJMwzzigaI0u3BIJ4oC5ZjuPMwCKTBak0kp2hc/hQmXsOhuSgOTzSsQTpdtGck5zWiRhKTWxegvtvO7rUmkbmjaam0ZzuxTKsdRofiiW0bKyH86ljPZPhx8WX0+eOOSUurccmoaBNI+kfDnim11e1SVJlbjkZouDsdELpZF4NCdyR0b7j1zWi0HuTIcHjoKljXYnjYs3tQh2GTSBW461RLYvmZHNBS1Hq4X6mluGxG5JOD0rRIhsMECpZSMjViSCKWxokZCttOKd7o16Hx3/wAFDs/8UBn/AKiH/ttSMj73JwMd6tJHM3qQ7STuPFQ0aIY7buO1BQwMBnNBm3cYSOTTcrkxRXknKn2pJhLYo316kEZYkYApNEwV9zyD4jfFm20RHjgZTN+dbQjfVjk+V6Hzh4r+I95rkzmRgAT2zRKy2BXerOB1G9L5561nqaaIxp5FJyTmoZVyrLcZHBwPSmhIiEnOKCyOaJieDS5kO1ysIHjbPJFF0FiOYszfdp3EyNkcLnHFMnUmgkyBnilvoUiWVjwFFA2gUMQcmmSSRM2MMPxpXDlJV3KRtPFDdhpFqOZ9wzxU7j2Ldveyo/tV2Iexu6XrjxMCDtIqmRFHpHhj4najpDI0M3Ts2cUlFMJO2x798O/jJ/be2G72I/8Ae55/Wk42HF3PYbDUY7pVKMDmoKZpLLkcYoCxNFIBxnBoC444k9jVXKWo0rQwvYVHJbkcetBPUlkYdVoTG0QGY96VikZmqPuTpz60WGY/3ehzSBHx5/wUMYsPABP/AFEP/barA+88lmq4s5SNlO7qKlj5kNddrdc1m3qa3Gtg9q1TTRm9yvLKE4qQvZGbqV9FaxNJI4QAdTSQlrueC/FT4wLZLLaWT7z3INbqF9WF7aHzZr/iK41WVpZXLEnv2p9LIVupy9xeMW5PFZ8pdyldz7xyeaV7DtcqBcjmpLsQyW5aTPb0pNjSsW7ayM/AFZt2LSuaUOgtJjP6VN0y7WNKPw5Ht+7k0uawKNxjeGUzyn6UpTtqUqeoj+FFcfKtQqty3SsQjwWBzjFbc6tcz9mxW8H7U9TS5x+zZWbwuVbJzgUvaIXsxG0NgcBcUKSBwJotG8pORSchqNhTpoxnbyK0iZW1ENoDn5a0uS0Rrb+W2cVTdyFEvQ3hQjB5pLQbSOq8M+IZbGZWVyPxpvUnbY+hvhp8S5JGSCWQFTwMnmoZR7xp96LuJHUgkgHikM04ZORmgVrltWDU1qNaEbs2cVQh3ValsaHMCVxTiwkrgIgF560NlJaGRrJAUYPShAZKMCcYpWGlc+Pf+ChvTwB/3EP/AG2qgeh96om5etC0Oa19hkkeFovcXKMC8HNQ0UV5MjPpTWgtzNv5/IjZj2p7iseC/GL4prYI9nBJluhKnoa0hDqJtI+Z9Y1iS+neSRizMeTmqcraC3Zz13KzAkVm2bWMeUvJkdDT5hcpAIJM/MCfrU3uO1jQtNNkm7HmsXOxulcvxeHmBBIzU+0RXIatpo+MYGPaplNFKDNm1sREORXO6iudKpstR2vJOMVXNdEWsx7WwbAqL33LSsTRWQUdOazZrHzFNmD1/Sr5nYJWuH2IHtmnzWV2JK7IZNPRs7hU83YqUUinPpuASozQpMnlRVax+TpVRmYuA3+yywrb2liOQim0vyxuquclwK0unHHStVMycSlJY7PmFXe5jKLGQXDRPgdRW1tDFbnVeHvEk2nTq6vgjmly3KbsfVXwo8dDVbKGORx5m0Dr14rOSsWnfU9YivC4GOaLDvY0LZmK5JzRsNk45PNFwJM4xSeoIehBPPFLVFkVw2Pu1S1EYepKxHPT3p7AZmdp4oBM+P8A/goUcr8P8/8AUQ/9tqEB97Mdg4pHPHQTO5c0JjbsQvkdOlWTzFS7mKKam40jyv4r+Pl8P6JcqjZnYAKM+9UlqW3ofH3iXxA+rXckszEsTmtXLlVkY8vNqchf35XO2oUXLUNmZQv5JZNvNRJWN4s19N0h7lgzDj0rJs1Wp0MegxuFyOlZuVi1HmL8OlrBgBRXPKaZ0KnYtixGM4walO5drDkt9hGBmh6iW5YMYxXPyanRzaajfMKtwK22RilclC5Aap3KsWI1JXOKk0srBjJp3M2PyFXgc05aqxrCL3ZDImeTUolptkco+TpWiRDdiFbfzF5WsxrVCLb7fwqmzSysMeHJ+bgVWpjo9Bj2ysOMGtVIhwKUmm4BwM5rojJHNOLMm80vyQXANbqVzncTJNy8cwAHANaxMZaM9N+HvjGbR54WDnsMU5QuTzWPrbwT4oh1rT42VwXwM81zXaOpWaO2t5sLwaq90CLkbbhmsxMk64xVgSDgZoKI2bfwDVIVzG1jKjFFhGQG5Ao2KR8gf8FCjkeAP+4h/wC21CdwPvQjt1xS6nOhjPjjpRy9RvUazhVINMOW5y3i3xFbaLYTzzy+XsXgEdTSih7Hxr8UviA+vX8xV8xg4FdLjZGakeT3V8ructyawZqjLum3Aj1rVOyMnHUv6FpZndSUyc1zzkjohC53VjpRjRcLXM5XZ08ljSS0K44rOV2aR0Hyr2A5rLlNeYNrFORjFCsJ6ix4JHFDdgSFmAIIHFSvMp66ESQ4Iz2rKU7uyNVGyJMHoK1Tsio2e5YSXauD1rO92VKNldDVRi+SOKUmjJImKKBzRGRo5WQ0R7jg9Ku2oo6kTIFPOMU9ROJIhQ9BUfa1EkJsBzkYrSVmS9CCSIEcVomZNESxbBVXHrYRXUEqRmqMW76FO9gDocDrW0WYyVjlNRtfs8uSOK6UznaHabfGCUEHvWsZ9DCUNbnuHwt8dmxmjR5doJA9qwqa6msHY+m/DutR6hboyvuBFZrQs6GKQgcHNVuUWopCTjtTETFxtoKISv8AEp5qrkMydVGRz1pXBGSYj1qOa5okfH3/AAUHyP8AhAQf+n//ANtqtDZ96spRs0LU49thhwK22RF7le5kAiYnHArNmyZ8y/tGeOI4HOnW8oLkfMQehrWktSZvQ+Wr+5kkLFzknrWkmZxMeZwpz3rmbOhElqBdSBcU76CtdnceHNOVMMRiuOoddNHWRgKv4VgjoHBc1aZDRDMSBgDJqdBq4zzRtwR161lLc3igZlReKS94T0ZErh2+lE9hRvcleRR0rliras6Ju+wxXO7mtmyFoTbVIzmsWzpvdCCQhgBVJXQLQWdygqUrMzbTGJKeua16GV2Mln59auLLWo+M9D0qeoWsSSNwDRfUbStcbjC5zk1pcxlqQSybRwOae5NiFXDH5utWn0E0WBGJwMdq1UrGMopmBr9sjKRjkd63hK5zzjY5RYmhl4NdCZzs6jQNSa2kXnmny3Fc+mvg94qNxCkUj8j3rBpoZ7jazh0DZ600apltJMY5qidh/m5GKdhocCT+AoDcyNWkOcUrFJmekoAwetRYdz4//wCChbBh4A/7iH/ttVRBu596sfxpp2MCCRcUpSI5dTi/iB4mj8P6LcTltpAIHPeqimy9Ej4a8deIX1/U5bh87mJOD2rd+6jNPmOOvH2wk4rLn1L5TL3LKPmHNTLuXFdDU0q0zKuFrJyLS1PQ9IsmVFyMCueTOpK5tx2xBwKxcjTluLcwGIADrU3uyrWKxUke9SPoVXjOeabZURkqEpiqSFLQZFEYxk0mERJoXI3L+VYPQ0Q6BWbAPWpTLJZEZRSavsCeoxXIOacezLlIc5Mn3qbdiFqH3l96lO4NFdwd3vWiZLuiTc2OlFtBscJi4wayW+pVxzsfoK3WxkxgGeDVq6EQvFhsiqT6iktCygMcWc1bkmRayMu8iEwORWkXYwauclew+ROx96609DnktSzZT7SPWtLmVrHrvwm1t7fUI42PBIqWNWR9YaPN5kEZBzkCouXY2kU4zTGSK2G5GaBNDxLz04pgZmrINwNIu2hksMnPanYR8f8A/BQVs/8ACBf9v/8A7bU0I+9nfnrQrGVivcShEOaTQ2rnzZ+0hr8os2ihcKCR0ropaGM+x8qXMxaRmaonK7KjGxmXFwr5XtWT0NG0iJY9+CoqJMk6/wAMWYdlZhmsW7nRBKx6JZwp5QAHOKznsbx0JzwQOhrDlNedENwWJH0peQ13ZXKFjk9KTdkNaledc9BUR1ZbshkEbdDVPQNGieSAdjzSuPl7DCo2YPWs5Lm2GtNxgjGcihJ2sDdhp64PNK1ilqAQDJxQU9BpjDg461DvcaZHI2xeOtdEFoC1ZFv9eacklqKXYcGJ68is+ZE8lyFzluOlS97jtYsRn93yee1XHUTWhAzMHB7VujElHK5NO1w1JIh5gIJqLWYMrXcQRT3raLuYvQ47VVPnE4713Q2OOe5DaYJGTVkI7nwTefZ9RgcNjDDinoSfY3gm++16dCRgnaM4rGxsdgkm3tVEDlYZyaH5FIergnpimMzNYJ69qAMkOSMYqXqx9LHyF/wUGXaPAJ9ft/8A7bVSFY+8AcsT1o2MvMzdUuPLgfHUCmh9D43/AGg/E/2jVGto2yVPIHeuuEdDCUtbHhUtwzqc8VhJJGiehRI3vwOayauU1ct6ZC0k4Vhx2rOWiLjG56X4b04RIpIrncjpjGx10cYjUcUlqNg0XGaG+g0upQnuNrEHtWdrF3Ks14EXrSauUnYq/bQzbcgGpUbFk6XsaDaT1qWrjTAyKec1EkXsOVw3Whe6tSd2BZRU6l2FIUjilcpaEchA4pNh8RHhlOf4am/M7DUWBiD1rF2KRF5QDY7VU5aWMdWyQxjsOK5rdToixGhVl460ue70E0V8EPx92uyOxF0kTbAR70lKzJSuwWIgc9K2iwqOysRkOG+XNbWRw3YyeF2jNTomact0crqkLHcMciumD0OSa1MdCUNbGDOi8Pah9nnVs85zTaFc+tvg7rv2vS413ZOBxmszVHrSSfLuNK4mSI+4ZAoTuCZItMpuxmavn8KAM6IjvSZSPkP/AIKFuHHgDHb+0P8A22pxHI+7JgU5U4qrHOkcx4qvhZ6VcS5+YKcc4oSGz4L+JWpm+166Zm3Heecdq3d7WM002cTINyfLWJorCW8JDgkdaGU2dNoOlmaZWK5Fc8pLqaQjc9J0m1EUYyoAFckzpia2Bt6Uo7F2KF5OI881DvcpWsYF9ehEY5zW0djJuzOdu9SYg4YjFNIdzLl1ZtwO8g/WtlHQxc9R76zJtBDHNZNWNOYh/wCEpkibDOfzoULj9oXrfxOXxuc1nOF0XCZsWurJcEZas0mtDW9zWglWU4U1nNWHG5NLtUis2rl7DS+4c4xWXK07o1vdDVIPA4rVakrTcrXEnlNmtrJhoinPqix/xGs5QJuVW15P72KSpEuZYttZhc4LCtlFrQhtMnkv0GMMKap3Fz8oq6mpYAnK1aiJzuXY5UbkYqHdCWoTHeOCPpVxVxN2Ob1yPCnAxXXBHLUZy7kZPaunY5r3LFg+JVwe9C8xNH0d8GdSdI0UMR+NQ3YuJ9G6XKZYFLHPHeoQ2aCnaAatEj1bnpVWLRl6xId2ByfShIDMUkdaGgR8i/8ABQYYHgH/ALiH/ttSRTPvCfkUXMDhfiMoTQbpxyFU1cdWJ7HwX4vYXWpzykAMzHOPrWrdnqRbTQ55U+U1i2EVLqW9Li+0ThCCRUSdkbxVz0rw3pIjjBI4rhqSOyMbHUqgROlKK5kVexVuLxYQQadrE81zntW1IbTg0RV2Ddkc3PeNICM5FbNWITuZN3LgEZqrCbMW7ldTkVRkxsN2zDnpUuOo1IhmAdwQau1gWoqs4wOgrFs1SZs2M8i7eaiVraFpu51+k3XygmuCo2dsV1NSQ7gDmkpaDaGs2FpKWhokrEMkhQ1cDNlG9uR5ZLNzWkU7kS0RyuoagNx2nmunkucvtDDur5nGFbmtIwRm5sjttRmifJYmteREc7NRdakYBd1S42QczZowX5AB3ZJqFG5fNY2bDUuQN3FRKBpGRvQSLKuRzSjoymUNWt/NjPFbKRjJXOHv42jmNdCdzn5SSwO1xVEM9++Ckm6ZRnPNZzVggz6Z00GNEzkDikjQ2U5Ht1qgJOq8VSEzH1UZfihgiisROCaVzZLQ+Rf+ChIwvgD/ALiH/ttQjM+7ppAM0WMEzgfiPKsegXhY8CM5weB9acXZjZ8I+JhnUZyp3IW4PrVyd2C0RhOm3pUAjo/DGm+ZcRnFYTehvA9P0+08qNcVwv3mdi0RZnB2kd61tyoi/Mc9fwzEniqXvGb0MC4sZWY8E1srJENtkE2m/J6Gs3I1itDLuNKYZIGTS5g5DLuNOL5BWqi7akyXQqnTQgIAq+dMz5GiubMRsM1Mp2RUY6ltbMPHuFcbqHUokttEw681k6jW5ry3N/TA/Qn8KLc+pcdNDajcqnNRycpbEEzNweKzuGpDcXO0Yq43vcZianKZAcGuuJhVOantz5hOa1dTocsYFKWx+bJq4zFKBFNCYh6mt1IwaaI1STORwKG0wSaLsLyAY5oB6mvaXXlKuTzWbd2WlY6XTNUVCoJrNrsaJ33NuRBPFkc5FTqinscbrlr5UrHFdcNTlnozIj3LIvpmt0c7Pd/gOHfU4wGHUdaipYcbn1lZxEQKWHNQal2M4WmMkU5FMDJ1XAfjrRuBRDHFBd7I+Qf+CgzFh4Bz2/tD/wBtqERe592XAG046mi5irHnPxRGfDt6pJ+ZCK0ikN3PhrXWP2uTjHPQ9qckkIyoF86QIR1rJlpHo3hHTTFsJFcs3dHRBWZ3cEIxx1rCO50PYcbQnJrSTvoZrR3M+7tsv04pLQHqZ89juyQMUuboNR6mXewKnXGaVrl7GPMUHOeKdgUjLuZolbk1XQT3M+eSJ8kEUog1czbhQ565FTJ3ElYbFceWdvas3DqWp6l22mDGsHHXU1TZ0GnIMA4rRabGsO5ec4Hy8UpWZqVJJnAz0x3rOyNEkyhe3ZA65NNWMJrqjBvL5x0B5raz3RzN8xUWV2O5qdmLYk2/aB6VadhWvqSQ6bk5YZq5SstAUUy3HpakAYrNTZLhcLiwWNeBXSp3Rk4NEAt8YouSyRDJHIDzirRGvQ6/QrppIgrZPFRJK5abZBrunl0LYq1IThfVnHnMc2COhroRyM9o+Atw/wDbagc8iiaHG9z7AsnMkCZ64rNGrLiAEEU0JMeYSoz0qmxmHqqsslSmFiorYHNAHyH/AMFBungH/t//APbaqQ2feNwoyaSOdaaHnHxRRR4Z1A8GRYyVz61cdWWz4a1pjcXckhGNxzj0rWaSIi2w0TSzd3Knpz6VyNmyPWNH08RQJxjArj1OtJGwFCgY61kr31NGtBWcMp5q5abEIz7iULnnNCfcp26GTfaqtvGc/wA6OXsF+hxuq64biUqnyrjrmqvYnyOY1PWRbZBYsatRbJ5kjAn8S+YxG39arkZLkrhbXst0xCgmp5LD5r7Dp3mj65U+hquVA5Mqrfuz/MMCiSSFF3NjS7nzpABwa86pozthsdlp2QFB6etVHYpPoaksSmHOe1ZXuzS7MuZd6lRU31sX0MPUgYwec1cTOTsYVxdckYGa6kzOyWoyOdcAsfwFQ52B2ZKL9Iu1Wk5amGxbh1dXPTp703EfMX7bUldvu1m1YtMlnuVfitIXZnJ2Gqq44HNbrzMWWY7XzFBP5VVgT0N/RbcRYxTepK0dzW1Cy+0Wx+lLYrc861S2NteYI4zXSmc0keyfAi3H9swyr/Cc47GplqKOjPrawbMI4wMdKmOhTdy6hwaslIkJJ6nigsxtVI3UhozVJ3AY4pajVmfI3/BQXp4C/wC3/wD9tq0WwmfeUx35460M57HmvxbiH/CO3TDrjp6inDcpnw/q7AXcgUYG4jHpVzd2NM6bwfaKwDbcmuScrI2hG56FbjbHgDFczkdNrEo+VSWNJSQ7FG4uAmTmrirkSdjKnvMlqUlqSm2chr12+85+7WkIkydjlJJHuJ9oBApzSTFF3LF94aRtPMzEE/rVxZEk0cBfQiG4IXnBrVshRZveFovLbcRmsJs3grMu60FYEqtY3ZrbUwGjJB45pxdxSVtjV0FPnyetYVkjWm7naWUrYArHoa9TVXLx4PSuRuzOpR0IjAuG9apdyXpocxrCHccV009Wc1Q5m+VlG4CutIwvcxnvSJPb0puKDnYTaiVTHrWiSMm77kcepuDweKaWuoJm5p93LImQKxqRNYvqXDqIYiNsq3rThFrUmVmy7aXflkbuQaV9RpaG9ZzCVcDoa06A0bunKQVweKLkNHSRQeZD07Vnzal20OI8X2CwuHxzmu6GqOKbsz1L9nO0NzfB27EcUT0CLPquAYUBOlQi7FmNSDzWiYtiU8LSC5jal97IpWHcoo+7iqA+Q/8AgoMuP+EC/wC3/wD9tqE7iPu6SULlc4pSZnc89+KMYm8P3XzD7hwc04Az4e1pv9PmLAA7jkCrmupnc7XwXGFtwfWuCb1O2m9DsoiIyCaycep0XIbyfsDgVCRRh31z5eeavmeyI5e5iyXuXNWmSzKvB9pc7hWkXYlq5SNjGpOBz60pO44xsiC7ZzCY8kj0qW2tUO19zkrvRBJKT05oU29x2L2nWwtIselYuprYvl0EvR5g61erHFIy5ImHAHWktxSLmnROHG0Y5pVUOnozsNLt3IXOa5G9DoS1ubiwEJjvWSj3OjoU5o2UsM5rZK6sQldnO6up3kY6+lTG8WZ1I3Of1BB5ZHeuuMrvY5nCxzRtW80lugreV7aGMd9SO8ti6fKDmlBvqEynHE6SgEd60b1ISZ3nh21VrfLDAxWMpam0YXIdYslRmdAMirU9LCdNpmbb3zMQpB470KN9SeY6fR7tgQCOK0tYlyudlpjhsGsJPU2itLnVWDAx9aaiiWzmfGkIZQQMmu2GxyTWp6V+zgMXrqy4JH+TUtX1Ej6gthhVAqbFXLAyT/WtUSyREAHJ4pMVjH1VlZ8DrQijORQp5FW0aI+Q/wDgoOcjwD/3EP8A22qUSz6t8eeMDpUbiGQLJ2zRYyseFeLfHOo3kEyNOxU5+XPFJNFuOh4deky37s/Vmya1lLQxtY9D8LReVaJjvXnz1eh2QXU6Qcjms3ojdMzLyfqM9Kys2XdHOalcsM962UdDNtplCGVXJzWety1qhzKhbAHNauVkZqN2VbiIlsCoU0acliq0AY4qXK+g+VGddWeGOOlTe4WKZgwcH86nlcdSrX0K00HPFaKRDi0RRWcsj4C5qXLUFE6PRdCdiCy1nN6XNIxdzrrPSvJUErxXI5HUo3LEkCkHHarTui7aGZcRYJzVXsiI6SMe7t0kzkVN7lS1OY1KzIc/LXdStY8+o2tDDuLUxcn88V1cyehz2ZFCqucECpemw07vUe1jExzjms7mhsWMxhh2gdKylqzSLsQ3IeckcnPWhaCbbG22ijuMZrdSuZNK5rwWxt8KozWkdTNnTaOTgA9RWclqbxlodXpz+YOKGybalHxPEogLGt4XOeZ6F+zmq/b5JCM5GCG6VUtCNz6ZtSVUUIdizkN7YprQBT0rRiMHU2ImI70gtbUqR8/ep30GfIn/AAUGII8A4/6f/wD22oQj0X4va9MdTkRHwoPY0PRGsY3PO5b5prVgfmJ/OudSTLlHlRxU1u0t7k8HNavRHNy3PRfDSeXaID6dTXI1bVnRDaxusN0JxSk0zVKzMm7gz0zU7FW1Mm5sTIOR+FZuZrbmM6Sy8o4C4NDkHI0VXieNulNpSRKumQTyNGQRUKCW5fNcrNIxbIolHsVFrqMmy3vSvbcbjfYoNaMWJ/pWjkpIyjFpli20szHG01j6mjVzf07Q0jKll5rJ3NFZG/Z2QjI+XipburBpe5olQUwAOKw2ZomZ08ZQk10KzVkW2kZd0CwJAyafKrWM3dambONp6YNQoi5jPvrbzFBxXVF2Whi1d6mHeaS0nO01SkZuLMybSWi5AOK6FIycJIg+yS7xgGiTVhKLNCGFyoUKR+Fczepry2Rp2toP4lyTSdxx1Lws8/dGK2hKy1CcexZj0/gHGa150Y8jNSzsdmD0zRzphy2N7T18v2oauJsj8RBXtfm6e9bQ3Mp2sejfs/y26B9jLvz34z9Kc3dmcT6OtzuRc8H0ojuDJzHnmtCRWOFqmBiap9+pHfSxS9KoR8h/8FBengH/ALf/AP22oQzqviaHGqTZ+b5vyrCcnsdUEcVEj7Dn9KyitQqN2MsQD7eM+tby2OeO53ujW5aFMcDFYNmtjZNswXArGSXQu7G/2eMfMMmo5rlozb212tgCpcbq5opWMy5sS3JFStrHStUZ09oOlCdjJxM65tMnGKTlcFArtYlBwKOZg42IPspVuambNk1Ymgsw7AkZrNSaFY1LeBI2HAxQ5XJszVXZsXaOaohvUvQ5KZIxUJWK1AdaiSuXFakE65BzVwVjTluZ7xZ3YFW9TRRMm9t2yWxUpmcodihkHhhTSb2M7W3I503rwPpTjeL1JI203zI+laptsUnoZ8tjsfBGBWjdzPoPt4NzYwKyaaY0+jNWK1AAxVJu49EtC3Hb7RyO1bNJkK7HrEccCpsa8jSuXbZSByalKzMXFtG3ZwiRQcV0o5uVlTxJB/oZ57V0wMZqxJ8K9fbTNVihTILNzjNS1diTsj7B0WVpLKJn5JAPWrsSa6AsKQ+gjKACO9UBiaomGoEUo1JHNA1qfIP/AAUG/wCZC/7f/wD22pobVj0X4u6K9lqkhYEKxyCa55K5tTl3OAsrfzFPHSsY3ubStYx2hDaiFxg5rplsci3PQtLjEVuuOTiuRnQjYgj8zHHNS2Va5akjCL05xWXU0toYV5gOcjmm7iRl3J4OBWTepvEyJhl80FlSWIO2fSrSuXeyGOvyYxzUNWZnIrLHvOCKhu4R0H+X5Y4qrJjbtqJHN8+DV8iI5mzXV0WJSDk4qbMm5ahuVkGB+VRa7NU9C4kWQDQ1YE9SG5UEYpLQ64eZSweRipcuwSfYrXUAKE4rHW5m2YVxbENuxxXbCyMpp2BArDBqW9SYxLcESsOKq9jdxiyldWYlY4rRO5hZJlOO0MUlXctxi0X4lOf6UmTGKvZl9E3r71Dm0U6aWqLkNkGHApRkKWxKtqI2Ga1SuQ5JRNiBFVAFHFaxONlHxCB9gbPpXTHQ5qmpS+Gdl9r8QQbcZ3g/WnJ2M0rn2VpURjs4xzwo6007oDRj3bQ3NUBIGGMnmgDI1LDNmgZSCgjiq0FqfHn/AAUFGD4D/wC3/wD9tqYz6V+Mfhv7dZSypGGcDis7aBHU8GtLQwh0YfMM5rkekjqtdGNsT+1OR3raT90wjozsrFQsYOeK5tToubFmQzjFJoE9S1d5Rc9alRLbMC8XeSx4qraErcz3j3ZzXHNO+h1RZm3UAXk0ott2NG1YomMDce5q37pNivICKObmIkNKjGc81EtC4u5HIyomCRmrVty5JWKfmrnaDSk30JjE1ra1d4RnPSo5yVEWFJEmGOADUpu9zRx0OlgAMAJ+9SlJslIgmiHWlzN6HQnoUptqiktNyWxHgHlb26VorMpGLfKpBAqmmEtUYbh4pP8AZrdpWMrWRo20w29etZbkJNjwp8ynEtwJPswOWxmhy1sTFa2Ft4R5uccVaeg3Fp6F8W/IwKjc3+yalsqRRjPWpSaZzSImOZs8YrrWxkknuXYMEcVSuYS00MrxJIfs5XtXXFo5Jo3fglpL3OvxSkfulalJoIrS59cQRBYlA6AdauKsSWAo2cdKBDPJ3n2qgMnU1CviixSaSKJwF4qXuadD47/4KCdfAXOf+P8A/wDbatEZyPtrxHYLe2csZQMWUjGKkm58weK7I6RrVxARt5OKxlHU6Iy0ORjt91+WaonpESSudNZAFAuazT0KasbdpGIwCDzWCbubWJpnLrj0q3ogMm6X5snpWd7lWsZ8+GHy1BaM+5j3DntWdrO5ojOeMg027ltaaEMqg0Ii19yncYTnPFYyu2WlYzbq4UA81ukEnoGlWhvLlcHvRUkkiI3Z6AtgIbdAeBgVjy3Vx31M68gWMbgcGrp6mrlYdZ36gYYjNEo2MupNcXaMuAePWpiu5tFlGSRGzzVNJmvKirPf5TZuBAqYpkN9il5gl6mtmjJtkc1mJVziq3RMU2Zk2bWXFQ42NbWLVtMZz9KUXcaeheR9indRy6kWfQniUAZHer8iLtbl61O7tnFWlYty00JpOCMniqtfU57sglkAcbTWsVoQ3Zl61yVHNXojN6lTWofMgx1NXDVmEz1X4DeG3SNrgrwvJzTkQtj3yOQIABWqRm2S7yR/hVWBE0SkLn1oAwNVYCc5pgUHG4fKamxqnofH/wDwUEXavgH/ALiH/ttVRIasfd1zFuQnvTZkeD/GHw6Jbo3SKFkJyWHeoZojydIVMmDwwrBpvRlt9jRt8x4x0oshptmzaSkLzWMopG0ZN6EskxI4rPcp3RUnHmKciiyQ7tmY0ZViB0rGW5pErXKhc5ApNXRdzGuG3SHsKEktzWLKczFSauyRvyprQzLuYudorKyuZuLRkPCzSHPSt7EyasbWiOllIGBx71nKK6iijQ1fxY8SkK/ShRVrCas7nH3vj+cMVzkfQU4xsKU0WtN8RtckMzbc0S8wg7vU2zraqg+YE1HQ0vroVp9V3RswOMVim3Kxbk4mPNrRjJO7iui3KYqYyHxGhYYamk92LnuzYttU85N27isOezsboz9QvPMlHeuq10Q5ak1hcYY4Nc79zUepsRHzMZpxdzRPQsoSOOgq09TKTuy1HP5Q4/OtHqZNMc0vmLTTK5SaC2Rhk9TWqlYzqRRbghEWPSou2zFaI19M0E6xeQxD7pYZ+ldaaSOeSdz6O8IaFbaHpccEKBcgE00r6sxbN8Q7hWl7EpEiqy4qr3GTrJ8lSBg6sivLweaQ0U44j0NUNHx//wAFCl2/8ID/ANxD/wBtqaKl0PvKSNlXOKm5gtTzb4nwQyaY+R+8A4z0plng72iGVscc1nJ2LjqSpHjjH41kaWJ0k249KzkropaMmD857VzvQ3TuNmmUCkVYzLu4GcClbqx3MyaTJ56UXvsDXUzLqVfM4/Gp5WVEzL2fDDFCTNecz7jpnPJosDk2QJE7npVXsZu7JCjKMDrSvdlwTMfURI+4HNWrIJ67HPvYbpAcfWrickrouRAxrheDipa1LgroeJJm/iPFQ0Um7jZdSliQq2aIQtK45SbMS6vpXY9cd66XZnPqhts+ZFOTih2sXDzOs0+UyIAp49K4Jxuzri+hfa3yue9XcJBARCxBFE1zDpvualnOGbGaV+UqV76Gir561HPqOK7kjTKFAzW8XcVQWGbtVs53J7GlAcqpzVRJci6hzgCt42Mmem/C7SRNcCRuQO9OTMG+57jbW4SIY7CtomLLUKc5zx6VT3AscEYpiB4diEimBzWqf62mkBWQmokWvI+QP+Chg58An/sIf+21OASPvidWZal6HO9Dz74h6U1xYOe2KtSNIO54Xe2ghkYL0zUM1tbYrKm0ZNc8maJAoDjp3qG7F2JyVCY71gy0VLgnbgcGpNDPkjA5J5qugFW4KMuOlZJ2ZrujIuVVWODVp3IStqZlwwJ6Zq73EyEW5fkDArKb7GqZJ5GE461mmU3oVHcg4I6UXsxJ2KlztcEkUOTRad2UHtUkJxVQk7mc4plZrUI+AK1bMo6AyBOnek3YpbkEtqJOveq59BON3cik0uPyj8vNZKTuNxVinFpmW4FdDloYJO+hv6dZ+SgOeawvc6V7uppxyLnB61KVmPmuiKYAODjrWyVtyeexJC6oc5waiUeYtTLcdwxbrxWShYpSLHnK+MmtU7Cd5LQmjceveqbOexqWcmMDPFUK3U0YJAHHcV1QjcznKyPc/hZbg2iuBx603HU590eq2wG3B61qtjEsbNpFUMkBUc/ypgOdiUPNMdzmtRiJlNDdhrXQrqPLAHes9y1pofHn/BQr/mQTnOf7Q/8AbatIkyPv6biixiYmr2Yu4mVxkGpsWlY8R8eeHF066LQAbSfmqmrovmOLeA98/SuSSsy4saY9o6cVnJ6GiY0sFGT1FYNaXNU0VZZPNbis0aMy7p2BIzWjQGdcuwHBqUh3M25kI9aTTQIjjVH5NTzNFJCSusZwOlSotjbKUlw0fKng9q1S7kNkH+ubIPPcUNDRHc2x5PasbN7mlyoY/LBPU1pBWBsrT7hzitZK5PL1Kc85ABxWVgbsMiuWbtxVpdxOV9i9GwlTpS0TG9UNaML90UpsiMSaGUquDxWUbmstEKkm6Tk4roXcxRLMrYU1TKsRqGZgRWakPlZdikz8vQ05MpEw5prU1T5UToG4ArRIwfc07R2yFNWZOWpv2aqdoIzW0Gc89T3j4UyE2OwdBWrOY9PjyFAFUlYCctgDNMBYgx69KAJycJzTAwdWfy2zina49jPX97yetS9ClqfHn/BQrg+AR6f2h/7bVURNWPv9l5wR1ptmRTuojsOBUlXPKfiTbkKCcYoGtTzJ4xk8Vxz1OiJWmRQpJ61m1fQu3UzZZskir5PdIUtSnJLtB9a5eRpnVfQzp2LsfWqegtzNu9yH3pJjtYoySA/KeuKzd2axtYYCIgSelJasmWhlXl6DIcNzXbypI5uZ3IIZTMeufauZ3R0LUtQxlSTnBrNyZoole+1eG3UgnLDjitoq5jLQxZNfjcnrVyjykKV2QNrCsOelYu51qSsMF5BODzz9KmN2yJWGNqFvbg7utbcrsZqVmEOuW4YDkD6VhKMjWMkXV1a3mACVnZvcq6JG+dcqa6Iqxg9SsZGiPzGmIni1MSADk46VSVx81idLzcwwKykrG0ZKxOsh3Ag81K94Tdi9DMMAmrUWmS53Raif5weorpWiMk7mshTau3rVJXIbsb+j273DoAMk1py2MnJH0N8M9Dm0/Tw84ALYxjtWqOZu7PQY15BzVtgSkb26YpJjuTEBF4ptCK7SO5x2oAxdXY56Zq46Gi21M+KUDqKl6j22PkH/AIKGEMfAOBj/AJCH/ttVIhn6COeKRkUrhuCKhIDzf4kW7GyLAZPXmqKR49O5ViK55o2iyCVldCK52bpmbMuFJpuVhqKZlXJY9BUJ3G/dKDOSenSs6jsioakEkfn5ya54y1OhrQz5rbZJu64rVO5mtDMvrwRqQxrSK6jlZnLahfqkhO7FdSZxNa6Een6wiSZLcelYyNoOxJqXiQqp2GslC5q522Ockv5bl2YZINdKhY5m7jPKlLA84pVdiqcdQaRlO3Brmiu52OIvmeQcjqe9aaLUzd72K12GcbialT6ClBrUpSSMgOAcVq9iegtlfuCeTkVkkrhdmzZeIcOI2PFZ1NGVEv3d8pQsrdaunG5MnroVbS6O84rR+6Qk2bVs/Rj1rKdnsaQTLsMpcntWaTua3RbhfdkZrqRjJdjRtyABWlrmS0NuxUORVR0FI9D8A6cLvUogRnBHFXcwaPpHTYltrWNMYAHYVtGxk0aMC54FUxImxg/SoKJSykYq7jGsmFyBxSuCV2YWp/fwKtNGrRneV84GKltCsfIP/BQ1dv8AwgH/AHEP/banF3FLofoFIOBTuYFSZAfSpLOM8eW3naZICMjFK9gPAtQkEUzDHc1DVyk7FBps5I4rmlobx1K802BjOaxfvbG60Mm7u9hPGRTSsJu5nyS5BYcVEk5FRaRAJu9YqKTNHK60ILiYLGSea20F0OU1aUSbvWtEkZtnJ38bMcH1q2zOw6000yfMuaV0yuVpE02k7lwapWRHQWy01IeG6VMm76DSRoR2kTngcVMk7anVRir3HSaTE4HArHU7uVMjXRY5DyARU6mTiuYju9Gj44GKi2prKKktCpPo0JT7ta899DnVNGRc6VHEDg4qoq7MKlosxJ7CRJcx5rf2aluYOdtiYC5VADmtEkiOZs1tLZhjI5rlrGsGdJbLuUHFYLV6mz2L1tAGzzXRGxnZstwwrGeTzVtX2KUe5oQKOPei5Eoo6HTYQxXArWJzTPcPhPombhbhh0GBmtE02Q0z2mCEAY71psZllSE+lNCLCqhBPrQMidOcCnYRNkCPk80rF3RhaljfmmkXoyiMM2TRa5Ldj47/AOCh5z/wr/8A7iH/ALbVSViW7n6AS5JwKT0MSnP8ueaVy7M53xLLEbCXzCMBT1pbgfOPiBle/kKH5c8e9J6FXMWeby1OK46l2dUNDNkuDnJNStEUypdTqw571mykUHkAwKd3YbRG8i4GOlYtNGkbFa9kAhJBxxQr7stnK3gMjE9Oa6YWZzyI4rFJxluaU3bYcdS9HYLGuBxXJzO9zotoVZ49hINaqbRDjoU5lAjPY1oqmupm4aaFYXvlYwcGrcuYqLcNCwNQJTrRZHSqmgf2jtGc9KzkF76kbaqJOC3NHLoDnbQq3N+NvBoUAUzHuLkyuPrzXTFI4Kkm2SwBVcZGabdthWuWprZXXOMVDZq42QtjbkE5rOo1bQmN7m9bxfKBWMYtmjdi5ChQE1rFagpcpYjUSd63tZEOo5Gnaw4QZ6israivodRoNs0k0Y9cV1RirHNKWp9L/DfSvsWnIWGCwzmlydQ5kd2kZxW1zMR4zuFNEl0RfuxzRoO2gzOGxTYhWAK9alDZiaoDvwOlO/QfQoKp2niqBK58d/8ABQ1Sq/D8+v8AaH/ttQgkrH37csycrSepitTJ1LUEtYXeRwoAzkmp8jS9jxDxf48bWb97O1c+UCQSD1NDVgWpwuv201oAzjrzmluPY5e5uW9eKwmbRZTluAV9653c2KMs2DUPQ0RXmuFI60txlZrrK4HWn6gUrmRpMDNTJqxomyhLAQcmiDsTJEttB8vTmspz1LhFE7tgY7jvVQSYS0Kk0YOSatozTMq8XBPXFTYt6HO39wyyYU4reEdNTBy1M+fV5IlwciqtYOYgj1mRmxk4NZTfY3jPSxOt+VfJ5rSOq1MnrIVr4yPtrTRFX6F62gViCwqOewuS+rL5tB8pA4qbilGxeWNdgyM/Sk7he+4KBHk4GKlQd9R3Vi3Zzkn2q9tELRmqHUqBxVxRL10J7WIK3XirbItY2LRRnGaSTbE2em/DnQv7Quoiy5CkE10q6OZs+j9KtFtLdFQcAVZJqLkEHtTSBj2zvGOlCAsq52j0p2HcQpnmixIwr70hmTfsFfB5qDQp4HXp7U9Rt2Pjn/gon934fY/6iH/ttVRFN3SPuG98R2dpGWmuEQY6lutZMzhFHgvxo+JiNCbSwmDbjglW7VvDuZT7HKeAYybmN5PmDMDWE3zG8Vyo6r4n2iQ2YcEA4oirIXNdniF5ckylQeM1PQsrSS7ATms5GiK7XGcmudnRFXGAgqecGoci+WxRllIYgdPWqUb6kt2G7wVGTXPOOtzeEtCUJvHqD0q4uxMlcsxQlVGaiSUmC0A2vHSloi0U5rfD8iuq6aOdqzuZOoRFwwAyaUVqKT0Mw6QW5I5rRysRGNyld6GJuMUlItw0IF8Oqi9OaTkCRKPD4kUcVlJ9jSK1Hw6F5MmW5NQndlSVjVislKcDms2uVjWqEa02gkmt0zFockZwTjiqbHGxA6NvwBwa2i7mb0LEBZMDFaR3MmadrBuO4n8KJM6aaVjUgj3EVnqRJK5vaVpzXU6BRkk9K2hfqc80krn1D8MfDS6Zo0LSJmVlU5/CuhM5z0GGNk7cUmMsBcjJqrAP28DHFNAEaHPNAEyrmkAjwdfWpZSVzA1SPaxq4o6VFIpIOM+9VYylHU+O/wDgoiwP/Cv8f9RD/wBtqCJKxj6j8TtX1Ny0l0+D1XdkflVcqRz8zMqPXJbm6QyyFlB6E0r2Qmm3dnrXhXXEt0hcH6VzI25rnSeO9Tk1rSvMA4VAMDpVifc8PuLt2lKtwQcVLSSuUtWV5Lsp1PFc8tdjoiiBL0Fzk5rGcbI2gxkt2VpQgVKRA9ycc1q9DLcIHMzYJ4rOVi4tmzZp/CelYygjVSNQwARcdaxK31IVUg+3pTcBqRHKgyTimgRmSwrv96tNsGkRTQ5HAwK1toTYqeTljxWMnYqzZE8W58dhUOVkPkuywkSKoweaUZcxXKoscbZZQM4rRaDnqhgtvLkx2pTkZxRJNbqVqYtpjklYqhNzbemK6EY27DJLdlcBe1bxiRK43ynZ+OK0SSMG9TQgjdSKrRlRk4mrZRNLMgUcmlsKT5me2fDDwC+o3EU8ikIvP1rSLMpI+i9OsRa28aAAKoAAp3BI0sDZgflQhNEkcQfBq2ybDmiwcA0XAVYSOTxVdBbiFgp2ihDeg58mPg80gSOc1VWD89atGsW9itFtC80r6hfU+Nv+CiIA/wCFf4/6iH/ttTFN3PJre7MyHb1q5HDB3JYZWVwWOMVgzo5bnoXh3V91qih+VrBuzKUD1bSLpb/SAj/Nx+tUpDPJfHFo2k6g8hGI2PX0omrouPuvU5k3Ycjng1itDS92RyyLEd360J30YS02IhdCQ8npSfurQIu71Fa4VuKSlfRmj0HW82xgc96XKCZv2s6kKc81zuVnY6Ix5ka0dypAGazempaXQmIXb60lLmRfJYgkChSTWV7bA9jLmAZ810KRKjqR3EirxmrbLujNmm8sHB61m0iW9SKO4UjBODWbVykxVbc3FXFKJDd2Tq5Q1Wxpuh8c24nP50KNxRHNIHIA6U+VITjoJ5IBz0qkZIazrn6VvexLaYLKm8HvVRbZi0rmhbQmZ1wOtaLQzlHqeqfDf4bza9dxs67Ys5LVW5j1PpPQPDiaJAkUYGFGOKqKsKR0qAHFNq4kyZFAPPStEhLVkgOOKll2sNzhqozJfMJTA5NOwiuhBkwetDGtSwOAfSpLdkYOscyYxirRUWUI0wBz1obsK3Mz43/4KJcH4fj/ALCH/ttSTuKSsec/D/R/7UuAso2x/wB6tKmjOSJpeOtGttIfEDZxyaztobJ3MrwvqYWdVZu9c82kdVOPMe2eDNRBh2MeO1Y8xrKnYofEbRjqWmTGMZYAEfnW0Gc0jw+WeTT7jypuucUSiEWiSW+WQDPSs1Fl3uN80AZDcUnFjTQwTlXyWyKiKsy27oet3g5z9K1djNXNOx1Fy3JwK46iR105GjHfsrbtxxWNtDW5pwaoXjyOtZ2SZd2Mmv8AYuWNNRuK9iimoCSTmtFEakmQ3lzuPFaMTV2Zs9xxgmsk7sWxTiucSDmt+W5i56l9LwY47VjJO9jWLQ77WXwM1Ldtx7k6zBV2k8+tXGd9irWCO68ps5zVptsTlbQuQ3IkUkmtLGG5A8i5IzXSo6HO5WZYsrBrtwEUsxPatEjJy1Pbvhf8IbjVNlxeJsj9D3qZApNn0V4f8P2+iWixwoEAGKIoGjdiAq+pPQmRCrZ7VpYnYmVd3FVewDgCpxUtoer3HNGAue9MkFGAcdaYDhGo+Y9fWluCFLY5HIoAwdZcB809bFKLZnDPXOKi/c1Wh8c/8FEf+afn/sIf+21VEibuebeCPG6aVaGNYkdmHU05JtnLZGf4pv72/mM0nER5wKq2g07GNpFyYbxWzgVjONzphOzPVvDfic2rxncPesOQ1dTmPUtNA162Veu8dq2SW5zNnn/xQ+FIW1a8tWfzVGSv+RWidyLHiDs9vIYpDh14INFikSx3e0ferNotWEa9PHNRy21LUuiJWusqPWoSTLd0SQ6pJEu3j61jOmmXGVi3Fq0i/exzWLp9jpUl1NGLWdkfUVz+y11L59Al1Ysmcj6Voo6kN3RUOqgKWBFaOOpCkQ/2u0nUgCiSVhrmuRte78lq443UjoauiFLn951wK701YwVO4/8AtJVfAYVnPYaWthHvTgFWwaxUb7lN22HLqMjjO4ZreMUkLn1LCaiQu6Q81UE76BOzRYi1LeOGrqsci03J7a4e4kIHOK1SMXLU9h+FU/h61mQ6iT5+flyRihp3M2r6n054c1/TZrZFs5o9mB8qnpTavuUtEdTbyiRc5zkU0hFmNgCOcCqsJlpTvXIOBRcdmTwnauSOaVxpA0rFu1NJMTuOEu7r0pgrdRygD6UBYaSSTjpQnYloYX25psZz+sNvlyDxVJm3PZFASkD2qGiE22fHf/BQuTzP+EA9v7Q/9tqIqw59DwHwjcxRzxl+QDVt2OS2h6Trf2e90oiNQGxxjqBRF3E2ebTObSRs9jTlGzKhK5t6DqjsoJOTnisZG6PfvhH4lRbiK3uMfNnGfpXNqmS9NT1fWNNh1KzYEA7h0roTsJO58o/GLwFPpOoPd2kR2E8qKpO5R5cl2yHDdaBMk+1DqDk1nJMunpuMbUHjbms1Gxo5XZZtr4PyxrKVzaNrF1b1JOh5p3sh7jLvUDEuAc1NuYV7FKTV3QcZ+lJRtqxuV1oV/wC2juC5puDk7iU7InGp7lwOprComnY2hNND/wC0SiZJxVQitwc3caupq2RnrUyXvaFxkQS6gAwC5zW1romTSdx6apwRms2rE3TJLa/+bBPFbRhcjnVyR75nk25+WtdIkNuRpW0u0A5qou5lK6Oh8OXMc12YgfmNUrrch67E3iX7Ro92siMQnbBreKTMZNo0/CXxY1HRp1ZJ3IB+6WolBExmz6T+Gv7QMGoLHFfsEbj5ieazs0appnt2leI7LVIkeGZZA3oaLjNu3mXGAaRfkWvPAwBQK9hM4rRIgXcCOKfQA84/d7UkBKrAD61LQ0RyA80xHPanw5zVIDMBAOO1O5rBHyF/wULC7fh+V7/2h/7bUrimfLug3xRwc1U0jl1vY9X8P30V1pxDNlsdzWUXZkHIeLEFpcls5Q+lbt3RSSiyv4dvlW5Uk/Ka52jVSPUNB1Z9Pu4LhGwE54qJIu1z37wd4uTWbVAX5AwRUSlZGd7DvGOgW+tWbxlQ24dcVUHcdup8qfEfwHN4e1B2jjPksc5Fb2A87kmeJyDxSaKBLgtIMnNc1RtbGsEupPuIbIrnTuaoHv8AyTjkVahIqUl0A3xlA3Gt9kc7bYS3cezHeudps3TSRUIBO4daak0HKmOSQo2SaUveKiuUSa5Zzz09qUY2G3qV2nKsMHjrWqiJvsPNwWTdjkUkrMmTbREbojkZq+W5ndouW9yxUH+dS5cr0GlcvJPuZTQ1zj5uU1ftOyHceDitIRsZzkmSeGL7yNU8x26kVc720Ii9dT1bW9JbxB4ekuIV3vCmfrVU7k1NTyF2a2mdDkMhwc11OPU51JbGtpPiCWFxhyuPQ1Vk1qCbTPVvBPxkvtBnRElZ4x1DHpWTga81mfVngD4q2HiGxgLyhZyoyCe+KwtqaXuekJdCRQVYHIzxT0C5PHIZCMmqQidiE96GxPUcpBNJCHK4PGarcdxHbjr0pWGYWrOpbnrU3aOmCVjKUc57VIlufIH/AAUHOf8AhAfT/iYf+21aoiofItpcGN1Xt60Mwa6nbeGNU2zrEzkJ6DvWHU53e5seLbVbm0EgOWxnHpXTB3KkmtTjLe5Nsw9jUtajWp3+iam1xaKAcmue6TOmN2jtPCHi2bRrpQzkKTjrUyjcycbHvOh69Hq1ojKc5FRF2dhc3QyfGvhuDXtOkjdBuxwT2rqTKTR8r+OvBU2gXL/u2MQPDVT2Hc4lgUOeh9KwlG5cZDY7zEuOeKycLFc2o65l3/NWql0K5b6kXnfJz0pO70HykBR5JAVJIp3SWo+Vlol4yD1x1rLRlqVmK7GQZFJKw3uCSZyuPxoa6g3oQyIzMSK0TVjNEfnNygH1quVblX6DrdfnwRwKUnoVZGhGy5xjisYx5nqTJ8uxejVAcntWmkNERy82pR1LU2yFQ8VrEwluT6Tcssgc1bd0K6ue5+AvEC3NoLeTG1hg1knys1aTRyXxL8NHS70yxLhH+YkV1qV0crjZnBwTFH680rtDNS01Py3DA81V2ybHf+GPGk+mTxPDMwYY71Diap6H0N4A+PZUx21424cDcTS5GLmR73oPia21q2SW3lVwRzg1BZvrLxnrVDQ8Sk8CiwiWJ+eRQASSDB5pAjndWf5+Kd1YvmexnhienSoBNnyF/wAFBP8AmQv+3/8A9tqqIm7nyADg1ZJdsNQNtMrk4x3qeUnlOkbxLbXgCz3RQdyUY/0q46PUmabWhmX95ZF/3M+8euxh/MUT12JUWjX8O+JrGxk/fzlFx12Mf5CsOS5tFtG7J420cOGW8yf+uT/4VXKxt3O38FfHDRNFcJdX5SP18mQ4/JazdPW5Fkejr+0T4AmjHma5tPcGzuD/AO06tRaFZnK+Mvin8OvEdq8Y1pWYjvZz/wDxurVx2PAteuNJS9c6fei4hPIPluv8wKLFGP8AaLfOfMGf901Eo3BaMY12nPzZ/A1HIzdTQ37Sh/iwPxp8rHzoct4sbfKePpScG9ylOJIb9Dj5uO/BqfZsjmVyc31r5eA+D/un/Cs/ZzvsW5xtuQC8hX+L9DWnJJk88SRb6DHL4/A1Lpy7BzRIftEAYnf+hrVRbWpm5dh9vdQKWLvjPTg1EoSexamupPHqFspyZOf900RhJEykmLJq0O0hXzn2NDptspTSVjLSf96WY8Gui1kYPU0LLUYYpPnfA9cGlYVjtfCXjnTdJm/0i6MaDofLY/yFZSg3saxaW51vij4l+F9b0ryl1INOBxmCX/4mtIJrcmdnseS3GrW4nLRSblP+yR/StWYpMUa1BkfPj/gJpxt1BpmhaeJrWEgmcgj/AGT/AIVq5RM+WRv6f8QbGDBa7KH/AHG/woUoi5JHsXwn/aY0PwjMItQ1V1tc8/uJW/kprnmtdDeN+p75aftl/CcwjzfFRjbHQ6ddn+UVQr9Si1D+2R8IFOW8X4/7hl5/8ZqwLC/tofB4dfF//lMvP/jNS0wGSftl/B5iceMOP+wZef8AxmiwluZGo/tefCSY5TxZuP8A2Dbv/wCNUuU0dikP2tvhUAMeKuf+wdd//GqqwtD50/bA+LnhT4p/8Il/wjOq/wBp/Yftf2j/AEeWLZv8nb/rEXOdjdM9KoHbof/Z',''),(90,'11/07/2016 03:18 PM','11/11/2016 05:08 PM','114.124.5.126','Karim','6','','','iVBORw0KGgoAAAANSUhEUgAAAj8AAACWCAYAAAAxIOk4AAAbSElEQVR4Xu2dB8wUVdfHr4DSRKXYUKxIUBFFRLArIhDFClFQY8MWxK4RESuJYvlUQDEBDYpdP1DUCFbUIEURC0UsiDWgEBSwAFLe/Of97n7zDFtmd2aend37u8nmaTN37vmdeXb+e+655262cePGjYYGAQhAAAIQgAAEHCGwGeLHEU9jJgQgAAEIQAACHgHEDzcCBCAAAQhAAAJOEUD8OOVujIUABCAAAQhAAPHDPQABCEAAAhCAgFMEED9OuRtjIQABCEAAAhBA/HAPQAACEIAABCDgFAHEj1PuxlgIQAACEIAABBA/3AMQgAAEIAABCDhFAPHjlLsxFgIQgAAEIAABxA/3AAQgAAEIQAACThFA/DjlboyFAAQgAAEIQADxwz0AAQhAAAIQgIBTBBA/TrkbYyEAAQhAAAIQQPxwD0AAAhCAAAQg4BQBxI9T7sZYCEAAAhCAAAQQP9wDEIAABCAAAQg4RQDx45S7MRYCEIAABCAAAcQP9wAEIAABCEAAAk4RQPw45W6MhQAEIAABCEAA8cM9AAEIQAACEICAUwQQP065G2MhAAEIQAACEED8cA9AAAIQgAAEIOAUAcSPU+7GWAhAAAIQgAAEED/cAxCAAAQgAAEIOEUA8eOUuzEWAhCAAAQgAAHED/cABCAAAQhAAAJOEUD8OOVujIUABCAAAQhAAPHDPQABCEAAAhCAgFMEED9OuRtjIQABCEAAAhBA/HAPQAACEIAABCDgFAHEj1PuxlgIQAACEIAABBA/3AM5Cfzxxx/m888/z/z9vffeq3HstGnTTKNGjUzbtm1NgwYNsvbz5ZdfmqVLl5oOHTqYJk2aZI454IADzDbbbJP5+aijjsITEIAABCAAgVohgPipFczpvsj333/viZzPPvvMSOBI9Oj7crXddtvN6KUmgSShZJt+r/HZ3yGayuUlrgsBCECgcgkgfirXdyWN3C90Hn/8caOfq6X5o0lHH320Z5ZfSCGUKtPTDz74oBk8eLBp2rSpmTdvXo2IYWVaxKghAIFyE0D8lNsDCV3fTllNnjzZ6LVkyRLvVUyrU6eOadWqVSYKE5yqmj59ujft5Y/MBPu30146xj/t5Z9CkwD76aefzIYNG4oZXsnH+gWRFUnBCBNCqWS8sZ4ogX7++edn+txyyy3NqlWrYr0GnUEAAu4RQPxUkc9Hjx5txo4da1auXGnmz58f2rL69eubLl26GAkBK3CsKAjdSYwHaspN4k0tOAU3Y8YM88knn5jtt9/etGjRwrz//vsxXjl7V82aNTPt27f3/ugXgFZE7brrrhmBmPhgHLpAUPhY0xctWgRvh+4DTIVAEgQQP0lQrcU+X375ZTNx4kSjr1Yw5Lv81ltv7T3ArdDR9za/phaHncil/KLJRpYUVdJrzpw5Zvny5Ylc13aq6JFeimCddtppHuP999+/avgmCi/Q+RVXXGFGjhyZ+a0E+po1a7yfp0yZ4rGlQQACECiVAOKnVHJlPE8ip1+/fmb27Nnmt99+yzkSTd1I3Gy++eamY8eOpmfPnuRLGOOJIZvrFBRJghlc5RaHq63Y1Ff5xb/SLY7+q6mPYMSnXbt23n1u73XETzV5G1sgUB4CiJ/ycC/pqnpgDx8+3IwaNcqsXbt2kz40FaQozpAhQ0yvXr1KugYnbUrAn5/kjy7Z7+WXH374oSh0EqWnnHKKF8Egv+j/0WXL8VE+mJKdbdu4cWNRrDkYAhCAQJAA4qdC7onbbrvNEz7BqS0lgPbv39+cd955eROPK8TMih6mRNDcuXO9iJymviSaJJBWrFhR0C7VSho0aJA5+eSTnY0KaVXX1VdfnWG15557mnfeecf8/vvvXp0otebNm5tly5YV5MkBEIAABPIRQPyk/P549NFHzeWXX25Wr15dY6RKsj3ppJPMiBEjUm4Bw7NJ2xJDehVK0lZUSGJWQqha8rHy3QXioxVdyluzTblSYqXpQX095phjvD8pShYstskdBgEIQKBYAoifYonV0vF6IOhTsKYB/E0PBX1CJuGzlhyRwGXkWyuE5N98kSGJH02P6VWN02OKjJ166qk16k35hY/wK+p5++23e5649dZbvZ9pEIAABKIQQPxEoZfQufoErE/C/imuunXrmqFDh5obb7wxoavSbbkIaLpMPtcrX1RIURCbJ1QN02PBFV3if+WVV3ri3t9OPPFE89prr3m/uuGGG8ywYcPK5SquCwEIVAkBxE+KHKmHYKdOnTbJaTjssMPM008/bTTVRatuAhK8VggpOpQvKtS6dWszcOBALyKUr9Bk2ojJRq08nDlzZmZoKsGgKJjEXbDtsMMO5tdff/V+/cADD5irrroqbSYxHghAoMIIIH5S4jC98Su3588//8yMSGJHn4KzPRBSMmyGkTABvxDKt6LMHxWSGEprrpAEnaKa/m1VWrZsaT788MOcY/aLn08//TTVQk/CTvWJxo0bZ3baaSdPqPH/m/A/Cd1DoAQCiJ8SoMV9it4gtZLL37RU/cknn3R25U/cjKuhP+XHSAw9/PDDBVc8SfwoL8wupU+DGPLn7lh/dO7c2ahqd7622WabZf6c1mXuEj36H9aHleCKTE1R+pO5q+FexAYIVDoBxE+ZPajpCu2obpuiPRI9RxxxRJlHxuXTTMBOjymSogdroeX0Ej9t2rQxjRs39hLpa/P+0liV1OxfpZVvmsvP3b/SS4nQEoBpa8pdeuSRR8y6detyDk3/43aLlLSNn/FAwEUCiJ8yeT3bA+H444/3cnuo/lsmp1TwZSUKrBAqtJReZtqNXBUZUmQiqZwhjUnCxx8N0bScpnnDRKP8RQ/TFkERcwnJ4NJ72de1a1cvEmS3VFHe3tSpUyv4DmPoEKguAoifMvhTtXv0punP79HDR/kMNAjEQcAupbeiqFBkSGJIQkj5KWFXkknQjB8/3vz444+mTp06nsDZdtttzYABAzxxFSxaKLuKXaqexmXuslNL74Or0lRwVFFbm+Nz5plnmmeffdZz5xZbbJHZmywO/9IHBCAQjQDiJxq/os/u27evef7552ucxwqWojFyQpEEJIIkut9++22zcuVKs3jx4rw9aCWZRNB9992XOU7LzRcuXJipXO1PWi40HE1zaXqu2PpUGoeuqfbSSy+VPXk4WxkKje3cc8/dpCaX/3+9YcOG5u+//y6Eib9DAAK1RADxU0ugs01zNWjQwPtkyGqQWnICl8kQkHCx0SF9zbWSrFmzZt6WEt99951Zv359SQSDRQuL6USb8tpcmkWLFoWaKium/7DHaspKqzGDOUf5pvC++OILI9tt0zYdTGmHJc5xEEiWAOInWb6Z3vv06eNNEdimfYtmzZrFm2Et8ecy+QnYQovKsfEn4Bfips10d9llF6N8tVdeeWWTqdu9997bzJ8/v1A3Wf+uMe2+++7e3ySCsm3mW6hjfejQVJuapqpKER/ZVmOGLUMh+xcsWOBdnwKNhbzF3yFQewQQP7XAOljJlmmuWoDOJYoioIiGHs7vvvtu3lVLWnZ+6KGHmoceeqhGknS2/B4dq4TfUgSHBq8pJiVLq5Wyp5ciL126dDH//POP18chhxxipk2bFppLtppEOllVqJWLFMYuFXN84403vGseeeSRBfd1Cz04DoQABCIRQPxEwlf4ZH161RLjf//91zu4R48eZvLkyYVP5AgIJExAD/eJEyd6IiNX/k6rVq2Mauv8/PPPNUajc5QTlGsPOh2sIn/B84oxKUqy83PPPefl4fijRZpmtkIo3zhyJTS3aNHCTJgwoagyAcqT0vYcagcddJD5+OOPi0HAsRCAQEIEED8JgVW3ehPVbtQ2T0CrQVatWpXgFekaAtkJSNwor0f7YkmQzJ07NyeqJk2amGuuucbbWd4uRx8zZoxXrdgm7ernbt26eZGZXLV3okY4lQsncaY2duxYbzxhWrZFBTpvu+22y2yTkaufbNEeJWtLiJWyrYbYdOjQwbuc+gkWQAxjD8dAAALxE0D8xM800+PBBx9c45Ne2kvzJ4iCrhMmoIescku0qsiKET3I9bANUxhQD2bl7ag+zYUXXph1tJrquvnmm422m5D4UUQj18Ncy7xVsypK8xcAnTJlSsGVYhJ4QTGmJfgbNmzwhlGoSGK23B5FtzSlF6YmUS5bK6FCdRQ/cS4EKpEA4ichrx1++OHefkW2FfPJNaEh0W0FEZBg+eqrr7wR24RZfa/fW8Hh/74U05S0a2v7FLPi0F94MNt1+/fv7y2rj9qKEQ0jRoww1157bY18JU1TNWrUyKtDpJYr4Vgctd+YXySGrUAdxkb/3mRaMaax0iAAgfISQPwkwD/4cKC6awKQK7xLCRitqtIDVxELf7QmCdP0MG/Xrp2pW7eul/h76aWXlhTN0NTTE088kRmiP7KinJpJkyYVjNCEsc8/XVQoV0e1iK6//voa3WrKTYLOrhbTH7MtNfcXIrQdKLlaOU1hEprD2DJo0CBz9913e4dKjP31119hTuMYCEAgQQKIn5jh+t+01XWnTp3MRx99FPNV6K6SCEjoaMsJJeGqyODq1atrVPeOwxbV45EQkcDRw1vNFhQstrBgtvHIBi3bXrJkSebPisz4Nxq9//77vcrlcTT/Sq9801UXXXRRjSiTGIi1Iq9+YXPccceZN998MzO0bHW3ttpqK285fCm5PYVs1nSk/K5WzVFgTbVK1Otel6jXfalSB5o21PSjVr727t27JOFdiDF/h0AxBBA/xdAKcaySRe22FYVyDEJ0xyEVSEBv+noA2yKCxVRCtuZqlZUeFvXq1TNK4FX0Q015MDYioQdKlFyUsGgl6Hv16mV++eWXnKfce++95rrrrgvbZcHjCq30Elut5rJTWuqwY8eOZty4cWafffbx+vdPN/mnvLJVadYUmVZiJcXTXwpAAnXOnDkFGaT9AN0Xqlav8ghaRVeMTbqHtRms7m0aBMpBAPETI3X/lICKsn399deJvZnGOGy6ioGAHqgSPPmWjQcvowiNFTBxRmliMCfTxcCBAz1BkWuVovasUh2bOKJL/nH7k52D21rooSuhYxOZdZ7GOXLkyEwX/gKJ+qWd8sqW1Ky6PcF9uuJkqL7845GgtaUv4r5OUv1p/Haa1or6OK6lSNstt9wSR1f0AYGiCCB+isKV+2CF0fUgsxtIxpX0GdPw6CZmAnoY3HTTTd6n3TCfeCV0NG2k2jdnn312RYhiRZ/y1enp16+feeaZZ2Im+98SEU2bNs3068/VyZZsfc8992yS8+OPtNgVW8GVYEr4Vn9xC7dcQBo3bpwpFaA8oLvuuit2dnF0KHGpqSpt0qppTt3rYZfoK9pto5OKcKm2kX5WvSPVN5s3b54XEfW3oUOHmiFDhsQxdPqAQGgCiJ/QqPIf6A/TRy3uFtOQ6CZmAnoIqO6MHpiFlo/rgauHqt74a+vhGqe5warkwb6TFPf+BGFtn2HzjO64447MVhUaj6JOWjl1ySWXbGK6to/RfmRqEml6+PqjV/KP/BhXUnMY9sEq2Kr/M2DAgJylBcL0GeUY3cP6sCYxonvb7vcWtk+JR/lHQlU+C3ufS0jpw4AqcKvVr1/f83Ft+iKsjRxXvQQQPzH51r8BYzUnNMaEq2K6CSt49CDQ6iK7dLxiDMwx0HPOOcf75B9smrJRxCLO/J7gNbp3727eeust79cXXHCBeeyxx7yHq10xpd8rwqApxlw5Ov5l8sH+oxZfLNW3eugrmmZzAm0/WpGm/CXdOzZZvdRr2PNsUUv9PH36dG9KVtWuNVVohU4x19BqQSvk9VWvKPlRKripSKituM3CkGK8wbFxEED8xEDR/8ZMFecYgJa5i7CCR2F9FbJU4b8oD4Iym5v18no4tW3bNrNCSQ9oG0lJeryKANjpY+3krojJ8OHDM5dt2bKlN32SK1KgSIYqqwebIhRKztWDu1xNXCUsP/jgg7xDyJXMrmlIiaedd97Z6L3G34LTSaXaKCGvZHEl2WvFnMRoEve3tv355ptvvGFqld769etLHbIn6MTWRrHUkUQu0aSSkVb9iYifGFx8wgknmNdff93ryX5SjaFbuqhFAgrBq4pwoSktTZcowqOXC2+sSkbdd999zRlnnFEr3tASaU1Tqe24445eYvCyZcsy19bS6dmzZxs9oHM1RVAU6fA3Tc+oWGRafKaHtSpqL1y4sKTd6uNwhhhK1Ngojo3o1BYjJahretW2GTNmmM6dO+c1LShy8k3VlSvCF4dv6CN5AoifiIyDyZn6pJrEp6SIw+T0LARshEf1afxLpoOHuiZ4ynmzaBf2mTNnZh2CpoYUBcr3cNanf+X7+KMIOk+iNo1N7x+avlMk6MUXX4yt/pMVNrJZkbLly5eb1q1bmz59+nj8yhn98vtBAtfmdGlcTz31lPezoltiY7dnCbtNi7/vMFuipPGeYEy1QwDxE5Gzki1Hjx7t9aI3FxvGjdgtpydEIOyUFoInIQcU6FbJr/6d2O3hijwpKlSoHXjggUZ76Nm2xx57eNGVSmu5ti6RKJA40HtNsIVNOE4TC713ZktYL3aMNifJRrEUmeVDaLEU3Toe8RPR31qxYVf+aPpLq0po6SIQVvDoQan9oZTnUFuh/3SRKu9otHJLNXf8TZWZNfWmis1hmhJnZ82a5R2qrSS0ZDvfFFmYPjkmWQL+99BCV1JukBKlu3Xrlpmy8xf+LHQ+f4eAJYD4iXgv6IGpqS411bHo0aNHxB45PQ4CYYsOEuGJg3Y8fZx11lmZukFaraWpoLCix45A0176H9Qy+FdffRXhE49rEu9F05n6kDJt2jRvCvrYY481e+21l3ddRbTSNFWXOAwuUCsEED8RMPv38dKb7Zo1ayL0xqlRCOiNUyUGxowZ41XztfsoZesTwROFdHLnKq9jv/32M0uXLjUTJkzwEoJpEIAABJIggPiJQFWJlCr9r6ZPqv5y+xG65dQQBIrZP0v5ALb+jiurtEIg5BAIQAACzhJA/ERwvX/XaHXDSq8IMAucasWOom2q5VGowrKqbGtlS7UUHUyOLD1DAAIQcI8A4ieCz/VAVs7Pxo0bvV6067WWldKiE5C40UaKYXdGt9EdFX+7+OKLTfv27aMPgh4gAAEIQKAqCSB+Irq1YcOGmfwSxE9pMJXr4Rc6U6dONevWrSvYmbYCsJGdtNQtKThoDoAABCAAgbITQPxEdIG/LsmkSZNMz549I/ZY/af7ozr6vtAUliVixY4ETyXWNKl+z2IhBCAAgcoggPiJ6CdNcy1evNjrRTUoVLDrzjvvpE7M/3ENRnVyFW8LukEJ5KrZoq0O7O7oEV3F6RCAAAQgAAGPAOIn4o0watQoc9lll9XoRcvelQyteiN9+/aNeIXKOl05OprC0tSV6h4Fd7DOZY126bYiR1+pzlpZfme0EIAABCqJAOInBm8NGzbMDB48OJP47O9SVWZPP/1072Fup2o0fVMNzQodO3UVdvrKJicrT4cprGq4E7ABAhCAQGURQPzE5C9N72hrhBdeeCF0tENTO82bN/c2YlQFU/9LAiH4O/uzNgOsrSa7xo8fb+rVq+dVYJXg0Ve9wjaVo+/evbu3mSJRnbDUOA4CEIAABJIigPhJgKwiIAMHDvRKtdtl8AlcxusyW9n3bL9bsGCBadOmjenatWtmKBIywWaFTSm7KKsvTV9J5NgXiclJeZ5+IQABCECgVAKIn1LJhTzPFuWTqLDJvsqJqYZmhY6d0mODwWrwKjZAAAIQqH4CiJ8y+lirxBRhyfZasWLFJr//9ttvzfLlyxOPJgWRKJKk4oG9e/f2IjoSO9TVKeONw6UhAAEIQCASAcRPJHzlPzlb/k1wyko/a9pLe4+tXbs2M+hsU1ISNnqxi3L5fcsIIAABCEAgGQKIn2S40isEIAABCEAAAiklgPhJqWMYFgQgAAEIQAACyRBA/CTDlV4hAAEIQAACEEgpAcRPSh3DsCAAAQhAAAIQSIYA4icZrvQKAQhAAAIQgEBKCSB+UuoYhgUBCEAAAhCAQDIEED/JcKVXCEAAAhCAAARSSgDxk1LHMCwIQAACEIAABJIhgPhJhiu9QgACEIAABCCQUgKIn5Q6hmFBAAIQgAAEIJAMAcRPMlzpFQIQgAAEIACBlBJA/KTUMQwLAhCAAAQgAIFkCCB+kuFKrxCAAAQgAAEIpJQA4ieljmFYEIAABCAAAQgkQwDxkwxXeoUABCAAAQhAIKUEED8pdQzDggAEIAABCEAgGQKIn2S40isEIAABCEAAAiklgPhJqWMYFgQgAAEIQAACyRBIVPz878wfzfI/1yYzcnqFAAQgAAEIQKAqCTTbcgvTp/MuidmWmPh5/8vfzLVPzU5s4HQMAQhAAAIQgED1Evifsw80R+29XSIGIn4SwUqnEIAABCAAAQhEIVCR4kcGM+0Vxe2cCwEIQAACEHCTQMVOe7npLqyGAAQgAAEIQCDtBBKb9kq74YwPAhCAAAQgAAE3CSB+3PQ7VkMAAhCAAAScJYD4cdb1GA4BCEAAAhBwkwDix02/YzUEIAABCEDAWQKIH2ddj+EQgAAEIAABNwkgftz0O1ZDAAIQgAAEnCWA+HHW9RgOAQhAAAIQcJMA4sdNv2M1BCAAAQhAwFkCiB9nXY/hEIAABCAAATcJIH7c9DtWQwACEIAABJwlgPhx1vUYDgEIQAACEHCTAOLHTb9jNQQgAAEIQMBZAogfZ12P4RCAAAQgAAE3CSB+3PQ7VkMAAhCAAAScJYD4cdb1GA4BCEAAAhBwkwDix02/YzUEIAABCEDAWQKIH2ddj+EQgAAEIAABNwkgftz0O1ZDAAIQgAAEnCWA+HHW9RgOAQhAAAIQcJMA4sdNv2M1BCAAAQhAwFkCiB9nXY/hEIAABCAAATcJIH7c9DtWQwACEIAABJwlgPhx1vUYDgEIQAACEHCTAOLHTb9jNQQgAAEIQMBZAogfZ12P4RCAAAQgAAE3CSB+3PQ7VkMAAhCAAAScJYD4cdb1GA4BCEAAAhBwkwDix02/YzUEIAABCEDAWQKIH2ddj+EQgAAEIAABNwkgftz0O1ZDAAIQgAAEnCWA+HHW9RgOAQhAAAIQcJMA4sdNv2M1BCAAAQhAwFkCiB9nXY/hEIAABCAAATcJIH7c9DtWQwACEIAABJwlgPhx1vUYDgEIQAACEHCTAOLHTb9jNQQgAAEIQMBZAogfZ12P4RCAAAQgAAE3CSB+3PQ7VkMAAhCAAAScJYD4cdb1GA4BCEAAAhBwkwDix02/YzUEIAABCEDAWQKIH2ddj+EQgAAEIAABNwkgftz0O1ZDAAIQgAAEnCXwH1LJAfPZHv0WAAAAAElFTkSuQmCC','iVBORw0KGgoAAAANSUhEUgAAAj8AAACWCAYAAAAxIOk4AAATdUlEQVR4Xu3deWxWVRrH8YdlWAqCBYQEotVhJAFZ2tGEgAhiHERhYisSRClIlKCJDJCSGVEzpSaKf4BIcCQTlX0xkUCbsAxKhAZCYsJWGgcxZFhEZJOKFqxjl8lzyL3z8tLC+759l3Pv+Z6kwdb73vc5n3P/+OXec89p0dDQ0CA0BBBAAAEEEEDAEYEWhB9HRppuIoAAAggggIARIPxwISCAAAIIIICAUwKEH6eGm84igAACCCCAAOGHawABBBBAAAEEnBIg/Dg13HQWAQQQQAABBAg/XAMIIIAAAggg4JQA4cep4aazCCCAAAIIIED44RpAAAEEEEAAAacECD9ODTedRQABBBBAAAHCD9cAAggggAACCDglQPhxarjpLAIIIIAAAggQfrgGEEAAAQQQQMApAcKPU8NNZxFAAAEEEECA8MM1gAACCCCAAAJOCRB+nBpuOosAAggggAAChB+uAQQQQAABBBBwSoDw49Rw01kEEEAAAQQQIPxwDSCAAAIIIICAUwKEH6eGm84igAACCCCAAOGHawABBBBAAAEEnBIg/Dg13HQWAQQQQAABBAg/XAMIIIAAAggg4JQA4cep4aazCCCAAAIIIED44RpAAAEEEEAAAacECD9ODTedRQABBBBAAAHCD9cAAggggAACCDglQPhxarjpLAIIIIAAAggQfrgGEEAAAQQQQMApAcKPU8NNZxFAAAEEEECA8MM1gAACCCCAAAJOCRB+nBpuOosAAggggAAChB+uAQQQQAABBBBwSoDw49Rw01kEEEAAAQQQIPxwDSCAAAIIIICAUwKEH6eGm84igAACCCCAAOGHawABBBBAAAEEnBIg/Dg13HQWAbsEDh06JHfffbfcfvvtdhVGNQggEGoBwk+oh5fOIWCvQE5Ojpw6dcoU+MEHH8jLL79sb7FUhgACoRIg/IRqOOkMAsEQ2LVrl4wcOdIvdvTo0bJt27ZgFE+VCCAQeAHCT+CHkA4gEDyBhx9+WMrLy/3CCwoKZOPGjcHrCBUjgEAgBQg/gRw2ikYguALRd320JxqGdu7cGdxOUTkCCARKgPATqOGiWASCLxB910d7VFhYKKtWrQp+5+gBAggEQoDwE4hhokgEwiGwdetWGTNmzA2dIfyEY3zpBQJBESD8BGWkqBOBEAjk5uZKRUWF6UnHjh2lurra/DePvUIwuHQBgQAJEH4CNFiUikCQBX788UfJzs72u/DII4/IF198YX7nzk+QR5baEQieAOEneGNGxQgEUmDevHlSUlJiah8xYoTcddddsnr1asJPIEeTohEItgDhJ9jjR/UIBEZAV3I+efKkqXf58uWycuVK0Te/tPHYKzDDSKEIhEKA8BOKYaQTCNgtUFpaKrqWj7bOnTuLPgJ76qmnZNOmTeZvOgl68+bNdneC6hBAIDQChJ/QDCUdQcBegfz8fCkrKzMFFhcXiz4CGzhwoFRWVpq/scKzvWNHZQiEUYDwE8ZRpU8IWCRw4sQJueeee/yKjh8/bjYy7datm9TV1V0XiCwqm1IQQCDEAoSfEA8uXUPABoH33ntPZs+ebUrRic46z2fWrFmyePFi87fWrVvLb7/9ZkOp1IAAAo4IEH4cGWi6iUCmBKInOtfW1sq0adP8ct59910/HGWqRr4XAQTcEiD8uDXe9BaBtApEruisixru3r1b7r//fqmvrzd1PPnkk6KToWkIIIBAOgUIP+nU5rsQcEwgckXnPn36yPnz582bXtpatWolFy9eNPN/aAgggEA6BQg/6dTmuxBwTOC2227zt7CI7Hrbtm3NOj8TJkxwTITuIoCADQKEHxtGgRoQCKFA5No+kd3TdX500rPeFaIhgAACmRAg/GRCne9EIOQC+nr7kCFD5OzZs9f1tHfv3rJjxw7RSdA0BBBAIFMChJ9MyfO9CIRUQBcsLC8vl5qaGr+Hbdq0kXHjxsm6detC2mu6hQACQRIg/ARptKgVAYsF9u/fL88995wcPXr0uir1MZfeCWJis8WDR2kIOCZA+HFswOkuAqkQmD9/vrz22muNnnrmzJmiCx3SEEAAAVsECD+2jAR1IBBAAb3bU1RUZB5zRbasrCy5evWq+dPOnTvNru00BBBAwBYBwo8tI0EdCARMYPz48bJhw4brqtbtK6ZPny7PPvus+bu3g3vAuka5CCAQcgHCT8gHmO4hkGwBfU194sSJN7zJ9fbbb8vcuXPNIy5vL68pU6bIihUrkl0C50MAAQSaJUD4aRYfH0bAHQFdmbmkpOSG+Tv33XefWbBQt63Qdscdd5iVm7UtX75cnn/+eXeQ6CkCCARCgPATiGGiSAQyK6B3czT4eFtTaDW6SvPjjz8umzZt8ovT/5+dne3/XlVVxVtemR06vh0BBBoRIPxwWSCAQJMC+ohr6tSp5lX1yKYbkmogil6sUI8fOXKkObRHjx43PBqDGgEEELBBgPBjwyhQAwKWCezZs0cKCwtvCD05OTkm9OTn5zda8bx588wdIm284m7ZoFIOAgj4AoQfLgYEEPAF9M6Nhhf9N7LpW1uzZs0SDTc3a/pKu/faO/N9uLAQQMBWAcKPrSNDXQikUaCp0KMl6BtbercnlhWa9ZjLly+byo8fP84eXmkcQ74KAQRiFyD8xG7FkQiETkBfQ9c3taLv9GhHBw0aJO+//74MGzYspn4fOnRI8vLyzLH6eCx6nlBMJ+EgBBBAIA0ChJ80IPMVCNgkoCFFA48Gn8i3t7wa9U6PPt6Kd+f10tJSKSgoMKfRxQ4bC1Q2OVALAgi4K0D4cXfs6blDAnoX5vXXXzfzcb777rtGe55o6PFOFjnZubi4+Jbzgxzip6sIIGCZAOHHsgGhHASSJaCBp6yszNzh0bs9jTV9PKWLEOpPvHd6os+n59A7StoWLVpkJkjTEEAAARsFCD82jgo1IZCggIYcDTz6CKqpwKOn1rs8GlaSueFo5JtebGaa4ADyMQQQSIsA4SctzHwJAqkR0Dk7GnZ0fo0Gnsbm8Hjf3L9/f7MA4ZtvvhnTm1vxVtyhQwd/J/eDBw9Kbm5uvKfgeAQQQCAtAoSftDDzJQgkR0DDjc7b0bCzdu1auXDhwk1PrCsx64KE+hPLq+qJVllfXy+tWrXyP37lyhXJyspK9HR8DgEEEEipAOEnpbycHIHEBfSx1cmTJ83jK+/nVq+P6xweffykYUf/TWXgiezZmTNnpFevXuZPegeouro68Y7zSQQQQCDFAoSfFANzegRuJaB3cfRujt7V8ULOzR5fRZ9P99B69dVXTdjJ1KOmAwcO+Lu6aw362IuGAAII2CpA+LF1ZKgrlAIaaj799FNZtmyZ1NbWyr59++Lup66ho0HHCzvpurtzs0K3bt0qY8aMMYeMHj1atm3bFne/+AACCCCQLgHCT7qk+R5nBBYuXGge+2jQ+frrr6V9+/ZSVVXl39mJFUL309K7KBpy9DV0/Unm21mx1hHLcR9//LG8+OKL5lB9i0z39Qpi0w1dp02bZsZNJ4jv3r07bY8Og+hFzQgEVYDwE9SRo24rBTT4zJkzJ67adBsJDTleuNE7OZl6fBVX4REHv/XWW/LGG2+Yv+gjuPnz5yd6qox9TvcvKyoqEp287bUJEybIJ598krGa+GIEEEiNAOEnNa6c1VGBWMLP4MGDpV27duYOgz4qsuGxVXOHa8aMGWYfMG0aImbOnNncU6b18/369ZMjR47c8J3PPPOMrF+/Pq218GUIIJB6AcJP6o35BscEvMdeZ8+eNZt7duvWTV544QWjYOtjq+YO0fjx42XDhg3mNHqnRO+YBKVFbsuhNetjyl9++cWUX1hYKKtWrQpKV6gTAQRiFCD8xAjFYQgg0LTAQw89JDpfRpu+uTZ8+PBAcH300UfmDpzX+vbtK/r2nLcpq4ZVXa2ahgAC4RIg/IRrPOkNAhkR0PlKuiaRtqNHj0qfPn0yUkc8X6oT0rt27erP8fF2op88ebKsXr2aOz/xYHIsAgETIPwEbMAoFwEbBVq2bCkNDQ2mtMuXL0unTp1sLPO6miL3ItPVqS9evGjmX82ePdvMW9L20ksvydKlS63vCwUigEB8AoSf+Lw4GgEEogSit7bwQpDNULrj/OLFi/0SP/zwQ/9Vfd3/zHvsxZpFNo8itSGQuADhJ3E7PokAAiJmVeq8vDxj0b17dzl37pzVLitWrJCpU6f6NS5atEg0DHlNJzmvWbPG/Dpp0iT/EZjVnaI4BBCIS4DwExcXByOAQLSA3iXRuyXavHkztirpStRjx471H9Hpxq+lpaXXlau/FxQUmL8NGDBADh8+bGt3qAsBBBIUIPwkCMfHEEDgmkBQwo9OcNa3uXQJAm09e/aUr7766oZ1lo4dOyb33nuvOaZFixbXLXrImCOAQDgECD/hGEd6gUDGBHRysE4S1qaLG3qThTNWUBNfrNturFy50g81mzdvlieeeKLRo1u3bi11dXXm/+ljPV2Fm4YAAuERIPyEZyzpCQIZEYhcJLC4uFj0d9ta5N0prU33HtMw1FTTlbf1EZm2JUuWyCuvvGJbl6gHAQSaIUD4aQYeH0UAAZHHHntMPvvsM0MxatQo2b59u3UsXbp0MZvLamtsnk90wbpVh27ZoU3vDm3ZssW6PlEQAggkLkD4SdyOTyKAgIiZHOxNGrZxL6z8/HwpKyszY6V7qn3//fe33E+toqLC31xW1wCqra1lrBFAIEQChJ8QDSZdQSATAnPnzpV33nnHfLU+8tJHX7a0yDe3tKaJEyfKunXrYiovct6P7ls2bty4mD7HQQggYL8A4cf+MaJCBKwWKCkp8ef52BR+dKKyvoKvb3lp69+/v1RWVsZsqWv8rF271hyfm5srBw8ejPmzHIgAAnYLEH7sHh+qQ8B6ARu3g4heyDAnJ8e8taXbV8TaTpw4YUKPbtehzeY32WLtE8chgMA1AcIPVwICCDRLwLbtIHTS9eeff+73SYOPPv7SIBNviw5RQdi6I94+cjwCLgoQflwcdfqMQBIF5syZIwsXLjRn1MnPGzduTOLZYz+V3tnRN7lOnTrlf0jX59HX3OO54xP9jd76QNz5iX0sOBIB2wUIP7aPEPUhYLlA5Bo6mZobowsr6twjb36PkukdKQ1izQk+ltNTHgIIJChA+EkQjo8hgMA1AQ0c2dnZPoeuidPUysnJNtPgpaHH24XdO38sa/kkuxbOhwACwREg/ARnrKgUAWsF9I6Pro2jrX379rJ+/XrzCCpVTR9x6UTr6NCjj7l0nk4i83tSVSvnRQAB+wRSGn42fPmtXLryq329piIEEEiqwLHK/bJg9kR/t3Q9eYuWLSVv2CgZOGSkDBr6qGR17NSs77xa/ZNU7N0hW1b/Qy6c+f+8Hu+kYyfPkD9P+UuzvoMPI4CAHQJdOrSVpwffmbJiUhZ+yo+cl6I1B1JWOCdGAAG7BK6e+498s+avUvfrlUYL+12HbOnU+wGR+nr5788XpF3XO0X/pq369BF991Q69urnf7bmh2+ltuZnaai7trryzycPN3rergMelZ7DJ0mbzj3sAqEaBBBolsDCSX+UEX27N+scTX2Y8JMSVk6KgJsCdTVX5PSuZfLDoe3SUH9tV/RUtfY9fi9/ePrvhJ5UAXNeBDIsEMjwo2Y89srwlcPXB0rg3/v2yOK/TZV2WR1levES6ffAsEDVH13st8eOyDcVX8q/1v9Tfqq6mJS+DHrwUcl98E+S+2DzH6MlpSBOggACKREI7GOvlGhwUgRCLGDrNhHJItfJyTpRef/+/XL69GkzKdl7DX3v3r3ma4YOHWr+rampEV1h+dKlS6J7h2mLPD5ZNXEeBBBwUyBlj73c5KTXCCQuoAsF6oKB2hYsWCBFRUWJn4xPIoAAAgg0KUD44eJAwCIBb6Vkgo9Fg0IpCCAQOgHCT+iGlA4hgAACCCCAwM0ECD9cHwgggAACCCDglADhx6nhprMIIIAAAgggQPjhGkAAAQQQQAABpwQIP04NN51FAAEEEEAAAcIP1wACCCCAAAIIOCVA+HFquOksAggggAACCBB+uAYQQAABBBBAwCkBwo9Tw01nEUAAAQQQQIDwwzWAAAIIIIAAAk4JEH6cGm46iwACCCCAAAKEH64BBBBAAAEEEHBKgPDj1HDTWQQQQAABBBAg/HANIIAAAggggIBTAoQfp4abziKAAAIIIIAA4YdrAAEEEEAAAQScEiD8ODXcdBYBBBBAAAEECD9cAwgggAACCCDglADhx6nhprMIIIAAAgggQPjhGkAAAQQQQAABpwQIP04NN51FAAEEEEAAAcIP1wACCCCAAAIIOCVA+HFquOksAggggAACCBB+uAYQQAABBBBAwCkBwo9Tw01nEUAAAQQQQIDwwzWAAAIIIIAAAk4JEH6cGm46iwACCCCAAAKEH64BBBBAAAEEEHBKgPDj1HDTWQQQQAABBBAg/HANIIAAAggggIBTAoQfp4abziKAAAIIIIAA4YdrAAEEEEAAAQScEiD8ODXcdBYBBBBAAAEECD9cAwgggAACCCDglADhx6nhprMIIIAAAgggQPjhGkAAAQQQQAABpwQIP04NN51FAAEEEEAAAcIP1wACCCCAAAIIOCVA+HFquOksAggggAACCBB+uAYQQAABBBBAwCmB/wFHeLuZZDkzXwAAAABJRU5ErkJggg==','/9j/4AAQSkZJRgABAQAAAQABAAD/2wCEAAMCAgMCAgMDAwMEAwMEBQgFBQQEBQoHBwYIDAoMDAsKCwsNDhIQDQ4RDgsLEBYQERMUFRUVDA8XGBYUGBIUFRQBAwQEBQQFCQUFCRQNCw0UFBQUFBQUFBQUFBQUFBQUFBQUFBQUFBQUFBQUFBQUFBQUFBQUFBQUFBQUFBQUFBQUFP/AABEIAV4BLAMBEQACEQEDEQH/xAGiAAABBQEBAQEBAQAAAAAAAAAAAQIDBAUGBwgJCgsQAAIBAwMCBAMFBQQEAAABfQECAwAEEQUSITFBBhNRYQcicRQygZGhCCNCscEVUtHwJDNicoIJChYXGBkaJSYnKCkqNDU2Nzg5OkNERUZHSElKU1RVVldYWVpjZGVmZ2hpanN0dXZ3eHl6g4SFhoeIiYqSk5SVlpeYmZqio6Slpqeoqaqys7S1tre4ubrCw8TFxsfIycrS09TV1tfY2drh4uPk5ebn6Onq8fLz9PX29/j5+gEAAwEBAQEBAQEBAQAAAAAAAAECAwQFBgcICQoLEQACAQIEBAMEBwUEBAABAncAAQIDEQQFITEGEkFRB2FxEyIygQgUQpGhscEJIzNS8BVictEKFiQ04SXxFxgZGiYnKCkqNTY3ODk6Q0RFRkdISUpTVFVWV1hZWmNkZWZnaGlqc3R1dnd4eXqCg4SFhoeIiYqSk5SVlpeYmZqio6Slpqeoqaqys7S1tre4ubrCw8TFxsfIycrS09TV1tfY2dri4+Tl5ufo6ery8/T19vf4+fr/2gAMAwEAAhEDEQA/AP1PJqjFsjmfYhJqoq7M5Hgn7RnjNtI8M3IWUR5XABOMmvSoxSdzJtWPzp8Q37XV9LKTyzEkfnWeJld6CpI5fVLkRKcVEYuSCbSehjvOr1PLZgndFKSbcx9qqRdN2ImuAKyep0uOlym98GkI9Kz5WibjDeDmsmh3Kks2znP40hoh85nNVewMkRGlPSpHZk8lu+3AzTNEUmtWLEEGkJorSWThie1O5lYh8hkyWFNsSTGsoVc4qSiBpSjZPSgZIJvl460xdQe5Ypg0F7lcEkZpEjJ7kqAD1ppXJuMWbevXGKrlC9x6vxxSQmhwOBn17VexCVx6NgGruXHQliuT07U2tCHvcu20u7p+NYtWNY6mjbuUram0zCqjWsr94HBFdNkznT5TrdN1txtw2DWDgdHtEeg+GfEDm5gG7I3D+dZ7Jo0TufSHgPX1eNE3DoKwZoen28qSRhhzWyeg0+hOjA9ulYPVmiVwMnzUId7aH58/8FZ33/8ACq/b+1f/AGzpks/ZtjgVSOdmPr2px2NpI8jhVAzmt4RMmz4A/ad+I7a7qEtlDLuiRux7ivWpwUVdmM2fM17cMWLE5JrhnqxxuYuoMJFOTzVwehEo6mPPKsKnHNZyepajZFJZ8kk8Cobuhx3Kk9wASc81COi7KPmbmyOKylLUErjuTipvcq1ixFAJ/lA59amTsaJGhZ6IZGGBmsmaJXN628MsyD5efpWPtLaHZGmy/H4UbHKc/SlzoPYtmbeeHHWU4QgZrXnujB03exnXGkmM4K/pTTNPY6GfcaaCCMc1fMYTjYz5NOwcEcCqIUbmfd2oRunFMT0IPKUAc4pEpakUyZ70FWGZ8tfap2ZKIpI1k56VaYuVDXjVVyvPrRdgo2FjkVU460WbEND7zT2ESSTbFwOtawjciTsRJLuOOma1kuUSeho20pijAFZNcxV+Uv2ztIw5ppWRDbkzXtiW4PampA1dGrZSMj1vzqxz+zdztvD94I2U7u4rlvdndCGh7N4E8TmKVEL/AK1Eo2GfQfhrVDPbIxOQRUDsdLDKGHWpsdNO1iYuCMDrRdkSS5j8+P8AgrKOPhX/ANxX/wBs6aHNJJWP2ZkcKpNbJHn3ueHfH7x6uh6BcxK2x2UgGvSw9PmepjN2Pzq8U6vLqWoXDytuLMT/ADravK2iMYe8cbqDBDwea4Nzr2MG6d5M4qubl0MrOTuZsz7TjrXO227m6dtCncZzx0NaxkkhcruVJ4yDweay5uYuxWZCv1rPdj2LFtC0rAdql6PQuOp1+g6L55U7eKxmzeMXc7vTvC4UKSuK5ZTPTp0HLU6Sz8ObUBCZFcrnqejClY04NFQoRs59cUnM29l1Kdx4ZD5JjH5UvaPYh0E9Tm9Z8KoBhV/SuiNQ5KlF9DnZPC+FJ25/CtFPU53SvuY+oeHWXOF6Vupkujyq5hXWhsw+6arnucE4u9zFudGeJj8vFUmZGXPalW6fpV3EVmBU4PNArEDxu3XgUCSItpVDRpcLjY4+pNaN9hLQPu5otfUhy1HqpZvWr5rIm12I0DNJwOa0jLmWplJNO6NWztWOAayeha13Ne3tACO1Q5G3LYvYCLhetEWS1cs2rt1bitJI1cbI6HS7rYynPGax2JTsdvoesm2njZW5BqnewlLU+kfht4xjuLZInIOR61kaHqunzed0PBpXsaQ1NZI8rSvccovc/Pj/AIKy9fhZ/wBxX/2zq0Zs/YvUr5bWB2bgAV1RicTdj4f/AGrPHS3d89pGcZ9O1eth9I6nHUd2fIGpXx81hnPvXNVd3c1p6GRcsXBOa5bmqMqWQqWBp8t0LmsyjKm47qhxsWncqzZUdKzsdkUrXKcoyetGyMuo1YvMORWQzf0HS2uGGVyCazcrGsI32PV/DHh4Ap8uK4qlV3Paw8V1O/ttFCheM1yOZ7KUbaGxBp4WMcVi5XIjox4tFVSQKmx0cyaEeBVjPy0LcybOf1DTxK5wK05kgiuYyZtK2KcrT5yZUdLmTeaSkiHC1rGZyyhpYwbjQ8E5Src9TmlTSTuZV/4aR4y22umNTucTo8y0OO1Pw4yFiF4q1NGbpWWpzt3pBjyxHStlI5JKxiXiMmQB0qzJspI7DIIqlqJocMlsDitLJI0jawvlEnFRzEONyRQUIUDmhK5m9C9CoUhj+dN6aDWpejYdjzU7juXYXaUgU+Wxady/a25U5Y5FSwsWkUFsDpWqd0D7F+MeWoIqLakM2dLuipBJ5FVciy3PQ/B/i2TTbuPDHbkZ5rTk927I5rux9VeAtcXVLCOTdk4HOa5JI6oOx3KSgpxxTiu51KSaPz4/4KxsD/wqz/uK/wDtnVGEj9avHl99n0e4cdQp5NejSWtmeVU1PzZ+OfiCW88QXKn5sMea9GUEloYxSZ4vPJksWPOa8+W9jo5bFKR9wIz9KlrQEinMVAOeTWDdmbKOmpRmYHgEClzD5UipcKcZzxWblcpJlFkLPU2KRqaVYmeRRisZOxvGFz1Lwn4cj2KSDmuSpM9PDUkz0zSdMSILxg1505HrcnKjoraNRgelY81yoxuy7sUjANM6mrALTPWi9iOW7Gy2oxio5glTa2KsmnoATzmjmNoRsjMurIYII6mnzdjoUObczZNOUZzVq9rnLVgoszNQ05SuVojJ3JdOMkZraYhQ7q35zL2aSskYWpaGhDEA4NaKRz1KSscfrHhoMjMAa7IyPIrYdrVHF3fh/AY4NauRyqlpc5660po5CApxWsXoZcrIUs3XtVcxk4h5ZVqrcVmhxBDbttIByy5O0jigLFmORQAM01oJpF+1uFTleaTuxaI0ILgyk4pW7lp3NK2UMRk1pGw5K5dLoi+9Ldiiu4xJ3LZU4q72FJXNnSb5o5FJOeatybVjDlSdz6R+Dfi5l8uFnG3gYNckzpiz6MspVmhVlPBFSjVM+Av+Csihf+FWEd/7V/8AbOtE7ks/V34hrv0WdegKnpXq01dnmWufnH8ZNMaHW7qQodmT2rsq3iiFGzPErvBmbHIrjb6s3WpSbcGJFTzJk2aKk79SKynHS5qpdDPnc5BrlWhslzDWbetSUlYdbQ725H50XDlOv8M6aJpFwvNcdV2O2jBnsvhnSVjtlJXBrhnI9vDwtodbBCsQGBzXPLU6XGVydUw2SMVlY0iuXcmQ5cU72NudNGggBTmpTCL5tgeIEdKi1zptZaiC2DjBzmpasG70K93pwxwM1Q7tGPcWJ64rZNWOKpGcmY15blCe/NUkmaQTitTOkjznI4qHobWTKk1sHUqRmtIyMpQtuZF/pavGRitlVdzmnSUkclqOgcnavFdPtLnmyo8qOdvvDowTs5qvaNHK6SasjHl0QJ0SqVQwdJdCjcaJtG4LzW8ZmE6bRQlsGRTxWidzLlMyeJos5FWQU/MdDxWiWhLV2WoLoxjk4qVoybGnYXwD80pagtDobSdXACmkaEsshXIpohvsOhkLcdKtNMeyL1rIwfpwK30SEknuekfDjWJLXVYMOQMgEZrkmr6jWjPs7wheG60uJ+uVHOaxNrHw1/wVh6fCz/uK/wDtnVxCeyP1o8aqr6dKGHG016cJanmpWPz5/aFKwanLHGRkk59hXTOfMKR85zwlJmOc81jLVEQbvqVbskD5etYQsnqbz20KDjcD61NSeooIpvAWck9KwbNtUQrEY5CD07VBV9TQs4S8igUm7G8Nz07wTpeShIrza0rs9bDpNnrGmwMkYUL+lcE2e7RilqzZt7Zv4gax5rHdaMtiy8GMDFVe6OapDsPjteR/WszONNyJcHjOQKDrjDkLUeHApXLqR0LAh6YFBnDQWWEbOaY1LUzJ7Uc571N7G1kzBv7IZNbRloYzjfYxp7UZPFS3c6FBMpS2+1uBxVJ6GcktitPAGHNCZlyoyL2yA7VqpHFUpo5zU7XZkYre90eVKDTMSSyyTxkU07FqFldkE2mjacCuiMjlnHmZi3WmBicjitlMxnR0uYmpaYrrgCtVM5PZXMF7AKTz0raMjGSs7FWeFV6U9zMbFJsIK9qaQ3oatjqJjYH9KLE8xsC781M96LAmPt52Eg9KfKOTN+wxL7UO5N2dp4PtiNThzwdwwacvhEr3PsfwAW/suAZJAArlWrOtHxl/wVg4Hws/7iv/ALZ1olYmR+tHjqZItInJPO01309zjVj82/j1qCT+Ip1D9GP412SiZS3PFLtwxJFZ20IaKUhBGa42zaJQmXaSR0rKTNEiHzcAkisXc1REqeY+aodjc0izZ5VwpP4VnJo0gm3oex+DNNYIhK8YrzK0l0PfwtKyuz1DTrNWjGBXnuR7EY3WhoiEKBxzWbszohBrUU2+45pp2M5Su7EvkHGaRXMoIaYxjFJO5DqX2AOIabN480lqTw3IbmpKcOUS4lOMjpTRlazuUpJAyc9aZbd1oZt2iup5qmQm07MyJ4FPepNlzFG4iGOaq5k4yKM0IAzQmS5cpl3OCDWqOWckzBv7YysMDP0rVMysupnyWQXjFUmcs3rYqS2uEPeq5hONlcx7mEYIA5rVMmSvGxhahbEqQBWykcrp8q1OYubR1duOK6oyVjyqi95mZcW2EJ5rVMwcTNGVc54pk+pZtZD5nFXbQi5qRXBRgOopx31Bvsa1ofMOa0kTF3ep1OiwGV1IFYtmqR7P4G8NfajFJs6EdKptcpq0j6d8HWf2TT4l28gVx9TRbHxH/wAFYBgfCz/uK/8AtnWydyGfqZ8V7r7LoVzIWwApr0qa1PPbsfmR8T7s3PiK+bzDIGkJBPb2rtqu60I33PPZgR9BXJKRpZWIHG4YrieholcqzdMdKWjLWhVIG7HaoZoi7YaY80g2DNZydkaRXM9D1Dwd4UM2xnjrzalSzPVoUG9T1nSNFFnEFC4rgnO57lOk7aHRWcYgTBOO9Y25jrinTXvE5kDDgVNjo51YlVwRVJHK5Ju5JE4AOealroErT2I5Sh6Gmo2JjSKcsi555p7HXCQ1Z1HSkJzbdiZpR5fWiJhOVnYzpZMk1VjWMklcqzOSpGKlnRHllqzOlU81JpKUYq5TdCT83Bq0jn5kytOoPA/SmjCpBmXPECTV81jNU00UXjXLYGaq4Qpt7lGe1U5JFNSOepTVzLuoQgOOlaLuY8rehjXFvuckCtFIlxcdzKvrXA4FaI552Zh3FmpDccmtlc4JUtbnO6pbYUgdq7ILucc1Y5yWEl+K1OZoktwyNW26OfY0ITlhkUW0BO71NmxPTAod2NpLU7jwjG0lygx1IrNq25ad9j6u+Fnh8PaIzLjAHWsGzpiro9m0218iMLjApWGk9j4K/wCCsvT4V/8AcV/9s6uJMk1ufpN8eL1oPDl1tOXKkBfWvZoq7POkuY/OHxjplyb6WaZW3OxJB+tdFWy0Rm6bOKvo2iBBGK45JPYqN+pnNMMYzzXHKJ0LQjk+YVnaxadyS1szMwwpJqG7GqVzvfCHhtpZFJU/lXDVqWPWw1G57N4d0hbaNflxXmTlc96lDojpUUJXKz1IJRQpyWyelaRdjlrK7EacL0PFG+qMPIT7YoFJJnQlFLUauqoMqD1qrGLdnoOFxv6Gh6HRTY0x5PrS6A5LmHrDkVm1cqDSYyZigxTWhM0pSuUGySSeBTuVGmQu/wA1Ztm3J2K1zg8jrVROWpoQeUD1596tszTZTuYPLJOciguUnNWMm6BLHb0qjJX2KLLtPNNG8J2VilcpnParSuYNpO5mXQ2jmnYTmnsZM75OAOK0SMZtMz7uIODg81pF2ZxTWhizW23du6CupM4ZO+hgajEGDCtYzaOOcbnJ38Wxzj8a6U2zlkrFeMkdDWq7GFi9bg5BNbRZlY3NPYuy8U7CbPT/AABYvdXkQVCRnkjtWc9EdUbWPsr4a2K29jHuHOBXFJ6nZSVlc9FSMEjFA7q5+fX/AAVpXafhWP8AsK/+2dax1MajP0n+Mtgb/TSf4Qd2B3r16MrLU4la58ceOtLtPtcryKAoJwK5J1Gz04UeZHh/jGCMOWgXC5pwk2ctalyu6OOaHJ4rNs5x6rhTnk1D2OiySOk8K6a13OuU4riqz5UdmHp87PbPC+grDArbcHFeTUnzM+ip0OWOh2VpbbFAArnkzsoQaJJVI56VFro6rNMpahrMNimGIzjnmqjBsxrTjE5e78XxiQgMK61DQ8p1bszrjxlgY3Vap3E6utiCPxE0soYNxT9mN1Dp9M1xHRctk1lOmVSqu50NnceeoIrKxtJ9S+i5Ge9Ys6KWu5DLb7zUs7FZFaaJUUgjmpZpFpamZLw2MUWuKU7bFadgVxTWhiot6jAMxe9JkJWkVbgZQ4HFCT6HWoqxi3A2uQea0RyzVtShM22rSOeKuVJ3D9q0WhyVb3sZ1zEHzmnF3MLyRnXEaohIq+Y1s7GTMgGSOlWhO1jMniLbu9aJnNKK3RiXdrjcTXUmebOGpyOrRKkpx0zXWtjinoU4LbLAkcVaMmjQt4TkU3oTY6DTIg0ijbnmqUtLmbR9SfBrwOsujRXnl534zx0rFyuzaMT6L8Pab9mgXA7Vk1rc7FojoFBUVVrmCdmfn5/wVq5X4Uk9f+Jr/wC2dXFWCTufo94+mmt9LlM0m9cHmvQei0OehB1JHyD48IvtRdEORntXHzqL1Pr6NNKNjz7xV4aCaY0oXtRCom9DHGU1CNzyOaMxzEVrNXPmbXZatLU3NwidcmuaT5Vc1hFuSR7B4I8MBI0YpXlVanMz6fDUVFJs9W0zTPLiAC4rglqz14yjFGvFaeWpJHNTyle0T2Oe8Q6k1rGwUc1vCByVqttjy3WL29vbknDY9K74U1Y8erNyZlvZ3B+Zg1DSRjdoz7qCbzPlBqooJJ7kTTzWw5yK0jG7E5tliz8TtaHJbOO1OcEkKNSx2Og/EBV27mHPYmuKVO51QqW3O/0jxPb3qj5xn61zSp2PSp1layN1JI5kyCKwaOmL5mU7kqQ1S0btdjLLIzFTwfWqVjOcJJXRBJAHziosbRbSsReTjtQNsq3a7Kd7BrYxrxDnNWmc8pc2hny4ZcEcj0pu5jFcpm3C7c1SZEknqZtyWUEmqM1YzriTevrVRRnJspyKMHIrU5KmhSdACc1aOdvQxtTj2g811ROVytucXq9vls9q7FscFR3ZTjYLhTWiMr9DRtwEww5rTl5iJNROm0BA91HhckmlyOwXW59u/BCFY/DQilXBKqVFYNWZtHU9h06JQm0Vm00dF7ItmILzVJmTR+ef/BW3/mlP/cV/9s6tCZ+gPxJtNQHhyWZpC6YztC4xXXT947cClza/1ufLPkvcarIJF53eleZifdZ9fSpW940fGGhIPCksn8R4A9q58LUvKxxY+PPH+vI+YNQi8q5cDsSOa9ps+Ra5WbPguxa91WFcZ5rzsRLRnXQXNNM+gvD1j9nRF24xXitu59RBJo7S1IVQAMVk2dKp8xLO+F4NNMiXuaHNarY/aGOe9bqVjDl5tTJTQot53IDW0Z2OOtTHTeHIpVwqCm5mMKdzKuvBap82M+1aRnoaTjbQxNQ8JiRCAtXCdmR7NWOA1/w9JZElFP5V0t8xxVKdmcqb2e0kPXip5DnlOzOk0DxrJbuoZiCPWsZw0OmlW1PU/D/jpJo1DSD8689x1PdpzVk0dQmtJcRgqc5rJrU76crq5AGzPljjPaokaSldGgijbxUpHPzjQmQeKT0OiyauZN5jeRQNaIyrqMucCncappq5mzQEE8VopHFUhqULiPIpp3OdxaMqdM5B6VdrGTWpnXEYQHjmmmNvQzjG27npXRzaHnVLt2GG281TxinGSI5DB1WIjKmumGphXSSOM1j5WxXakeTJ3MtELGqINeygZQGboe1bxn0M5Q5tWd78P7FbvVbdGXdlwOO3NXUlaJajdH3T8OtJisNIh5y+Bx6Vw813c6aasd5bYXFVujSTsX9u5ePzqUZtH53f8FbwR/wqnP8A1Fv/AGzqyZJrc/Tfx1DG3h2VZQMBOhGRW9N2NsNO0j5ZudKjbVHkEa8nPyivFxrd/wCvI/QaM4uCMXxjqanT3tTgKBwK5cPdO55+NceXT+tj5p8QwIupSbehPTFe6m3ufET3O2+F2lK99G+0ZGece1ediXpoethEj3OytkCqQBxXmXPehHqa0MO4cVk2ejFWQT220Zpq5nVta5mXSqAc9qpXObmVjOmuooQcsM1ojkqXlsU/+EhhgY/MKdmxp8qIZvFdueoH5Vok0ZS95laTX7adcbVFGq1OmME0c/rItrvPyoc+1XGo0YzpJnEar4et5mZljUH0ArpVU86eGSZyl54deKbeq4HtWylzI450nDYSGSezcbXYY7g1hKKZvSquB1uh+J5vlQu34muKUNT26VVONztNP1Z7l0LOTWTidMZpvQ62xl3Rgk5rG9joilItM4EZNO5bp8pi3kqljxigUrtGY7b3wDTRlG8StcgpknPNOw7p7mdNzmqSMpSMq4PzH0rZI4qm+hRlZGBzg07WMrPqZ0ow3tVrUykiNiNuRxT5dSJe7uc/rJBVvWuumclX39jz3VpM3BGea9LSx5FWNiO2QswxWiijC5rxcqB6UKNmmS5aHp/wss/MvoWQ4bcOQKKrb0LhK59weErMPo9vIuVbaAQD3rnSRqmdhpsJHLc/Wk/I3vdGiUx9KSWpm3qfnZ/wV1/5pR/3Fv8A2zrQJu9j9JvimXj8OTPHkPs+7W9JdSKbtI+bzL9lYTSc4AJrw8X70z7qk/3aZ5P481bz55fLbA9KKMDgxMtLnj88BvL/AObnmvVbSWh85JKTPXfh3p4gCbV7da8WvO7PcwtJKN2epWaYUZrz2z26SRrWybxUrc6qjtFWJ3jAjO6tbnJPWJzutMqRttq0cvI7HneuX7xscE4rVIlPl3OZN9NcS7I1LMa2jFHPKdyDV3u9Nh8yZSmeldUadzlnW5TGi8XuCAaznSZdLEd2acWqNdR7kya5/ZtHT7VNkEmoFWw3rQk0W1zskEkdyuODmpVSxjUppmVqmkjYSgxW0Z8xzyoK1zLtFeB8bTkUO1xK60R1+gTSGRN2a5qm2h6uFTe56Pp7nylA6e1cbPUjZOxNe3nkpzUxNZyujnr7UMgkGttzkUrEMF8gHJ5p8pzSk2xt1fRFANwqooyd0YWpahHGhw3NbxiZOpbdmBLrKYO5q0UbHPOfUpy6tERwapQbMZVrIqSaqmzrmtFTdzKNdPcILwS8Z4q7WYVJcy0KGsR7oiRVxMVLTU861OHNyfWu48qs7sns4jH2rRNs5noa1nb75B71aZk0e8/BLwwz6lGSmUJ69hWdWVzSnGx9j6Bp32OzRQOMVijc37dMLxUtmvQlfIAzTVy0tD87P+CuhP8Axaj/ALi3/tnWhjJH6Y/EZEbw/OxOSBiumntYzpu8j5d19pBYznBJUHkV42Isqh91TX7pWPB/EEjs8hc4JPeuiEbHl4mVlZmFptn5t6MjjNVOVkePCm5Ssj2nwbYiGKMhccV4tZ3PcpRlHQ7a3td/Q81xt2PXpKy1L8AEXXipvY74xU0JczFgQD1pxlczlTSMK+g3qc1qmc8o6HF63p0bk5HauqL6nHKNiPwrYW4vwJVHXjNVz66HNOCSujL+MMUUV5EgAWLHpgZxXqUdjwa8mmeT3Yt0GE+9W8jmUpPY7n4baamohopEyp6VwzauejSciDxl4ck0ueYop2ljgColZrQ9GEzmNPvGgk2vn8a4ZwZbldnRWzrcoAeaiLcWa8rasSNogb5gorXnuZKi07mnpenbJUCjJoTTO2i+U7O0QwxgNxiuKadz0ouNrmbrt4FjIzTjE5pVNTi9R1EKDh66II5ZztqYkniAwEgNXV7O+xwqu7mNqXiyWM8NWkKRhVxLWxzl34ruJm2k4FdKpaHlvESbKUurytkljj60/Z2CVdvQz5dckXgE1SijP2jejJbfWGbhjWkYozk3fQ29K1DDDJyKwqR1OinU6M174+basw9KzhvqayfVHAXg3XB9Qa9eMU0eVVdtS9ZQGUjik42OdS5jq9E8PS3d3BGqn52AFJWtc0Prz4JeCzZ20fmJhlAOTWDVzRI9+jtAkIGego2LsTwfuxjrUOJqthzYkOK0Ssh3ufnX/wAFd02f8Kn/AO4t/wC2dJO5E+h+i3jq/aTS5iBwF6etbptCw8OaVjwC9zdLKpGN/UV5FdXnc+4pxcYWPDPHenfZtTZBxkmu6LSjc8LFO8rDPDOkB50JGea4atTSxOHhrc9a0lFtokVQOlefLVHpwT5jdgkOQRXJJHr00rFwIZMUraGnOouyIp4CM54pJWG5XM+eMsMVaTImzC1TTGYbsdRXTB3Rw1TDitHtp9wyBVMx5W0UfGmnDxJZKsjYkQYUn+VehQqKO55OIoNs8xi8A3rXRBUsueCK6J1EcKou5674B8LDQrUSSctjvXnTndnpUodCh4xniuppFbBOTTU7HZ7HS55fqFiBcEqKpyTRyNSUjX0OB2dRtrhqabHqUIuW53dnopuIRhayUjrqQS0Nqw8Pi3XcV5Heq5uxnCm2yvqbeQh7YoUWzqceU4HxDqDbW+atoRPPqtROHv79mBBNbpWPJnVlIxLmRm5Broi0YJ33Mq5DzNjFbcyRzVItkB0l5DnHPtWkaiRgqT3JP+EemlTgHBpymmT7Nkb+GJEHKfpTujPkdynLojxdiKcZamnKWbRDBgc5FXJXM5PlZvLP5tkVz2rDl1OiLujmjZNNc4A5zXoweh5VZ3djtfDvhKWZEkEZYdelacyZjytH0J4E+FRS+024ZCyErJ0/SuVytodMT6h8OeHYbC3Ty0wcVJaNmSPHFBaGrFhciknqaeQip82a1exXQ/Oz/gr2efhMOv8AyFv/AGzrK1jOSPvfxd4tsHtHiBBYj+9XoVKTirlYGV6n9eZ5HqM8S73U4zzXzdWd5n305RjA8f8AGAS/vz3YHrXcmuQ+YrPnnZGj4a00Qxq2K8uo7s9ClT5UdtZxAlcVg9jqUdTYgjY4GODxWLVzeLaZsQ2RKDArJ6I1jC7uPaxLr8wxUXN7paFOXTQT0/Sq5hOPUrzaaJBtNawlYiVNS3MTUtFEeSP5V0cyaJ5Utjmr6z8snv7VMZ2OedLm3MibUXtCdi49a252zjVFN2Kk/jCeCMqBj8aT1L9ly7HLX2qvezMxPU0LY1fMlYhitvtLAdalysY8nU7DQdCVFV2HPpWE3c6KTaZ3OmWgRBxmuds9BLm3NeaMRwHjAIpx1LmuVaHD+I2QRv2NdEZdDKUlY8u12cfMDXRE8es7nE38o3Ed63scPMtjOlmI47VtFaHBKTUiWKSNV+bGahp3N4rm3LtrLGzgKAT6VVmXypGzazqDtMePrUyTQuVMsySW8gwVANTzyNFRi1coXumR3K/JitoSMZQjAyjog34711qWhwVIpvQddaU9pDxzu7AVrFKRyubhodP4D+GV14huEkCkKfVc1qpJKxzNXZ9IeEPg2yWyKRhRjPy1ndmyR7Z4a8JJYwQo4H7oALx2pC20OtSERLxQUrkE3Q54NBSGpjb60JamujYpTKkiqepa3Pzk/wCCvPX4T/8AcW/9s6GRU6Hps3ju71O/DeaRHuz1r38U7wsjlwknTnc6ya9e70zzAD92viXHmmfZuTnC551eMZL5snvXTODjG5xxSvc6/QLcmEZ6V5Mtz0Kcro6qxhCYqWaK50NnEpUetZM0pp9Tes1UqBioa0OyPYtmzD8ioHKDTKNzabc4HWkdMVdGVcoYOapKxjUfRGPqM4dcYrVOxzxTTuzktTcbjgUWLnNNWOV1JVOT61pF3OXkadzmr63MpOOlW3YGV7TQ5ZZeFJyfSlKQKV2dVpXhzycF15rPmCS6o6e2sxGoArCTOqhDmNuwjK47VkpHbOk0tC9qUmLNia1icyUrnmfiS4Z91bRInDS55rr0nXmu2CueBWlZnKSWxlk3da3v0FCnpcd9gEynI6VtFWPOq+7IwFKLevHIxCitlFHK6tjU0rYt6hU7lzSloaRnc9XHh631DTEkiTY+3msk+Y1cnbQ4DXYJNLmPPy561qqSaBVGtxmm3plIGcis3HlFfmZrQ2bSybsYFWmrGM1Zmna6V9uu4YtuckVvE456s+sPhT4Gis7KB/KAyoPSrMkz2ew0uK3T5VA9eKB3sXDCq/drZaEMdtAXmsWtTS5Vu1ynFXFGkSOFPl5oZtuK4LfKKpalJM/OT/gr6oUfCUf9hb/2yrN7mE9zbsRgpmvXnLmRwxdpHqOjXH2nQ5E/urmvmpe5UPs6Uv3X9dzibaFLvVGIOVDYq68/dscdG8meg6ZaCGJcV48pHr0odDbtI8OMis3I9GFNLc2rRcsBWZUkktDetRtA54p7ozp1LSNSEqF9TWZ3v3lcjni3EkVQ4q6MDVYG5NZti5V1OYvI8Ag5rRHHUT6HOX8OSaOYiFFt6mLcaOZ88Ypwkb1VyqyC08Lxs3zirnMwhFtXZ01l4etoIhhBnFc7qN6GkKN3diXGnheEFTc3cUtCza6cFQZ5NQ2ax8jSW2ATgc00jRya3KOpZNu6kVrExbbPOvEagI3PNbRWpjKVkeX64mXNdkHY+fxEeZ3KFjCMEsM0OTRdLVF8afG6MQcHFaxqtmVakpHG614dkN5uTODzxXdGaseTLCtanTeC/CDXc6GQ4A5JNYymaQo9z1lkgsrIRqRgCuTmaZ3RppI8r8ayLdzGOMfjXp0Xpqcda3QyNGs2RgCOampuYUzubS0UQKcc4rFMuS6s67wFoQutahZhkBgRXVG55lTfQ+xfB9gttYRHHO0cVomY2sdSoGKZaF27hVW0uNpWCRAFqkrkIpzHkYpNWNogoJGQKhM05rD1C9D1pmiZ+b//AAWCUK3wmwf+gv8A+2VDMZl60ugpBNenY4VHW50ml+KntInhQ/6xSv515OJo8srn0FCq3HlHaKM3Ix1J61xYhXjoeph4npGmZ8gE147PWjFLU2rF1OD39KwsztvdGtG+1QQKq5m6d0a9mzSKMim2YxpamlarnPFTud9+WJZcgLjFLUIsyryPzFbNSay2OZvLXLHirOVyszJudNAJOMilclSdyk1iATxxS2Z0cvMiRI0j60jNLoWsgIKg3jF2GBPmHeqRyVYu5axuHTH0rORvh4tbk1upY8GmpG00VNWH7phjtWiepz3PL/Ey4LCuqmzKok0edatHvcmt7nhzpu5ThXZ+FK5MYuDJckjjihG8l1Gvb+YMmtFJoSaejL1hePZkBOKpPuclT3WWr3WZnTbmriky7pxMVrR7uXOMnvXRGVjyasG5G3p+hAKDt5qZyudFKhZXNb7GYgFx0rSmr6l1aatqerfBzw813rlrNIv7lc7q63oeDLRn1Lp8CwQqqjgChEWL2Bj3qgY5OTjpWnQiwsigj1pjKkkYzzWbZa0FUKq0inrqNcZHFBalbc/N/wD4LBrtPwl/7i//ALZUESdxttIroOa71PU57Fy1fN5GisCpHPsfSsMY7x0PTwtO7O80PTSZVYV4s37up9JSg4PU7a2Ro1C4rgsjtUuxqWalWB7Vm7GkG2zZiddo5rOxuua9jTs7nCYzWbZryNamxY3CsMZqVdF2T3LFwCV+WmVojMnbOc8GpubJLqZdwVOc4o6HLKLb0Ma769afQILUzJ5QAeQKlHTUfLsZpvAHwWGKtIyTW7NGG5R4wNwrI69LFu3Ib3po45osiHfxjFDVx058pIlu0ZyDis7HTJxkjN1iTEL81tFHHNdjy/xG25m5roSaOVyvocDejMxrpjax5tW6d2RW9v5jYxSehm5cyuWWstoxtIFTcnnZH9nKdqbfQ2VrXGpAQ3TmtVsc0oNsnNsWx8vFUmTy2NLT7AZB28VbYo07s6axs1xgqBSv0NWuXRj5bBmmXYvf0rspJtHm4iTifRfwg8ONbWUc7R4JHpXS0eJzXdz1uOPb2q0gLGwEdeatRM7ihOPSm9EVsIU4pagmiCRAaTTKIioUVNzRdhY8A0xxV3Zn5v8A/BYcDPwkx/1F/wD2yoHUio2sYljcljjNdiXLqzjjI09Kb/iaoxPHTrXPin7h7GEdpHr2hzIipXz85to+lV5HVQyBgMCuW5py2NC2IJAJqLnVTXU0oYwCPShyOpPS5oREA4rK1xOqXbOXbJ6Chqxnzamo1yAPWpLM29lBPTrUXOyCutTHunG0nOKa1Mpy5WYOoXiwqcmqsZe0XQ5u+1QkkLzSUTWUroqxq05DVqtDilU6I2rC3d8ccVlLQ64SdrM2Yl8oc9ayuauLZft2DAdq06GCg0yaVCUOKIq5c3yo5rWFYRPk8VqlYyU0zzzXdq7t1bJ3OWorO6OD1Bl8046VtY5ajutSfT1A5qZHPCzVjVESyjpWdzb2N9iKWyB/CmmWo9ASyBxxV8xoqaNG000MOVq4yOSvC2xtWWnRxrkrQ5MdNWVy2FVTwMH2raCbM6kVI2fDulm/u13D5Sa9OmrI8DFSs+U+nfBViLTSolHHHStbnkLc6VF9qtFMmUL+NabECOuOnSoKuwC5SrQ1G5Wm+VhTe1jZLQaCuORWFtRpaiS7dvy/pQVY/Nz/AILCjA+En/cX/wDbKnciUrnN2alVBB5613zkrGCWppadKTfxk9Qa4K79w9fCK8j1zw5MjxpnrivnZn0VOV3Y7CzkHGDxXPY67No1rdfmVgelJlQbRrxHODWZ0J3ViwhIbNadDBrXUsxy4qGzRRHtebBmka2uULzU15pcptFswr3VN2QDT5bESd9zm9RvS7YPU1TMuUit9Oa4GSKi9i0+jJjELY7TxVasjlTd0dFpckKRLuI6Vg29je1mST3UJkxuHHvT5dDdS6GtpkKzgYOTSuW/dNO9to4LUnI3VrEwqLmOC1yf5HHatDmUPePPtcKOCCc1UTOaOI1KEFiRXUjgqMLAkYFZzZnShd3OggQbR61g2erBLYmNvnmmpGnIkXLa0A5IH41SuyXFGpDCuMjoK01Rx1YXHSy7PatIq5lbSw2IeYwNddPTQ4qrcEetfC3w8b/bIUyAAenavQjsfL15uU2e+aVY+TAqgYAFWYM0VUAEHGaYbEZ61o2Lcd1XNRcWzFTAQk09UWVJxlqpsq7Q0R5FRc2jqOEYxyKGaWPzb/4LFLg/CP8A7i//ALZUjGascnbSlRya7ZI59i/ZNtvY29a4qybjY7KFXleh6Tod2w2ANivBqRsfUYeXNqd7pcvmIPm5Nc9js576I6C0YRgZPNZPc6F8JpwTgClYqN2ywLjjOaomfuvUsxuCuc1k9TSMkitcXHGM5pHRBcxjalOAvpWsLFWsznLmdnOFNUzNrW4Wtg1wwaQVDQOaRs28SxLgVCRLtIy9aTglTn6VrEPh2OebWbi2UqCeOlDgmc7qNMzBq2o/ahKXO0HOKpwVrFQqO92dz4e8W5Vfnww61yuDiz0FNNanQXGvieM5kz+NVEhzjsclrl8GjbB61stdDOo1GN0cJqlyuTlv1rWKscHtLrU5e/lDZwa1SuzFpMj0uQ+ZzzSqxsXBWR09qfMIrC1ioylcvRkFsVLVzs5rLUtjJxiri7E+0iixGSkec1re5z1JxIJX3D1rWKOOc7bGl4fg+1XkceCSzAYrrhG55uJneJ9T/D/QRpunx4ULlVB9+K70tD5yWrbO8hQIvTH0q7EsCgbmgW414wpHHFaborluDDMfAqdmZNDcYj/xovqaxehSlPzUML3Y8HA6VmdC0Gu4UVRofm1/wWIOT8JOc/8AIX/9sqZlUWxxkMoI+leg7nnuTZetZ1kubds/d+X9a5Kux10bJ6ndaderHcBN2MV4lSJ9Phpp7HoOg3QZVwc15k7nsR5UdVExIB9KlFq8ti3HIQOtBqrLcsJOc4z0qlaxzVW3Ic103QHis2dNKF9yJ7ny+WNTytnbFqOhjajdebIQtUlYxlNJlG2UeZz+tXys551b6GsHEa0WJVt2RPdkA0cpaaexj39yWJrRKw5TSMWcjk4pvXY55SiU7m8RYyuB9aEncSaM6K/+zSZRqqUblxrK9i63ilol5Y1h7NoHUVzD1XxsBC/PNXCDuEp3icwmvvePljitp6HNGNx8z+djbk0oPW42rF7ToNpGRjNTOTkbRkorU6O0TGMVjZmqs9UXVURt0qohO7WhYWbb1oaOLld9Rz3QdcCuinAmcWMVueRmuvl0OaeiPQvhloX2zUo5SmQDkGuinGx4OIqPY+qNHtRb2cSY6KBXWeY9zRxkcVSYmhjHnnpRZj0sBYbacRcwoI2e9HUT1Kk0pU0McSBjluRUO5tCNyTGO1J3N2rIhmzxgVqthrU/Nz/gsOMf8Kj9f+Jv/wC2VSzOq72OFtY90QJ612uetjjjtqWIvlljOdvPWs6iuhxlc2bvU5LHV7YEMolQEE/SuCrBOJ6dCq4u1z0zwrqRZU+bIrxJxSPo6bctbnoVldFwveudo9SLUFcvibb9Kmxi6ilLQmjlB6Vm7o6IRUtxXm2n0pbnYkorQy9QuSoJzXRHY8+rWs9DGN7uk5NUkTzcyuTJLhsg1TtYxba3L5ffGDvqopGE5SexXkcj/Gi2prScktWUZMyMeM05GjfMVby3CpWaDkSOdvogFJ6VrEJ7WRhO2WO01T3ORJ3uV7kOwwc0tDS/c5vVrVz0rSNkQ6l9EQ2kSge9ZVE2dFPbU3LRF2jPWskXO1jQgbZgg02cK5nubmnPuXJPSpkd0HoXixbJpxdjsTVhFySAela2uYysgdAg+XrWkFqclSSZa063ed0UdScV2JHk4qpyrQ+iPhXocdtbRtsAxyTXTHQ+fk3NnsMdwsahcjgVsjFqxYF4ijqDQMY1wj45Fa8yISHC5QDGc1nuK2ow3K5xnigqxBNMrdD0p3uikiFZMuB1qTSLaehbAyvShamjbZG69fWtVojSKsfmx/wWIUg/CTP/AFF//bKs202Z1XdnFNKsccYxg7eB61ulZnJdWKLXm7AI5BrslD3bi6lzxlqLeTp1weGESgEegOK8zkctDqpfEdR8P/FC3Copb5hwQa8ivDlPocPUs7HtmiX4ljBz2rzrHsc3NobUc4cdaVxKlrcV5vLX5W5oaurmkU0IbwsmTUaHTzPlsY+p3m5TzW0FY8yotTm7jVhDJWjKptjotaDsAXqGdCVze02584Dc+PxpKQqkLbGjG6SvjIIo5rCiu4+WCNQMEUc19DrVNSKtzaqydaSepMqepyusWLfNt6VurIcaasYEdrtlORQ2jF0lcL2BVXgU7nLOlY569iyp4zVpnFyOMrmYsYR8irk9DWN7l2CU59qwsat6F6KXOMdKlrsRCStqa1hOR3qLHVGSexrwPu78CobsdcdFqLNKcV2UttTnnuOtmL/eNdCWuhx1nZHp3wz8GHXrlJCB5ac5xXZGDSufNYiTbse8aN4aawRVjOMDAxXRGJzQiba2EyphmOfWm7dBTjqTRWEoX7xPpUk8rEk06UjG9h9KqKTLUNNRY7SQADcR+NPbQqNO5J/Zz9SxyaUn2FUVhRpx28tzUIwsPt7Ro3znIpSfQ6IxdizuIqoomV+hFMT1HWtW1Yd20fm1/wAFiTkfCP8A7i//ALZViYt3PPpicwENkhe3avQqQ10OfQqSOA2cc5re9o2JvroSeLJPtGl2zAcou3r75rhi7M6VdGJ4V1ltP1FBuI5/CvPxCuephZ+9qfRHhLXvtEUXzdRXhz0PqKK5nc7eG/BTk4rI2lPlLCTlwCTmpbKUrolEmQRnio6mnL7pkamNqkZrouYOCaOL1BZJbjaufrV+Zz2a2E/sW5UrJlqtWasaQlZlxJbu2XIJwKlU0zrlfcpnxfPazFWJA9abo6CT0LEfjMykAS5NYcjRVOqloWz4jmYAhiR9aHB7o1lJIDrnmcNSs0KL5iB7qLO80rsmSsUNQv4HGFPNbR1OJvUyZQsiHHOau+tjGUbspvbj8q0T6GM04jGASMnGDVqNzBzaEt5zu56U+Wxk1c17O4GRWUrnbRjY1YbnaKiMLs73OysSPch+K6oUzinMvaWDLKq+9ejQovmPJxFZo98+G2pJpVuiJhSeuK+ijhbxueBVq6ns2k6tFcRjkbjzXDVouDNqM1I2Blq5LWNGtSZY/k96jctrTQYe4NXsRdIAuCOKmw76C4HegmztdjScCmONrjN/YChxvqauSE/jHpU7EKzGv+tS0wukfmv/AMFih83wk/7i/wD7ZVVrIxqdLHnU8ir5YAwwXDZ9a9SPvO5wRdyhNu3HtSmRLRlrV1eXw4jnBWMlc981yrRndDRXZwEV2YroN79a55pM0pStK57H4E8SECFC3FeDVjZ3PrsPUTjY9WtNT82INurkvqdXJfU1LPUif4qze5o5KKLwv8LndQkJVLoo3dybjODWyRHP0I7DTfOk3Ed6blYnlbZuNaJHDggHFJMpw5XcwrsqCy4xWsb7nfHWJyuuaUl2jBRyfSu2D7kzhdaHGyabNpcxO5ip9aHBSOBUpLU6PQ71J4trtgj+9WE1bQTqPZkuoTpCflcH6VMY30N1VUUZdxqr7SN3FVKlYynWuzPN8GOd/NQlYlyTVySHUMnbuqktbipyvLU0IZUdevNJu5dVJognJbjsK0jI8qUbsjiQluKbdzTRI0bP71JoqNVI1oDnk9KpKxlKs27Clhv4rppailK251Xhm3CHzn5A6V9JhKd7Hg4qqdnputG2lUqSAOwr6eMEoHhzlc9B0HxhLEy7ice1cdakpplQqch7H4f1iPUrWMhhkqP5V8xiKbpyaPUU+ZJm4oJT2rlOlaLUYw28n8Kq9zBgDkc1r0OhJJBs3r1rBi5uYY8eVqk9TO2pH5e3nrVtjbAnFTcSZC5Lcg1m3qZvc/Nj/gsQcn4Sf9xf/wBsqtu6JkecXpEVzt6168Yux5sNGV5Mk1ElobyTkyW7lL6DMgGQCM/ka4bXkaN6WPNruRllOF4BrKaaKimtTr/COpsFXPUV5dSKbse1QqOKuer+HfEysqo5NefOnZ6Ht0sQmtTsLXUVZQQcVjbuau1TYtpqHOCTVWQ1FxLMF0svAzmmTs7mzp03loaxaOuD5loWLi4aRCBxTiKc7PYwL98HrmuyD0OmNSMtjOVlMnOcVq3ZHRbQdeaNFfpwB+NOnNCUbnO3Xh9rZmCNt+hrOe5jVw6eqMS70+6Qk7tw+tVCSRwPCym7XM6W2uZQVB5rpUk9xVcDNLcyprK7jYjNJxjIx9hKK1Y6zM0MuXbIxWM9NEEU47lhdUmSTA6U1SvqZTqvY2LC+M/3x9alrlOJNyZoqVH3aRpNMsQk9hVGUYvqX45Pk54NU0+hquWOo+B/NkAwa9PDUnuzirVlZo63SrseUI1PNfU4eKij5utV1dzpNMsXcbz0r1oSvoedKqr2OntJRbqO5q/Z9Rcx6h4JvJIljYMduBxmvKxmGU1dHdQqWep6nZ3YmiHPBr5aVNxZ67bktCd0JGcjiouZ6rcZnPWtHsa76DtvfNYp62Za0Q0gtxmnZp3M+awjqAvXJrVaiT5iBnBGMVD0JbsRBCDnPFQ2OKvqfm3/AMFigA3wkx/1F/8A2yqlsZz3PN73adRmQ8BDivXhNuJw6RZDOR2qNTsdraC2uZrC6iGCCuSD7VhNpMy5Tzu/TZPIO2ayqtM2Lnhy88q7RSeDxXmVYPc9Ok042PQLedl2uvHfiuJnfGOh1Ok+ISihXPSseW7O2nsdRZ6olwBgilOFjrg76M2rGQZzWKFNamxb3WwVnLVnbQikiVrosCKnVGtSETHvyS2Rmt4yZypKOxnvdCMdea2V3oaRqdGRrrBRTg4pJNM1dW2xCdT+0KSetW2aqd1qVWuo2YqaGtLoSkr3K8nkgkrinG5pVnzRsY+oyLuOK1jc4nZoyZCsgIH3qLNas8qteL0HWdiZHJI4rfmVjn5JPc1ILbym4rBu5VlTRfgiIXms5PsaRV9S3HMI04qVdmnImiS2JuZD2Ar1KUL7nm1moxNqO2EMeVwX/nXtUUoo8Ccm3uW9Pla3nUjk+nrXqU56Hn1kmdrp2rHyxzxXoUJps8ypFJmva3auck16krWI1eh6F4T1cCBUzyMYrz6r6GkJOLsep+Gb0zQ7ScnrzXytdWkfR0ppo6RWIXk1yWRq0IRkdaQrNEqsAuOprG2pcbkanc1bvYtwTQ6QYWstUyFFIpuuGBpmLV2B+6KWx0wSSPzZ/wCCxK7f+FR85/5C/wD7ZVV00c9W1zzO8QDUZmBzuYk160I8sDzX70hZ0AkjAOAepNZRfMdbdkWtHtw/2r08piB74Nc1VWZmpNnnOtoFuJAOuelE46XGnqZljN5N0hJxg1zTV4s9GjL3kenaJOs9mpJzxXjyep7n2bolfcj7gcAGmlcz9o1sbmj6mVIBbH41M1c6adVrVneaTe71U5zWHLbc2dT2mxvxThgKxmrHZh5NaMtLgrkc1nudU53IrmEuOlWtDA5zU4ihzW8ZGDd3oYs1w8fbIq7XJUnF6lSPUgrnPWplF3NFWvohz3iuODVpOw4VNdytJdGPHOaSb2NnVVirI3nNjPWt4HPKonsC2QUg85rZ2kjjlK71LsUflEHpXMy1JMmEnz8Vpy6Gc7NEj3QjXrURhdkKpGOhAdWiEijPWto0HuY1MQoLQ3LKMph16N3r2KMFY8edV1DSjaSMhgcp3HpXfy2jocc42NGBlmcMBgjkj1+lVCdtDimjTiuiMFTyK76c+V3OSVNSNawvt8ed3Ir2qdTmRzzjbY67w1qxikXJrOcOZkwTb1PbPBF+szp83zMMAV81i4cjue5h3pqd6HyvpXluR23Qqvk+1QtSuYlHTirsDY1Wx9apicxZGDKBWe2oRvIruhzzQ3daGihqNc7evWsknIu3Q/Nv/gsV/wA0j/7i/wD7ZVaVjiqKzPLzme+lBXaN5A9/evfkkoHlSdpaFnU4/LVAOtcWH1Z2X90f4c3NcTjrmJwPyNZ4iLiyYO+h51rUZF9Lk5Oab+E1cLaox34lB6VyzXusuk2pI7TwzenylG7j0rxZrU+ipSUo2OoIMiAgZpRdiZRtK4kUTRNu5puQ3K6sdRoGsbGCsaylqdVKNlc7nT7xCoJPWuaaZ2U3roa8M6sBisUdrLoZTHzzVdSbXM+4sFuc8VsvdJcUYt5piYIwKtMynDmWhhXOjImT3zWt+Y4lFxM+WywQBxitE1YE7MhexLd+KxYru4i2gjwc81SkZ3dxzShSoNbauOhraI55O5PFZpNmbVnoZ15qIiOd2BXfCnzKxzznyqxUbVxOQueD3rWFGzPIq12noU5vMhuAWJ29q9KEE0csqrlueg+Fr5buzVW6jAwapR5SlJWOqS1CgMRkGjmb0RjKfQsRQqXzHx7elXG/UzUeYfMqocqwz3FdkU2TKnZXJLC72y4z8prrhKcDjlG2p0eg3BN1y3ANelCd43ZCj1PX/Bl+wu7Ug8KwyfavCx95bf1sdlG6dj2aCUMgOcg14HKz1FEnU45otYTVmTxk9aaZaQhGT6VTZDQ0jBzmi10XB2GSSAVm1Y1k+xVkYsaqDsZ3aPzf/wCCw/8AzSMf9hf/ANsqG7sxqu9rnmiFlk39ST0r2qz0sjxd5XLWt/JJFz1A/lWGGSWp2hohb7WyR/eKn8sHNLEtSCPus4rxBa4vJCB37VkmuUmU5XMC6tiOcYrlkaRdmX9FuPJlUZ4Brza0banuYaonoejadIssIPtXn81met7O6uPZ8sQOlVzEOkug+JjAd2eauC5jOU5QdjotI1g7QpbofWqnT0OqjU5dWdNa6t8owxrjcLHT7dyZs2OqAAbzxU2sbKZd+3KVJBFVF33NHrG5jXl4DITWpzRu2ZdzOGPJ61SVyZQM2Y5cEGr5WZQhrqMkyy8VfIupTSRTeTacGlydjmluU7+5WCMkkV0UYN9DkrT5Fcx7vXw6DyzkV1QoXepzSxOljHvriSZevBrvhSSRxSqt7kVlclWGT0NCg7nJJJu5uXV4JYUyMHFddODOaWjNfwzra2jnecDIraVNlra56Ha+I45IBt+bArKNKVydGQtrzrIdnA9q7o4duwe0UUTW1w8z7ixwa9KFGMUck8RqbMIXZletacifQlzTVzV8PykTHPr3puPKhUryPW/BVwXu4lzzkfjXm4lRtqd0Ekz3axjIiVT2FfNyfY9FPQuHIIA6VjcnmJkl4xQjRO6Glznmr6EWYjkkZqVIpKxH1bmiRtCS6iSYU1mim1c/Nz/gsQc/8KjP/YX/APbKqRzV7aWPN4pVkkQng55r3HF2PFS1LPiiEBoCDjAFYYe2ppVRBoKN/aA3btpGPl61NVdQjc5zV2zdSZHAJrKUfdKT1MXVLhTAEA4rGMNLmmxmQ5Q5HBrCUebQ6qMuWSZ13hzUTwjNXlVKNpXPpYV7wOpIBGQ2eKy5UVCrzEEhLdT0rWCsTUlcSK5KEkHGK0cDkUveNKy1qRSMnip9mi/a8rOitNbRo+W5rFwOtVC1Dq/BG6p9k2zpVTQf9sLA1p7IXtUmUprgyMcdK6acLFNp6jIpAWxWtSLexyOqnISaRs4UHFEaLkjmqVVcqT28pXdg4r0aOGsYTxSiilf6eb2xkQf6wDIr0oUeVXZ5VWs5anIWdm6zyQsMMp6VzVFyyOSMuZm1ptuk37txyKXMaylrYi1LRDazh0HyNXRT99GE7rUpyMw4JrvhG25zNtlyzi3gZrW6TMeaz1O88PQbIAuOMVqkr3K5rouvAUmwBnmu2MtLHNJNO5uWEYZBnrUvcu3MjRiiMYyDXUpJqxk4a2NfSm8vk9a5q2mx10ocqPS/hrcNLq0eDkA14eMfunTDVn0XAWljU9Tivn1oj0b3LYGF5rLqXFEkSjmtrBy9hSCw6U7DGtkLSUdSnroRluOvNNxFsI3zLg1lZplw1Z+bf/BYddv/AAqQf9hf/wBsqozr9DyiyUqEZzjJr6SWsTwadN3uzY111ZLck5461w0YvVG05oh0++it7wyEkAqBx6USpStqL2kbHO33lyTyhejEkGnKlLlMVUVzA1O2KEEdPWs3TaizvTuVoUUtg965FBp3ZtHQv2cL20wZT8tTVgpRPQhN2SR1NlqHABNeRKFj0YSstS81wsg46mmtDGUm5WIhDzwa1i+onT5dSXbtwM0bnM3Z6Esc7LxVxhc15nYtR3zgA11KkuoOq0TnxCIRhz0rWNC5X1hW1NjSWOpRh1HB5rqjhWZyxV46HR6b4aMx3HmtHhlHc8yWId9C3PoC2p6ZNdlGjFmDrzauyGXTFZOV4r0lRildGSm5GNdWQt5Q/RelcVWL6BOfumPrPh3zHW8hwP7wFY+y54kQlqY6KbO5yRjNcrpM6ro1Z5VvNOYHAZORW9L929TSrJOJybnMxxyQa9Nanm8yNbSoi0oJFNUlJmMpJnfaWu1ABxmt4U2jCEnz2LwgaSXGOa0tqdU5JGlbxFMCt1DS5zOZqxR4waajclSdy/GwjUY61zVFY6k2eo/CG1B1JXPfuR0r53FtnbSR9CQSeWFxXktHoJJIt78gE9TWQrPckgJZsdc1rzaWN6fmPkypwKEFRq+hEz54PB6VWxknqRMu3mqasrmzhzaiM/GP1rmbbZVuU/Nz/gsJnPwlJ/6i/wD7ZVSOaq76nkeyRMHORX1coNOx4PtJJFiQS3MYH3gK3w9KKeo5ptFF4nDbRkV3Topo8+bcCe20tp/vCsPY2JjUHahooNo6sPxrzK9NxZ6VKbONltntpSPQ1xTSaO3nNiyIkh+YYNZQp8x6VF6XYoLwydflrCvh0lc9CMrl+K+ESg5zXlqDvYu2ty/b3Znj3Dit/Z2RFWpoTCXcODWcYq+pzQakOMuwAmupRSNJSS0K91qi2+Ae/vXdCnz7HNNogsVfU7wBclTXbSp2PJrVOh654W0gpDEoXjAr1YxRz+0djv7KzFvHROlzGak0ylfod/IrWFCyPQbXKQJErjBonHlM4ySWhkeIdN/0dnUcCpjFSWplP3jEiu0jhKSEbehrGNPlZzRTTOO125XzyqY4PUVfsYt3Ohy5XqZr3j7CoPJrCWH1uZ1a11oVrcMZPUmtYxucMKl3ZnX6BbB8blqleL0OiW522n2wRQfauuOqMmtbmlBab2345reKXUqTVi/Ba55OM1TaWxho2XYrbaMnp1rJ1EjqULka3KtdLHnoa45y1uzujpGzPcvg/YMTvIIGOPevnsfNPb+tjppq57XGuFFeOmdihpcnQluKu3UtSsiaNthHPNJ9ylK+g6VgnTmpBRuQbmJya2TJskxXORTlLSxftOUZI+7ArITnzH5wf8FhRj/hUn/cX/8AbKhkVlZI8yniEcfAya+9lT5j5rnXULRC6YNTGFmZVazWxfttOErjK16PJ7pKSlG7OhtNDSOEEjk1zPR2OXlsxl7oQmtnXGM9OKmdJT3Ol1baHCar4ba2nLMPl9MV4uJw7hqjenO7MSaFra5Cj7h6Vz0F3PTVWyJniaYACumVNSRjHFyUrFW5V7Yj0rx50uWR7NKtzInttS2JgHmuea11OtVI2sy/BqBK89K53GxySai9CGfVMZ7kd62jDmOapVZTjL6jMFPXPFexQptHC6r6npHg3w19nRXZeT7V60YI8+bcj17w5YBYUGMcDmrkrPQi7SOk8jaox0raKdtSovmZDLYLMvIquazsdSlpZmZc2YgJI61o6bmVtsZOoyiSFkboazUOVlqSeh594llW0JCnr6UpRvqjGemqOWB84/Mc1zTlrYmavEjlg3NwK6o6x1OJavU0NNtAOGGTXM1Z6Cdos6jToSqjaK3pw7m8bM6rTUPlZauhRVy+XU17MY49auUUYVWlojThXC81HKRCEm7g9xt47Vx1otI7YvkdjDjkY6sMcjdwB9a5Zy9w0c1c+pPhGjR6ahdcEjFfJ4iTlI9Si0kemiQAe1YxVzt+JaEsUq+tUcri0yVuvXmmtjVNoXduHPWoN4vmVhrt0rWIuUAcrzxWcndmcokTA7qFsKOjPzj/AOCwowPhH/3F/wD2ypIdd3UTz5otqHcOlfoz12Pi1C7uyG2bE2McZqnBrU2kkdNplsGUMa6udRRlJuLOggXKgEcUlBT1Jb5kSyRgL93rT9nZGCg29TntY09ZmO4cH2pOgqiOiLcTkr/w8XfKZ/KvLq4RReh2wkmioujTRt0rjdOUdAcepT1HTsjp83vT9nzbnRRrNOxzt7YXNvMpRfl7159bDXZ3RqX1Yx7+WNdjDBrieHsy3UuiJbl3OPWtoQuZ86W53vgjw4LyRJ3yFHNevThZHDOakz2DT7aOBEVRwK6Ix5SZ2sddpkZWNSO4rZNdThvfQ1izque1bJ3KS5dUOa6VYT0zURg3LU0V5nO6jqMa7i7BcV2c3Joh8/JojzzW/FytcPFCQSOtc1RNq5UZo5PWb03OCTkms6Sb3FGo+pQtcseRVzop6mfM57GlDEpcAjrWM6ba0NuXQ3bSwQgdc1iotPU5Z07nRWGn7YwR+taKV3qaUocquzZtk2LyK7IO+xrKRo2pCg05nFLVlvfuU9vasHUcWaQnKLsUby68lSxqZ++ro6+W6uJ4Vs21HV0kBzlulePWfJe5HLzSPrrwTYrZ6XCoAztHSvmJyUpHtwi0jp92T1px0OulNwZIh2g4GcUMqcuZ3JxLwc8GnbsZ2aEWXPApNI6qaW5I7lVG7FJO5MpWkRmfccZ6UWE5ERufmxTUSXFPU/Ob/gsA+/8A4VL/ANxf/wBsqVkjGfRHHXQGCMDFfokE9z5iK01M6CAibI9a3UrnDKcoyOr0mNioNXNJ2Cc+Y6Wx2ugBHNbRXLsNXUblz7OjMF6UTdloZKbepn6nYLtOOTWdGrrZm6krHNSWjrNgjiuipaSuKNSz0JJbMKucZrzZJN2NZVm0Yt7p2+TcFpulZBSnaVyjc2CvhdtcjpX1Z6Dm3qjE1Dw8rqzAc+tYewUjRV0lqY+naM8+orbspwTwfWsnQ9nqRKspI9j0DSBp0EajgAV2U0mjhu27nY6fB5pAHNVtubayR12nFLaNQ1aSh7t0DgoofeahGAQp4PanSi0tSVqjltY8Sx2Ktvbn0zWt0mXF8u55lrvjVrySRVbAJ7VE22U+V6sxbNBLJvPU1lOUuUVOHM7jLxMPjrVwlpcUlY0dMtR5eSMmrlUTVkYxdtjSitA0mcVkpMFW1sbtnBgDj8Kz3eppCSb1Nu2YKmKXJqaVmorQsRS4OD0ruUOVXRzKWmpoQkEegrKUwbEMh3EA8VlOz1NqcOZ3MvVZsLsz1qb2R3yhaNj0D4S6CZruFnHBII46V8/jKqbaFRpu59R6ZEtvbIg4AFeAo6nsrRal5D3zV2ISuTRyjdg1MtDTqTtgjJqYsJMYZNvQVT1NoySQ1pSw5/OoT5THVsreYyyHng1vo1c6FGyuPC857VLasQ2m9D87P+CvjBh8Jsdv7X/9sqhGFTocldp5gO2v0qLUdGfJ1JuOiKtuCD71L91nOve3Ok0ifywNwrST5tiVFJ6nSWbKCCK1jN2HKfLGxO0hUk5rZRclZnLCaWhSa6aR8Gs3QcdQbtsV7qNHOe9OF7WZvCN43KyxBs5rNxSZD10GtbKQeM0rXYK8VoUbjTA7cClKxuqr2GvoWUwRx61kkkzOcpRepHp3htEu1fAyDXNiIt7FqZ2cFqoUL7Vz07rQ2TaN7RlSLritZKV7lqWuhc1C7WGMndgCupSujWUrqxx+peJhGWCNyO9U3YxTs7I8+13Up76dm3mnFXCc9bGRFpz3EoJBpSshtXWhvQaabWDefSsoyU9CqdRwjYpYWWfBGeaymmloQ6umpv2cCpCABis6cZNmMJmlbQjA4rsUbblWS1NWzADYI4rCcNbo20exd27ZR6V0U1pqS09pMmYDg1te+hlN20RchkHlVzSdmdMEmh6SLgmuGrN7I6YPlMa5xc3oA55rPn9w2lV6H0L8HdIDWiTHgKFFfL4iT53c7qOyZ7JGegHQVzpna3csFiAAKXMaRaSBZMOOuBSlqRe5bE2/HpURVjJvUezDr2qwcmiNyMZo5bm9OVysXyTjtVrTQ6paxFEpAOeaUonMlqfnZ/wVzcOPhQR/1Fv/AGzqCaytY550KEgV+jXTPk6jjchhQCYCs5yujO8TetrfO0jpVU53VjirXTvE1o5DGgr0aMO5lKV46ll51kgwv3jW6vF6mMUrlUsYz05rd2mjeyIGYvzXK1yuxtG9h8a5rKouqBrqTFF2gDrWKbKVmh5t1G2p1kaU4pO5LcxhLY59K57PmIq6uxSsImZyw5xWk2nozA2IpccHrQqa3Nfaq1ht3ra6am4nFauKZrDTc47VfGNxqdw0cbEDpn2rG8Yo0u27IzpC7r94ljWPNrczaakQC0bOW5NawqXZd03qaVjYk844pz1HexPf/u7NxntWcVyu44uO7MKwjDS5zmt3Z7nLJqWx01rHnAxxUwtclO2htR24hi3Hk1XNd2RpK6RPasWPA5qpRSN6NOUjUjgyu41i5W0Qq94sHxtwOtPmtqyYw5lcMlYzzzXJUqJs6IKw0SkQn1rkm7yNl3ZDocJudQAI6nrUVvdhcuCuz6w+Helrp2i25PUov8q+TrT5ps9ulD3VY7aJlPTrUtmlrDJJGDj0pqNzTcsKQwH9KrlHyaE6ttBqJq2xnKPKMMm4HrSvoXGKa1GNKQMGqi0y1BbogZyW4zTuhOb2HocjmocmKL11Pzv/AOCuH/NKf+4t/wC2dCJrO9jykfHfwMFP/E65/wCvSf8A+Ir7H69hr/H+D/yPmJ4Ws9o/kUx8cvBnm7jrGB7Ws3/xFb/X8Ha3P+D/AMjn+p4j+X8V/mbVt+0H4FjQbtdwR/06T/8Axupp4/CRes/wf+Q3g67+z+K/zLkX7RHgDP7zX+P+vK4/+N13xzbBr7f4P/IxlgK72j+K/wAyb/hoj4dqRt8Rf+SVx/8AG60lm+Cl9v8AB/5E/wBn1/5fxQjftF/D0n/kYM/9uVx/8boWb4JL+J+D/wAjSOBxC+z+K/zIv+Ghvh9n/kYP/JK4/wDjdZVM2wb2n+D/AMjojhKyWsfy/wAxx/aJ+H3GNf8Ar/oVx/8AG6iOaYR/FP8AB/5EPCV3py/iv8yVP2ifh31PiHB/68rj/wCN1LzPB3+P8H/kSsFXX2fxRN/w0Z8OSQT4i6f9ONz/APG6azPBr7f4P/I3WErJbfkQ3v7R/wAP5sKniD5f+vK4/wDjdR/aOD/n/B/5GTwddv4fxRNaftG/DmBAD4iwf+vG5/8AjdYSx+Eb+P8AB/5ELBV7/D+KG3f7S3w/AJh13e3/AF5XA/nHWn9pYVK3P+D/AMh/UK178v5HKan+0B4SvnP/ABOSU7f6NN/8RR/aWF/n/B/5HQsLWe8fyIrP41eBofmbW8N/16T/APxFcksdh2/j/B/5GkcLUj0/Imb45+CDICNb4/69J/8A4itljsJa3P8Ag/8AIynhqz2j+K/zLdv8d/AQbL67j/tzn/8AjdQsbhVrz/g/8iFg629vxRpR/tBfD1B/yMH/AJJXH/xuq/tHDfzfg/8AIPqld7x/FGXrfx48C3MJWDXd5Pb7JOP5pW8cwwfWf4P/ACKeDqqNkvyM/TPjX4IgbdLre3/t0nP/ALJUvMcJ0n+D/wAjmWArrXl/FHR2/wC0J8PowM6/j/tyuP8A43Wax+FX2/wf+Ro8FX/l/FFoftG/D7ofEPy/9eVx/wDG61hmOET1n+D/AMjZ4Ws18P5E0H7SPw7i/wCZhx/25XH/AMbq55lhJbT/AAf+R00aNWnvH8i4P2m/h1twfEX/AJI3P/xusY5hhE9Z/g/8jCthatSV1H8hI/2mvhyM58RY/wC3G5/+N0quYYVr3Z/g/wDIccLVirW/IiP7THw7aXnxD8n/AF5XP/xuuB4uh/N+D/yKWHqp7fkSyftK/Dbb8viT/wAkbn/43WMsXSbvf8zV0KnY3PCH7Tvwnsr5JL/xSIUHUnTrtv5RGsK+KhOPLFm9OjKL1R77p37enwEtbOGI+OtpRQp/4k9//wDGK8Zq7PUhJRRdH/BQH4CLjHjz/wAo9/8A/GKVhOSY9v8AgoF8A2A/4r3H/cHv/wD4xTTaZcJpbjof+CgvwDQ8+Pf/ACj6h/8AGK1cjT2qRO3/AAUJ+ALf8z7/AOUbUP8A4xWLuzGUuYgP/BQf4CZ48ecf9ge//wDjFHLccZJIY/8AwUF+Ap6eO/8Ayj3/AP8AGKErFKaXUD/wUC+AnH/Fe8/9gfUP/jFFh80HuwP/AAUF+AoHHjvP/cHv/wD4xSsZtpPQ+Nf+CiH7QXgP47f8K/8A+EI17+2/7K/tD7Z/odxb+V5v2by/9bGmc+W/TOMc4yKomTuf/9k=',''),(91,'11/13/2016 10:08 AM','11/13/2016 10:09 AM','36.70.186.108','Karim','6','','','iVBORw0KGgoAAAANSUhEUgAAAj8AAACWCAYAAAAxIOk4AAAWUElEQVR4Xu3deahVVf/H8WWFDQ7NmlODlWk2/gp+WUGjESVkA2QmDVBqJZQ8BA1GEQT+UVQSVBKYaVb2ZNkcjaZFT6Bmk+VUmlqa17JssMmHz3pYh333Pfecvc/ZZ9rf94bLvde7zz5rvdbW+3Gttdfqsn379u2OAwEEEEAAAQQQMCLQhfBjpKWpJgIIIIAAAgh4AcIPNwICCCCAAAIImBIg/JhqbiqLAAIIIIAAAoQf7gEEEEAAAQQQMCVA+DHV3FQWAQQQQAABBAg/3AMIIIAAAgggYEqA8GOquaksAggggAACCBB+uAcQQAABBBBAwJQA4cdUc1NZBBBAAAEEECD8cA8ggAACCCCAgCkBwo+p5qayCCCAAAIIIED44R5AAAEEEEAAAVMChB9TzU1lEUAAAQQQQIDwwz2AAAIIIIAAAqYECD+mmpvKIoAAAggggADhh3sAAQQQQAABBEwJEH5MNTeVRQABBBBAAAHCD/cAAggggAACCJgSIPyYam4qiwACCCCAAAKEH+4BBBBAAAEEEDAlQPgx1dxUFgEEEEAAAQQIP9wDCCCAAAIIIGBKgPBjqrmpLAIIIIAAAggQfrgHEEAAAQQQQMCUAOHHVHNTWQQQQAABBBAg/HAPIIAAAggggIApAcKPqeamsggggAACCCBA+OEeQAABBBBAAAFTAoQfU81NZRFAAAEEEECA8MM9gAACCCCAAAKmBAg/ppqbyiKAAAIIIIAA4Yd7AAEEEEAAAQRMCRB+TDU3lUUAAQQQQAABwk8L3ANff/21W716tS+pvn7uuef818ccc0ynpT/wwAOdPuLHAQccUPTPW4CBIiKAAAIIIJCJAOEnE8bqLvLjjz+6JUuWuI8++sjp63feeceHHH3U49hjjz06BKli4enUU09tV5yjjz7a6bUcCCCAAAIItJIA4afOraWAE4KOenDWrFnj/vnnnzqXojZvFw9M8VAV/3733Xcv2XtVm1JyVQQQQAAB6wKEnxreAerBUdBRD45Cj76v5IgOVSlgqHdIR6lhr856jqJDaJWUpZavKReW4uGKnqdatkZjrh2/P8Pfmd9//921tbW5fffd19144430ODameXhXBHIjQPjJqCkVbubNm+cWLFjgXn31Vbd169ZUVz7llFP8XBx9KNSEz6kuUuHJxYJSGIILl1Tg0p9FD32/ZcuWCt81+5fJLQzDxYMUwSl77/gVFVS6dOnivv32W9enT58O90oI7fpB9J5LO8R7wQUXuGeeeab2FeIdEEAgtwKEnwqbVv9gK+xo6Er/6Ef/YS91SfXi6Jd09KPYxOQKi9XQl8UDU/yXWrHvw0TuRhY8HpRKhai89zbpPn7ttdd8gAnBNh58K+3BzKqNjz32WLdo0aKsLsd1EEDAoADhJ0Wj65f73Llz3ZQpU9zmzZvLvnLIkCFu0KBBPuhosnD0l2rZFxs8If5LNh6W4uGq0T1P0faM9ixFw1SzPl0XhmTDBHvdbo0ONSqDhrUOP/xwf/eHYd2nn37arV+/vvA3Qr2rJ510ksG/IVQZAQSyEiD8FJF85JFH3EMPPeTWrVvnunfv7jZt2lS2Zyf06ISQE38yKqsG4zqdC0R/eScJUvUesosGpGhwCvdKLXuVZKOeSn2uVcjR0O2KFSvctm3bnP4+6O9OOOLBPxoQw9fqbVq4cKGbMWOG++mnn9x3333XYahV/6H4/PPP+WuAAAIIVCVA+InxjRgxwr300kuJUA877DA3fvx4N3LkSNbOSSTWnCeVC0rRsFCPCeMhDEQDggJSmqfjVE71Uj7wwAM+kCQ9evbs6Xr06OF22mknN2rUKLfLLrv4l0bDfDXBXsFI5fnyyy87fPzwww8li3naaae5OXPmMNk5aWNyHgIIdCpA+InR6B/9v//+uyiY/jerf/gVdvSZNW5s/80qNRcmOkSX9fCcelH2228/P6R6//33FxpB88/CPLRya0SFezlMrNe9XE2oid8Joc5hPpy+X758ue9NTXtojs9ll13mbrjhhrQv5XwEEECgqADhJ8bStWtX9+eff/o/3XXXXd3LL7/sNmzY4C6++GJuIQSqFoiHojBRPvQuhQUvk76ReoO6devWbk5Msdfus88+7tJLLy3MPat2kv3atWvdV1995T777DPfw6RH0XXE52UlrYfOUwAbMGCA22GHHZyGt8aNG5dpIEtTFs5FAIF8CxB+Yu2reQvvvvtu4U/nz5/vTj755HzfBdSuKQVCIIqu/K3QsXLlykTlPe+88wq9lGnDjuZDKdyEj1WrVrX7PoSdRAWJnaTe1eOOO84NGzbMaeg4fPTt27eSy/EaBBBAILUA4SdGpkevDzroILd9+/bCT6644go3fPhwN3r06NTAvACBagU0hHXNNdf4x7s3btzY6eU0YVpDV2Fottz7hnV5Zs6c6effqBdJ11fg+f7778u9vOTPw1NuYaJzGCYutTBnVW/IixFAAIEUAoSfIlivvPKKO/fcc9sFoHDaCSec4PQRnSOh3iIOBLIWUI+P5vQ8+uijRS+tIdo//vjD/0zhfOrUqYUNcPVn0SGosGxAscUqKym3HknXfxJ69erln4RU782YMWMKC3VWck1egwACCNRLgPDTibTWEpkwYYLfniLpEX2cV/Mw9KSMhsz2339/pzkX+oWhz/rQSrgcCEggPs9n+vTp7tlnny26vMKOO+7o7yN9qLcmhJ+sJXXvKtyEj4EDB7b7Xr1E9T40/05rAKUdwqt3OXk/BBBofgHCT5k20v+Yb731Vjd79mz3119/Zdai0TAUDUWdfa0wxdG8AvEnuuJr6WhoSVue9O/f399H8a1CGlGz0GOpe0ub62qO0NChQ33IUTmb6VDP0rJly3yRnnzySR5AaKbGoSwItKAA4SdFo4Uhg+jju2mfzknxdu1O1f/41Vt08MEHF/ZNij6aHO11atZVhSute61eF+a8RK+vP9Piegq9gwcP9j+KB5Wsho6yrle83aOLKoav41t5ZF2GWlxP93a0B/aMM85wb7zxRi3eimsigIARAcJPhg0dfVx52rRp7pdffnF6gkWr1WqVaH1oImmSrTGyKlapfas0X0OP9WuirI5WnLsUwqd6VRRa9Dk8Ph7fHqNWKxtX21YaQvrtt9/aDWH17t3bnX/++U6fdcQ3Zg1/pl6acEQn6VdbpmZ4vdpR9+aaNWvaFUdz8s4+++xmKCJlQACBFhUg/DSg4bSIYjQMha9DOIr/TIGpmkeLK6liqdBU7JdxmtWHi5Un3oNWalPUtLuAV1L/tK+Jb00R385BvUgKZocccoi/dLTXbuLEie6+++4rvOXDDz/sxo4dW7YIcgjhR70+5RY2LHvBJjpBvW1XXnllh163Sy65xM2aNauJSkpREECgFQUIPy3SavrF+fHHHxd6B0qtLlyPLRhahK1kMYvtpaVQEh326mzl4yxXQ9aifqHXJs0vd63orN4hHeq1a9aerbT3yp133unuuOOODk9bap5ctY/gpy0L5yOAQD4FCD/5bNdCrUqFJA0faPG6fv36+Uf3tTVCKx76xa/F/xQQzznnHP90nY5471WWgSVLp+iTfwqu6sVJcmi7h7C9xfXXX9+u9yjJ65vpHNVb959CT2c9WJr3c9RRRzVTsSkLAgi0qADhp0UbrtbFLjdfJv7zTz75pKq5TFr1V5O5tWdVseASnfPSipN2S7WXJrPraSsdCqJ33XWXn+NTbihRQ14hKLz99tstsRVEGN4MaxBpDSPt9xW2lIk6qUcsuOy1116ura2t1rc910cAASMChB8jDU01m1fg5ptvdpMnTy5ZQIVDzRdSOFT4UziKzhPSkFexYbxG1lplWr9+vZsxY4YfSlTwSTIvSaFPq6o/8cQThRWtr7vuOr9DPQcCCCCQhQDhJwtFroFAlQJnnnmme/PNN6u8yv9erg15d955Z79Wz/HHH19YFLDYE2NpA1N0PpkCjZ5kVMDREXpzKpmQrjKfddZZvvdKweexxx5zGsoLh7bcYHHDTG4PLoIAAs45wg+3AQJNIvDUU085DV/pyT4FiHqtIVXv6muOVghihx56qNtzzz39XK3ooYncmtAdDi3AOGLECHfVVVfVu7i8HwII5FCA8JPDRqVK+ROITlzX1iu33Xabr6R6eNS7o2Gx+CrTjVZQr5K2ydCHgot6t5JubKo6KiSFOT+hLnriS1vG6DphOYFWXJ+q0W2T9v0VzIcMGcKE87RwnN+0AoSfpm0aCoZAcQENZ2mSsI7LL7+8w8an6jXSCsiaIxQdgio2HJU2MIVVpLVFh67XvXt3N3LkSB9wsl5FWks7aDVnrXuV5FAYUghU2fS1yhNdbyntEF+S98z7ObrPdB+FdcYUurUUAQcCrS5A+Gn1FqT8JgT0S+jqq692CxcuLEwCVsUtzIVRQBs9erRbvnx5ZvvrxZc9iC9KqUnl4cnD8DncaOWewsvLDTl37ly/jlR05XCeustL61IPwg/3AAItIKDH3ydNmtSupPqFvXjx4hYofXZFVBDSh3qdwgTrVlqfSj1kCk9a3iDt8euvv7qff/7Zv1YhREsBdHZoIrq2TOnataufUxUOrS6/ZcsWp899+vTxw4paUTw+5+r2228v2sNz4oknuvfeey9t0TkfgaYTIPw0XZNQIAQ6CkydOtWNGzeu8IPTTz89s6fD8uKtR+u10KUmSms4Tr03ISCpjq0UkurZJhoqDOssaW7ZhRde6N566612RdBCnBo2tBa269kOvFd9BQg/9fXm3RCoWECPwn/66adu6NChfvIwR+UC8a1AoiFJV92wYYN74YUX/Bto7pACQjjy9hSeepIWLVrk54/JIX4o+Fx00UXulltuSTxhvfKW4ZUI1EeA8FMfZ94FAQSMC2zcuLHqOUtaU0k9WrvttltZzW+++cYNGDDAn/f888+7adOmuQ8//LDd63QdTWjW5PIkx5FHHumfwtP8M7YaSSLGOc0qQPhp1pahXAgggEAVAvPnz3dz5sxxs2fPLixEGS6n3hzNP9K8oPihcKM91u655x6n/f80P6jYoTlnetJPk8d5kq6KhuKlDREg/DSEnTdFAAEEaiOgOU8TJ07sdCuRsBxA/N0VYCZMmNBhIcnHH3/cvf7662769OklCxzWXgqfCUS1aV+umo0A4ScbR66CAAIINFRACxHedNNNRUNPdJPYaCG1SKZeoy1Fym0forlOU6ZMcQ8++KDfqy3JoSG6I444wj+hpiEzzR2yslRAEh/OaZwA4adx9rwzAgggkInAqFGjnMJP0qN3795+1e27777bzyFKeygIadJ4+FiyZEnaSxQWxQxrLIXP9BilpuQFFQgQfipA4yUIIIBAswhozk3Sx/iHDx/urr32Wj9XJ+tDQSi6DlPSMpUqR3TxSU3MXrlypRs0aJB/6qxHjx6uZ8+ehY/wvT5ro1wOBEoJEH64PxBAAIEWFtAK1Ho0v7NDW5Kol0e9Q9oXrZ5H2FJl8uTJ/m3Dpr2rV6+uaTG0uGM0HGmVahnp6TY90h891POlYKXeq4EDB7pVq1b55SS0mS5HfgUIP/ltW2qGAAIGBF588UXfk6OnssJGt5pjM2zYMDd+/Piyc3kaRRTWVgprLoXPafebq1X5NTdJhlpTS3vMJd2Ut1bl4brZChB+svXkaggggAACGQnEV+jW4/sa6tKcJW3hoQ9t+RG+Dt+HjVgzKoa/TLdu3fxwmiZtqxctbPKb5XtwrfoJEH7qZ807IYAAAgjUQWDbtm0dQpH2JOvfv7+fNxQ9NDT3wQcf+D3P9t57bz88tmnTpsSl1LBZ6BUKG+LqmoMHD/aTyeOb5kYvrN6lvn37llz8Uj16YbHKxIXixLIChJ+yRJyAAAIIIGBJYMGCBX5/s/fff99v/rps2TJX63lK5Xw1X+nee+91Y8eOLXcqP08gQPhJgMQpCCCAAAK2BbQFyKxZs3wP0dKlS/2Tbfq6nke/fv3c2rVr6/mWuX0vwk9um5aKIYAAAgjUWiA80ab30dcKRV988UVh2Cu+iW60POvWrXMrVqzwW41oCEwT1cOhobu2trZ2xdcQ2uLFi2tdJRPXJ/yYaGYqiQACCCDQSgJaSFKrbqt3SWs56YmzSZMmtVIVmrqshJ+mbh4KhwACCCBgWUAhqJJVuC2bJak74SeJEucggAACCCCAQG4ECD+5aUoqggACCCCAAAJJBAg/SZQ4BwEEEEAAAQRyI0D4yU1TUhEEEEAAAQQQSCJA+EmixDkIIIAAAgggkBsBwk9umpKKIIAAAggggEASAcJPEiXOQQABBBBAAIHcCBB+ctOUVAQBBBBAAAEEkggQfpIocQ4CCCCAAAII5EaA8JObpqQiCCCAAAIIIJBEgPCTRIlzEEAAAQQQQCA3AoSf3DQlFUEAAQQQQACBJAKEnyRKnIMAAggggAACuREg/OSmKakIAggggAACCCQRIPwkUeIcBBBAAAEEEMiNAOEnN01JRRBAAAEEEEAgiQDhJ4kS5yCAAAIIIIBAbgQIP7lpSiqCAAIIIIAAAkkECD9JlDgHAQQQQAABBHIjQPjJTVNSEQQQQAABBBBIIkD4SaLEOQgggAACCCCQGwHCT26akooggAACCCCAQBIBwk8SJc5BAAEEEEAAgdwI1DT8/Ps/a9zmrX/kBouKIIAAAggggEDtBfbq3tVd9P/71+yNahZ+5i3d6P41c1HNCs6FEUAAAQQQQCC/AveM+T93ypBeNakg4acmrFwUAQQQQAABBKoRaMnwowoz7FVNs/NaBBBAAAEEbAq07LCXzeai1ggggAACCCDQ7AI1G/Zq9opTPgQQQAABBBCwKUD4sdnu1BoBBBBAAAGzAoQfs01PxRFAAAEEELApQPix2e7UGgEEEEAAAbMChB+zTU/FEUAAAQQQsClA+LHZ7tQaAQQQQAABswKEH7NNT8URQAABBBCwKUD4sdnu1BoBBBBAAAGzAoQfs01PxRFAAAEEELApQPix2e7UGgEEEEAAAbMChB+zTU/FEUAAAQQQsClA+LHZ7tQaAQQQQAABswKEH7NNT8URQAABBBCwKUD4sdnu1BoBBBBAAAGzAoQfs01PxRFAAAEEELApQPix2e7UGgEEEEAAAbMChB+zTU/FEUAAAQQQsClA+LHZ7tQaAQQQQAABswKEH7NNT8URQAABBBCwKUD4sdnu1BoBBBBAAAGzAoQfs01PxRFAAAEEELApQPix2e7UGgEEEEAAAbMChB+zTU/FEUAAAQQQsClA+LHZ7tQaAQQQQAABswKEH7NNT8URQAABBBCwKUD4sdnu1BoBBBBAAAGzAoQfs01PxRFAAAEEELApQPix2e7UGgEEEEAAAbMChB+zTU/FEUAAAQQQsClA+LHZ7tQaAQQQQAABswKEH7NNT8URQAABBBCwKUD4sdnu1BoBBBBAAAGzAoQfs01PxRFAAAEEELApQPix2e7UGgEEEEAAAbMChB+zTU/FEUAAAQQQsClA+LHZ7tQaAQQQQAABswKEH7NNT8URQAABBBCwKUD4sdnu1BoBBBBAAAGzAoQfs01PxRFAAAEEELApQPix2e7UGgEEEEAAAbMChB+zTU/FEUAAAQQQsClA+LHZ7tQaAQQQQAABswL/BTtsc8aUw+1FAAAAAElFTkSuQmCC','iVBORw0KGgoAAAANSUhEUgAAAj8AAACWCAYAAAAxIOk4AAAVjElEQVR4Xu3deahVVR/G8XUrtEwqjTQabNAGbfTFeiUpI0JIgzKEBrQBgoL+UOmfIIqKCCJerDCoMCyywbDSKIMm0yzSwgYrm6iUilKxLIuy9L486/V33u3pDHufs8+0f98Nl3v17rP3Xp+17j3PXWvttfv6+/v7AxsCCCCAAAIIIOBEoI/w46SmKSYCCCCAAAIIRAHCDw0BAQQQQAABBFwJEH5cVTeFRQABBBBAAAHCD20AAQQQQAABBFwJEH5cVTeFRQABBBBAAAHCD20AAQQQQAABBFwJEH5cVTeFRQABBBBAAAHCD20AAQQQQAABBFwJEH5cVTeFRQABBBBAAAHCD20AAQQQQAABBFwJEH5cVTeFRQABBBBAAAHCD20AAQQQQAABBFwJEH5cVTeFRQABBBBAAAHCD20AAQQQQAABBFwJEH5cVTeFRQABBBBAAAHCD20AAQQQQAABBFwJEH5cVTeFRQABBBBAAAHCD20AAQQQQAABBFwJEH5cVTeFRQABBBBAAAHCD20AAQQQQAABBFwJEH5cVTeFRQABBBBAAAHCD20AAQQQQAABBFwJEH5cVTeFRQABBBBAAAHCD20AAQQQQAABBFwJEH5cVTeFRQABBBBAAAHCD20AAQQQQAABBFwJEH5cVTeFRQABBBBAAAHCD20AAQQQQAABBFwJEH5cVTeFRQABBBBAAAHCD20AAQQQQAABBFwJEH5cVTeFRQABBBBAAAHCD20AAQQQQAABBFwJEH5cVTeFRQABBBBAAAHCD20AAQQQQAABBFwJEH5cVTeFRQABBBBAAAHCD20AAQQQQAABBFwJEH5cVTeFRQABBBBAAAHCD20AAQQQQAABBFwJEH5cVTeFRQABBBBAAAHCD20AAQQQQAABBFwJEH5cVTeFRQABBBBAAAHCD20AAQQQQAABBFwJEH5cVTeFRQABBBBAAAHCD20AAQQQQAABBFwJEH5cVTeFRQABBBBAAAHCD20AAQQQQAABBFwJEH5cVTeFRQABBBBAAAHCD20AAQQQQAABBFwJEH5cVTeFRQABBBBAAAHCD20AAQQQQAABBFwJEH5cVTeFRQABBBBAAAHCD20AAQQQQAABBFwJEH5cVTeFRQABBBBAAAHCD20AAQQQQAABBFwJEH5cVTeFRQABBBBAAAHCD20AAQQQQAABBFwJEH5cVXfxCvv666+Hvr6+UsH07/Ltm2++CfpIbj/88EP4/PPPw86dO3NHGTx4cBg3blzF4x555JFBH5W2U089NRxwwAEVv3fKKadU/V7uBeCACCCAQMEFCD8Fr+BeKZ7Cyfr16+PlJsPK008/HTZt2hQOO+ywoFBRKdz0ShnzvM6zzz67dLjyQGUhqhsC0xtvvBFuueWWMGrUqHDnnXcS4PJsBBwLAQQaFiD8NEzHC9MKWLB5//33w88//xzss32d9jjsl11APUkKQxaQFJqOOOKIqr1P2c/w/1comC5btiw899xz4ffff489a8ntuuuuC3Pnzm3mFLwWAQQQyEWA8JMLIwd5/vnnw4cffhj++uuvUs9NpeGmvKUmTpy42yErDR1VG2pK9p7keV21ym3Br9L5qn1PIfGDDz7I8xLjsdSTNmbMmHDZZZfFgFRuWeuEuqbly5fHnjh96NrrbRdeeGF49tln6+3G9xFAAIGWCxB+Wk5crBPojU7DU3qD19d5BZz9998/vgFrS4aVQw45JOyxxx5x2ERbqwJLr9VScvivvA7sewonWTfZqx70Ud5LpOM++uij4amnngrbtm3LdOijjjoq9gqp14kNAQQQ6LQA4afTNdCl59df8go5+txsyLFhFgs1yXBDmGltA7BgpHrU1/bZ5lelPftee+0V/v7777S7x/1OPvnk2Jt02223dXyuj8qu+WNvvvlmmDNnTleFMOs1s/CfCZmdEUCgIQHCT0NsxXqRfvlqWEWfLexkLeHw4cPDgAEDwkUXXRR7bmz4iV/oWSXbt/+8efNiD46FokZ6ipJXqx66qVOnhunTpwcNcXVq0xCs7gBUWFN7vvfee8OWLVtKlzNo0KDw22+/dery4nllrp+5O+64I6xevTr+34QJE8LKlSs7el2cHAEvAoQfLzW9q5z6pas3ufnz54ePP/44bN68OZOA7iBKDo3Y15kOws5dJaC5Wg899FB45plnwrffftvUtWn4cuTIkeHmm28OF1xwQVPHqvZi3UGmj+T8slpzqSodp7+/vyXXZge1eVrJCf6LFy+OP2/VhgzVu6YysSGAQOsFCD+tN+7oGTRkpbBjPTr6ZZxmszk4Gpayu4XoxUkj1/37KAC/+OKL4fHHHw9r1qyJd2al2fbee++gHr4//vgjvonv2LGj6svUC/Tee+/Foa9mNrVf9ZBY71QeSx3su+++mecsVSqDrTF19913R8Pt27eX7mZspMx77rln5qHFRs7DaxBAIATCT4FagfXq2N03ae7AUfE1Jyc5ybXWQnwF4nJTlGS70G3oySGgaggDBw4MRx99dBgxYkSYMWNGHJKptDhjci6RBW075ujRo8Mnn3yS2tmGgqz9Nhp0FNC0KXidccYZsW1reOmdd96J/z958uTwwgsv1L0uCzd2HeWf6x6gxg72x8Vxxx0XHnzwwbgn4acZUV6LQDYBwk82r67aO/mmZpOS612g/dLVG8KJJ54Ypk2b1vHJqPWume9nE7Db0HVXloay1FNTb9Nt7wo4mrM1adKkhtcB0vDZ1VdfHU937LHHhs8++6ziqS3oKDy98sor4d133011nTrYgQceGOf0TJkypRTa6wV29fZYD5cmPI8dOzZel00It+GpTz/9NGj17zw2WzrAJvXr85dfflny0Tm+//77cOihh8bTdcNcpDzKzTEQ6AUBwk8v1NKua9TcjCeeeCJs2LAhvPXWW/94ZEOlomiOjg1d6XO1Ryv0EAOXWkFA4XfJkiWp19zRIbSMgNb40eKDebYLDampZ+W0006Lx7X5OMk7z9IOv6pX0tqtteNqjwCp1TCSj0DJqwHZCtp2PbNmzYqHznIHYzL80POTV81wHATqCxB+6ht1bI/kQnKaLFn+fKpKF6a/NvXL1z46dvGcuKUCChQWdrIMD2lSrYaC7rnnntK6Slku1FbrTq7OnVxnSD0bzUyaVqDQnWK2zlAjQadSeYYMGRLn42TZrOcmeeeirZid13XpepLB7KeffqInNkslsS8CDQoQfhqEa9XLbN6Ewk6aOTuEnVbVRHcdV20huaJy1jdyhQr1TFx55ZVVC1YebHSOJ598Mmiis77Oes5agu2eUK91jXT3mYLZr7/+Gk466aS4wrUNl1moydpzk0cr0R8qtszAzJkzgyZQsyGAQGsFCD+t9a17dL3h2F/wCjz1toMPPjj+Er/kkksyda/XOy7f7y6BpUuXxseFrFq1Kg5l1QseGh7ScGj5LdyaR6KhLT0YVpuO8/bbb8f5NdZ7kaXnKIuSJjwPGzasFDAqLXKZ5XhF3ffhhx8OV111VSyeeoF0Bx53Vlav7Y0bNzZ1V5yCt+aAsfkWIPy0uf5tKEtBJ80kZRsGYBirzRXV5tMlJ69ronK9289tLoy1C93ZpB6NVm/Jx5DY3JZkr0m9icetvr5ePf4+++xTmvAt49mzZ4crrrgi17lY3WJjd9HZXLAVK1bEoK+ArraU1yNz8ihv8lmBWp9JPYfqMdRCnrYl23zy5yOP83OM1gkQflpnWzqyfsi1xP8XX3wRPvroo5pn1Jua5jzYm1qecwvaUFROkVIgawguDzvlE5TPPffc8Oqrr6Y8e+XdKgUb/d8xxxwT7wzMc1J0UxdawBcvXLgwXH755XGtoOSmN1/9PtAdYXYXXS8U3xZ5XLRoUbzDzYJDmnmLvVC+etdofxBo1XvV6fnnnx/GjRuX6eHB9c7B95sTIPw051fx1Vne2PTmoqBjgYc3mBZUSJccUr19Nm+n3nwuTUzWSsn66//SSy9NFTw0V0RDWj/++GNYt25d/AtVf00n/zLVcJeGxzQUpu9ry3J3UpdQFvIyFAw0J6vWY0aSC46WP3i2nSg2P0zBRu1Ji1paT07W1bYbuW7NQ9PvTt0hl3b7888/wy+//NLxVbSTK+SrPlu1EnpaF6/7EX5yqnmbu2PDWbUOa7efW+DJ6RI4TJcJZJ3PpV+C1uPHnI8uq8w2Xo6GhTQP6JFHHsl0VguxWsJAC1lqfqDeaJPDktUOaPO+1Ga1zpHan9Y8Ss41y2s4ypYIsFCuBTU17GdtvpuGTsuDnMKerlW9+LYlXSwUZqk4/dynme+Z5ZjsW1+A8FPfqOoe9pd8vdvQ99tvv6CVXM8555xwww03cCtrE+bd/tK0bULl4E69bq/Nzl6fgodCiVanVk9etWeCdfYqq59d7Vs9NNrs956XUG+BSCuca1V11Z0+9KiW8k1OrbrpoFvbRjdcF+EnQy1k+UveJirbmiUZTsOuPSSgNnHjjTeGtWvXxo9aW3I+Vyefet5DvFxqmYDdJKEeCfvYunVr25005DRq1Kg4AViPQNEjQ7ibL101JOtOvz+0BAVDz+ns8tyL8FNHUw1V3c9a76TWsvfM3cmzWXbvsbIuPGlDWQo7zOfq3nrt9StLLjqp3oaXXnop9rocf/zxqR62am++GurSvDC9bvz48bv1UnfTcFSv1xfX33kBwk+FOtDQhdbe0eda66swd6fzDbgdV2ALDKaZz0XvTjtqhHMggAACzQkQfnb5pQ08mruj8Wuek9Vcw+vmVyfX3KkXgNXjd/jhh4fTTz893HTTTfTudHPFcm0IIIDALgHX4WfevHnhvvvuC1999VW8BbLSpjc3DVnYBy2neALJsJN24cnk8gTFE6FECCCAQLEF3IUfDWNpDo/WRKm24JYNXWjNDS93JxS7me9euqxhxwKwBR4WnvTUWigrAggUUcBN+NEb3q233hrXz6i0EXiK2Lz/VybV/QMPPBBee+21OGldi7LV2+w2dO7WqyfF9xFAAIHeEyh8+FFPz4QJE4LugCjftMLtCSecEO66665w5pln9l7tccUVBTR0pVVyNVE5zUNBdRDW3KExIYAAAn4ECh1+FHz0TKLvvvtutxrVG52GtPTB1tsCyVvPLeykKRFhJ40S+yCAAALFFCh0+NF8neSKmurlmTt3LgtK9XBbttvOLeikeVCi5uzoLj0t+z9z5kzqv4frn0tHAAEE8hAobPhZunRpmDJlSjQaNGhQuP3228Ps2bPzMOMYbRJQsFF41dBVll4drb+k4GvPyWJxwTZVGKdBAAEEekSgsOFn6tSppYfFnXXWWTWflNwjdVX4y9Qq2mvWrIkPDVTYSdOrIxQbwrLAw91YhW8qFBABBBBoSqCw4efaa6+Nd/hou+aaa8L999/fFBQvzldAvTnq1Uk+5ybNGXRXnnp0FHQs7KR5HfsggAACCCBgAoUNP5MmTQovv/xyLOf8+fOZ3NzBNt9o0KFXp4OVxqkRQACBAgsUNvwcdNBBYfPmzbHqli1bxiTXNjRi9eKsX7++1JujYSv9X9pt6NChYfjw4WHGjBnhvPPOY4HJtHDshwACCCCQSaCw4WfIkCGlh5L29/dnQmHn2gIKNQo59igIG7rK4maTkhm+yqLGvggggAACeQgUNvyMHz8+rFq1Khp9/fXXPHCygdaiULN169ZSyFHYUejJGiYJOg3g8xIEEEAAgZYJFDb86LEES5YsiXAjRoyIk2u5C6hyO7JQY8NUWYer7KiajKzbyu2J9/Z1y1ovB0YAAQQQQKABgcKGn5UrV+72yAoNr8yZM8ft3B+thGx3VyVDTtrbyZNta+DAgUE9azJVwLGhK8JlAz+BvAQBBBBAoO0ChQ0/kkyu9WOyY8aMCY899lhhJ9PaCsh6gKc+FG7Us9PIZj05hJxG9HgNAggggEC3ChQ6/AhdT3GfNWtWnLuS3NRjof/XAnl6c++VzXpwFGqSHwo9+l4jm+bkWA+OPjNc1Ygir0EAAQQQ6BWBwocfVYRCwsUXXxxWr15dsV40XDN58uQ4N0ifO/WEd/XQ9PX1xRBjt4hbqEn+X6ONS0EvGW5U7l4Kfo2Wm9chgAACCCCQFHARfqzACxcujENeK1as+EdPUHmzUChQONDk3WohQWFCm90VValpWe+MfS8ZYvT12rVrw44dO3JrlSNHjoxlGzt2bAxyzMfJjZYDIYAAAggURMBV+EkGkMWLF8e5MPpcPiTW7XWr0GWBzD5bj063XzvXhwACCCCAQKcFXIafcnT13KhHaMGCBbEXZtOmTR2pF829UZhJ9jRZD5QuSL1QbAgggAACCCDQnADhp4qfPVXc5tyUP6ZBd1Lp6eM7d+4MFloqHarSkFkyxNBj01wD5tUIIIAAAghkFWhp+Fm0akPYsm171mtifwQQQAABBBBwLDB08IAw7d8jWibQsvCzfN3GcP2CNS27cA6MAAIIIIAAAsUV+M/0f4WJo4e1pICEn5awclAEEEAAAQQQaEagJ8OPCsywVzPVzmsRQAABBBDwKdCzw14+q4tSI4AAAggggEC3C7Rs2KvbC871IYAAAggggIBPAcKPz3qn1AgggAACCLgVIPy4rXoKjgACCCCAgE8Bwo/PeqfUCCCAAAIIuBUg/LitegqOAAIIIICATwHCj896p9QIIIAAAgi4FSD8uK16Co4AAggggIBPAcKPz3qn1AgggAACCLgVIPy4rXoKjgACCCCAgE8Bwo/PeqfUCCCAAAIIuBUg/LitegqOAAIIIICATwHCj896p9QIIIAAAgi4FSD8uK16Co4AAggggIBPAcKPz3qn1AgggAACCLgVIPy4rXoKjgACCCCAgE8Bwo/PeqfUCCCAAAIIuBUg/LitegqOAAIIIICATwHCj896p9QIIIAAAgi4FSD8uK16Co4AAggggIBPAcKPz3qn1AgggAACCLgVIPy4rXoKjgACCCCAgE8Bwo/PeqfUCCCAAAIIuBUg/LitegqOAAIIIICATwHCj896p9QIIIAAAgi4FSD8uK16Co4AAggggIBPAcKPz3qn1AgggAACCLgVIPy4rXoKjgACCCCAgE8Bwo/PeqfUCCCAAAIIuBUg/LitegqOAAIIIICATwHCj896p9QIIIAAAgi4FSD8uK16Co4AAggggIBPAcKPz3qn1AgggAACCLgVIPy4rXoKjgACCCCAgE8Bwo/PeqfUCCCAAAIIuBUg/LitegqOAAIIIICATwHCj896p9QIIIAAAgi4FSD8uK16Co4AAggggIBPAcKPz3qn1AgggAACCLgVIPy4rXoKjgACCCCAgE8Bwo/PeqfUCCCAAAIIuBUg/LitegqOAAIIIICATwHCj896p9QIIIAAAgi4FfgvQwrxxlWkR2oAAAAASUVORK5CYII=','/9j/4AAQSkZJRgABAQAAAQABAAD/2wCEAAMCAgMCAgMDAwMEAwMEBQgFBQQEBQoHBwYIDAoMDAsKCwsNDhIQDQ4RDgsLEBYQERMUFRUVDA8XGBYUGBIUFRQBAwQEBQQFCQUFCRQNCw0UFBQUFBQUFBQUFBQUFBQUFBQUFBQUFBQUFBQUFBQUFBQUFBQUFBQUFBQUFBQUFBQUFP/AABEIAV4BLAMBEQACEQEDEQH/xAGiAAABBQEBAQEBAQAAAAAAAAAAAQIDBAUGBwgJCgsQAAIBAwMCBAMFBQQEAAABfQECAwAEEQUSITFBBhNRYQcicRQygZGhCCNCscEVUtHwJDNicoIJChYXGBkaJSYnKCkqNDU2Nzg5OkNERUZHSElKU1RVVldYWVpjZGVmZ2hpanN0dXZ3eHl6g4SFhoeIiYqSk5SVlpeYmZqio6Slpqeoqaqys7S1tre4ubrCw8TFxsfIycrS09TV1tfY2drh4uPk5ebn6Onq8fLz9PX29/j5+gEAAwEBAQEBAQEBAQAAAAAAAAECAwQFBgcICQoLEQACAQIEBAMEBwUEBAABAncAAQIDEQQFITEGEkFRB2FxEyIygQgUQpGhscEJIzNS8BVictEKFiQ04SXxFxgZGiYnKCkqNTY3ODk6Q0RFRkdISUpTVFVWV1hZWmNkZWZnaGlqc3R1dnd4eXqCg4SFhoeIiYqSk5SVlpeYmZqio6Slpqeoqaqys7S1tre4ubrCw8TFxsfIycrS09TV1tfY2dri4+Tl5ufo6ery8/T19vf4+fr/2gAMAwEAAhEDEQA/APDWLA9aDHYcm4AZNTZmqdz1/wDZvmI1XxBAdqjakqsByfUH8qtuKiaQkmfSFm/yj1pGjSN+yc4HJ6d6t7DLwJI6dakq6HNgDr7Cjcm41ePepYNXJVPAzxTIWmg9cgjB5zQXbU6C1bKVLaRt0LKsMdKz5r7Gii9yaNhjJ4rNNpmTF3jjFaX1HbuQ3mpQ2UReZgox0J601roDXU8l8e/G/TvD7MpvI4gOOGGMUKMr67Ee0jHVnyD8ZP2r/tRu4NIc3zqCDJG+VBzg89K6owjy6GFSspfAz551T4jahrDLLfTu5JJaNsYH0NQ5R2M/fau2cRcas/lzqsgHmOWJHJxnOM5zRKbtZGdvMy7i8MvJJ9/eskrbmq7srNKSK1cm1ZiIjLzzUjsL54HfFAnEPOB5zTGxRKDSENM2eKnUd7CCXa1OxNyyZ3YdanrYaNa3uStuoz2q9DJ3ciP7T5RyDzWLpKR0Rk4lvTtZaG+hdjlUyferu4KxWt7nQ3HjmVwFRdqj3zWavvYqc037rNfRvEMl1d26qxG5hn6VSkr2KindXPTNOkBVfmFKSizsjC6Ok09+uGzmko32E4KLua0E4UctXQrWOhSVrWNC3csQQO1YySMnKNz5r/bT5Hg0nr/pn/tCrWiObE7R/rsejtW7jc81ocO3NZWdy4nqn7OkwTxXq8LHBkt1P6nj+tOd1E2S5j6YspA22pi2kW00b2nk5HORTBLQ0lBwfUdqpNFx03HMcUMdk9RR7dKRLVyXHFIyskxeM9afQ1ibNk5EY9PWs3qaotB+faoNt0S78A56CpW5m4tGFrvjKx0KImSVS4H3c1M48xUmlG7Pk34zftRx2F9PZW0wadpGVUDY7nFdVOF90ec6jex8b+NPipf+L9UlkubrfDk4jPAP611SVOC0OaV5OzODvNYlup5SPkj3ZUYxXM2VGPKrXKUtwzglmqeZM1UepSkk9OlAn5Fd5Me9FwSaIjKTVXE7jS+frUlXY3r1NF7DGlscUE3AOe1MdwDEUFWJFbpQS0WI2yKCWTCcgdf1oEiMz7z1pmmrJoJSrZzSKWpoW/718ngVjKoouwKF2bujEwzKysRtrRq6HN20PRND1ORUGSRgZqXCyujWF7aHUWOtvt4PXtipWm50xi5LU6bTr9pQMk8+9YTm+ayKppp2OgtrjjDHiuiEk92XGKUj50/bPbKeDecn/Tf/AGhWhz4roj0YPkVr7VNWOCzYBwGBrmknfQ0ij0b9n66J+I9xDnHm2RI/A/8A66iU29EdkVZXZ9SWDb0U963sZtpHQ2BwygnincXQ1FOCcUBa61HFjjIHNMm1loPiIweufSkNJ9SQH170CdhCw6U0VFNmpYufIXBzXPO50WstSaWcQguzhVHOcUl5kqaXQ4Xxr8TbXRLSYiYJgHDHIJx6DrVxV9SKk0tbnxr8Xf2k2munSyJlIcAnI6f5NbpJ6HE67S2PknxT4t1PWNXupp7gqXkLlVwR7VUm7cpKduhz8crYwDx7VjawnqPz71QJDJJAFxTZVr6FSSTsKmyEtCEsDQa6NaDCcUGIzdzTKsOY0txDDzzQSAJpjSHCkzRMXdjrRuO7F8zNMT2AOaDO1hVb8aQE8cgCiqtcNi7b3hj6VDijRTtsaNjq0kMw4yO9J3S0E5pvVHT2uvSYUgnHfHemnpqU5O/unVaFr6bRG/3t3BJ5NTZs6VUaVj0HRL9ZNvIIIrPkbNIyS1Z0KXyAKoOSR0zU+zbN1UX2TwL9r+XzYvB5/wCvz/2hVUla5zYm+jZ6SZQq0K1yIx0ITPuPXis6j59jVQO8+BM4g+KlmWJBe2kQH6j/AOtShemiHCWx9c2AwoB5A/Wt4O+pl1N3TmO9eeorYq5tRkjOeKBNJi53Higbdh24rnofxpk3AMTxmpZStcRzyM00yr21NKymAgDHpisZDcjifHvjq30WOXzJMMoIWNe5xTUU90TLuj4m+MnxLudUup0ecxZ3ZAP3QfbpWtuxz30tc+XtX1w3UzrEX8sNne+CSe5qHfoY+zvuYbHczMTkk5JqkVYVBzRYLpDZXwMCgPQrySfKaYysWzQJDCe9AxN2aCtBtAJoKAuFAtxwGRTKFFTYloTBPeixSG5xTJbF3UrEigYFMSQ7cRSsUyWGT1p2uCsaVtIKdiWzY065Vjtz0qJaLUqNmdDaSI3Q8jpRGelkbWsdTpOtSx7RnOO4PNTzO9jS+mp2ejX7XADEcjvQ1y6msLPoeSftXzGaDwlnt9r/APaNKDvczxFtLHo25nIz3rjg7PUq6WhMkXY1tbUE3HY7H4SXP2L4naKwKjzd0bbhzj2rRSS2LjJ3PsSycnPPRsVsttAlG71N7T/vL2xQtDm2ZsK+AQOcVWhro9WO34NIztfYXO4cYxSBaMbtx9PamaXGO4U89KSJbKWq+KItF02aQ4LgHaD0z71nNMfu9T41+J/xSuLvVrydZFeRWwrKMAcduetXFWWhg3bQ+XPHHiSWTdHHNuaSU7i33vX8qLGadtjhml3DntTSsPcZuNDSZNg8wihKxWhG7Uw0K7tmgRGTQAnegv0GkUEO4oUn6UCSHCI9KVxrUmjtS3QH8ql7GkYuRYXTWbnaalS0NPZPsO/sx27UnUS3LVFsa2lyA9KFUvqjN0mnZkTaeUGSKOdvQTpJERt9prW5CiIYSBmhO5LXYjIzmmVYVQR70kybJFhJGUDFMGi7BcmL8aTV0RoaltqEgxzxWfIirtLQ6XSNQIyG5zzXQ1BRujWGu51ukatIkiEcisb3LjJp2OC/aUuzdw+GGIxj7Tj/AMhUoxUW7BVd7Hrka9M1m0jqdO2pZQZqTKTN/wABSi38e6BLzkT7cdOtWtFoUlFo+zLSTYxAH596qnJtahboze06T5lOa2tdGbibCH1qErEaoXPPXNUMerYGe1TqO1xVfNUBQ1KYxxEqcYGSaTB6as8J+NXj0aXolwkUuZSMn27Y/r+NJ3Cc4paHxX498Qm2Wfy3KsX6j+I/54qkzikpb3PJLq6kupmkkcuxPU027jSK5brSLWgwS5NAgY5oERl8e9AER5OaCkxpoBihSe1AIesJ70r32HqWLezaTopx644rKc1Hdmqpya2Nux8MXV0FIjwD/EK53XXc2hQu7M6/QPh+6vvKmRmIHPTHfisvrDsejToOF0lc6b/hAFg3YtwvfjtXL7ezIcJ81milc+D1jPMefwxzU+153ozVxdrIzb7w4uRhccc1s5SgtyZUE+9zDu/DxXoNw9q2jUTXU51Qv8TMC70p43YdOa6FNWuzJ4eUXpsVWsjirjOPQTo8urK01qF69TWykmccotMgEOKdhCkbTigQ9WKn2qb2EW7e4IxT3Fexv6bKHCgNzUuSvYuN+h3ug2+RGT0NVayOvkVjjf2l7ZbeDwttzyLnr/2yoStuZVo8qR6+FHHNc8btnUryWoC6jTOTV8plKm9y1od6YfFGiTKQqx3kbFv+BAY/PFCQle+h9t2Molk3A8HkD2rS1th6rc6LT+CD05FVczUtbm4v86i4pO4454FX0ITDO09OKWrK5rqwA5B/lRcSOY8b6uNJ0mWQ9QOOOtDXMTKTvofFXxO8UNrFzcxFi6KWBO4jOf8AJFDRlvuj5w8cXZuLqKIn5UJb60rO5L7WOTZ8VYyJ34xQDZEGxQO1xynuO1A2rCEZ+tAhywlqm40iWO1PJxmpckWolmPT3dvu8/SsJVUjojSk1sbek+Gjd4Zkbbn7x6Vi66Wx0RoW+I7jRfB3mRoohJHsMcVx1Krtqd8KcWvdPSNB+Hmx4PkwWPIHbiuGU2/hOinQUndnd2HgRort9yBkAG3jr+FEZu1mdCTgzVvvCUZgyse0jGQay20udCinujkdW8OrGSu3kdquEuV6A6UW9jktR0HDnbgj6V3KV9JGUqbTsjDvdEAxxWkWlsZOglqznL3QgzN8vPuKbu9Hsczi72sYF9pG3d8uPStKc1HRHJUg5qxzV7bYJGORXYlrozzpQkjPkiKda6FfqY2IZFBFPqZSEHzcYoaJRJH8oFShl2zujDMrZOB+VNpMcZcr1PSfCmsn9y23fGGwT3BrNya0SOuM7O+5gftPTJPbeFWRgw/0rp/2xqoNu9xV5KSVjstS8SrCGAfaB3HWpdo7CvLoY+jeKF1DWfs2GGUZwzZ5xj/GoTbVxRc3uzttNnaPUtMkOSi3cRYAZ43f44oi7mi0PujSSVCgnjAx9MCtk7jk7q50unvmQA9Kqxna2xvJ2x0p6CsPz3oDoLu+U/ypWM7ajO+c1LRb0PGv2gNcksYILdG2Flzz0PXHH4VUfMi+lkfHPiJ2xIGIHJyRTeplZ9Tw/wATzebqEjZ5AxipTTL0aMFjTIIGbrQSwBplxJEGe1A2WYoN7cCspzURxi5OyRpQacXXGK5J4hR2OtYeXU17TSVOAU6e1cjrylsmdtOhFas6Gw0Etg7OvqKiU2jsmrq0Ud14b8IyXRRVhOBjBArkc2VGhzK1z1XRPBCIY18rkcEgVbScdzdQ5NEevaX4LRVt3A4Hp3471mvd3QczWxry6EsC7sD8qcrLVGybmYl9YjaVYZB9qwmvtHRqlocbrunKuTjB96h3tzIFzM4rU9Nyc459q05nJbmvKmvM5690oHPHX2pxquLsRGDejOcvbHa7KVNehGakjjqRabMW/wBMXbkJnNEYchxzWmhxWs6UULOELDOMjtWsJSUtzlaRzl7alBjHNd6l1ucVSDk/dRmyQMvUGuhPQ53TaV2iIgD609zBjlGaLEjhlTzTEdv8MdVhluZNNueGBLoT3FTJdWOnUUXaRkftDW5tv7ATGF/0jA/791MGnsbVLaNEFzqctw3zEj2FZxRptuaPg1nbxLA2zcnlsGb0z0/lSbUdEjReh6fuMVtv5yrKeOuciiFupnfU+69DuBLb2sgGBJCjYI9VFaq250fFE6qwI3LVXTMdVudAjZA55otbcT8xwP507onUCfSi9hyQh4FZy1IPmz9oy8z4hZMl2jhTgnjnP+H6U1puZ9T5h8SS8vngHgiruKenU8O8Quj6pcbAAucYFFkjNRt1MiTpTGyButAIWOMyHAGaTKWhowWjnAC1m6iW5oqcnqa+n2RDD5e9cVafNsd+Hp21OksdNygP64rzp1Fskd8nfRmtaaY24YXP0ojUa3CMeY7Xw74XluZQ0iHZgDg4rGdRHbGPY9n8K+FSdn7vr0B7CpfLa5Ti09Gel6LoyQynKnA9a5XUa6mnMrana6eg2Bf5Vum56nM09x99AioR1z+lVUTUdDand7HManAu3d39hXG5u1mdyd0cjq9kZ84XI701JyVkaxTkrHJ3+ltn7vXofSk5ezWo1FowLzS3DMNuMdjWkJxexDlY5/UdG3nOPyraLV9Gc0lzvVmJeaTxt211uaa1Zg6UU9zl9T0Vg78ZzVrXW9jhnRaZyeq6K4VmCfL7VqpvZmUdNDlrqzZSwZTXbBtHDUdnYybiHy29q61qtDkkk9iHJFUjDYVXBOKYrli2aS0ukuIG2zJ0INK99DN6O4z4q+J/+Ej0nw6sp/0q289ZB358vH8jWcY8smbufMkuxofZ2J5BFZcyR1uSZs+F1aHXrPBwpyDWblZ7lubWh6jIA1nKSSoxnI6g0Qlqc+qZ9s+DrgXWg6Y7HLG2jOfUYFa0+rN5qSWp2dk/zqe3vWiaM/I6KFgUB9atO+hg272Hnjn0p2SLV2hT2rPXqK7I7h8KBnGanRdClfc+XP2g5TL4smccqI1QEjB6nNWmnqwbcj5z8SjAkyMnGRn1o1OdrlPDdah8nUJl681cTIzJR6VV7F7ort196GM1dKsy6hxyTXLOokdVKPM0dJYaeD1615dWomz0HScVdmzbaVtIxxWd1PRMuOmxs2Nk0QCdR2pKHs3eTN4xbep0+h6Wbq9jTacdSfTisak4yZv7JrY9f8LaGEVMp9B1rnu09jthbser6FYC2jTPWobuKV3qzdtodkh56+1ZqNzNNPRmzaN5WD96uhRsjSUboW7k3gYz6VSa6jpxsrmHfQ+ZwB+A5rGfL1OqCT3Me8tQCxIyazg9bLY3jZOyMS8sEcZApSi73NFJR0MO90tSeRu96Oa2wOKtdHN39gIwQR3raN+phZrVmDe2QDZx1rWLi3qZNK5z2pWAGSQPrW6kou9zGdK6uctq1gSrgD5T6VspqR506bvocLq2l7Gc46c4ranKXMl0PO5Lt8xytzCNxBFelGTWhyTpqOpmyx7D7V0I4pLUrk7XxQS9C1bt84pWHozC8bbdtkRwxMmRj/dpLdhZLY9N+xrJGOMHHQVw80ZbnVbl2HaOiw6tbFgBhj1+lNuEFcL3Z6isXmWko/2SBWNKeuho466H138NrgT+D9EcHJNsgJ9e1dalfoDm5OzPQ7Jv3g9c1fK9yGup0tuAYxzWnNYlaaokJABobuXe6Acj3qG2iCG5OYuDjmm20h3Pln4/ZXxg/P34FbGPdh/jSb5kZOVj588S/NHKe4HFNTXUjW54h4jwNVlwee9VFp7Ge71MiT5hjvWg9OhXVCzAD1qW0tykr6HZaFZbYowRkkV4uIcr3iezTpOC1OptrMAjI59K45Sk1qadTcsrDcMkfSlGdnqdNOmnqzXstP6d2NXUnBK7OyMY7I9F8LeHPICu6jLHPA9q4ObmldbGyetj03RrDy3UgYAFZVbt2NYpneaeqmBMYBx171DjGK0HUuTJKUnx0GatRja7MJQja7NeEjZx0rbla6ibVtBlxL8tKUZR2KgUpGCqTxxS5L6s6FbdmTdzICSCMGlZroNysYOoX0UAYlhkVSVkSqiWrMC61mBFOWB7YzzT5b6pBOtG2hzeqarHIHAAHpzmt0vdu0Q6iOduNQDHBqVGJEpJdShdSKUycYNbezsi1PmRh30KyhgKdPmTMXZHHa5Y43gjqDwK7oxfc8uvBwfMtjgNUs9kjsOg6fSumNoq7MHNVFYxpItwOa64STR5taFmUJF5rUxtoPtjtcZpMxejMjx0yslgR1/eZ/8AHaiK1Y1qez2VmXRhWU4KT0OhtSRSW1UX8QIO5ZQfTnNZKnfQaXLselRxs9u+MByD93nH0rKMeR3Zb13Pqb4VXPneCdFYDB8jnPfmuvnU1oGyPSrE7WTpVRYlPQ6W1fcuOtVZtlXVtCdjg/41TshXEVvwp6A9SO7A8k4OD1qb9ybtbHy5+0TLs8UwHgObQA+/zNx+oqk76Ge+586+JZCUcA7eDzUqC6Eyairnh2qSGXULmQ55bgHtRFWRipc2pQY/nWhViWxtDPdRgZAByT/Sueq7LU3pQ5pHoul2YRUKjgdK8WbTep6uqOjsLMyycKeKJNcuh0Q1Wh1lnpu2NTtwa893ctGehTXOrM3tB0jz7tWI+QGnOVkaeytsejaTbrEgBXGMVzU23IqKvodTaXEaLjOaUqc9zW9tEdDpt8FjGCOnFHI3uA+4vVVslua3StoaJcyJItcwuCwOKu7MmlEhufESBSXdVCjOenFA/axic9qXjm1tY5MyHOOAehqo3vocs65wms/FG3g3/PxnoD/n1rd05tJxOOVe+5x2rfE1pt6+aQPSto0Fb3jCWL5XZHM3PjtnPDkj65zWsadtLi+s21G23i4XL7SzDPqOKJ0kxRxKkzbhvEnUENzXJKElsdvOhZzuXjrWsZaWsWpMyLqRlPHWtFJPcqV7mFqvzI2atWOWtbqcbqdqH3dq0iuxywpxeqOXvLcRk4GBXbT13MasVZ3Mx1ycY/GurY89oiddjcUEM57xa+4WnOcb/wD2WgztY+hdPg3TFcE8gce5rKWgnPlKmtWf2HxJPERjypVGPwFZKF17zNISUju7B1WEY9OKycVy6s6dj6P+Ct19o8EacB0jymPXmtKSVrIibUtj1aykyyj0rTlaYK3U6HTj+6A7dKu19RsvbfWhpLclsaCApyOc0RZaXUiuZdiE1MtxNHyr8ccX/iJ5QigIgw3pz/8AWpKXJuzLV6HgHiiDMUydMggN7+tXHuZTjdaM8Y1q22XcmOT3oVk7IlRstTHZOelaFpG74csmlfeBkZrzcRJ2909Chors9G020wiAgcD0rz2pNczO2nFSep2WiaYANzCuOXM9Gd8afLsje8pUXgYNYKDT0R0KTSsbeg3KWykcbj3zWrimrML2N5NVAwN2D7Gj2ahqmNNRd0alrqybMEjNRK+5q5vqalvrBVABx9DWd4tWLTUthLvWiy4zz9acFFbspRtuZ0viDyY2Yyfka0kr9RNqCuzi/FHxE+yDbG/zdua66cVJW6nlVKrk7xeh494h+Jd1dXU0asGP95eld1ONjjqT0OYuPEtzckM+M+9XNNPU891W9CA6hcXbfeJzjGM1cZOWgovyNOx06b7zA8+5pODLinfY6Cy0mYc449xWfOlozeFFzZrQiS1A65FL3ZaHcopaF9NS3DDcGsZwfQTckx0gEvIOTWSgup1Iy72z8xGyOcVokoClHn0RyWoWLhiMZIraEmjla9m7M53UbEsGbB9xWqk7nPJqZgTw7W4FdkZX2OCaSbKU4w1dGpzM5nxX1tf+Bf0pkH0tYbYZZGOM5BH4Gsp9jKptoYXi2/WbXrq9U5B2ydMduax9inqtzSCstUdlpp32sfP3kBz9RXMrp2Z3RZ9F/Au4Enge3dPuLO6j2wTXVGEejNJcz6HsNg/T1I5xVuZk0dHYPsTBrRO4rovIxpOXRCbTEJ+fOKStYV7Fe/OLZ+MEDNNJdRbnzj8TtJ866nlbLjGcHn1qbX0QnpuzwjxFpe+NmwCh46Vb1ViLczPHfFmniCYlVG3PpyKhaLVhKy0OMnXaT3rS+hFjvvCmnAWMTFFGec45rxJtqd9bHpxk2kkdrpsaBwCAAKU4u2h1RkdDFqsNrHgcmovyrVGvtraFCfxMCx+cD8aqK5kR9Yux0PiQH7sv5GrdNWKWIT0uW18StjiUn8a5pU+V3F7Vt6M0rDxFI7ACRs/Ws2uXodUari9zrdN1SR4Qxck1jNc2p2c3US/1Nip+Y1UYIuT0umcnqmsyOrqkhH411qn3POq1HJHCa9M0xyzszdMk130opatHBUu1ucjLpoLkhcZ64qKkuV3Rgo9ya20lZHGVo51PRj5Is7Tw74QF8ylk2orDOBya46iUdkddOjbU7228I21qigRqx9AvSuZVne1z0Y0Va9yaTRkjBwijv0FNtydzSMVFmDqNoELcDB7CtYfETKC3uYrRkHNdtzHkuy1anJ5Nc0mwULFzyFdemc1nGb2Z0QRhaxpwyWVa2jJbGdak5K5yGo2oG4EfhRNyWyPM5Vexzt9aLn7oxXZRnpqYVKcnokc5dIYywNehF3RwyXK7HK+K+tr/AMC/pVmMlY+gxd7Ec5wQCay0ZElfY5vV7oTRSEHcSuKUnyo66a59Dv8ARpzNZ25z1jX+Vcii5O50cnLoz6H/AGfXK+Dp4nzlLpivoR0FaxfLPUqTZ7Vp7hmUZq5K+qM5M6a0YlcChO25zs0IjnAOcfyrWNmGg5h/CT1HWm12EyKdd8ZUjgilawJHi/xR04IGhQbSUycfU9vzpJtCkr7HhXi+yW3tFBG0MMge9U9GTJ2PDvFNqrSOc8KTWiipvUlM84lhW4vlhDBVdsZ9KwqXStEIq+56lYILW0QPxtAH49682z6ndB2RE2thHYKw4PY9Kav2NFUfQzb/AMSSB9q5Pv2pulzoxlKV7syH1m4kY5OBThR5N2Za3uOTU5wR87AZ7U5xb2H5mxaau7OCWI571nyO3vG0XbU6fRbxjcI5PIrJxi0d8D0PSLz92F7Vwyi+h6EXdFy7y0bVcJW0Nl8NjlL2A7mwOT6V0Ra6s89q2ljn9Rsyeo69a6oVLoz5LPUyJbfy6Ja7oHBblrSIFe4GRwTXLO8XdFQhFs9T8LrEiFjwMdqhwc+p2NJRNK/1OOH5QQOOa5pUbO5tS5WtWc9d+KY42K7h7VfK+gnKCdjKu9ciuAeOT71cU09BOUF1MuS6TOc11JCjKC6j7a5Xf1qZrTQaScrpmzaOsqjmuRo0joyS608TJj1qYtqRu4cyOL1zTNkrCvQjJNHk1qXJK6OVvbTKnI/Gp5mnsczucfq1oyMzf0r0aNTozzKtKV3JHE+K+tr/AMD/AKV2HIz15tXOGGAciuP4XdM2sZM86lSXYKoHrWblOXQ0j7ux6h4XAm0+0Eand5YO307VpT5n0Lcm9WfQnwH3Lpt+m1kAnHB78ZzRy3eo5SS6nuelqCyHvWq2sZ3OnsOR71Vl1C6tqX1yp9KVrbEPyHHGetNSYIY7bkPpVNjaOA8a6ct5OzsowiYJPpyal7aEpnzP8SJ0e+kRGBCdAD0pRXcjrqeA+NGZY5wpwW71o12JvZ2SPPNHTzdWtIzklnxxWNSXJqOMWzv/ABPqgtV8qPaXZuAKwp8stWb6rYyLSGWcjHGev1rOUlHU2jFsvJ4elumy2cDstZuu+g3Tk2XY/Ce0Aspz6mk5trRnQqNkrkx8MR45JH0rCLlfVmv1dblWbQWtzvRmwPXmt3NpGTgtrGvorkSqDwfSudSTN4NrY9I0JC+AOc9KiU4pnfFp6M6OXT5Nh+XoO9czldnRZW0ZlXGlHJO2tHJLQzVNvcwNXshEOBVwnyshx5Hqjj9Sj8vNdznzROapsVbS9W1kG4496xXvOzRlCVjXtPHa6cWHmtz2A4qoxtLQJVlfUhv/AB7HcKWM4Ue5q5U+bUh4lN2iY58SLLhmOFboT3q1ZKyRN3IT+3I2YYkBPoDWUnbVozaqM0La/EwGKlPm1N4pmhZxyStnBweh9al1YxdjvjodTo2nTM4G09euK461RXVjoinex1aaOzIBtyawlUa2Ou7RzvibQW8l3C4at6UpbnJWhrc841K0O8rjGK9COu54tZ8rOQ120+91wBWq0aszNJyg2eX+MF2PbD/f/pXowd0eTNWZ7BoXgDxF4mYC209okbgSyKen0rGnTvozonOlHqenaX+zgthpcd9rMiykHBUA4B7ev6V6aw/Kro4J110PSNC8K2GnabFFDEqqufurj/PGKytZ2sNVnuej/DVVgj1GJQAA6nao9q46kXfQ1jKUtz0/S+gxQo2Wp1KzR02n46/youZO5obhnjk1a13KS0FyT2+lDVthg3zLg4zUO6EcJ8QZhBazNz/qieO57Ck5NBsfJfiYy3k088mcynIB7CtEla5L12R5H4r01miuG5JCnH1qkc7d2eYaS72usWzkBnjbJHTmsq12tDWCv1OrSKXV70yFDjPU9K5IwklqUtzs9C8OgyKGTjA6+tZT5Vud8Yvdnb2WhwhAAPnNcNR6ncnG2iJLzw8I4GlxwPSrWq3NXFyV0cveSx2/XAPpWyRk7rRsyb2+RoyMgCtVHqS1pcq6ZKJLpQvJJrim0tiIyd9D2DwVbiVkU88VyTZ6FOLluekNopEQJUNkZ4OaylJx2O2nCKMi/wBKAhYovI9KhXvds63S6nD+ILFlC4Gea6ITXNocsoOascFrFo24qF4zXXGpY5JwS0ZjppTTMSwPpXRGalo9DiqU39k5/ULALOQc4B6Hiqho3a5xtO2pQudKSdsgYyMVum7anOotPQ3ZNGiNjGFchgo6mohaMrnVTTirkFv4ZmnmUg5z7dqyrtv4Tpi5TdkjrtG8JyYGfmOO9ZX5InXCm+p3mh+F9jqRGegFcUpczu9DsVJXuju9L0I24BEY+oFcVST5vI3jGXY1zprAHjb+FKc7qyQmmYmt6WskLqT1rejKcR8rkrM8a8S6b9mupF465r2IS03PGxEI9ThdZjxux3zWvK1qee29onkPj6Py57XHT5//AGWvQoO8Tzaqaep+s2g/C2y05AQqQt6qOf5179Oglo9z5edaVR3bsL8UfD1jZfD3UH2MwgCuMHBJ3cfqa1cbGcZzuePWR/0NcHI4rz6los9eDl1Ou+HTZvtSG05CKSfauSpY9KFmemaS/wB3PFYa21OhW2Oo0/I4pKKeoSSNE8jOaduXUSGH5vaq5ihxJIBpN3M3ozlvFektqNtP2+QkflSla2om29D5V8WWSwzyIFCeWSuOuOelJfDoF+iPLvElmrBx90HIyKUXZkezvqzxMWrf8JJ5QBOZvL4olJtGcXY9a0XREttqHB/DFF7o3t1Omg225Ax0rzaiVzvpSbRO/iKK0OSQCPesXBs39otmjP1b4hxxWjqfm7da3jTcVexXtnBaM4fUtWN9F5i5VTyKb95mHtuZ6mUkwdhznNVK6VgdRrQ6TwpZtc36jYT33VzOCkjWnq9D3jwToxE6EcA4BwK8iU7S5T26Ubrc9fmsALWM7fmUAdMZ96wqTS0Wp3U0Yt7o/mbiOB34rNa7s7eVPd2OP1zw6rjj65xXTDfQ5p0ktYs4y/8ADPLFlyPpW8W7nG6Ke5hS6GsTkZx+FdcallsZ/V13M288KpduW3Yz7VpGs0zkqYRGVL4CcNuSQ4z/AHcgflVzr+RksNoTReFrpSEdAO31rL2suxcaaitTf0XwldyzqiwgjPzEdR+FHtopanTS5I7npPh/4eTExmQ7Mc8qfm9a5KtRy1R0KKep29h4LW1Qbjn04rhlJ9WdFONzXXTY4NoAAI9qUXzbFty5Snf2qISQc960UGQmnucvqwyMZ4NbxG5cp5J44tAJs7SDxzXdRlZ6nk4mKZ5prEG5GOM4711zqa6Hj7M8a+JUfly2P/bT/wBlr0aCtG5xYl3aP15h8Rj2NfVqTT1R8Ty+ZhfE7xY8Pw81uQKjmOLfh1B6e3eoqVLK70HBWlex87eF/G6Tadsmh2EDhiRhv8/0rwpVVUZ9LCHNG56L8KNcgvddvogrKzwZyTxkHiuKrX15WjshGy0PXtNw3ArWNrXEl7x0+nvkVMlzbGr12L/UeprSCshJPqOyB3q7DTBRnp2qJWIkV7xA0b5UHIwB2qHqS9UfKXxA09o9Xv8AAARrhyv07VUlzrQyTfU8q1/T2aNsjn0qOVtBqjyv/hHzZeM7CZFAiknBZex47f59a5p3vawLR6Hoc8f2e9faAArEDAxSjL3bG2rRV1HUQroik7iOwpQhzPUqnN9DB12SWKDf8w3d8cU5rl0SLbdzi5pWlkLt8x96KdnuQ5u9jV8OzpfxzW0gZWT5ge2K09oo6WN/Zac1y+mgILgOgye1Y1NTohBW2O48GaMft6uRjAAFebUmo3Vj0sPSZ9G+A9Iw0WUyDwSRXkTsmeyo8qPQ5rPIHGPqKx5UyotGbc2B2nAP1oSvob82upzOsWJGcDGOlbQ91nRzJ6GE+lrMMEZzWtV21MqkLaozLzwf9oOUAX9aUKt9zBxsrmc3gmVWBK/Ln0rf2utoo5JXk7F+18GPIdgQ5PtwKTk5Mh03sdNpfw4jkOXToPfFZznpZmkaclodjpPga2so+I03kDkjPNcjXOXGFtbG2LG3tT8uMjrgd63hGMVZmyi9zPupEDnHSlDl6nVBaamNd3SgnBqYJthZNGRfXIycHqOtdadlqYSXQ5nVpPl4IwOKaaZk7t2POvF486EHqRXVCn9pnNWpprU8x1GPKsBzzXY6blFWPCqKN9Dxr4tQGGXTSereb/7JXqUE4xszzcTtH5n6FWnxBhJZRMpfaSFzz+Vez7Zr3mfNewT0Q3XPFUGt+F9ZtFYPI9ufu88gZxWFSaqbmqo8r1R4T4YXZaKAMcV5fLyvQ9WCsj1b4PTGHxXLGDxJDnnsamcXe6OlJJHvmmMRjHNXTb2kQ0dRppwQD+VaO3QvRI1Aa0WhStYTHFTza2IY5R6nim7iIp2Dj07VCdnYLNHiHxb8PrpVol6ikpJPtbj15ofNbRGDTvueI+I7EZJOQCOBWUKre4m7Hnx05X8SacpjEmbgAZH1P9Kmdp9QpzTZva1pxSdmGDnnKnIP41ytLozqucc1tLNfu20lQSBXXBKKuVGyLWpw/aLMw+q4/SuWo27s0jBvVHHHw8y43Dd61hByNPZJatGjp2ni2yQoXPB461d31NOS60Og0m2NzLhF4HGcVE3aJ006cken+B/D4SQO/JxgnmvGlVk3ZM9akna1j3zwjYiCFUHXvxXMou+x1tWR1VwixIM9frRbUVP3nZGNdXkag+lEYXeh1OmlucrrF6rkYA71s6ZtFRRgHUIllwTjHXNQ5LYJvQ3NNmhlCEkYNZ6T0OJ3vc0zaxMegI7Y5qnBR2NLX2JLZEjbIGMcUorllcwldSNu3vokjXp0GQPWtJxb1NlRctUWDqSlchsVhfXUuMHF6lC71D5SQ2M9TXRFRe52JK17GFdX7FTz+dJJN2ZKs9zFurnkkkZ9a6FCK2J2Me7vNmQRmlPszKbe6MK8n35yRVRVkY6y1OW1pFmjcYyMcV2QcWrNnJV1Tuea6hb+W7cfxHArvgna6PCmrNs8d+NsYQ6P6nzs/wDkOu2jLmuebitov1/Q+mklyQcHI7mlKtbQ81PUlkldIpCrFdykEA9RihPm3K5b7mVoy+TvQD5R0q1d7G8Ipnf/AA0lKeL4MMV3xsu4fhWEtNTo5Lo+idKbAUegroi00K/LodRp78rRtoS3qaueBVbFKSQ5SCeanXoS3cU+n6VpfQpaDW6nApepSs1dnF/FHSxq3htbccOZlI4z9f0qL2Rzv4rnhnjDw0I7Wz2L824o+F68cVKlpYbs9zz+20LZ4o03evzLNjgc9DXIpylpsZwUbnTeMPDey/lGw5AC7voOn4Vk3yo6acObqefNofkXDHbySc5rGVWT6HbTo3epWvNKJkPyFfqKy55ncqfLsZs2kMQ21Oaaq21ZtGHMS6b4OuL+ZCxIUn7oFYyxaTtY3p0G3qd1pvhKLTIY0PDN2x/ntXBOvzvyOxxUTu9Ato7RYx09Se9XHl5bpGlNWO+0nXIrJMlwB9KIx7o6Wk1sWtU8VQzQArKjADnaauUHa6RhH3XocpqHipApAbA965rez1N1Ua3MKXXUucnePzroi7q6Ro3fQ5vU7/bKZFk/Kh04vVkNOKK1t4umtpPVPY1mktonJKTeh0On+PiZMeZw3GCc8025x3Ki7G7b+KGlBOVAHX6UKTmaqUftFqLXHPIPHX2rN03J6s1UlsjVg1YOAQwFZ8vIVdvoLPfeYMdaq8e5pHzMi6vCCSKIJp7lOS2Mm9vCqH1NdTu9iJTSXumFcXxkJyc49aUoJbHPzp7mdNP2zTSMKk9fdMu8+YMfStFuZPVXZwOvw7bjd78iu+nqeXWgpO54r8deBonH/Pfn/v3Xp0FZv5HiYxWUV6/ofR4O0DpVtJnkpO4s8oEDeuKzldbHRqzL0mUySuOMj0rNqRaTWx3ngGby/FlkOAGyMnsaJO3U602o6I+itKkwi87uxraHvK5DabOp09/nGOgrTqJq5tgnANK5lbUcPXtWiuO1hcjGaotCZzQFirfWa3kQVu3INZXSZCir6s4fVPCYvlniMYIOdpx3rOWulhSt0PFdR046R43tlcGKRLgMQwx19KUrctrk2dtDq/FunxvfSqoBUHgivNk+VHZho8255tqGiN9ubAOC3ArllK2qPoIRVtxJPDTueYzn3rllV5mXG99Ca18K5YFo8Y9awlUk9EdcYc2rN6y06KxRjtAPqK5U6iZ0KEuhWuWSSbH8I7ntW0Y21ZE4tLUZea1b2UKhXUv65rsUHbRnMp8r3KB8aRheZQPqwrZQaejubOrzLcytQ8boOkoyR603Tk3qS6qS1Of1XxsgTPnqT0xuo9i9jF4mK3Mm28a+cTiQH2zWipu2hNOur3bC58SuwPOR9ahUZSdrFyxHOZseuTXVz5aZb9a6FRjFao5G3JmzZTzxSAvnFYTiuh10pST2O50G6MqrluPrWDstDovdnS/aSFwDjjtWVy4yewQ37xnBJ+tS6aeptztPcurqny4yM+oqHFt3RXtF3Kt3qYUZDA/zNXFS6ltua0Mi6vsjJyR3rTXdC0itTLe4LNjGBVLU53qyGaTOKd7GEo63Kc0gO4ZzXRFpxLSVjltdtzJlsVtScY7nn1oX1SPBPjwu3+wx/wBd/wD2nXr0ZKV7Hz2OVuX5/ofQ/mZ6VUTy9hspDQOCecGlKLNloY3htt1/Ov8AzzXOPxrN2iaK9jvfCMxg8T6a3bfWNRoqPM9Ez6O0ZsKoHpyK0py6Ip67nWae2HHP1rocrCltobynjk5FUnclNWHjOB6VYXQvfmsm2FxQcjH61aegNiMOKylG+pm7srNEN4yBwc1Dv1GjxH4zab5XjHTrpeAdpYgZPGD/AJ+lYJpM2duhb1G28xldhjeAcHrXJX2OnDnKX8CR3O7GeeK8xxbR7kNdCWUoVBwM4rlleJ0QSTIN208dqXxI7YrQp6hdiJGGfrWet7A6jSscrfaoFt5QSRn36V1qKaszDmctzzvXvEbpNhmOM9q6ox5dGeXVmlIxzr24fe4rrUFumZOs1sUbvVDIp+Y10wSJdXmVjmNSaW5mJDuUP8OafLFsiK7kmlmS2fOCFPHWs5RUNRyXY34ppJ2CqCxPTFZxqlxTezO98D+GcwtNIAWlPAx6f5/WsKtTme530ou9jsT4cXy/uYNYp30bN22nYjt4X0+YqUKrjrVOKtcuLNmC6BQZ9Olc+5cZajp5fl4bFWlZag5pMqtcsBwaz2NVG+pH9o2/eP51pC3UFUlEqTz7uKlvXQnmcndkIJHJpppEN22KkswBNO6b0C99yFSHrVJ20C3KUNSjHlN7cVUVrqYVn7p87/tBRGN9C5znz+n/AGzr2MKrJnzGO15fn+h70rVvF2R5vKBOQcntTchGJ4eby9Wl/wBokZ9s1ErdTpeq0O60WXytZ09x1EwAHfnisKtuxpCDaPpPRjtl4ORn8/etKSUUVa0Tq9OY+YorolbYz6HRI+4+9QkyUPBJOKNiRwODyKlisLmmkxiFhVt2KIyNxzUytYbaPMvjLpjTR2NzGN8iSj+XeuZe87JCtqUNQKyW6MOoQD9K46kHszup2RxWqvic54Oa5JR5GezTXNsVvO+XOMfWuOdmdMbJ6la6nKHIJ4rGPkdaktkc5qd8WZsk4PvWvs+rMZas5rWpiLdmBrpgo3RjLQ8+1gGeT3runHnjZHnVI3d0ZL2ThSQKy9nKK0Zg9NyMW0jDnn8K2pOUfiIv2Ej08sQCOfetLX2G7mpY6K1zKFVQcdfas5J21Y4XkzsdA8KMHVjEevHFZXUY+8dsY2d2ej6JYCzQAoFHpXFJqT0OqNRbGqZQBxwadl3He+zM3Utr9gDUttaIzTae5lLdlD1HpQos2hJ3JHvNyg5FUk76l6NlSa6xkg1pymqb7lf7aS2M/jWTTuRLUHuB13VTVjSKstxBdbvepSuJleUDNXy22Ek0NjYg1SbTLvcgvuUNbXSeplU1Wx4B+0kgX/hHTgDP2n/2lXq4W7u/Q+azO3uW8/0PaA+R14razPITHsRsNWrC1Zi6RlNXYYySeKxqKx1QWh2emyeXf2jk7VSVSc+lY6yRvGVkfSugsdseSCSoJ/LNbxTtqRKTasdZp7ZdfY1qkZpnRxnCUpSYmSg/maErkXuL1FOwrMcrZGapFW0E5OeaykTqIQFxUttjSbOV+IUG7S0LfdZgCf8AP0rmUmnc0TsefyN8qrnAHpVySmjeF92c34hhzz6HNebWs9D1qUtDnBcsp6gEda86VNM6o6u7Kd9fhlIB4/nSjFROqM1Hc565uN7YJzWzTG582xSv0Etsy+ta0lrqY1Xoc3caKTuYDdk11q66nDJIpNpDFhhSfaqU09LkOKktizFoBYYYbPepc0nZjhStujS0/wAF/bpVQPjuW9q53Ud9GdKo33O00bwZZaXbvj967EHLcdKmU3a9yY01TdzWLR2o6DIGP8mpcudWZpH3iFtZRDjgil7PTQ09mu4yTXYmXGdrVDpN9xxikULzVBKOGBHeqpUmn7xMklqjImuxuPzYrolyp2KU1Yh+2FvpUylboYym+bQY12TnnNZRvJmyq9GIkwNaNWK5kx7OcetS/e3J5rDVlKGkopMSk73ZJu3V0tRsb+jCsnDqWloR3GWFLRvUzk9bHgX7Sq7T4d/7ef8A2lXsYV6Neh87mis4fP8AQ9kUBhXXc8VMkBIFFjRGLYsItcyOM8YrKXvI2Ur7HYWzFZoSCP8AWp/6EKSjdblJcx9I+GyTHD/uD8eKuKtozaSUYHZ6eBvWtE2YQV9To4j8gocVcJakqAEc9c0fCJWHfw8/pTG0KvpSaDoL9OtZ2ZDuRsfmotoNOxleLLZb7SzH0YdPrWDgik2zy+5tWt22t1XuaLJaXOlN21Oa8Qv1Ocgda4akVZ3Oim2jhLu9HmfLwT61wcuuh6cHpYyrmcvk989anlaZa1KW/k5p6s6EkkNkfcMV0U1bVnNKXRktvaiXqOKdSaWxkkWBa2sB5Cluuc1Cmt7HbCC6lS4kh35DDA96mzqamsnDZEMniOHT4GK8mrVJ9TOcokNp49Zf90+/FP2LaIjKnJ6k7eMop3w21T0wD1pRoyiOo0tIDX1mKYbkcEGm1KDOa8u5SuNQ67W/Krs5K49WrlB9VcMcOce5pwi76szbae4G/MqA55+tayhFbmXNZ7kkN7ngnFYuULbFqbRZE26udStrEIycnqOR8NwTUuVza62JVn5p82lrG8mrD94LeppWEo3WhOi981q9UbRi1uPNZ81tLmi0IZuOe1G+xm9Dwj9pn/mW/wDt5/8AaVetgftfL9T57NLe4/X9D14AjkV3N22PGih+8kYxQrs0tfYxFIi16F+mHzmpnZI2pxfU684ZD1OCD+tZQem4+XXQ+jvCEpa0tiT/AMsx/KtIJt7lTd9DtrJ/mU+/5VrsRblR08JG1cdcVSRlfUlJCj9fpSabG9dhm8nJPFT5DTtoSI+R05q7dAkLuAPUUrMleYx5NzDHSploi4obqVuLixbb98ciuNNt6g+boeY+IU23PTHqKUrmsZPqcJr2fnAPqKwa5tGdUWeb6l+7nPbtWPLyaHo03daGVcXBHU1z1L3sa/CVJLvg81Uad9mKU5W3C1nySWOQKpRa0bM4yuUtS8S+QdqMAPp1rWNKL3KlJ30ZhXPiKd1JWQ59q1dNITrPuZb6vdyPnzDUpJbIx9rfW5IpnucbyT7VcYyZKqt7lqOwlcYHArSNtmSqnLqTLpcg5YfU4ptdmDxFtB+w26Eq2AKagmtS1WuRf2mi53Nz6ms5U+U0VaKKNxqSAk7wBUqnpdHNOpJvcjj1UjgHIoS6SMuYv21+0ntU8kdmjVSlI1bd2c4zUOnG2iOuM10L0IIPPNcc4cvU35LalsbAPes5XNo2lox8afMDSu2tDdRUSwD61av1DWwwyY703FGXO1oQyybsYNNOKCT5keGftM9PDf8A28/+0q9fBKykzwc0+x8/0PXgc10KTPERKpxmjU1i+hhyt/xOUYcEMCKymlLRlxlY6xSRGcHHGcijlVrG6lJO6Z9DeApvN0iwfPJgXP1xW1O8UTds72yPzrz9a1Tb1Mm3szp7Yfuk9K0M2tSUYORig1Sshre5+lIY9Pu81K1IbHsT17VQKwP7GspRvuWrD2GYSOvFct7SshpHAeKtPUB5eQRWkpJFX6HmmtJ5hfAya429TqSsjzXxChWfpjrWT01NYTa2OZuZucVhKMpM7eZtGZcTYbg1vBNIwk5Nla5vWS2f5scU1DmlqJcxzd7eZOSfxrZLl0MeupTjuRI2M81U2tkNvsXrVAzde/NXyaeZm5JPU14gsQDZzVpcq1BySV0X4L9ETJI4qJWlsRzWV2UZ9eEm4DJx0xURSITlLUwr3VXY85A9M81pyxZ0QuYDfbr26fy94QDOSMCtHFSVkze66k1rpF/O/wC+XAHcmsdW+VsXKqj0N+20mSIAPknGOlWvc3K9i+5rWdjsA4xXNJq+g9FoatvDswc1nJ3R181loXFbbXPyuW5vz6aj89CKpQiyo9yxG9Q4qL0KlOwrzY71MnZEqfcgaXB6VmrsVovUYz5OR1qlC4knfQ8S/aVbcPDn/bz/AO0q9jBtWaXkeNmityfP9D1yN+faulI8RXJXcgYFU9BXsYl3J5eqRNzywHArKcuqNabX2jrIs+WxHBxQndXN7taHv/w4lL+H9N46xD8aqN+oJNaXPRLI7j6CuhFOFldHVWzgRg4z9KDJb6j+BkjNM2ir6ChNy+lBnJWYqfIalpvYhpskyeSOlQ2+gtNhrZB6VDbehVyYHKD1rDls7orY5jxZZExtgZBGRRPWNxLTU8n1S325GDkHBrnSPQg7o4PxRpYkVZF6jrUct9Rpu55nqWY5nAPQ1PK+h0xVldmTNJyatJdSVNvQoX0v7huaaV3YqS925yOtXzQowBFXKEr6HI07GTZXtxczYRS2PSly2dkQovqzoLK5uYiN0bfTHWtr20kVKkpLfU2rS4kmUBlZT6YpSl0IhSa6lxLeaQHbGzD2FZqpY6XRlNWNKw8JX2qOFjgK59uaU69jopYSX2jobL4UCILLdnkDkVkmpas9Gng0tUTv4PtbZCFUexIrR2toU6KWtyr/AGVFBk4GcY6VHM3sYy0KD2q7ycd6HZitzIkWNVHSsHHlZgoxTsxxAA+lPc0cbbEDSnd7Vj7Vx0IvbQeJxxWkLy1N03bQnil/Krkky4q+4M2KPZpo05UNJqORIyk+g1mxWqSQ42R4p+0ic/8ACO/9vH/tKu3CLWX9dzxs1/5d/P8AQ9cDc1otDw3clByMVtfQdkzGv8/2jF2AYdawVncaR1UDHyyByccZpRutEb3se7/CyYyeHrEkglBt+uBj+YNbqLjuNvqkenWTfNVJtC5tTp7PmFQKtjlYshcHr060JtCTHYAPNGrHqLtB5FF7A2Az0qNGyGNYkdeRVOKYrE0PzoKwa6Isj1Cy+1WjrtBb+HPAzU2SVhN9jxnxLbtBfXETJtZWIye47Vzcybs0dsJcyON1KES7lxyaak0rIq7R5P4uszaagTgBJF7DHNZarcfvvWxydwhU8UXNF7pn3Y3owq4vXQbndWOeuNFkvHbjqeKtzmidzS0bwy1icmIHd1Ympu73ZahKWx1enaF5jkBM1Dk7ndRwsup0um+GkQM0iKPQVDfKelSw6k9To9J0S3UF2CnB6DFcspXeh1TpqK1OptZrSxtG2osYxuLdMn8K6FF8uhz3vscpqniTGQGAB64rNLlNeZpHPXWumQ4GMe1V70jlnNFGTUTIazlzxOWVW/uiEgrk9aq/MhRuV3kwSAeap7GMlqQyXBGQDzQi1dorPIznk1nKF9TGakKrHcMnvSirajjfqXY296SnrqdcdrIkZsVpL3kS01sRNKTx0qIwc0JJsYW5604xcTWO12eNftHnI8O8Y/4+P/aVelhJX5keFmbvyW8/0PW0xmulJM8pkobHFDSeiC5laoMXMZ75HWsuVFQtc6e0B2oevAoTSNnE9s+EUhfw5Ecc72HXpz/9YVTtKS1KbfLZvQ9WsSSwPWt7paGaSWp1OnHMPHNWu5LTZcz+VUOK8xRmpehTQ+NsdqLXMm7CMQuMcmpSTKXvbETcjOarbQptLQltiSCTyc1yzi76EWLPpUppFpKx518Q9IkjuUulRTG5O49/Y1yy+I2i77HmuoW/J+XGec1N9TZrqcH4w0FtRtW24DoOM8d80+V2uaxlZWPL5oyCytgOOCPepcWa8ulzPktiDntVdCEpJ3sWbKGMNlh0rNyOmNRNWsaiyxAD26U9TshNJal201SKDgnJ9qpLudSqqK2L7eJUSPA4zSavsbqvCxWfxb5Q+UkZ9KXK49TOWKjaxTvPGEk0TJ5jEHjk9Knlbe5g6sdzIm1gv1bNaKDeiZnKtCxF/ae7oajklF6s5JVVLYlguNxznmm4p7ijfdml5vyA+1KKSOtPQqyyHdxU8l2Yyi3sQs3NFtSLuIgOabi7g5XHDgikop6FxRYSXFYSp2ZexJ5w71soIvmImk54q0HNYTzPUVEo32Kj7+jPHP2izkeHv+3j/wBpV24OLjzX8jwsyjyuPz/Q9aV84rpbSR5TTWpIG5rKEm5WGlczNak2SRe56gZrWolEtqx09g4MKHqMVyq8kNSezPYfg7Kn9kkK2SspDD35rqhBGvLdHr+nSHAPvWrjd3DkVjq9Lb9yR3q/Ihq3U0AMg8UbEpW1Hfc7ULUd7jMkHr70yGhRgntkUkyb22GOOQOn070zRNMlt3AJAx61g1cposK3qalxRdkV9X0pNb02a2bhyhCnNZ8l9Ag0nqeI6npclq8sEiENFwf8K53BxeqOlNyehzF/alhg4ORjmtFbZjcGtUeQ+N9JfTbs3CRny3OHGOnX/A1zTaT0N4uSV2cznI9qLtotTZAz7GqbEWQfaSOjU0XFtEMl26n71apRktTSVV7NleTUWQ4yTUbMz52UrjVHHGT+dVFOTM1UaZD/AGgx4JOaUmoOzG6jYizuzAbifxp62vEyld9S/aFmGMms581rhByTsbFkCeAKzU7LU7Y6moFO3BqFN32N0miJxycCulMoryZXtn3ocb6kycSNZKST2Fy9UShhRblKi7bi7sdaSdy7oTf709DC7uBOajlZaFU81aRpGTieQ/tEnI8Pf9vH/tKu/D9Txsybbhfz/Q9UjbPSpmrbnmPXcsxnjmnTsmL0M7WzxEfQ0Vfe2Gm29Te0991un0rOMbbmrjfU9d+D9wPs0kfZZMcD8f8AP1rRXveLNLtKx7RpxwBzkn3re7I95s6rTG/dEVaCWxpAkAcfjTJsIH5xzQlYQ49h6c0xDC23k5/CkxOwM+QaewKIkL/N0qLm2i3L0f3eRgVnLyHp0J4s56kH2rKV1qiWjiPiL4cPk/2nbk8czL6/54rnle92axnyqyPLr+0V0zjpzx2rJttmnNNo43xNog1CzljcA5GKej6Dc2jxW/s5tIvfssyED+Bv7wqbNM059CtcJnnFMorE0y/QgnBbGKdhSXcourBjkY+tRINUULlMMOM1tTaihWvqNhBZsCsJJylcdkaNlZtI3IwPWq1GoOWxuWdjtAyMUpNm8aWmptadacggVhZt6mijbQtSw7M54qU0nY3SaVynMdvNbXHLyKc0vHFaJ6HBO9yqWz0PNO5pzvoPWT5f60m2yr3Wg4OT1pJJCSa3Yu/3NUUl1FDk8fyoTRMua+hMDxWbaubpStdnj/7QrZHh/wD7eP8A2lXfhup4+YfZ+f6HqcThQO1VN3OBrQtRNkVPL2MtSjrP+rjPYGlJO2hUXqbGlNiyjzwfStIx933jtlJWR6p8GJ0P2sc7xLhvypwS2Rm09z2/T2GR2x3rW9hOXQ6zSpOorRakvY1Sc8UEiFse/wBKW5LY/OcGgka+AcUyrNDRzxQUmEYKtWMh6yL8b5Bx+dTYSutCzEcnjvWb03NFLuSTRJcW8kEiK8ci7SrDIwfaqauDl1R5N438LNo921xFGDbSg556Hp/hWEoO+xtTlfc4PVdPBzlcr34qdlsEt72POfG/hlb6zkaEbZ1wUc9sVjZt3FGTvseXPEys0UvyyKcEVMU2dVnLYpyx7WqyrOJGB/k07nUknuQXCKRSsTZbFRrbcemfShK+xhazJbeyJOdoFNRtqwlHsa1tAcjikbU42Ni3twR7UpSOhNluOTyBgcVjKXQhys9SrcX+5jWPLqS6q7mZc3uM+ldKt1MpVn0KL3ZY9aOZRMpS5mNE26qTBNolRieK1srXZ1Rta5NvA6mpSvsVe4oakDkorUki+9mk0XGSkrllSKnlRtdvQ8d/aF66B/28f+067sMrXPFzJW5Pn+h6bE3HNaWcjzk76FkShFGTipcZWJdkZGvamq264PAbml7Ob6nPKooIl0fV82MTZHTkZziuvk0NIVHI9T+C2qF9Tv4+h+V+Ow6VhGDjM6ea8dz33SbtjjLZ9a6HHuQlc7jQ58p6n1pW5Sm20bqnIHP40J3IQZOQKsbVx6nGcnPtUkWsNPPP8qDRAx/Sk3Ydh0YHU1nzxvYpSsWogSMngU7pGkZRW5ZRiMDt2rJx1MrXZZyANxpDir6FW/s4tRtJIJ1DI2QCanmd7I0tys8i8YeFptIlkwDJb4yu1SSMCsa1TlVrDXMzz/UbT93nggfjWampR2NH7q0PPvGHhFL2Ez2v7qVBnHQe/wClC30KUmtUebXUTJM0Ui7JYzhhSbNlJvcqsuKSTbudCvchZcuK0asrEzsnoSCDf7isk7CacloWLeHY2DVN3J1W5owx4xjtUtm8WtiU3PlnFStTS6jqyGe9AXrzVKi2zlnJN6GTPeYZiW4rfkjFa7mMkjNuL0sxA5FcstHoZqrFaNCRkls0Wv0Epq5aQGtNEdNiwDinc1jcCxNaRRpLbQejZNTKNiE76MnizuFZ3OyCVtC1yR7007l2fQ8f/aE/5gH/AG8f+067cP1PEzJNcl/P9DqbjxCIOAcbeDW9OSnseJKTWxiXXiSWRztcge1dMaV3Y8+Tlzc1zLnv5Zzknr1rsjRURNue5HBqMtrkKxCk5x71lNR6HRCc4qyZ7H+zTqUlz4i1ASuc7AAD+J/xrilF3TR2wemp9YaY4G3HarN4xO58OyZP04qL3KlHQ6bOP9qmkZxQvQ9aoewpbH496Qtxxwgx3otcai7jCnU1LL0EGQwINRp1BK5dhcFfc/pWbDrYmV89DRc1jElR85yf/r02ipJLYWRtwAxipWhNivcxJcwvFIuUIxTdh8ttUeV/EDwt/ZitcQqDAxGfUGuOV07jszzK/gKF9wz+NXUlfVA1Lc8z8f6MHIu4kAZT83Pt/wDqrmhOMtHuONRt2Z59uHX1rqWx0qxWlfDcVzPcUmyzBdBUx3roUObUSm7En2gAg5xR7ND8xx1Mrx+tJxUdxxnZ7laXUSc/MaUUugSqp6XKM18WBBNU5NfEzJtsqeY0j8ciolyvVC5XYlSM5rGWg1AuRR/KKqHvGns11Jg22qkuU2joDOQRg8Vk1rcbmLuJxitIvUm7exPCu5vWtZu5pGL6l6GPHWuRuzOuOhP5Z9KtNI7opWueO/tCjA8P+v8ApH/tOu7Du9z5/Nd4fP8AQoyzNI2Sc161OHKfK819yIElq7FEzegmfSp5mmLzGsc44xVTXMhxld2PW/2Z3dfGd8pPytDwPXg159SSirWPSptpH17pbHA6cGsbo3Ur9DufDz/P8o4xUN2ZWtjq0bKY/Kr8zJpoCcUblRu9xd1BWxIF575qndGrlcjZzUlKNxoPHSpYrWLEcmDnIrL3WQ0WI23f4UrdjWN7EofnihaCTuLuwM96FroUn0YwnJ5wBWbsmarl6HP+NZLdtBu0lIY7NyjP45puz1RCTUtD5f8AE/jh5JJIoYVQKcZOKxcnPQU3bQ4HVtclulkTcSGGDWVuV6ilJdDjJ02Ej0rX4uhmlcqSMAtJwXU2V7akG8jvUyvHQvbYT7QV4B/OnGVtzJ3TIpLlqqU76IuN2QPLI+cAmuZyszKUZN7DoIXkXkEc+lP4tyldaF2G3wOn41i48z3N1HXUsrCAea3acdGb2SHk9sUtkAmc0R1KWiFAzVOJnYniiyeatRsrs2jDm2L8FuFGSM1k2aRpyTLsaHHQYpxaZ2xgx34cVlONtTfmsrHjH7RHXQP+3j/2nXdhXdM+fzO/uX8/0MqPLH1r346rQ+VklsA6nnFXCUl8RHL2GM4XPOTQ6iHy9yuZst1rjnJmkY2PT/2cr54fiMIOscls5PsQOP6/lXK277Hp002rI+yNHm9elN2ZdrM7zw5IS+OhxT03Nm0kdSkhHB5xQcjn0JSxIHGM0GsdBQcHrmmhuQ8Mavl6iTvuI3TOBxzUG6VxpYYz+lKxGrdh4bpjtWK916jsk9SZZMjbk4olJGvxIsK+Rms7Jiirbg0m0fMcZq72QnZ30OR8UeOodKicJIvAzg9TWcXFvU5nUtokeLeLPiXearcOsZwoyvoOnStHFbmftHE8h1iZnupGYjLck+9DSY7uRjTKCCQcmpaTRpq9GY9xHvZs1i27WNNUZ00GDxUNW3N+bQgMZ+tRZyJ5r7DDCe4qOSbJV2xPIB7U9VudKvFFiO3VRnFbRinqZRk3InVABzUTg2dltAAz0pxhYaSDHOKTuykkhSMVJkxQlSlYr2bJo4sH1p3aLUZNlyGHIGKpXZ1RgaEMGQM5qG2tjpjFRRYWHArNS1sbKLtca8eBRNNj5Uzxb9okYbQP+3j/ANp13YVWTPAzb7Hz/Qx/N8scV7UZNbHybV2V3uT16fSm6jZditJMSa5tdwUEMRiWpPU3Ssem/s+yBfihZqCQ7W8gHoeKzbXQ3h3kfZmnuPMAU8ZoS7mmjeh3XhiQi9UE/JjmtYq+hTvax1qSFz2qHFJkWVrsnWTn6UXBSQ7du6DnFBS8xQ5UfNTuXyroIZNw4PFJiatuQtJgHJ59Ki1thKSvYnikyufauecmnYtqzJkOc461g4NvQG2mSSXKwpliOK3hGa0ZbnHqcz4j8ReTDIFf5yMKPet7J6M46lV3tHY8Q8Ya8yO5Ubn9DQotaI5+c88+1uAzuxZzySafLrczfvbI5me6aeaQn+9gVMkdMNNCtK2FP0rFxbR2wjczpTwTURVi4xuU5VBNNs25LKzIMAVMZJ7ERWoNtx2qHJo1kkRgjJrJyuOLvoSK/FNOysCg73ANg80rm0U0OB4rdS0KlDqPUVje+5lcXbXRGCRViWOPP41lK1zWEdS7BCFNS6b3Z22T3LsMIbtispt7IpQ5noXoodpzmo1iaqCuPZR60k3c3jdaETKCc1pfQmWh4n+0X97QP+3j/wBp124Z3ueBmv2Pn+hzDSluCa9RvsfN8qInNZWDTYZnJoKSJIxg1LNNEd/8CpDF8V9IYd0lX/xxqzcFujWF2fZumuQUx+Io16l3aZ3HhuXF0gzz3xWqbTKbk2dovqDQ9ybiiQA4zU6kuLJo/mGRnNM1jotSVVI69DSabWgOVxDEzMMdKXNJC511EFo7yZPSjcn2kS5Bp2ccnpWbhciVVrYllEVuDgksK1jTW6OaVZ9Wc7rWokL8nvya1UbnLKrK+hwWqysySSFix55p8q6Fpt6nk3iTfdTlFOMnORU8r6gpO5y2rxm0t3HJOM0rWZer2OVR+M+tN07nVTEuOE4rnlG2x1e8jKlk59qzT7lRbRGzhlrnk1LY7VLmRA/A7GiKaWhSjciOayaaM3GzEUdqVmUkOxQtx82tkPADfWtnFGkrrccq0vJC5tCVErJpoIrmJVTPaulTutDo5FHUswwkkdhXKzZRvsaEUPT0NYOpKTsi5QaLsUQWhe6VG8UTZ29P1qrcxotROuaNmbRbQyXhfer3NH3PEv2jY2T/AIR5j0b7Rj/yFXdhouKbZ8zmcryj8zkifm4rvsz59asY55oGlYVR3pOxqkPUc1I7NnY/B8kfE/w+Rnl5R1/6ZNUTk4rQum1zWZ9o6c+GXHb0qbtrYuW+h3HheXdexdMnrWqdlYpPudyhO7HOalt9BStuTRWzSNhhgEVWovaKKLqxCPjtSM3VJok3kVaMHUHtDg9RSa1Fz3Qok2Db1PpWkYamTdthpvCDx+VOVMV29ytLMWyTk5qdtDOULmNd23nuRmtItIXK7HIeL7dLa2+U4JGc9qbvJjUmjym9thJKXHJPaoei1CCOS8TqAkmPTHFZXubx31OG3YYqOwrV3saKXYbI2YmBPNccnI6oy7mWT85FCi2tTVO5DuKMQRXC4uLOuG2g5jkU4ztudGxEetTN3d0RcQc1ad0Fx4wKHYcbJ3Hop3dKfMrGrkmTBOc1LTbuS0SImTVTLhdMtRRelQlpdGjTZcih445rFy1NKbfUvQw4AJpq253NJosADisKq0uhXVrMG61NK/UqNug3NbSlY00Ft7V7uYbSQo7etbUaLqPmb0OSvXUFoeQ/tSWxtk8L/Ltz9qwP+/NeqoqKsj5bEVfayueeBvmq0zjSSDOSKbKaRKoqClIKCrnX/CXI+JWgkdN7gj28tqhtLUlXbPsm0lEDJubHrVqzWhtbud34RgnlvImjQsv5d/elZtjuj1W00wJ8zZLe44Aq1oc05di3EiBvpVO5yzlJIbcwnGQO3ap3IhO5VhaSMEHt+tXylNk6ymReRzQ4tahcaR5jZ6VN2TdjGVVbJrRSkCdytddAOlJx6k3cSFLfAzx+NEYpk3kzh/H52w7cA46Z4Gf8a15lFWFdo8vmj25zgHrgVg22zaLujjPEse8Oo71DdjaLueeSZju2BJxnFHNdGtktiO/Vok3j7veol5GiktjJMhMmc1kr2NY3JnXzBmsJLmZ3RkloiI5HBzXLKMuayOi/MGM8VpyNLULJbjgpPI5pXtsZXSY9Fx1pNtmisyZQO1KxpoSINxxVXaKTvoToADxyacndbg5di7EoJHHWsrs3gvdLkKAGkrX2NlHS7LaYNN+R1wasOYgDihLTUbSIXkCnrSSSJsoq6C1ia7nVVHy9zW6pc9jjrYlRjY6qy0zyY1zhSfTmvQhFJWPBq4i54P8AtcJ5Y8KAf9Pf/tGtZKxwNt6s8wZcmpEkGMGgLXH5yOOtAJMa0gjYLgs56Ko5oC56X8E/h1r/AIh8caRdJZT29qJCDJyjYKkZHf8AGk6fNuT7RLY/QLw58HobFVkuC0s+OTIM4P8ASrhC2xEqra1O/wBI8PQacAxQblyAKq6TI9o2aki7gVHGfStUk9WK/cgFtsJ6nvVMUpJkqAsjA9RxWElroc7913RTZNrsTjHai1zWV9wTCMCQfz4qlfYm7aFmG3px70KOurNYkW3cM9qttDaIJIju9jzS6GV76MRyI48/rWV7PQm3Y8x8dyG5vo4FDFASWx29P8/SqaUtWyLNbs43VLQQAttxkd60ilaxfkmcTfQC5mkzkLnFc8oq+pstFc831W1aLUJR1HWqUL/CaxdyGXL2xU/lRKDRV9Tn5IXimbPK54IrKW2iN1PoXIBxzWSjdanRGdiSW3zyKhKxvTm76lfySrDI61lUfQ6JSUtB4TawFcz1Go23JNmaaOiNNMeqcU2rIv2aJY1FZ3bE1YmVOataiSsy3HhMUNdUdK20LsLDg1je5rzWjqTbgBTTuQqlnoQSXOSAuck4rohHmHKrpdlqz097lzvHGa64Ulu0cNXFKK0Z0+naWqAnAB9cV1qlFK6PCq1JVJbmiTjAGMDvRy2Zg0z56/a9Rlj8IMwwGN5j/wAgVpNWSHe546dcs88Tf+Ot/hXPqWmuov8Ablkf+W+P+AN/hVCb7DYdWs7idY3u1tomPzSujkAfQAmgjU9n+HetfCLw4sVxqOvLPfAfNI9ndNtPsBHirjZO5jKMmfRPw/8A2lvgn4bmWa58WRqyn5VGl3hxx7Q1cmm73MfZyvc9JH7cnwR4b/hNCG7/APEqvf8A4zWadmX7OT3Hf8NzfBI8f8Jpx/2Cr7/4zVPlBUmhy/tyfA8DP/Cb4P8A2Cb7/wCMUXXcrkYN+3L8EM/8jtn/ALhN9/8AGK2U48u5HJLsQH9uP4KrMCvjTKHr/wASq9/+M1m2mV7N22Gy/tv/AASY/L40z7/2Ve//ABmovZ3DkkyN/wBt74LMo/4rT/ylXv8A8ZrRSiPkYj/tu/BZo1H/AAmmcf8AUKvf/jNZ3Q+V9EMH7bfwWH/M5/8AlLvf/jNFyXGQn/DbXwWP/M5/+Uq9/wDjNU2mS4SfQhuP21/gw6kL4yz/ANwu9/8AjNL3e5n7KZwuoftY/Cu81PzP+ErzFnhv7Ou//jVTdD9lJ7md4g/ai+Fl3Btt/E/mNjH/ACD7oc/jFW0ZRSHGlKL2ORi/aD+HRQ7/ABFgkdPsVyef+/dZaN6mtpLocrq/xi8B3V48kWuBlY5yLScfzjrSMoxd0zRJoyLv4t+DxxFrG8Hr/o0wx/45VynFrcVmUT8U/CbAg6p/5LS//E1hdDsxg+J/hRTldW/8l5f/AIioaRspMk/4Wr4U/wCgr/5Ly/8AxNZuPY6VUiluB+KnhM/8xX/yXl/+IrP2V9WNVI3vcjPxR8KjONVyf+veX/4ilKl2R0KvDqxv/C0/C/8A0E//ACXl/wDiaw9jPsWsRBdfzHj4q+FgP+Qp/wCS8v8A8TV+ylbVHUsXRtrL8xV+K3hYf8xT/wAl5f8A4ms/Yy7EyxNF/a/MlX4teFlP/IU/8l5f/iatUpdhLFUf5vzJv+Fv+E8f8hX/AMl5f/iKj2M+xqsZR2v+BIvxh8Jgf8hfH/btN/8AEVDoTfQPrlH+b8ySP4weEXYeZre0Z6fZpv8A4itaeHs/eRzSxcOhpWnxf8ARMrPreSPWzn/+Ir0YQpxOKriJTVkzYj+O3w9hHy67/wCSdx/8bpyt0OF3b1J1/aC8B9P7fwvvZ3H/AMbpxlYa0Ldt+0D8OVwJPEPH/Xlcc/8AkOrlUT2BykzyX9qL4j+FfH9v4UTwzqn9omy+1faR9nli2b/J2/6xVznY3TPT6VM2mlZiSP8A/9k=',''),(92,'11/13/2016 10:27 PM','11/14/2016 08:43 PM','36.70.186.108','Karim','6','','','iVBORw0KGgoAAAANSUhEUgAAAj8AAACWCAYAAAAxIOk4AAAWK0lEQVR4Xu3deYwU1RbH8YODgAvic0MBFVdwQyXG3ajBKIqocSOBZxQ1GgkRzSORaFA0uCTmCRrDH4oL5qnwIBiNEU2M4O6AgrgvoKK4AOqIAgqI8/KrvNtW91T3dM90z1T1+d6kM+NMd/U9n1PSZ+69datLc3Nzs9EQQAABBBBAAAEnAl0ofpxkmjARQAABBBBAIBKg+OFEQAABBBBAAAFXAhQ/rtJNsAgggAACCCBA8cM5gAACCCCAAAKuBCh+XKWbYBFAAAEEEECA4odzAAEEEEAAAQRcCVD8uEo3wSKAAAIIIIAAxQ/nAAIIIIAAAgi4EqD4cZVugkUAAQQQQAABih/OAQQQQAABBBBwJUDx4yrdBIsAAggggAACFD+cAwgggAACCCDgSoDix1W6CRYBBBBAAAEEKH44BxBAAAEEEEDAlQDFj6t0EywCCCCAAAIIUPxwDiCAAAIIIICAKwGKH1fpJlgEEEAAAQQQoPjhHEAAAQQQQAABVwIUP67STbAIIIAAAgggQPHDOYAAAggggAACrgQoflylm2ARQAABBBBAgOKHcwABBBBAAAEEXAlQ/LhKN8EigAACCCCAAMUP5wACCCCAAAIIuBKg+HGVboJFAAEEEEAAAYofzgEEEEAAAQQQcCVA8eMq3QSLAAIIIIAAAhQ/nAMIIIAAAggg4EqA4sdVugkWAQQQQAABBCh+OAcQQAABBBBAwJUAxY+rdBMsAggggAACCFD8cA4ggAACCCCAgCsBih9X6SZYBBBAAAEEEKD44RxAAAEEEEAAAVcCFD+u0k2wCCCAAAIIIEDxwzmAAAIIIIAAAq4EKH5cpZtgEUAAAQQQQIDih3MAAQQQQAABBFwJUPy4SjfBIoAAAggggADFD+cAAggggAACCLgSoPhxlW6CRQABBBBAAAGKH84BBBBAAAEEEHAlQPHjKt0EiwACCCCAAAIUP5wDCCCAAAIIIOBKgOLHVboJFgEEEEAAAQQofjgHEEAAAQQQQMCVAMWPq3QTLAIIIIAAAghQ/HAOIIAAAggggIArAYofV+kmWAQQQAABBBCg+OEcQACB1Ar88ssvtnTp0lz/vvrqK3vrrbdMXwcOHGg77rijvfvuu6bnJbVSv2tL0A0NDbb11lubvnbt2jX6+tdff9n69ett2223tWHDhtnjjz/elkPzGgQQ6EABip8OxOatEEDgb4FXX33VlixZYk1NTdEPQ6GiQkbfZ7Udeuih9v7772e1+/QbARcCFD8u0kyQCHSewIIFC6LRG43WqKjRVz3quT3zzDM2fPjweg6R2BDItADFT8rTpw+JxsZG++yzz6Lh9dD++OMP+/rrr23kyJG2/fbb536u5z333HPRlICeo9d+8cUXtt1229mBBx4YPU/P0TD9kUceaccee2wLgSOOOCKaToi3Xr16mX5OQ6CUgEZzpkyZEk0HLVu2rN0jOIXnXf/+/a1Hjx55015J52voY6nfVZrJ5uZm+/PPP23Lli3RI3yvrx988IENGTIkd8jTTz/dXnjhhUrfgucjgEAHCVD8dBB0qbe588477fbbb7eNGzfaNttsYxs2bIj+cc1C04eRHoXtlFNOafGzYs89/PDDWxRbWYjdex81irNixQrTyI6+19dK2p577mm///67nXzyyaaponB+qPBOe6H9+eef27x586L1PZq203/H28MPP2yjR4+uhIPnIoBABwpQ/HQgdrG32mqrrUx/VdL+FqikqCr1YakPVlr7BVTcaOrqscces4ULF9q6devKPqiKWxUzyqmK4iwUN/HgvvvuO3v77bfzHmvWrCka/4ABA+yTTz4p24cnIoBAxwtQ/HS8eYt37NKlS9Fe9O3bNxpe1wfGeeedFw35q4VFofoan6L64Ycfog8Zfdjsvvvu0dfFixebpg9222236LWrV6+2tWvX2r777ps4LZF0hUzhVTcpYGt3F5JGp+IHLVaAhefoA05Ti5piDHmppFOtHV/HUj6Vx9D23nvvxJG2wvcN+dKIxAEHHBD9WgWLpkqvueaasrqpY1x++eX2+uuvR+dMOW2PPfawHXbYwU477TS78MILo2InS00xz58/36ZNmxZNDavw0ehWOU0jWTfffLNdeeWV5Tyd5yCAQCcKUPx0In54a33AzJgxI29NT7xbKm5OOukku+CCC6IPvjRNExW7lDhpCiRpoas+3PUBHV/PlIKU1HUX9tlnn+hqJK0DK9YuueQSmzVrlm3evLnoc0IhpgJHRXYY1ckKXhjN0nkZpu6KXTJfGNOuu+4a/fHQvXt3GzVqlF188cVVnbrVHzovvfRStGiaS+ezckbRzywJUPykKFv6h07rCCpZ7xP/yzpMJ+gvdf31rYJJH3B6aFF0se+1zihtrdgVQUlFValLo19++eW0hZaK/jz00EPRqE5S22uvveybb77J+5XOHxXfKnL0vUZ1ChfFpyKwgk7oPNLITSjSdf5Ueim99u856qij8h5hNK0WMV911VX24IMP5g49YcIE07pAGgIIVE+A4qd6llU70rPPPmsvvvhi9NdofIO3qr1BwYG05qiwONJftBqV0bROsavCkqY0yp2WqVUs5R63nA/AUhvkyUUfrPra1sW5rW3Ap2kqfXArF/vvv38UWvgwby1OTXPusssu9tNPP5mmTvW9jqXX77TTTlExoGmawnb88cfbm2++mfuxPvivuOIKu++++1p7y077fZjiCyM4+v9H/dYUX1uaroDUSKTWi2lURyOtHdU0ZabCNN5UZIa9kDqqH7wPAvUuQPGT8gzrH/b7778/Wq+hNSbhQ1trdrLStCNunz59ojVHKrLKfSi+77//vqypvviaJL1Ga08qaWmaSqyk35U+V9scKA/FRm00CqiCLjRdun7iiSdW+jY1eb4KNp33+qMgjAy2VkCW6ogKdRWu8UfSlYs1CabgoFOnTo2mInWVWFJTXsaNG8cIUEckg/dwIUDxk/E0x6eBQmGk7f9VcGhNghZtqnDS18Lvw3/HP+wyzlG17sdHteILk8PPszLCVSnIIYccYh999FHey/TBq3g1Lav4zzrrrEoPW/HzVdxo1DNcQt/WIifsExRyGPb96eyF2IpH6/zCWqNCIP2BIPMPP/ww71eabpw9e3bFnrwAAQTyBSh+OCOiNUZJRZI2R9QlvTvvvHPijrxJ62/CX+eeWDWNNGjQoLxLuOOb62XpcntNjZ1wwgn27bffFk2h1o6de+65ds4559iIESPaneowahffL6jchcfhzWUcChzdc0ujVZ1d4MRhFM/TTz9tc+fONU3LlVrgL38tclbxc+2119oDDzwQ7QEWmtbz/fjjj9EfODQEEGibAMVP29x4VZkC2sRO/1D/9ttv0QhUuQ8VXZ9++qlt2rQp2pla0zWtTfXpA1C7CuuDQh8c8Z2vS3VXH0zaobeSheZlht/iafqA1vqblStXRv07++yz86agki5/74ziSdMvkyZNarHwuTAgxaIpNOVYl/vrsn/9TJbXX399tOi+sIWrrHQ5+XvvvZc3zVbKNYzihD2DwtfOmqoq1VcVONrhWed7mKZrLTZNvd57770t1pCpIL3ooots0aJFuUNoAfYbb7xBAdTW/xF5nXsBih/3pwAASQLxUa34lEv4ebkLj2uhG0aawrGTNg0sHPXQKMHBBx8c7fdUal+ppP5Onz49KkK19kxXgVWywaGO17NnT+vdu3e0Xk0P7VvVWtNUm4peLbbXYm89DjrooGgqt9yitrX3qMbvw6iVzpH4o7Vjd+vWzc4444zoirtytwjQ4usnnngid2gVmV9++WWqPFqLm98jkBYBip+0ZIJ+ZFYgXhCFG3bGi6e0XW6vAig8NIUS/+/49yqYdLWYpvQ01RVGXhTbmDFjov2Zyilkqp1YTWup4Cv1UF9VYPz888+5/qsfbVnYHgrdsKZOIy7aOFRr5SopBDWCp/17wr5IbXGZOHGiTZ48OfdSrdFasmQJI0BtweQ1rgUoflynn+A7WiCMIml6TiMYhbdBKNzfKO07a2tERkWGpr001aX+dsT0Ya3ypm0fqrHhpoov5VfTVVp/dNxxx5XVZY2wtTaNd/7559tTTz2VO55GArVIXaNrNAQQKE+A4qc8J56FQGoECq98StoQMj7yFHbR1gd7Z4zUpAYuwx2JT21qrZOu6NQjNE0PajSKhgAC5QlQ/JTnxLMQqAsB3UBXC8fLeegya41MaVSHG++mP/0agdMmlWphzZdGoLQbtUah4lN+2r9J9y0L941TYZy0OD39UdNDBNomQPHTNjdehYALAW2IWOoO5kLQB+fgwYNtyJAh0ZVKYWQqfkPWgJW0PYJ+pwJLl9drW4V+/fol2iZto9DQ0JDqaTZdAacCRP1sremKSG05UY1pt9beK+n3Wgiv9V26JF9XS9IQqGcBip96zi6xIdBOAS16Lpwq060jDjvsMBs6dGh0vytdrp+FFhYsh0XKlV41pulDFXTxPZyqEXdhUff8889HI25h6wD9XsVh6Le+rl692n799ddqvH2LY2hxeyULuWvSCQ6KQI0FKH5qDMzhEciywDHHHGMLFy5MDEE3QNUHsO49ds8999jIkSOzHGpV+x5fqB5Gu8KIWDn3latqZyo8mEbysrxovcJwebpTAYofp4knbATKFXjttdds/Pjx9s4775RcMK2RlLFjx9b1/afiRU1YaB4vZhobG00be6apHX300XbmmWfmdSmMXmmERyNa2jPojjvuiG6noUvptUElDYF6FqD4qefsEhsCVRaYMGGCzZkzx5YvX17yyLo6SWt3tMGhbpOiqRRtWqhpNE3haHM+Teto+izedCd2fRjr9Xp+Uiv1+sLnb968OdodXGtptEGiRqlaa9p9W++hgkBbEtS6Fe49pLvKa5RIU2y67D1pmi1pJ/CkKUr1XRtGanFzsZvZ1jo+jo9AGgUoftKYFfqEQMoFtOuzNtxramqKdl/WGhWmSv5OmoosFTFqoXhJukFuNdOsgkmXvCc1Xf01f/78ar4dx0Ig0wIUP5lOH51HIB0Cuv/U1VdfHd0jrdRNUdPR2/b1ItxrLamYSRqRad+7VfZq3cLk448/jl6k+6zFN9HUTWhnzpxZ2QF5NgJ1KkDxU6eJJSwEOlNg1qxZuR2HtfmeLvfWZfOhaf2Q1ggNGDAgr5sbNmyICqi+fftGj2Kt2OuTnq8ro7SvkS7HL7etWrUq6n+a7gxfbt+1RktNO0vr5rS33npr7qV33313tH6LhoB3AYof72cA8SOAQF0L7LffftG6q9B0awzdY4yGgGcBih/P2Sd2BBCoewFNSWrLAo1mqWnhs9b/aC0SDQGvAhQ/XjNP3Agg4EZAl+NrCm/p0qW5AmjKlCl22WWXuTEgUATiAhQ/nA8IIICAAwFdDaYCSOufQrvhhhvsrrvuchA9ISKQL0DxwxmBAAIIOBHQxoynnnqq6WtojzzyCCNATvJPmH8LUPxwNiCAAAKOBDQF1qdPn7ydqDX9pSKIhoAXAYofL5kmTgQQQOD/AoVrgPRjCiBOD08CFD+esk2sCCCAQExABc+MGTNyP9GaIF0Kz60wOE3qXYDip94zTHwIIIBACYHCAkiXwOtSeAogTpt6FqD4qefsEhsCCCBQhsDUqVPz7uSum6rOnj072iWahkA9ClD81GNWiQkBBBCoUODRRx+10aNH517VtWtXW7RoEZshVujI07MhQPGTjTzRSwQQQKDmAtOmTbOxY8dac3Nz9F6a+mIzxJqz8wadIEDx0wnovCUCCCCQVgHdlPbSSy+1jRs35rrIXkBpzRb9aqsAxU9b5XgdAgggUKcC2g1aC6HD7TAUJpfC12mynYZF8eM08YSNAAIIlBJI2gtIV4LpUvj+/fuDh0CmBSh+Mp0+Oo8AAgjUVqDwUnitA7rpppts/PjxtX1jjo5ADQUofmqIy6ERQACBehAovBReMQ0cONDmzZvHKFA9JNhhDBQ/DpNOyAgggEClAknrgDQKdN1119ktt9xS6eF4PgKdKkDx06n8vDkCCCCQHQGtAxo6dKg1NjbmdVprgHRFmG6PQUMgCwIUP1nIEn1EAAEEUiSwYMGCaMQnfjVYmArTpfKDBg1KUW/pCgItBSh+OCsQQAABBNokoLVAkyZNsrVr1+a9Xj8bN24c9wdrkyov6ggBip+OUOY9EEAAgToV0FTYmDFj7Mknn8yLsEePHjZs2DCbM2dOnUZOWFkWoPjJcvboOwIIIJASgenTp9vkyZNtxYoVeT1qaGiw4cOHR/sD0RBIiwDFT1oyQT8QQACBOhDQDVK1HqhwKqxnz5524403RgumtVliUluzZo298soruUdTU5PNnTvXBg8eXAcyhJAmAYqfNGWDviCAAAJ1IjBq1CjT4uctW7YkRqQrw1auXGnr1q2zfv362bJly0xTaIVt4sSJdtttt9WJCmGkRYDiJy2ZoB8IIIBAnQloCkyjPElFTbmhzpw500aMGFHu03keAmUJ1LT4mdP4tf28blNZHeFJCCCAAAL1KfDTqm/t03cb7fV5/7XlHy625ubmooH2/MfOduyQc+3go060vQcMsu169qpPFKIqKbDT9t3swmP2qplSzYqflz9ebf/6z+KadZwDI4AAAghkU2DLH+ttw6rl9tem323z+l+s+z/2sO479rZuvXpnMyB6XROBf/9zsJ180G41OTbFT01YOSgCCCCAAAIItEcgk8WPAmbaqz1p57UIIIAAAgj4FMjstJfPdBE1AggggAACCKRdoGbTXmkPnP4hgAACCCCAgE8Bih+feSdqBBBAAAEE3ApQ/LhNPYEjgAACCCDgU4Dix2feiRoBBBBAAAG3AhQ/blNP4AgggAACCPgUoPjxmXeiRgABBBBAwK0AxY/b1BM4AggggAACPgUofnzmnagRQAABBBBwK0Dx4zb1BI4AAggggIBPAYofn3knagQQQAABBNwKUPy4TT2BI4AAAggg4FOA4sdn3okaAQQQQAABtwIUP25TT+AIIIAAAgj4FKD48Zl3okYAAQQQQMCtAMWP29QTOAIIIIAAAj4FKH585p2oEUAAAQQQcCtA8eM29QSOAAIIIICATwGKH595J2oEEEAAAQTcClD8uE09gSOAAAIIIOBTgOLHZ96JGgEEEEAAAbcCFD9uU0/gCCCAAAII+BSg+PGZd6JGAAEEEEDArQDFj9vUEzgCCCCAAAI+BSh+fOadqBFAAAEEEHArQPHjNvUEjgACCCCAgE8Bih+feSdqBBBAAAEE3ApQ/LhNPYEjgAACCCDgU4Dix2feiRoBBBBAAAG3AhQ/blNP4AgggAACCPgUoPjxmXeiRgABBBBAwK0AxY/b1BM4AggggAACPgUofnzmnagRQAABBBBwK0Dx4zb1BI4AAggggIBPAYofn3knagQQQAABBNwKUPy4TT2BI4AAAggg4FOA4sdn3okaAQQQQAABtwIUP25TT+AIIIAAAgj4FKD48Zl3okYAAQQQQMCtAMWP29QTOAIIIIAAAj4FKH585p2oEUAAAQQQcCtA8eM29QSOAAIIIICATwGKH595J2oEEEAAAQTcCvwPL6tMxlgcAGUAAAAASUVORK5CYII=','iVBORw0KGgoAAAANSUhEUgAAAj8AAACWCAYAAAAxIOk4AAAWTElEQVR4Xu2dXYhW1RrHl0WTh4SsY1pCNXoRBUrmjVGUMxeRVJ5xoAuJA2VJRhGjnKIuBtROgR042FRXIkxDQQWWGpp32ddF51DHHJpi4PQxVlARpyzBKNDDf5+z397Z7vdjv+/e7157Pb8FIs7sd+31/J6l83et52PO6dOnTzsGBCAAAQjkTuC5555z27dvd1988UXq3PPmzXNTU1Pusssuy/3dTAgBCDQmMAfxw/aAAAQgkB+BH3/80T300EPu+eefd7/++mvDic877zz33nvvuWXLluX3cmaCAATaIoD4aQsTD0EAAhBoTkCnOxMTE+6pp55yEkD1Y+7cue6XX36pfenqq692b775pps/fz5YIQCBEgggfkqAzishAIFwCEjESPToiis5+vr63BVXXOE++ugjhE84LseSAAggfgJwIiZAAAK9JyCxMzY25j788MMzXn755Ze7u+++23322WeRMIrH6tWr3b59+zjx6b27eCMEZhFA/LAhIAABCLRJQFdbEjwSPsmrLU0hcbN582Y3MDDgtmzZMus06M4770w9HWrz1TwGAQjkSADxkyNMpoIABMIkILGjExxdcSXH+eef79atW+e2bdvm+vv7I1E0ODg460QI4RPmvsCq6hJA/FTXd6wcAhAokMDk5KTbuXOne+ONN9yxY8fOeJOutnTKc9ddd9WusWZmZtzNN9/spqena88jfAp0ElNDoEMCiJ8OwfExCEAgTAKKydm9e7c7ePBgqoFDQ0OR4NFpT/145513IuFz8uTJ2pfHx8ejZxkQgIBfBBA/fvmD1UAAAiUQiNPUdb2VVpBQpzwSMfqlq63kUNDzjTfe6H7++WeETwn+45UQyEoA8ZOVGM9DAALBENApj2J59HvauPjii6MKzffee29DmxUHNDw8XAuAPvvss6P4n9HR0WA4YQgEQiOA+AnNo9gDAQg0JdDtKU/95Dop2rBhQ+1LCn6WGFqxYgVegAAEPCaA+PHYOSwNAhDIj4BEidLUG53yNIrlabQChE9+vmEmCPSaAOKn18R5HwQg0DMCSjuPW06kxfLopEZxPMraSovlabRQfaa+eCHtKnrmUl4EgVwIIH5ywcgkEICATwQUgBwXI0xbl4oRxgHMWdeN8MlKjOch4B8BxI9/PmFFEIBABwR0yrN///6osWhay4lOT3nipWh+BTbXFzpUDR+9jwalHTiMj0CgRAKInxLh82oIQKB7AipGuGnTpqh56IkTJ86YUFdSutZSXZ5ORQpVm7v3EzNAwCcCiB+fvMFaIACBtgk066auSXQqI9HTbeaVTpHUrqK+l5cqP2tuBgQgUE0CiJ9q+o1VQ8AsgWZ9ttJaTnQDKlnDR3NRtbkbonwWAn4QQPz44QdWAQEINCHQKmtLokdFBTdu3JgbR1LZc0PJRBDwjgDixzuXsCAIQCAmoPT0OGur/top/r6utuJu6nlS05WW3hsPiSvVB+r2Ci3PNTIXBCDQOQHET+fs+CQEIFAQgWbxPMrakjjRr04DmJstm1T2gpzKtBDwiADixyNnsBQIWCcg0aNeWvXp5PWnLzrlKapL+szMTNSVfXp6uuYGVX3W9VcRIsu6r7EfAmUSQPyUSZ93QwACEQFdb6lHVproUUFCiZ6BgYHCaCmj67rrrnMnT56svUNXahI+DAhAIDwCiJ/wfIpFEKgMAYkenfSkiYyi4nmScCR8JLB++umn2rfI6KrMFmKhEOiIAOKnI2x8CAIQ6IaAD6JH65fo2rJlS62Gz1lnnRWJMWWOMSAAgXAJIH7C9S2WQcA7Ar6Inlj46KotHgqk1rUbGV3ebRsWBIHcCSB+ckfKhBCAQJKAWlDoGiut55aunNQfq5eiIy2jS6dAvVwDuwQCECiPAOKnPPa8GQLBE1BtHtXLeeKJJ9xvv/02y95eBDInAWs9uuaqjzFS7y+d+JDRFfx2xEAI1AggftgMEIBAIQSS8TTxS1atWuV27NhRaPZWmkGNmpPSlb0Q9zMpBLwmgPjx2j0sDgLVI6BTFMXSKL6nfhTRgqJdOrpu05rqr91IZW+XHs9BIDwCiJ/wfIpFECiFgISFrpSStXokeoosTtjK2LSu7KSyt6LG9yEQNgHET9j+xToIFE6gUQZX3IZCwqeskRQ+WpOuuYqqEl2WnbwXAhDIRgDxk40XT0MAAv8nEAczS0wkm46OjIxEpz1lBhEnY45IZWfrQgACMQHED3sBAhDITKBRMLN6YUkM9ff3Z54zzw9ofdTwyZMoc0EgLAKIn7D8iTUQKJSA4nkU15Os11NG2nojQ5PCR6ns+/btK12QFeoYJocABDIRQPxkwsXDELBJoFFcT9nBzElvbN68OaorFA9q+Njcr1gNgVYEED+tCPF9CBgm0CiuJw5mltgoM66n3jVpVZspXmh482I6BJoQQPywPSAAgVQCuj5Sk89kvZ5edVvP4pak8NEaKV6YhSDPQsAWAcSPLX9jLQRaEtBpiURPsl6PT3E9sRE6mVq+fLn76quvanZRvLCli3kAAuYJIH7MbwEAQOB/BBo1H/W1No6Ez7Jly9zXX3+N8GETQwACmQggfjLh4mEIhEegWfPRrVu3Op/ieupPfAYHB2dlnT3wwAPu2WefDc9BWAQBCOROAPGTO1ImhEB1CExMTETiJlmk8KabbnK7du3yMj1cMUjDw8OzhM8jjzwSNUtlQAACEGiHAOKnHUo8A4HACDRqPrpo0SL3+OOPu40bN3ppMX26vHQLi4JA5QggfirnMhYMgc4JNApm9q1eT5qF9Onq3O98EgIQmE0A8cOOgIABAroqUmVmVTquHz7W60lzh9atdhXx9Rx9ugxsWkyEQIEEED8FwmVqCJRNoFFlZq2rKrVw6NNV9i7i/RAIjwDiJzyfYhEEosKEqtUj4ZAcPhYpbOSypPDR9ZxOgVasWIGXIQABCHRMAPHTMTo+CAH/CDQTPSpSKDFRdsf1dqnRrqJdUjwHAQhkJYD4yUqM5yHgIYFWomfbtm1uYGDAw5WfuSTF9Sg+qf7UigallXAdi4RAZQggfirjKhYKgTMJKANKXczTrrd8bEfRyocSPsnihVWJTWplG9+HAAT8IYD48ccXrAQCbRNolLKuCaooerRuCTlldOn3eNCnq+0twYMQgEAGAoifDLB4FAJlE9i/f3/UrTzZdFTrGhoaiqo1V+V6q54lxQvL3lm8HwK2CCB+bPkbaytKQG0oFLej2J7kqFL2Vhr+Rx991D355JO1b/naSLWiW4dlQwACKQQQP2wLCHhKIG44qpOeZO8tLbnqokc23H777e6VV16ZJXx0qkUqu6ebkmVBIBACiJ9AHIkZ4RCYnJx0o6Oj7u2333bHjx+fZVhckVlp4FVJWW/kmWQq++LFi93U1JSbP39+OM7EEghAwEsCiB8v3cKiLBLQldbDDz/s9uzZc4b5Ku6neB4JhqqLg7SMrqVLl7oPPvig8rZZ3LfYDIEqEkD8VNFrrDkoAs0yt6rQcDSLM8joykKLZyEAgaIIIH6KIsu8EGhBoFnm1oIFC9wzzzzj1q9fHwxHMrqCcSWGQKDyBBA/lXchBlSNQKvMLV1tVTFdvZkfVIRRVZvru7IrkFu2MiAAAQj0mgDip9fEeZ9JAnHmlkRAiOnqrYSPihfGQ0HbZHSZ/GuA0RDwhgDixxtXsJAQCTRLV48ztxTIXPUg5ka+S3ZlV48udWWveqZaiHsVmyBgiQDix5K3sbVnBJo1GlUQs657QhY9Ap0mfHTiE6rQ69nm4kUQgEDXBBA/XSNkAgj8TqBZo9HQMrea+T1ZtZmu7PwtgQAEfCKA+PHJG6ylsgRaNRrVSY+V4N4DBw64tWvX1nxpTfioSOWXX37p5s2bFzVpjYO8tUd0Ivj9999H37vyyiujwHb1ZKOidWX/6rPwihJA/FTUcSzbDwKtRI/6cYWWudWMvH7Yy964MvWFF17oPv3002CuuiRkjh49GgmaWNjEXejTms22u0uHh4fdq6++2u7jPAcBCHRJAPHTJUA+bpOAfuApdTvtB14IPbc68apONa655praSce5557rpqenna77qjbk15mZmeik5tChQ5Edaf3V8rTrwQcfdE8//XSeUzIXBCDQgADih60BgQwEmgUyWxU9wpdsWVGFdPb4FEdCVr/k2/prqgzbYtaj55xzjtOJlzLadLUVZ7bpakvB3t9884279tpro/fdd999kbDSWLhwofv22287fS2fgwAEMhBA/GSAxaN2CSB6mvt+3bp1ThWr43H48GGvrvtefvllN3fu3EjcxLE3afWW2tnhq1evjh6LrzPj32Nx084c9c9IKP3www/Rl8bHx83EhmXlxPMQyJMA4idPmswVHAFET2uXqlKzrgDjUeYP8LTTnE5icSRwdEojQaOTGwmnolqNqOTB2NhYhG/r1q1OcWIMCECgWAKIn2L5MntFCSB62nPcu+++62644YbawyMjI05iqBejPi6n09MciRyJG4mcWOj0ugCjij4q4FlDV6eqj8SAAASKJYD4KZYvs1eMQDPRox+U1rK3WrlPgkHZTxqLFy92U1NTuWd25SFydHKzaNGi6EopFjm+pJfLvsHBwYihgsM7vY5r5Su+DwEI/E4A8cNugIBzTicYunrYs2fPGTwQPelbRD+klyxZUvvmwYMH3S233NLRftJcyq6SEIjTyN9//3134sSJzPMlT3M6jcXJ/OIOP/D666+7W2+9Nfq0rtri+J8Op+NjEIBAGwQQP21A4pFwCegHra4aXnvtNURPRjfXx6q0c10jYTNnzpxZAicWOhlfHT2u4onJKytfTnOy2FN/8iOb4rpBWebgWQhAIBsBxE82XjwdCIFmDUc56WnPyRdddFFUrVhjdHTU9fX1uVOnTkV/jlPGv/vuO/fxxx+3N2GDpy699FK3cuXKWXE5VRQ5jSDUix/tvU4CtLsCzIchYJAA4seg062bvH379igoN1m0bsGCBVGq8W233WYdUVv2X3LJJVHNmjyGYl3iUxxd/Sh9XH/udfBxHrZknUNxZNqTGmR7ZaXH8xDojADipzNufKqCBCYmJqKA5WRAqa4aJIYstaHIw327du1ymzZtanuqVatWRSnjcQyOeMfp5G1PEuCDiJ8AnYpJ3hNA/HjvIhbYLQGlEqsOTVL0WOqy3i3DRp/X9dZLL73kXnjhBaeTszVr1swSOIib1uTrC0Tu3bvX6c8MCECgWAKIn2L5MnuJBBo1HVXrBZ30WOmyXqILeHUbBHS1p0w3jSNHjtDhvQ1mPAKBbgkgfrolyOe9I9Co6ahEjzKU9EsnEgwIlE1AcWcXXHBBbRmnT58ue0m8HwImCCB+TLjZhpHNChQqkBTRY2MfVMlKMr2q5C3WGhIBxE9I3jRqi/73HGdwJRFY7rRudDtUyuw77rjDvfjii9Gar7/++qjYJgMCECieAOKneMa8oSACzWr1DA0NRXE9FlKlC8LLtD0goPpFivPRuOeee9zu3bt78FZeAQEIIH7YA5UkoLR1XWMla/VQoLCS7jS56GS8z+eff45YN7kTMLoMAoifMqjzzo4JNEtbVzdsavV0jJYP9piA9uuGDRuit9LWosfweZ15Aogf81ugGgAapa1Tq6ca/mOVZxKor++zc+fO6CSTAQEI9IYA4qc3nHlLhwSUwaUChTrxqR9x2rqq4zIgUEUCKrdw/PjxaOlceVXRg6y5ygQQP1X2XsBrVzyERI+uBpKDtPWAHW/ENIn54eHhyFqdXiarjxvBgJkQKI0A4qc09Lw4jUCzDC7S1tkzoRCov/IaGRmJMhMZEIBA7wggfnrHmje1IPDYY49F9XpOnTo160llcOmHgxpiMiBQdQI65VmyZEnNDK68qu5R1l9FAoifKnotsDUrmFlXXGpLUT/oth6YozEnIqCecirVoKHTzLSrXVBBAALFEkD8FMuX2ZsQaBTM3NfX55T9cv/998MPAkERSJ76HD58mPIMQXkYY6pCAPFTFU8FtM44rieZqaUMrvXr17sdO3bQeDQgf2PK7wS053W1q6HrXJ16MiAAgd4TQPz0nrnpN+ofexV2S2a36PhfcT10Wze9PYI2XqJfsT5xVfK9e/c6BT4zIACB3hNA/PSeuck36h98iZ5kvR6CmU1uB5NGS9wrtk2D9HaTWwCjPSKA+PHIGaEuRYJHwqe+D5f+8dcPA/7nG6rXsStJQK1X3nrrrejL4+PjUeAzAwIQKIcA4qcc7mbeWp/ZEhutuiaKfeCKy8w2wFDnovYVY2Nj9PFiN0DAAwKIHw+cEOISdMozODg4K31dqetK66VeT4gex6Z2CKicQ39/P8K/HVg8A4ECCSB+CoRrdWoJHwmdY8eO1RBQxdbqbsBuCEAAAv4RQPz455PKr6i+YaPS1xXzo3gHBgQgAAEIQMAHAogfH7wQ0BoOHDjg1q5dW7PoyJEjXHMF5F9MgQAEIBACAcRPCF70yIb6ho1r1qxxhw4d8mh1LAUCEIAABCDgHOKHXZAbATVoXLp0aW2+yclJt3z58tzmZyIIQAACEIBAHgQKFT97/nHM/efEr3mskzkqQOCrTz9xf930p2ilV6283m3+23MVWDVLhAAEIAAB3whcOK/P3b7qssKWVZj4eeuT79xfXvhXYQtnYj8JHP/3P93PM0fdH5ff5P6wsN/PRbIqCEAAAhDwnsDf/7zSrb5qYSHrRPwUgpVJIQABCEAAAhDohkAlxY8M5tqrG7fzWQhAAAIQgIBNApW99rLpLqyGAAQgAAEIQMB3AoVde/luOOuDAAQgAAEIQMAmAcSPTb9jNQQgAAEIQMAsAcSPWddjOAQgAAEIQMAmAcSPTb9jNQQgAAEIQMAsAcSPWddjOAQgAAEIQMAmAcSPTb9jNQQgAAEIQMAsAcSPWddjOAQgAAEIQMAmAcSPTb9jNQQgAAEIQMAsAcSPWddjOAQgAAEIQMAmAcSPTb9jNQQgAAEIQMAsAcSPWddjOAQgAAEIQMAmAcSPTb9jNQQgAAEIQMAsAcSPWddjOAQgAAEIQMAmAcSPTb9jNQQgAAEIQMAsAcSPWddjOAQgAAEIQMAmAcSPTb9jNQQgAAEIQMAsAcSPWddjOAQgAAEIQMAmAcSPTb9jNQQgAAEIQMAsAcSPWddjOAQgAAEIQMAmAcSPTb9jNQQgAAEIQMAsAcSPWddjOAQgAAEIQMAmAcSPTb9jNQQgAAEIQMAsAcSPWddjOAQgAAEIQMAmAcSPTb9jNQQgAAEIQMAsAcSPWddjOAQgAAEIQMAmAcSPTb9jNQQgAAEIQMAsAcSPWddjOAQgAAEIQMAmAcSPTb9jNQQgAAEIQMAsAcSPWddjOAQgAAEIQMAmAcSPTb9jNQQgAAEIQMAsAcSPWddjOAQgAAEIQMAmAcSPTb9jNQQgAAEIQMAsAcSPWddjOAQgAAEIQMAmAcSPTb9jNQQgAAEIQMAsAcSPWddjOAQgAAEIQMAmAcSPTb9jNQQgAAEIQMAsAcSPWddjOAQgAAEIQMAmAcSPTb9jNQQgAAEIQMAsAcSPWddjOAQgAAEIQMAmAcSPTb9jNQQgAAEIQMAsAcSPWddjOAQgAAEIQMAmAcSPTb9jNQQgAAEIQMAsgf8CeJYM1TpTkbEAAAAASUVORK5CYII=','/9j/4AAQSkZJRgABAQAAAQABAAD/2wCEAAMCAgMCAgMDAwMEAwMEBQgFBQQEBQoHBwYIDAoMDAsKCwsNDhIQDQ4RDgsLEBYQERMUFRUVDA8XGBYUGBIUFRQBAwQEBQQFCQUFCRQNCw0UFBQUFBQUFBQUFBQUFBQUFBQUFBQUFBQUFBQUFBQUFBQUFBQUFBQUFBQUFBQUFBQUFP/AABEIAV4BLAMBEQACEQEDEQH/xAGiAAABBQEBAQEBAQAAAAAAAAAAAQIDBAUGBwgJCgsQAAIBAwMCBAMFBQQEAAABfQECAwAEEQUSITFBBhNRYQcicRQygZGhCCNCscEVUtHwJDNicoIJChYXGBkaJSYnKCkqNDU2Nzg5OkNERUZHSElKU1RVVldYWVpjZGVmZ2hpanN0dXZ3eHl6g4SFhoeIiYqSk5SVlpeYmZqio6Slpqeoqaqys7S1tre4ubrCw8TFxsfIycrS09TV1tfY2drh4uPk5ebn6Onq8fLz9PX29/j5+gEAAwEBAQEBAQEBAQAAAAAAAAECAwQFBgcICQoLEQACAQIEBAMEBwUEBAABAncAAQIDEQQFITEGEkFRB2FxEyIygQgUQpGhscEJIzNS8BVictEKFiQ04SXxFxgZGiYnKCkqNTY3ODk6Q0RFRkdISUpTVFVWV1hZWmNkZWZnaGlqc3R1dnd4eXqCg4SFhoeIiYqSk5SVlpeYmZqio6Slpqeoqaqys7S1tre4ubrCw8TFxsfIycrS09TV1tfY2dri4+Tl5ufo6ery8/T19vf4+fr/2gAMAwEAAhEDEQA/APvbFBxp3AilY0QhFMm5XuFxwCAT3NNENR3PzW/4KIfEK1vfFCaFaok0kOyS5dVGcqMKpbqeecewq6UWk246Ewi5VE7aHxTK5Y5PB9PSs29dD0WuxAzfN1ppCSYhXPvQVyscoxQbLRDiuRSeg7cwKMGknci1ixEOBUu27KjZMlePI3etTzJnZJL5kkJPAI4qZW5dCYyu7WNGFCcGvO1tZHbCnzK9y0pzWSp2erJcLO5ZSIjBY/hW6p21KclsWPK4zUN6lQpxnrcQR4XNErSVmWoJO1xQhAJrKKjTLvFaEWCNxrVK+rLdVJWIipam43JUeqIiuDg0OTsZrV6kDpukHpWlO6TZnOOpJsBBHSolPmZlRvGdyrcW5Pbj2q3NRSSZ6NSfNGxmXMOeRwa3g20eJVScrFORSoIrrj5mPI0REYA4qzKz6hj8KkTi+g5TzTJiSIcGgpx6nRfDyf7P8SPDFxvw8GoQTKuSC5WRTtHucY5raCX2mclVtJn7AaLKL3Sba5jIZJEBB/WspOKdkcjempbK7D95icdKLMizewoQY6Y9aeiN1FMR0BA6CkYtWlY+Bf8AgqdwfhiP+wpz/wCAlD0Oukkr2P1ZUcikZpoMDnmgq76CMuB64oAytZle2tJZ1jEjIjMFY4XIHGT9auNtm7GU1ZH4+/tUzzXXxD1K8vci5uX8wZA2sSSNwHp8p/TrXdJ2p+7sLDTi52ueEStknFcFz1PUhJqSrocpHPNBXmSKMkY71DumVfmWhYEWRRe4+VpCNDzRfSxnbXUmVcYFZWO5RTVkWEXnmsprQHRlBkyRHOSOK55PTQ7oUr6s0oUAHTHFcMXLqQlZuxbitQ+GHApKfKx8zasy3DAeTg4p1JtrQ593ZknlZ57VnDma5jrpw5dRmzJ46VLlJlSlZaDWVs4Ckj6V03jJamCfcbJGTwRWsVyoW70Gm2GK05n0OxKSV2VngYvTkupDfNsL9kJIrFy5UY3a1aB7Mtwn61lGalLUIJSlqQy27R9efwr0HBRjdM2qRiloULyHALAUUpa2OOUI2ujFuEw3Ndydzz5OzKzHBpp3M3JIaeSKoJaoevT3p2M9h6deelS9C2+xreGtSGjeKdD1EttS1voZH6HK7xuHPbGevFb05aNI5a3vR5T9Z/hlcpceHbKWzmaSyuIxLGrNu2jGMD057Vi1rqrHGoT2eiO3Xkcj60FcvKIT7dqbNEDKABkUXF1PgP8A4Ko/80w4x/yFP/bShmsN2fq1s5IqbmVxgGCKY2OUjn1oJWu5XvLCLUrSe3lAaORSGz0x3qZX6CnZI/Gj9sC909/jbr9nYeW1vbS+TG4z2C7sdvz9O3NWpaWaDDKx4S7c4oTaO+UlsRdf8aTdxIWPkjipbLvdl63jyQccVLlZFXs9C4ID2ArmdbubxTkrg8IK+laJqRu6cWr3HxoSAKylJI3Vi9b2gcjufWs5TdjqjaW5o/Zl7da4feb3NoyvuieO0wMgEVcp20M3NJ2ZajhKACsJPnOeUlcswox6jApQtHchxb1RK8X7sjFbRk2zoSvHlIY4sD2rVqLKUJJEnkDAOKx9nF6nI2xDAGHSsXKSdkdkZpRIzF5bdePetFUdhOeliJogz1007tGUUhPKGT60OCnuEtESbNy1xzvflRldpkEkec10R+G0jRK5SuLXI4GfWtYx/lRvCipdTntVtPLORn8K74XtZo8zEUXBtmM4wTXSjz+QYKZSZIMA5qlqDJFNQ0VEfMge1l7/ACk1UVd2RM7K7P1R/Zc1g6l8EPC05G9vs6xs/ctjn9c/lRUjKLszxpTcpNRVj2VWDLjHHfipWhqk+XUGGcUMl7Ebjp/ShGkVdanwF/wVU/5ph/3FP/bSg1pq1z9XRg/560GdxpjBJ5xQJ6jSvpSuPUguoXubO5t0bYZImXd6ZFO6WrMakbq7PxH/AGjNMbRfijrttLA0b/apAhYHO0HjJPfAz+NbVG2kbYaqn7p5QwDGsjvUVe4x1xmkE12Ft13yAVm7oUNzZhhKqABXPJXWrPSUNLk+0Koz1rnUOZ6A4qKuNytbKLjoEJJ6D4yNwqlCL3N3BGjC+GFc1Wmy4aGpEA2MVytJIU9C8EUqvtXNytBdOw8rntQklqbNQsSxfJ2yfSlJ3ehDsSsCVyRzRe25k27kajLAdqhVGmdFN30JZVCiu6M09iZJxepWmlCck4HrWnLfU4nJ81rmfcXyA9envXPOm6miLurXZSfWljPCkj1zXTTjyq1jmdfyK0mukv8ALhQepPWuqNHqxxxGuxas9UEhAZh9TWFSnFPQ3jUUpaGogEnPBzXPqmddrxEkgG0ntXVCS2W5MJcr3MTVbQvGzDpWkFLnu2bz96L1ORuIyrn613pngTTu7lcDnAqkSkSgYxVOLG1oOXrWbuTeyL2moJtRsYWOEmuI42IOMAsAaItR3G23sfpr+x9pN94V8CXPh+8VpI4JmlhZh0RuR/X862qWcVY8ypTlz8yZ775O08AVzJvY5m5DDEdpJbr2xWvLfU6IrmWohhwN2KTRpFW2Pz//AOCq67f+FX8k5Oqdf+3OkaQTV7n6t7efagyFCgkDPSgAKYB71HUzvqNERMgz06Gr2LlFM/Jj/goL8P8AUvCXjn+2L399Hqc5k82OPYgbJwAMn+Efy963kpTjzX2MKVSUZqDR8mEbsEcg1ij11G41v5UxONixp8fmTD1NZVNmdFCPNKyN5lEUYJ9K8zldz1ZSdJaszrq5LsMdBXdSjZanmVazm7orNcMT1/AVvyox5riC5dTwcVLjcFKS2ZZi1OWMjGD9azdNNWZca0omlZeIiCFdOPauaeGfQ6Y1nL4joLTVEnVeQvbFcE4O5unF9S5Fcrux1rKVrWsbRcdi5EcsKxjFNltLoTSvsjOa6eSK1Fe61Mt9TVMkgHHpT5VVexm2orRGdeeI5VJ2gD2NbRo2dkvzMKk5bowLvXbqeQ5KqvoK9CGHjFanFOc59CjLdSS8k8+taxpwjqjHma3IzPKvU1dg3FjEjZbB9qGk1qaRpyexYjeSPnkVK5ejOiMZo1bTWJoWTkbe9cs1ZnTFSi7yZt6fqovWCHGSM1zySWq3GpqU/dLF7b74jjms/eb0N5TvocRrVqIJj25r1Kd1HU87ERbfMZG0g1umciZInTmgJMd+FAlqWrIyfbLYRLukDq6gjuCMVGktGEknFpn67fAHWrTW/h9p9zEPLvDAi3Kkc78fN+GaXKo7HmOTT5U7npPlrt5OOcVa0C3QZs4GBxVXBKz1Yxl5zU3BStofn3/wVdGP+FXcY/5CnH/gHTOmDufq4V3N6VHNZHGm1uIFx1Ofale5a12FZcjvj0FUhXSGyLheKnm11NU7nyN/wUm8E23iP4E/2lI0cd1Y3MQikc4G5nUH/wAdz+ZrWMpJPl1MnFRmrs/Jm3cMm3cGK8cVKPThJNWFfg1SZpbqW9Kz9o4FRJXOzDe69S/cyM4K81mqaRpXTlsVRAWzSlL2aOBwaFFizdiR9Kz9uieV3FOlSHkD86PrCW5sqEnqRSWEsZxtrVVYSJnRlEZ5bx9jxVOS7kxUo9C3BduMc/rXM6ad2ap8zN/SZy+3P415tamz1IwXJe501tIAo9a4n7uhCWo26kJQnpW8Jcyswad/I5y6c7z6ZrrhJRaubX5o8qRl3RLP0rrk01zRPPcXzWIPsZYbsVl7Z7DXaxKunq6jPAPpVqUkrm31aLXvGha6RCSuEPTua39o7alRw8Yuxf8A7KTsvFcsqrTNbKLtoI2kpjhRik66WtrEN32Kz6YAcBQe1Uq6kZ2lJ2lsT2GntbTA7cHGBzWcpxfUxilGTSOiWLzFxjJxU+89YmsYNu8mc14o04+S0u3IBrak6nNqKs4qNjijzXpo8rYFHFVpYpNPccBk46VDdtw9D0r4H+ApfFmorqiwtcJZXEbOhPQbvTv+XX6UqUnF3aRFapGlG0kfqt4E0mPTtKtgkQRPLAUEYZeOlROXM7o8xShJ3SsdWylQKcddx8sriDhuat7FctxZVwTjtSQmlsfnr/wVfGP+FWj/ALCvX/tzqjelG1z9XCOP8KhtWOZah1PNZ2a2L2HZG2tOmpk1rqNxUSVzV6nGfFTwJZ/EXwVqehX6K9vcBDh13A4dWPB9lxQ1P7LsZW1uz8bv2nvglcfBfxmrNtS21OaeWCFY9qpGGwuD3zz2GPetINyXf0OyE1pY8gcZGao676Gv4dg83e2O5HWuepOSdonoUWlHVG22mpsOV5rGc5wV2TKUr6DYNO2n7px3zXFGu5S9/Yw9+97FwRQpGAdox1Nac8ZPQ2jT59xpEe3hfxrOpTcldM61GS0KkqA5GKdOD6s2vBrYoPArZBP4VqpNE+yhJakbWqpjHAqvas5fYxT0ZpaMSs2COKynNN6j5uXRnTwq2c15tSMpS0NV3SJboYjJNaU4NFOWtjnruMgk+promm0dUfdRUdBjJWkpN6D5YMgZ1C4GK64wW5lyKOrH20wzjpWuiVmcsqq6GhDcEPnNYv3nZGkazZc+1MccjAqHS5dblyhdXRatLyGRhHIwQnsRXNOEnsCXIrsuvZow3KMiobcFawua6GLEu7pis4+87M57Jvc0IEUDtXpU2oo1V0iprNiZbKTC7mxwK1VRfaM58tvfR5PMvlTyREbXjYqy+hrthJSWh580l8I0Voc7Q7gClKwao+wv+CdOlW2pa54kgnj3ptifa3IOORn8CfyrmVRyfLZnBWg5LmcvxP0Kjs41VAqbFUYAU8VtZJHPCKbJdvABH50JnfbQTZ2wc+tUzncWhg5YkflUO4Ri2z89/wDgrOPm+Fh6Z/tXj/wDq4nVHQ/VcjIrLlZxRdh2BjJ4xTV0VqAbAxitLA431G9OlPQ1itLDJl8yJlGeRUNozlHU+J/+CkPwlPiv4crr9sD9p0zbgBc/IqsWGevOf/HauCUfhHTgoyu2flpbvvhA5yvBp3ud3P2Ot8HQrLaTSEjAkIGK5Jys2ehSbcdDoGjBzxXHKTm9TpjF9SnqjCOLZnaOpqfZx2HWXKlYwF1ESF9nzhepHSiMIpmMFN6oYmucAhSQfQ12OndHTGvBbj31MBcsdv1rH2ckzGpWjvEaZgRnIya0SSdmT7bQeRuAOe3NTVSveJnKTb0NDS/9Z0xXm1G7msYvdnW2gCqMc0oVFfU3TsOnTzB0rRNN3RTs9TH1GMRqcU+dM2ptydjFuJCATRBLoDtEzN7bsDkk44r0YuNtTmlUb0GXjS2bRgjG4Eg1ceWR59SLgR/bZ1UEPxWrjFbIhVHHY19Bs9S1W1nmhYMqMAAcnOf/ANR/+vWM6kIaNHXCdSSu2RRaw8V01vdQNFPH95SOlYTipq8U0OVSU/cOn0vUPNAG8sD2JrDk5fiLpppWdzVUBhmspQW6LsieFSGz2pRbuaRjLcutGssGCM+1bbrUwrQnPRHkniuAW/iG5wAvmHfgV24dto4qloKzModa7Tn3FuD5Vszjr0FJ7Cs+h+h//BOPwH/Y/hLVdbnEiXU4EDKy4G04dD+rdPU+1Z8zSskcNZ68uh9lHgdD+VOzZiotajCvpWiSOmMnYiyfXvzQ0S9dyI5UnHWp6mCm0z8+f+CspyPhX6/8TX/2zqjqpy5rn6ttg9DxWLUjBwSGUWktyle2gDoTVCswOBweafQPeEzgdKiyYPU4b4weEG8a+AdX0v7M115sTERIwDMcdBkjnOO9O/I7mcoXfM9j8O/iZ8PNW+FPxB1Xw1rVm9hdwPuELurkI3zLypIPB9a3c4zW2p3U3GS90ueFFWLRwR1ZicV51aSi7HsUbcuiNUyYHzHFcbbWp1KMpK5z+vXE0rqkYyMcmuqmo7yOOvzI0fBg0+S2lt52FvcHIbPUg9Tn/wDXXRy0t3uNScY2ic3qGjT6PcvGyl4dxMbj+72q0nfU5VTmtWMt7V9QvLeMgLGXBck4wO/9aU5cq0JVPXVnWa6dPuWxCgDDptWsKT5tZI6KUY/aZiGFkTkYrKUtTfkbl7qNPSVJkK4xgVwzlHmsbq+x09krZAxxS916ItpdS88IK9KTTjG6GuVbmJqMTOCe2Olc8Zbo29pFbGBcQMwK9OK6oxcdjnkm9ilBbSQygldwB6967Fe2rMvYPcn1y3GppCyZWRM/jmqhKKdxVcPJq6MV9OudrAI2QOoreVWJyRouWh6Rour2Hh3w6kFupub1yZG2KVAJ5A5A6ZNcUpuUk7HZRpuCalqctf2k+s6tLe3TbCy7VROwB4ye/WuhTile4KlJNyZestNNuy+WxOOua5pVub3WghPlbTN+3DYGanlk/hNUrs0Y9zY4ok+VanSpLYuxj5AAOetZwnzOyMHN8x5h8RIPL16Jt33kPykdP8/1r06CUd9zgxEozOaUd67WcAlxA0qJ1KbwrEHAGax0k+VuxpyyUXJH7Q/Avwva+E/hnokVpIkkU9pC2VIIbCDByP8APWkocr0k2eNG8pXkd4cdhir1OgY65A9qtMaaQx1AGfWotK+pm22QSKC2e9WQnrqj89f+Csq7T8LP+4r/AO2dM6oW6H6uF8g8YFSkQ0Mp2uQvMM54rJ3TMXKzAfN/hWpbYh5pWsXGw2T5QCOtYO7Y3dn5Qf8ABUvwlPovx+stbCBbfVNPQq4GNzISDn8x+ddcIrl0Kp1YxfLFnzx4YTd4fthtAGWzj1ry8QnzHs0prqXZoM+uK576Hc6jt7pnTWe7OO1EanK9TjlH2j1KLWTRklTtb1xXSqmp2qhKEPdJZI3lUeY5btzzW6rRejQo3huhI7YI2UBzUOoloYzgpakpiIXk49q5lJoUaKfUTYWxiq+HRnSm47Gzp9qScgcdOlcNSGugpTs7s6GwtO5FKNKx0xakr2LUsW0fpW3LbcTjzGRewYBxxXJU5b6GMqTWpjywHPI59q0ppMvdWKlzbYGQK6l5jppkIgOP6VSSNpRUtLly2tjxxx71MJpOxlOKpoux2QxytEqsUzlpzctSwlmSfu8fSt1WU1YqSv1LcdsF6ACuerF20CMUtyeK2yeuK54OV7Mbt0LscJzx0rfmTdi6cepYVSq9KaQ5QV9zzb4kQbtVtplHy7MMSeST/wDq/U13UpWVrnm16TWrZy6J6dfQV13OC5u6PpEl9ALKOAyzXTpGoAz8xPH6j9Kxgnz8yPYpwj7K7R+v3wL0C/8ADXwo8PWWo3RuZ1gVuRjYCB8o9hz1z/StW5TfvM+Smo81oo7w4JNLlsapWGlcjGaqwxrR89zRcLvoQNkSYPSrVmh6JXPz0/4K0fe+Fg/7Cv8A7Z0M1gfqx1/Cs5SaWhk1YCcisYzuxLV6iED0xVylZlysJnFNa6kLQAefxqnsOzeo2QcfrWYI/P8A/wCCtWk2Mmh/D/US4GpGeWEL6xAZY/mVreE+RDpThz2aPh/wR++8OIxUcSN356+n0rzaybbaZ7dN3V0tDWZMn2rh23OiPvERskOc1jKbTNFTu7laa1A4AzWtOSa8zoi+hWNsM8jpXQn3NG0OEaLnCge9YVG1sTFxeqQzyPM+nrWqqJKxpFxCC3LTKi/N6n0FDk7XMZRs7m7YQbdoxkd65Wpzd2c/LzPQ3rdNowBWsZcujOyMbKzHzJlCAeacmug9jNuowy89qwcOYduYzmiBPTNQoyjoYuF3oNNkJF4X9K09o4mkaU4q6KL2UkbH5TiuiNaMlYjluT26FSMj3rJx5btGdWLtqXol3ZrOjG7dyIJWsWo1yBxwK6HJR0NGlYtLFhQafxIzlB2uSrDkjisfZ67kU42epciiCgcVm0os7oyUXZDnQBTXZCV0EnFs82+IELL5bHlWfH0xXXT5bnHVi5LQ5qzj3zKDXXV+HQ8tQfNY774fxIPGuiQ7the9twp7Z8wcflmvJpTmp2PddOCpNP8ArU/YuO1Wyggtk4WONVA9OK9VXerPjGuV7jsY5rRgtQNLmsXKOgh+lVuiYp7EMke6hOwpXWx+ef8AwVsGD8Kv+4r/AO2dO9zWm7n6pg5+lcrRNxT7ClS31JWm4laS12KA+gqUYybuAXnmnKWmhSndDJfuUovuXe6Pg/8A4KUeG7rxtr/gXQ7Ebrk21zKxPIjVtg3H2+U11uso0nFr+rHNGko1OY+HfDOmyaTBfadNtMtvOyNt6cEj+hryYLdn0dKScEi+yYOM1yPk5mdsfhsiWMfJ0rTSxvDaxFLEG7Vw6p6E8zi9CrJAegGabck7lufMiE2jd+laKcpsUboSSERr+FDjZ3Zuk+oyzG2bNdHNockpXZ0emxbuSPesOZt2NKL942YoQQB0rVqKV2dis3qLJDgGiKT2HKK3RmXUfGMUpLlV47kJWMyRijFcVze0n1MZVXHRj7dskAmqs95CjKU3uTvBvq/ZpstKV9SJrTBzgCtPZpLQ1lDTUlitwORRTfunNbl2LiQgAdayj8ZMtdCTZnAA4q3Jp6Gyg5JJEkSndj+datcyElySsy4i8VyOD5tC6mmqGvwTg8V1WtucjakcT45t2exZwobY27mt4VeTREuTjojjbAf6VEpHLMBiumUnKN0c3NyfEetfAzwq3ij43+C9KiRmkk1GKV/9mNDuP/oP6V50JR5/eR21nTjS3P1xvFzcSY52nbz7cV7MWnsfH63sQleuMZrV6Dfu6jTx/jSWpXNdDSecd6LdRxV9RCMj69qxd2xvU/PD/graOfhV/wBxX/2zrVKyKgrXP1TJ5z3rDUhaCY60mmtgkgPFWnoKEgzzzWbhfUiabDPf0oGlZDJMsMDpQkDasfKn7V+lH/hYGjalJbm4gl006arBsGKUuH3jv90MOMYz1rnmpN3S2Ipct3Znw98S9LisviDqZiEUYeGMlIkwOMgE89doUZ74rTnlJbHvYVRa2OOki2ue9eXUpycj1FBMEbbxTScFY6FHl2H8tnilGkYyTvcb5aqCT1qaqSVio0763GlRjOOKzoqS1Zr6lG6UbDV1JO44ptkdnDja3frT5m0cM+ZSOjsFCBeecU+RrU7KNG65rmrHkc1zyve5bjYeTkVrCTNFTVipcbWGD1rXlW7J5b6Iwb6JgxYH8KHTjuclZdyGKUrg4yaJXkrJio6GnGdwqlpudXmPIzx2qZyT0RtFc+hLAvJ4rWNlGxxzpvmsidfvc07JK6N40+XccrHzMdq5ZyszpVTlVkPICMCepq+Zcpx1PfldkyNisk1cGtAIzk+tdGjic7i1qznPEtqLm1kTOOOa6KVJyVhuSbOF8P2xvNatsDdtbJ9OKKj5NLmMqXO9D7e/4J6fDJ9T8Ua78RbuPdaafmzsWx96Q9SPT5T+pqsC1r/Xc4sdPkioJf1ofb4OSSTyeTmvU5UeC5NsXA79azbexra6Inx0q4mVmmNHXNUy9UNcknio5dbmiS3R+d//AAVsH/JKj/2Fv/bOtCkfqpjK5PrXOYoQ4Uen0qkKwDms2rE3sxG+lNK43qJjaKrlE9RhbPbH0700NI8e/aCtrWHTdP1GSzS7ujIbeFJQCu9lPqDjp146UpVORC5He6PzX+Iv2o/ETWReR+XOqIDEDlY+TwPxB/WuaU76nuUnamtTkJV2uc1j0udlKTuRphjyKw5k3Zo9OMkTqOfSm0y2kxzRjk9aylqiHbYjKgq2B+dUpK1mLlujMvP9Xn3pez7GMW4jXuFtbQzFchVzgVxpzcuVFS0V2iTS/EkF5lY5ASvbvW01UitWEK0WrJm9Dq0e3DNg0o+9uzpjytXcvxKeo+KLfToy8kg47d62jT5mZOajezMPRfFv9sXbjY8a5JG49airTUdjODvqkbN7IGjrXRRHO1tSlEpxnNJt2ujljdIt20h39/xqY2ktUbpS3NGNQ2OeajkbNYXRYjJU45xUQ1NormZPtGMjrVPmRpKOgmzJzjBqUudmPL3FcZHNaqmjGblfQRAc85xRJSRbcraEpIAreF7akN2RkasPMUr2I5FdEVdaHn1JpO5zlnbCyhuWt4sybQgYDkZYLn8zXJNzk+VF0+WXvTP1n+BPg2H4efBvwtosUKW8jWiXFxtGN0rjLE+vJr0acHHc8DESUqj7HcOozwK6UznS1GucHkZPtTtcHIhbJo0W5AAYGSMUJ32BN3sJjJPpTdjfdWPzt/4K3/8ANKf+4r/7Z1SCCsfqkW59qw5SE7CE5OKaJk+wmQKbdyUnIQtkn2qC9tBc5wKNSNhjDOcnAqk7F3OQ8f6VFrenQxSIm6OUMkjAZQ98HtTd+1yXJrY/MH486XPo3xp1mGWLy1miUqu4MVxnrjoT1/GuWTezjb5HbSldWPOZ4sORmsL26Hr007XuQgBT61m2k72O2myVSMik5pnpQ5epKMYrPRmel9CGY8EdKzaTd7mM9TOuVDIw7YqlOxCstzEvrsxQtGxyDxitYRUndG3NBrUwFgUT+arMjD+6cVpNcy5WefUhBPmRs2l7IV5bNcipJO5a96JNdxrcRbZMGuinNJ2HFxejM+0tzYzq8Ocg1rVUJo1jKN+VG9b3E10wU5C1zcqUbJlVXC1kzYtogIwDWcKjjo0c8b2HkBDkc1rdb7G0W1uWon6etNNWtcpXZcQkdR+dcl7PQ3TcCZZB+ND5upTqdxQ+azTaehLa3AkdjXZHYXuvcc3TjrWr0VwbikDHApx2OOb5loZ96oZSfStoya2OWUYWvIv/AAZ8GTfEb4u+G/DkK+bFJdLLchSeIwctn8M/jisotqVrD56Mab5/0P1tlhSHZFHjZCixr9AMV6jfY+Xs73Q1uM+napQakDnkAEit0J2E5781lJC5bbDSCOnSqjZGsbdRvIJ5qrDuj87/APgrh/zSn/uLf+2dUXE/UwHnJrndzFocSM+1TqgaEPJOPwqteortBjg0ibtgTg9B+FNWBeY098Urosw/F9pJc6DeNCiySxoZApGc464H0zTu0rolq/U/Nn9q+wey+JWn6ojNJbag0qfOhDLgDGc88n6cYrnk5SWtzqw0nzcsjxS9+Vz2NYykrI9tKyKOQTzWbOimn0JFKjpzXLJpPQ7E5Ic8u0HNVzxSuaaJFNrgkEE1yyru+xyxb6sqySjkZzWqqOXQJNS0uZF8nncKB1r0qUeXU52mnqZz2m5sc/hTlKKexlPmexbtbTy1zWEpJlwk0tS2sXmLgj6VlBa6CWrI2t2RgwHSibUtC3ONJ3RoWZwV4qIytKyREnfU1YpQvB6V08sX0No1VsLMSeVrmqU5PYqTe6Y61ck5J7VnFNbhTm2zRSQv1pXUWdvM3uSggLnNb7odlbUch3d+KxaSZm7DgwQ4zmt4rQE43smTqc81fMnoyZW2B1yPrWzskrGdkjL1l/sVhPcE5CDOPftUpvoctWN0fZX7A3wOl8K2F94/1+NF1LUoVOnwkfMkTc7vbIH5dfSumnBX5pbnj16sbclj61Zckk8ZOSa6r2OS1kNdunGAaL6GHUhIyaIt7l8l9QOAP50OTK0sIwxjvWb1d7kbsiPBxnArVNl8qsfnf/wVw/5pT/3Fv/bOtRw6n6loSw5rJpdCWIT+VSrgwAwM1SdxqSYdDzmlJByoQtzj8qnlE0hR8pyanlENduvGfaq2DlufGn7fHwht4vBS+MdOllBtLyNpYC2EUMcEgdvmK1nLm6HTQlTpytI+I9SXlW7EZFck4X1PYUlLYzCQoyR1rOV0jVaCLKOmPxry7SudiqqxFJJgnJzVqPmZOpcoXM5DHBFNwTehCvLcqNNk5rsjBRWphaUJDljDHOMmuhSaW51Ss9Wx4tWk6JwfasJSuTZNe6WBaGHqOK53dnNKM09ixDbKRu2c04yaTN40rq7FltCy8KaI3T5jKULdCr5LxNjFazaWqQPVEySnuePeojN3uzPlsTrcArgGtvaJ6C5mhyzBaylFv4TphOKRdgugRxWbpG8ZSmWlnViAcD8a0jGyOpPuifeE4qUnc2nDmhohrNyDmtU2cUYcr1LMTZUc0k9djSaXQmAJq72MbSexpeC/BT/Ev4leGfCitshvrkGdiD9xfmb/AMdBojKUnaKPPrSlFXbsfqpZaVBo9tZ2cC4htbdLdFHTCjHSvWUeVHhSnzPYlYkj1q73FqMI70tjNpkbHOccYqtkUrsaTz7nvUtcyKQ0YJ6nOaUUluFiOTg+v0pvR6BzJH53f8FcOvwp/wC4r/7Z1oncqJ+o+88449TWfKTZCr23UtUKzY7GRUp2YWS2AZx61TdxtrqIFzzSvYWg3dtOKq90VdMcwyKgVmcT8Y/h8vxP+F3iLw0ZBE91bMY5Cu7a6/Mpxn1A/Kh+8mhrli+Zq5+RU3miDyZ0KS258lx6FeMH3rk5XflZ69GXPqlYzZWycdK56ya0R6EY30ZGeOa4G7GvLpZFG6mDNjpU2cmQo66lL52kzgba7IRjEIxfNd7E4tt5BzV83MFXyLoWGNV3YOO1c0uaOjZMIN6sZ/aiQudsZ46c1dNW1O6MY2skSxa3FNw6YI9aznUd9FoKpAkm11Uj2xRgn3PFaRqKWhnCF3a5FFra5G9MD1z0qnKUdLaF1KVlYuqYZxlGB+lafEtiY0lFakEsAXPvWMkkc1WNiqVINRdHJa4xnJrdS5Fc1jGxcs5Rt5rKdVPU6ac7aWNFGRiMcVHtbncmrFgPzzzWsY3VyOeS2Hg7qnVMhyci5bj5acpLuWou2pZjx0qeZrczb5T3/wDYZ8Lx6/8AF/U9clXMejWp2cfxuCuc/TcK7MNVjKWiPEx1SMo2X9bH3YxLsx/GvTfmePsN2jaeMUk7MnmGlPk9DRzXZW5FJnOKtai2Iz34zQ207CtfUaoOc0PzG0wIDHGOap7DUU9z87P+CuIIPwpB/wCor/7Z0RKjZbH6kAcdfyrNptkJidOKqxQqk4PeolFNg0mKGBH19KmxFhN2TSSHYQnAzV2KsICc8nrV7IpE1syx3C78bT8rfQ9ahWZL1Pyl/ap8BS/DL46+ItLK4stQnN/asBgFXycY/MfhXFPmUtD0sPOTsktDxm5UCQ1jL3tz1ecrSNxxzXPJI6L2VzLnOWPHNaQkqe5ok2hkZ2sSeBVSaZjKLHTaiIUwKxjBNmMnroim+pMema6PYKozq1taxCb0k4IP1olTsuVGLlKD2EW4QN1+tZRp2Wpp7bmaTLKTqvIzzWbgoy0OlLS5HLehuMZH0raF29TmqSQkV1LGcoGX2FaPDuexVOpzdC3FrzRfK6k/WtfY8kDpqcnQtR6ok+RjBNcKgm9dDhlCL1HE55zWOuxlGxZs2zXPUiOO5pQKTg4q4x0vc2nMtKea6oNbManoSx9a0krrQSuy5EcCuZKzNudxVmWUdVyzHCgcmm1bVmMryPtf9gfwpJpnw01jxFNhTq90yR8c7UOP57q9KjB25rWPm8Y+WVrn0uSK9BNnBfQQ4x6+uKyc0iraXI2OecZojzCUmQOdoB7dK2V3uCvIjQ+/FQ9Ga3UVqSKRjOe/eqeoK0kRuMcDrjApLcVrH51/8FcDk/Cn/uLf+2daIqJ+o4JwTnNJMh6C8D6UylqJyMnOKljshRwealktCr15rNmeojHgAU43e5pHXcTPUVpcGBI5qbAonyH/AMFIfADaj4P8OeOrOItNpzmzuyo6o2SpP48f8CrGrCX2TuwjfPynwBdOHCOP4h09K4Jy5NGe3OLjZFPoTXA3rc2joirLD1JzXQ3zI052kVJSSSo7U4ruZcyb1K7W2WG7tW+60N0o7kggVR0/OuyFWyszZ1LoctkjkZxVSkpq6MpQcldstpokDf3SfpXnz5kcekelyT+yEHCkH611UoOUdWdsK65dUObSYQOm4ismpKVrnNKfO7Fd7SKNhhRW6qSirIhKUSu+nLM2AD9az553NnL3dRw0v7MQygkj1Ncc5pv3kc/uvclT5uGHsRWXW6MGnfQ07ZAoB24ArGfvPU6qeu5eE4UACiLitGdM2nsTrIBW3J1RhzaWJ43x06mtotISbiyxG+0AkdaUoc2qFU5tx9ys13JZ2FpEZru+lWGKNepJ/wD14/GsJKS0Rnae6Vz9V/hx4Lh+HPw70Dw5CAps7ZfNI43SEZYn6kk/jXvQbUUmfMV3GU72N5mAH+Faay0ORSk9ENV+uOnWslCz1KtJbjS2BycA963sXoMcdc8U0+5rG4zGOoyKUl1K06j14ArPUh+RGy5z3rRXRdtLn51/8FcRg/Cn/uLf+2daEU3e5+oqnPbFYNsGyQpjrzSUhKXYaqgdcVTnfQpyuO+VetQJpi7lxU2dxKPUYzLg/wA6rUojJH1rRSAM4OKd77DTsc98SvA0HxR+GniTwndDd9vtXMPGdsoBKH6hsVjV5re6jelJRmpM/Ga80250LU9Q0m8jMVxZXDwsp6gqcY/Dp+FePOV3ae579Oom/dRTY7c81yyaZ3pp7lWaUk4zRGPYxmr7DFUDnFXezJhbqDAd66VI1m30IzHhetdMpRURKV0LGxB5rNNvVGju1ZluK4O70FTOrbc53BLYsxyjr3pRxChqXCPQJZCRxUqspu7G6dnoRLDvkBboO1Eq6WwSuWI1VOgAojV7md2lqSMARUVFdXMm00VXVVc8UU5JqxCjqPWcZxSlHQ7Y3S0H+aFPNccqd9RuUdixHKdw9KqE5WsmQ7R1Zdicetdii7XIbjJ3LCydM10RTsNtNWZ73+xL8LpPiF8Wp/El9CTo3hvDKWHyvN0Az7cnHXp0rKnSjUqu6ueVi6ns0foNNJ5sjMRgsa9XbY8DfUjOAf8A69aqV9BppMjkOMcf/WpPRj5k9mIHBGMZpWaZMvIGO70qvNlwuhhOSBjPpVJ8y0KumIW5696pKwthd/bHFZt6lJ33Pzq/4K5nJ+FP/cW/9s60RSSWx+oQO1cknNZvcm6Ay46GpcLjcUN8001CxKsBfcAMgU7WKDdg9c0bkiFs0rD2ELYHvRygIWpWGPhuDDPHID905oauS0fmJ/wUD8Br8PP2gjqdvbtHo3iWzS/SdUxF5+51dQ3TI2gkdfmHqDXj4il7OV11PcwE1yuLPm6Zh17VxddT6B04ziU3lDHrkVpZo5FDlegJLk4DcVa5eopJoeXyPWq5bji3bVDHkIXIGcV0Xi47nRBJasjN3gHIxWLnd2gxTnZXQ1r4qOOBXRGEpbmSqJoQak2RzWVSnKOxgqkoy0LC6mduMc+uawVOTd2dqmmiWC8d2AzWdaFl7pzuy1ZeWQtg1zxbW5i7taD2m7ZFarmlsPl5tivM5HOaHB3Noq2hW84766IQktHsHK0ixE+7kmlOdtEQnqWlkGBgiudLm1SE4X1ZbhkPTPWtacpRdjJpdCW5uHCxwW6mW7mYRRRINzM54GB35Ir0U0la5zTlyq5+pX7NHw4Hws+B/hvTpo5IdWvrZb+/jmG2RJZQJCjA8jBOMe3NbQjGC21Z4tWpCrLToeiOSD3raxg9BjscjHUVUFbcxtbchdj9a1ehpHVDiBTsrE2GsecdKlDvYbvGOTn8aSujVXGNyMdj69a0TfUTlcU5GOaNyVqfnb/wVx/5pT/3Fv8A2zqjVH2p4x+Out/DqyOoapaaXqNkHCyLbxvGyA985YYHrXxFLOKkn7y/r7z76eSYb7La+7/Ibp/7VOjXts0r6NOmFDFVk5YYzlcnngiutZw07Sj+H/BMXw85r3JL7/8AgFJP2zPA0N0Iby0v7ZTkb3UjaR2P48VpLNJRe2n9eZzf6tVlvJfj/kb9p+1H4EvSBHe8EZ5PT9Kv+1L6pX9P+HM58O14u3Mvx/yJW/ac+H6yMjanhkOGC84/SqeYySvy/h/wTP8AsCvfVr8f8iveftV/DqxPzarvJ6KvU1k825dZL+vvNf8AV6t/Mvvf+Rs6B8ctB8S2rXVlaXgtAu77Vcr5cRHs3Q9/yNT/AG1C17f195p/q3XtdSX3v/IwdS/aY8OWcs1vb3Fhf3ithIIJXbdz0yoPPIrCWdXV4L+vvNY8O1PtP+vuNSP41TXNjFNF4aKNIPl+03YiVz6LwSe/bsaqnnSlG8lZ/wBeYPhuTek19/8AwDwv9rUSfHv4aXenDRbW3l0iE3sN35xM0c27DQgY5BRcnJ6lcDnNclTNp1ZWSX6/mdlPI1hfek38v+GPzmtbuV7SPzRiTGGz6969CMVLU5W2nyoZK2eK0Um90L2bY1G21TS3G4FhXzxRCXchqxZUfLWigpbkqXQhlg3HOAKl0+R3iaxcIr3ilImRwOPauiM2c7rRlpFEaWxLE8mrcubch2ZchtWPbA9TXNKTjsHOorYuRW/ljoPyrjnOT0ZTkpLRE20kE1y6oysRsSOldMJNbGqSSInn4wTxXZGLerLTuMByc9qp+7q2Xe6sTI1ccnd6GDsmWIm3dK6IRUY6ml9C5E+AK0TicUnroeqfswjwyP2hPDD+KZljtcBrRZB8jXO7CAntwWPbkDmuiMY3TkmzgxDqcrUUj9Ubwk3UucfexxwMdq7rLseJFNPXcrvjH1qRyGEYPTmhNMWjREy9e/PWtVqaJq1hOxxTu72IsRHrgc0uu4ITHtzVq5VxmMn0qiWuwjdKEF9ND87/APgracj4U/8AcW/9s6ZcL21PWfif44ttT1STw/eK8yXCfu9vQkgjB5HqB9T7V+VqrGMU1G5+yyi5OyOG8F+M9E8F65L4T8XWj2cYKxwXOTt2Ekghh0GT1H9KutUlUSaSXoa0bwdp6Hpni7wRq91pBk07QNI8R2UwwmoRymGZlx1ccjfjGT6jPeuH281Kyaa8z2J+wrQs7p+VkfP2t/BDWtYvGNveNojRRhniv0JHJwNhi6joclV7+hx1vG046KL+Vjx3hpt3hJ/Mq2P7OOrtfwQ3HiSZozl5riztGaNRtz95mGecf/WrdY28bpO3mbxwr5vebPbfht+zD4c0B4tc8U3N1rwGZEju08pCByPlDHcD7nHGK8+pieeVlqdDhSi7Rb+dif4geNNa+JOrp4U8J232LTF/ds0S7U29sY6AAenp+KXPuxWlL3Y/edNLB4F/ZQ8Ftq+qtBqXieRD5SyfMzNjsDyBz/8ArOSCnCpUqWSOKrUlDST0/M8i+FXjjxF8Wte1j4ha/O/2WxLRadaAERLKcAYUYHA44/DFdtWlGDSZrRSnrqj0+8nlsNBeyvLg3UtzHJJcM+ACSDhdvYDjjnt1OTXHGm/a3W3/AA5ti4pU9z4J121ih1i+EG3yPOcxgdMbj09q+xoyly2SPheR8zaMdhg89a6Ypp6kOrZjN+DzTkruyK509x6scgij2TQc0JaF6GYMOac209DgnGV9B0oypA70Kd9GZKb2ZCsOB0P1rSLN4JIkij2nmqldrQua5ti2gA4xx/Oua0pMy5eUlHCnmlNO2xlzdiOWQKpxiudK4X11Kcku4EdK3ppLc2vcptMDx/OvSik0NTT0RKjAAZ6VhOCkrMSfKTo2wDHNZKmoG/LzK5IlzsI7VM3ZBKPLEsxXA4bHFTHVXRwtXehWvLqea9tLmxYi6sJBOjL1GOoB/X8K6I1JpWbRzunO+p+vXwp+LXhr4ieD/D9zD4i059Wl022e7tvtCho5mjUupHYhsj6g12QnFxV5anjVsPVhUbtod9LZS7A6gSRgfejO4Y/Ct4+8YuLW6KpIHU81na2iI+EawC4P6VSuTqyNjxn3qlKzsaIY2UbgE1okr3LtYQ8Z/rWhA1l9uKNgeox244NIk/O//grd/wA0p/7i3/tnVGsTG8E68fHnj6J52kGxS6sw3KR2HtgmvzevTpYendJ3+R+zYSr7WXMz2/4l/CWH4leE0+xMqatap+6kHU+34nr/AI15eHqXev4nfiKTqxvB6nzx4N+Ovjv4D6yNLvQ8ljGxX7LcElTg/wAJIPHXt+FenHCUZ+8v0PNp1atP3ai++571pP7YHgfxBYxvrfhlY75upgwpc/h1/GvMnhanNpax3QqSf8OR6Z4J1jw34/0y51+fwxdafZWjKI3uLltk569Bjdyec+orKcnH3FY3VSbXKzg/i/8AHe10UytIyvCrFETbtXHTHH+eldGHw/tHtZmEq1Gi7SevyPKNF/bC0zwxaSjTdBdb+QELPGuBweOSf1rtqYGomm3p/XkYTx0Yxf8AX6nz78QfHniP4z+NbP7XNvuLmVYILcZ4ycD/AD78V6dGlTw9Nz30PGlVliqqsz7e0DwzB4C8OaL4WtgkY0+IPdsnWSZgDk+h/XuT2r52pUlUm+h9JRpTil2MTx/fOmiX04YiRYyqMOgJHGfQf/Wrownx8sjmzCpy0rL+tUfGWuJ9mmjIJOV5+pr7CMeV2R8Kqrj1MdmDHNbNMjniyCZR2pLcco30ATeUBnkVqouegfDsTw3AyDnilKL2M3OKWrLYuMjJ+lc/Jy6kqC+ImjdWXrQproieaV9B2Qpra7ZurtEnmDA5qrqwrSIJrgjo1CS2kTKNkU5bkSdTS9muiFGNtSpJd87VNaKnG2qOSVWV7CLEz4ORzUucUdaoS5ea5dRisYBPSuOVRt6M0hZL3gNwq8ZFbqWiuh+2SdkORvNcc0SatqjVz5o2GajqItIxGmXlboBVwcUrs43Jwlsa3h6zdbcGbBd+WrjlJSqWRvBc+rG67oVzZSi806SaMHqkTHg9iAKpwbla+h1zjFpaXPT/AIPftQfEP4aXNsbPxFcXVlEcSafe/vUYDqOeldHPUppcjOKpQpVFaat9yP0j+Dvxg0v44eBodfs1W0v48R3doD9xumR/snkj8QeRXfTqc+tvuPmcTQ9hK1ztuCvqa1s7nDZ3IifmqnZdDTbYRzwe1O+hafciznr0p3YmuwM2RV2EkQg7s56Ur30BJXPzy/4K3H/klIH/AFFf/bOmlYpKxyHwGsc+Ir4h3zBCoRlHQnP+frX5zjatkoyX9aH7Hg8M4LSR9D+C473wzqBkbVokt2IOyQ5OK8eVk/dTPWpqUdNDuPFXgLwj8T9N8nVkhZ3+bzowA2fUmsqWKrU5NJP8Sp0+fSSOB8MfsgeGdE16K9v9SN3plqxYW7E/PnkduD+YrSpjZW5YrU5o0I05e6dH8X/iJaaDoUun2GyxsoEWOKKNdqqo7D/P51GFjKpVi5rQmvU9lG99T4c8ceJW8R6oHExkhjfIBJ6gHn8q+xpwhG3Kj5mrKVWfNI5K8vBZwNJJjj7qgdT6V1zSkkiZ+8rH05+x98DydSg8feIrTESHNjC4+9wcOB6Z4z+XrXzmMxcWvZQex7eCwypR55R19PQ9TGsf2pq+qXmMfarlmAHACj5QPpgV5/LKUeZnuRqJqyOd+Jyg+C9SVt210GdrYI5/ya7cDCVSpp/W54mapundf1qj5P8AGNmIZIdh+XH0r7DaR8DGN/iZyE8jRkjHSupJWuZv3XoRLcljg1PK3sUqkrkxKydT0pRbR1xs9yFyY2x27VrzKW5yVYLceLxlx6UezTWpUZ2VmWY9QUda5HTbehSmloTf2ip6Gt40WkdHNpdEM+okjAwafsranP7ScdWVJLpm4BPPpVrl6mLqc4w7yADn3qdEbRaSswjjwRzz71LbZzez5pFwTCIc9qydNSPXk1TgRi58wnHArP2Ki7s82nVjVlZjo03HJFaq2x0SjBaDri7S3jYk4NaRg5PbQynJRXusXQbJrp1uZeecLnmprxuuVIqEXO0pHW2riIADqK872Tjrc7uWyua9uyXKhHUMpxkMM/pWcpu9mNNSjynKTQro2vzRj5YmIZVA4we3867eaKj3MJJt2Z9efsM/Eux8Ia74n0rU3eO0vUjljZIiQNo+YnHQfMOfY1jTxMKOutjnxOAnjHeKV/68j7kstWsNRUPZXaSg/wADHaw/Cu+jjqNVaSX3r/M8WrgMRR+OD+5/5FiSN1Ybo2Qdc16ClFrQ8x8y0ZExy3t6VpFpgrjBgcihobk0JnOajULtjWHHpRHcI3TPzw/4K3dPhT/3Ff8A2zrY0Rj/AAQim+xXc+8gNKRgYx/nIr81xs6ct1r/AMMft+EcVCzep6++mfbV3SAyYGcV5iq21SPQitDpPAvhC+1C5aW7uHtNIhXiNcZY449x/npXJVnJu60KUZPc2/HPjuPS7Iw2hCQxjGWOMKF49fSt8NSjV1erOebjBas+Jvij8VrjxZq95bQXDfY1Cq5CjDHOeDX02Gw0KejR85XqKp1uecSziGMkHag5616ah7NaHC6clsz279lz4F2HxHuZvFfiyAz6BYnbBbsxVZpOuTjBOMH1HrnpXkYzESinCD16np4TCSk1OofXzaoI9PaGySO1tokZYo0QAJ6Yr5u15an0l1blseLabrLqyxkFZAxBPqc11Km2rXuZ8tnojQ8TBNT8MXwMfmuIW4/X+ldOCm6VTT+tzzMxi3S/ruj5Q8TyQ3unQXKYK7RjI5r7R+9Zp/gfny5Yy1OMuFVgTXXGDsTWjzfAii4HanB2djgtJMj8xk5BrZxTNVKUQN3u61g6dthus1uSQuj9elN3eiNYzU9R7KhPBwKl80Nyp2a0Dy17NTVR9TFKXcVVRfvHNRJyZSdn72pIXiTkYz7VKjJm0oJaoZJPuGBV2s9SHLuR7nNTuZc7b0HiNpDzQnyspynLcsQW5QHNJu5pTpqCu0Es3kqTxxShTbkZ1JyWqKlpZy6pOzSY8hD06FjVVavsVZCpQlVfNM6eDEMahFCgCuVVOdXkz1qfKtLDmuypxnNKXKludl1bY1tIuCGAPNebKLk7mFO3MzJ8WAf2pDMhCuF+bJ6120npZmrXVHZeBvF+q+FbqLU9LePz1TZtmXIIJBP+eepqK1GNRWtYzo15Qldneal8cvFGrTB1v5rNlxgwNtI/SvJWCUHeL1/rzPWnioV42kl93/AOo8OftU/E3w9NH5XiRtRs1YE2d/bxOrDPTOzI/AivRhXr0bPdfI8TE4LD1VpFI9Oj/bb8RxmK4uvCenXcPWSK2ndHI9skivRp46Mvs2/r0PLjk6lqqn4f8E9E0H9tDwNqlosmpWV7odzkBoCPNwfqO31xWk8dGP8AX/AOWrlNWOkNf69T0Twv8aPAXjFkj03xVY/aWGfIuHEbfqa64YmlNLXc8qdCpQdpo7OeGSDBIyjch15U/Q11qz1RlzI/Oz/grZ/zSn/uK/8AtnVFIX4JWTR+F4pm6SyE8jvkg1+W4tyqSP23C0ko3TPcfCmlHVGf5dkKj/WjB/L/AD615U24HqTmqcVY6LxJraadZG1hY4jX156c1FOMpv3jLVq9z5S/aA8cyyaY1nazSQSOdvGMjI5/mfx9a+rwVBN6L+tT57FVlN8kZfgfPjBUjK53MTksepNemocs7s5EkoWuFhpcmuapYabApea8uUgUAZ+8cVVWu1F+RlTpudRH6FafpVr8PvAei6FaEKLaBUc8DL45J/Wvha85yquSR9hTSjBJDP7TkaIAH5ec4qablOWxcnbc8evZn03VrqLfgpLuUN6HpXeqdtJKxjzJam4+rD+y7hvMCgxspyfUdK0o0rVPdOLFxbp3PlW5bbDd2jMxSOV/LJGMjJwQPSvtKdO0U2fnU4y59tDmHO7Ck4PSu1TdjusmrXIHT3qlNdThnBXImANbx1Malo6IrvES/AyKPIwkk9xPLYEUJNamHLZ6D0Ug0N3OmEtSQZNJux083YPLOM55rHn1sY1HdaChM/Wr5kTGzRPFbkgE9KwleTNlF7snW278ilZdxpcjuiZIwDyOlNJWujrVaEtGiO6lECZ6e9ZrVkV5U4RukUoIZNRk5yIweT61q2oIyoUnXN23tVgXAA/CvPaUrtnqxoxirErPhaqMYtWKjGO42MbiSfWlGmm9TV2saemZEufQVFSMVsYuyd0Y/imcyaoi442jJ/GqppxVzknWne0UdbpRUWcYGBxSlNN+8dUYOWpccbeQa15ludfs4wV7jVmKkZOa00kjllLqzYt799ow5zXDNuDdhpp7kl1fZgIfDAjGCOtccoubvI0d7WiYrsxYsjbHAwjodpX0xirjKSasYSotrU+hv2av2u7zwPfxeFPG9zJe6PO2y2vJ2JMPsWJ+707ccnpmvcoVpqylqeLisA5e9Hf+vM5L/gq3rGleINO+EeoaNqEOo2Uw1YrJCwbH/HnwfQ+1eqnfU8OVOdKVpnWfB3w/cah4U0uGIiNPL8ySTgBV6kn/AB/OvyOvUal2P3ihRcYJyOz8TfHTwx4GlXRLCdJJ1YJJIRxk5z/n3FVTw6rq8tTGcqKnr+pma144tdW0R7+AlYjklz6c5/lW1PDupK0TetWUY3gfHnjzXD4g8QXEu5fKjlYIo64r6OjCUVZM+JrTlOXM0c9nJ9q7ZR01M1c9c/Zf8KN4h+JrahJg2Ojx+dgr1kyMf0/WvGx9TkhaO57GApP2l2v60PqLxdcC6G9nwAxY7jxXzkZO+p9O01uYBuHMQRW6YreM4xZEndHnfjq2kt9ZS6BxHcqEJHYqAP8AP0r04NTVzhc23yGJe37vpjxuS47g1HL794nHi/dp2PFfFVhPDdTXFuzPk/NGegHt+FfWYesnaLR8BilWi+ZPT5HJicyNuxyeteg4p7HHCrOeliUPkc1EqdtTe0kJIhPSqpyJlG5EQVatZTQlFpXHFemKzU09Bcyb1EVAT0om2tiWlfQmFvx1zWXtTsUYqN7iCLB9ayvfU5JRcixDb46rniom2lodDpOCuTBMH0FEeZ7msU7ak7MoUdqlS1sYSd2U57xIc1vG61sRLRXRVSGXUDlhti9PWjnsOjB1ZWm9DThjWEAABcccVxy5nK59BShGmrIshuvPNU/e0NZIhYktgdKTly6GDumTxZPHam6lkZSkjW0/gZrJOMnqaxSlFHP6yTPrBwQRwOe1bxcYq5xtcsrHW6YoS3QdsVxP3ndncqfLsWpp85AGBWraWtgm7qxXidmkGORUyrSa0OFRu9DUhbyxz1NZRk3ud0eW1iK7uCSMdBSauL2qjKyREpdjkKTVum7XN3V0ItS0972AA25ZlO4ErnBojJpWZ5uIqq3unmHxujv4IdCiupHa3HntEjH5VJ8vcQOg4Cfl7CvWwN/e07Hh467UJPz/AEPtX4k+M4vhF4Gg8P2DoupT24hlYPtPI+hxjjr6fhXwlCh7SpzSZ+pYrEOmuWJ85eH7a78WeIvJeZvMmYs8g+YgE54Ne7XmqdPRHz2HwzrVeY9V+MOqDwd4Lg0yzTbLMgBQnBPGCSOvTmvIwSdSTk9P6Z7OMm4x5Ez56GVB3HLHluc5NfSUo8rPDg5R3ZJAcPu9ATzU1qltBye1j63/AGaPDb+GPhzLqUwj+1arOx3EYIjHTH6/pXyONre0qcsWfU4G9OKcv62Og8XXkrr5MZG1gc4rGnA9KpU51axR85vsikfeAHyj6UpcsJEO0Y2Oc16H+07JrbY3mLlo1X1xXdS1d0efKUm3yHnn9o7oZYpBtkjYxuvoRXbFKTsjhrTlyuM1qcNr0iidxnlq9GGjsz5OtDmlqcjfaEkkhlgcxMeq9jXsU6jjozkeG6wM2W3uLcfvYycd0Ga9JJNXMKsJwWo2O4DDoQfRhiseXscymPcqfas2k9zZNvcN2BUJpMOWIq8kCqciXG+iJQCKz0BU5Reo8cEVNjSUvZ2ZYDjNUnZWOmpUU1oRy3Kxj1NOMbnPKpKEbsqvLPcnbGjA1pycrujmU5VtEiWDRipD3DFm/unpWdWo7WPVpYN2vJmkSqABentXBFTvqdc6aitCNyGbPNRKpJStccfdWopO7GK0jJJXNVZoXb3ol7+qMpJsmThs9PrWLvEys9jX08/uyaiKu7s2jZJXOT1GTGryY7N1rttaJxTcVUukdpZsVt4wDk4FckZ6nZzVJakkp9acpO9iHeQ+0OXrmbsVGOlmW3mCjrk1rBKSuieWMdipLckGleTdrmPvR1Re0uXcoYmuuKcoWOmhOU9DahnVBnPWuR02nqdXK1e55D+0XMJV8OgdF+0f+0q9jAXtJPy/U+czaKjyfP8AQ6vxr4qm8Za/dazdAlXPy7+oUdP/ANXvXhwouk7J6H0tWtKq22j1D4A+GorHR9S8b6vJ5GkxDCK3Bfb1H+TXBi+as/ZxPYwbWGp+0kzzD4nfEA/EbxhcakY5EtFJjhVsYAXIz+P9a9PDYVUo2TueLiMWq9TmcWcsvz/Suv4NxrU2NC0Q63qNlZI/lm4nSPI9z0rlxNSEKcmkTTadWK8z7bsLFLDRrLT4Aqx20QjHbnHP618PKSlNySPu6VnTXoct4nvRHMqLuY9C2OK7qV1E5Z8zdtivZSrJaszZLkYxUSg5SN0nKNrmTeyG3l3NkOpB+tddO2xyyhG+jPP/ABxZGfUZNWsogolCrcRrwSw/i9+ABXrYZQ5tTycVRqL3oO55pqtwJrgn+L07iu+dm9Dxr30Zml9uSea0TcVqyOaKdhVlBxxXSqmhV7kU9jBc8vGC3rjFSq9tjlnQhMpS6GW/1cu0ejc1sqzvdnO8JJPRldtHuYzxJG49ORWqqxetjmqYWqndNCDTrtWxsQ+4Y/4UOpFsSo1f6/4YeLSccFVz9TWcpq9kdChNL3kKbScnnAo5rGFSlKfQVbCZuWfaPaidaMdLGkcLJrVk0ViqjJO5vUisva9jZUbKzLMUax9uapYi3unTTp+z2Fkbcef0rBTberOzVjGx260tdrmU0M8tjWfIr7kJJoljG1cEUppbJm0YKwqkducVrFPl0JcbMGJPbmmoXd2LkNfTiVh9RUyj2MakJNnJ6gB/acjHkO1dsLOOhz+xi3udnYybbaIjptryZx5ZbnR7Nw0JZnyuelS9S2rK4sLYUmtIwur3OeVpIYXOfU+tFrPczjSciOR+gNbci3R1xhyov2MvljvWUqqpO7M6ckp3LEup7Rg5/CnzOqrpHVOopaWPKPjfci4/sXGfl8/r/wBs69LL4uPNfy/U+ezVWVP5/odz4I8LX/xT8TDSNPXFohH2m45CImecke34nt6jx8ViFh436n1OGpOcrdD0H43+O7Kw0+z8FaHI50/TF8uRkYZlfbwWwR79OnGPWufCNzfNOP4G2Kan+7puyPF4VKRKpAXA+76V76ilseb7NRVi3ax5xkZz2rkqyV7EKXRnpPwUshffEfSlAQRW+6Z89sKcfrXiYuS5T0MHh+aomz6inuAWfaMAnIrw3GC1Psad4Rscb4lmDTBVUnHf1NbpXWjOOq7S3DSpQsWfvMTkD0rGXNfQ3pyvoZ/i6GQwfabdS+OCFrXDyvLUxrpw96KueayauZ/NJ+XBKlTX0EYJK6R48sVJy20OG8SJG1958abWbO7ng12UqdlzSPLqOLneJz8jkMeOKyb5mQqakxglFbXdjf2SQ77RlwOgp6W90ynT5SRpVHAPNdEaTtdnLFTvZiiQdetactzp5dBwlzxWEk4vQhJLURpAfSk431RLqRQ1iC3PFOKutSm7rRCMwPHQVEk5Gb8iIyLj5aiF72YRvfUaZeelXKk90dA3lz0rN3W5nOTS0HIpB5zTi5Ngk2tSeFS2AazknFnM7xkWlgj25zk1iptM35lbRiBFXoBXU6j5fdJcm+pFMgLY/SlTqtOzHGo9mX7I4j2+1E6vYmdS+hx2oq39oTAnkSY/lXfSd6ex5zm0zsNMm3WsajsOteZKOt2ejGTloyy2ee9VFKOrOlJLccX2RY6fSr51L3UjncU2QrLl6t01Y2UVGNxxO5galSUdCOhYWTaAMis5QU2cvLZ3EZ99axg4rRnUnpc81+M8QjXRjnr53/tOvSwV/ev5fqfPZo23C/n+h9S+JNX0j4DeBj4W0ORG1i4UfbLhGyxbGGOR+I/lxzXyUqbr1P3jPvsViKOHjyU1r8j5uecz3ks8jNJNI2Wd+pP+QK+hp0oxSseNGUZaosJ8xz1rSTsJ6vUv2cZZgfSvNqbmLp9j3r9nvQY4dPvdWm/1kx8uI7ei4IOD+FeDjG07XPqcDRcFeS/rU9WkuCWIyM47d64PZ3Vz2HGdro5fWGMkxz09BW9KNtDmlFbvcfa4iiDBsEdeKpxbumJN7WK93dm4QjHGOBSp01Td2NybTieUePbU6dercQKQHUl17bq9vC1uZaniYikoSucddTfbYAWGGIzXVKrLax58px6IyHh54p07NmUdXcrPEckYrvUY2B8wwQkVPKlsJyfUaQw9aF7S25GrDzGA4qFKcXdlrzDcT60e111M3ZChyg6da0vpdE8ieonmEtnFZy12NlZIU7ifQVcE1uRa7Dy+M0rK+hD0Y8R4wRVts6b6CpyetZVEmYS3JEXexA4q4KyNOZW0LUSGP/69cVR3kTZN6of396mKu7A6a6CEc1s4WWhDpW6jGAHOOazUNSo00tS7a42gk4rGaaZnyXlc4vVgE1O4wcAtwTXvYbWB5FeHs53udLocgNlHg5wOo7159XRnsUneJrKea52azTK17NjAHBpaR1MLNdCsCwHJ570lUcxqd9CxCzbCf1q+VsuOug5JS2c0bMTRPFnHtWkprlsKUtLHnHxnJP8AY/8A22/9kr0Mv+18v1PnMx3j8/0O08Ua7c6vrM9xdcFu7da8uNJPZH1NWpGpK81qYRjDnIxivQirI51o9C3bRZIArmlOSZT3Neytmubq3tlzuncRgL15rlxEvdujspcrny2PqvwZo6eHvDdjZLGqMkQzjrXzNSTk7vc+xjTVOO5JLcZmLLnA6VKk0rMrnaRjamzb8jnJ5reEonLJ32GwNI0eGIA7VE97hTk27MjmkWJf5Cs3e1ypxtqcn4qhivbORWPzevpXZhm1qebUip3uzy+4tzEzLjpkZr2JVUfPVYSi7IzZY9rdOKINrUqCcVdkBQD3rpdVinJtXRG8RIz6U4T5tyE29xjQ5QGtlUtoh6JkbQgrgdfWs6s3sDZGE2mueN2xqz6EjKdorujsDTWxEqbWBPSkmrglfceMB/Wid7aGcnbRCmUE/KAKUUrXNIR7gqE4z0q7q2pU5KJKLfPPSsObU5VUfYsW8IHt60pytqjZOxNICTx0rlUrltdRFAzQm0zTm0B07iuqM+5lzpuzI+SelbrlauaNpK5ctANuT1rzqzfNoYX1ujjdcgKavOMYXORXtYWS5bHj1+epL3loanhyfEATPSuXEL3tD0MNL3bHRRN5hJ7Vxy912OtybepSuTunYZ7dKbtbUftFZojwxPsKUFFM5oq7LbMscQHGSK6vi2KinGRHAd2QOnrWE42ZrJX2LgcKOeKhu+hHIzzL4wy+Y2lYOQPNx/45Xr4D7Xy/U8DNFZw+f6G3IS85zwM1EYaHqqLdT3ncspH2FZSlynpOEbFy2jKnJGa4p1LnHK17M7v4XaP/AGt4nhHlIUiBdnJ5U9RiuGvUtA9rBQi5c2/9M+jYnJB2/NgZya+Xc22fUKSejKM7i3+8i5ILE/j/APrrpgudBNpK5zN/IXmyCcDoCa6vZ7HA3d6F6CQGNcDnFEolpOOpS1BS4P0PSmo2HNylGxy+oMGQxngmuuEH0OCpDlVjk9VslwxC9B6V2OKaOT2bktTkrwFXNVCXSxwO2yK3SuhpdR2VhpPHJxTjFrU521ew13AGAauW90U0mRY+Wqi47yFJPoQudpxiqi03ojSCuBYgVvboauwY3CofumMvIVEGeam8pbGdr6j/ACDkAfjWkI23KUkty0tuGGc1y1JWZzTnd2RMIDgZFYxlzbHSoRcbdRyRbDRd9TnVOaFduKR1x2sRc9RTjZastRuNYnaBUSqRnojGXLB6iDjFbRTtoS/e2L1qMr+FSlrqZSfKjlfFIMesMOCCgOa9Klv7qOKtUd7NDdFk2uwFTVjfU2w/odPbTYi/pXnWuekklqyq8oeduOSetWtXZnO5RfQXOBitPZPoSoPdDJXz8pNaKm+5V9dSa2wv0qKlo7kSTvdD7iU8Beh9azi1J7Fe0lHZHnPxYUquk5Oc+b/7JXr4JJc1jwM0bk4N+f6HSqoLDgZrO9kfROMVK5dihIP41xzT3Zru7l2BDn9axUYy3JrJTPXPhJbiCznmlC5djgDr145/P868XFQ97lUj2MG5wjZnqljdNLhQ+0Yryp0+Q9mN3K7K2qyBI/myK6qW2gq8U1c5iS6WSQgEDFdDTirs5oO+xoWm9U4Xdmo9pCeh0ws9xbtCisT9ODVc/LoZv4rI4nXo2gmBLHnnBrqozVmeTi4yv7xhXz+bER0rZPm6HHKDa0OKvyftDZ6CuuNNqNzm5uXQqEn1wKFZkNNjTk+5q23DYw2eorAda6Ir3TdPUhIyaiV4lyulcUxFh2qG7owUk2IsWK6IwSjfqaNExQZAArkd+ZmcuboOW1IYZ6VftORbDU7rUsJDg9MU3NtCs5IlCBR0rJxZyyi72Q4tkAAcilBOL1OmDlH4iNl3Nz09q6ZRjNGjk+jGMQw4rz3FxkUm7CIATzzW8YrqVD3txr9znihwSd0aOjfYYFJPpVXsjDlcb3LlsccfrUXsjnlFy2MPxTEGuYpVA+7tJHeu/Ct7hUpaaIyrHCXIPTjFd82uUxp0pRlc6Wzb93jivBlNRZ2rR6kO3bcHniqbuZuzdkTMB2rppm8Loq7t0+fStm0y3uWVcL3rmnBy2IkIDlt1ZezcWjJy5Vdnn/xWnE39lgfw+b/7JXtYSHJf5Hz2ZyUuRrz/AEOtgjyQO1eVVm+h9MmmjRiQHmn7TmVjFzuWooyzIo6uQv51g5Km7kQeup7B4LLW2lwQFfLYenQ15dR3lzbn0FKpUasnod7YBkwfbqa8yrJKVjt9rKK1MrWbo7Dlj1POeTXo09Y6ImdV1o8rOT+3kTHGAM9c1c6amtTjpxdNtRZ0mg3zN8rfMpFePXpWd0d1KLWrNW8tgqMWPHpWdOd/dNm76nG65ELo7lBwBgZr0qasclZRnZyOUuE+Rx6A11wlrYwnyxhdHE6hIJJMkc16tObasjw1aTuVegqYxs9Ru62EraaUthWYhHFEZO1ikxAmRmonK+ho7SVhx+TB61UJ2WpjGmkNjBcZA6+opTrX0QrNPUtxQAY/vGueU9DOUruzJHQgj2rKcr6kaJ6MXPek6jOxTi0N35PFdV00Q1rcVdo71bemhotVqNPPepv1HyIauCSufxq1Dm1ZlbldxflBx+tZNpOxbStcQgFTn9KaYlJ7IYBgc1MnZmlmtyxAMDNCXMc05WZneIYS8COGPynJAFaUbJ2OaXvvc5+I/vl+vWu6WxrGXKtDoLRvk61xToQlqyLu1xsuUlZs8HpV+yio3RvSXVkivlM98VtBWidmj2IkHzmsmrMEkLK/4VUbrUhsrvcEYVTxSk03dnLWd0cP8TR8umH183/2Su/Bu7lby/U+czCDioPvf9Dtohg5NebUjKXQ+rio7F6JuhxWMYSJ9ilqbfh60a91WFf7o3YrCrNRFSquNS1j2nQdHWOIM83zY4AFePKpLdbH1So88btnTyTxxWzAtgKoO72rnhFTmmxKHKcD4i1AKXKNwDxmvYhC+kWcFSouZnNw3u98uRW8qLiczt8Rt6bqQikXbJ3zXDXi0r2N6deS0vodpaXqX8S92PUHvmvLXNu0elF3VzK1q2ETZ9u1d9Bc6M66547HC6snkGVgMBq9CMUtOp5M4vlsjz68x5zDsDXXycp43I4Mr+bzjFSpJs0tzhuyM1vsbJBk/hQ27ak7k0cbSYwKmKi9zBX5rEyQANk84rJxb2ZpPmehOqLtxihe7ocjbiyNm2EnqKUoORXxFNpw8vBzio9nK2ptGHKiweQCBmhRdtRRk9hyAgGnCz0OlTS0Gk9uua6EuTUrmBxwB3rPm5mZ8z3EC7c54reDurAppiqhYZ7mueW4SehGxKn2renG61JpLqIDmuea943c23YlQsOBWkbrVCcUMvojLbMCecVHNyu7M3C+jOUKGNgSee+K9qnZxucThKnubVo+6JSDkVy1Vod/J7tx16Tt44rCMWlqctWUox90hjmCg80ctjtw8lKOpLCxIJqeexq0kyvcTYQnpitYy5jOatG6GWcTMrySMcds0qkb7GcIuXxM474msD/ZoHbzf/ZK7sCmua/l+p4ecpR9ml5/od/GBJXnylK9j13JR2J415FYuo0XzNrU67whGFn3A4kJ6+1cdaHMrmlCPNLRnq2mz/Z4AzEZ7A15fLY92NZx0Keva+RA+XAA4yKulRbkmROq5waSPPNX1Xz5clyVHbNe9dU42Wp4VRSm7Mx31Uqw2kY71C556lRjZFiy8RiGUB2wM9jxSlG8feRUMVGErSZ1mk+Mo43G7d8vPy85rgqRurRR68MXBbM7BPEFpq9sNqeaWXlhXHGTp7o3jP29zlfF+nstiHhznP3e59K76daMnY4q9F0le55PJL5074YcHmu+TU1oea4cysxPLP4Vzq0XoZqnyDliPQAk+g5ro5nLYxlOzLlvp77d7Dj0olK71MalWL0Rb2BAOn4VnGLk9CIXTuRNgkY4NaN8uh1JvdhJbSRweYXznt0FXCqm7My9quazRQnuP3LHuBW6tfQ1916mTYzjzduM55NKrF7kKstrG8jAJ6Vh7rXmdScegvDDvzXHC6kPkEVeeRjFdkpXVkRP3ReActk0+SyBNPcXKOciqs4rcVlHVCPjqKxbFdvSwwjd9a1g7GiSiN2kHmp5Yt6s2jFNXJVwOa15Y9DCrFvYlkXdETjtXI9xwv1OR1GPy5nXGMHmvaoJ8upGIUXqWdMk3RgZxXPVnymUKjSLU65jJzmuaE3OVmaytURnq/J4xXU43JprlJ45CO/FCgjpu+ohXzH3Ht2rojorEp3Yp6YosjTnt0OJ+JS7f7O/7af+y1vh+p81nDbcG/P9D0GNgnBNeRzRR6nJ2LUBBYH3pNQktwkmzsvD0kdqqyZG7HHNck4OWiZ6VCly6pm7J4gfAAdaiOHOmdZx2ZiarqjyKV3Db14rd0uRaI4atarye6zm7i5Yls0lF7s5oTk/iKwVmIHTPetvhWjG+ZaliDTHuRuQEjPWkqi2kVClze9YvWmk3cJzErO3QKBXPKtGMhui73Wh6T4I8N6hgRzQMGY7j2GK8nF1b7Hv5fBrWaPWtO8BR3VsYpY5CGyN3GcY7cV5Ma86WsT35UKE17yZ5f46+AGjaddyX9veX1rI7EmEFSpP5V61LG1m9vwPBr4KnSTmjzS68OW1o5AmaXB4JGM16sJSnrI+bdWTfLYW2tILYg7Vz7962fuPQ5qlJ7sluZkMO0AevSkppO6MIQcXsY88vOAPxrq5lKN+p3qm2rlV3LNgce9VSpRnugcuRWG3DsI9vmuw9CadSio7GEbTlaxQuF/ctzzWcIpS1Ol0+SNyjpUW+6YkcCt6srLQ5IRlJ3SN7jgYrzjrSktx5A4xWkYrqdKbSAsd2MYrPZ6GbbkB4StJOTj5g1oMUgfj2rNSdrSIv0FxUu25nLmWqGsAeB+lCs9hqpfRi43H09q10SOqNRJajgNuMkVSmrETk5K8USl8HrxWHOupxxdRswddjQOXwcv3rvw8qkmVUp82jM6xmEUhXqO1dE43WoU5cvumo5DxHHpXAoe9qdCbWxkTMwcjJHtXoJ2Whzz577j7dmdiMHHrUyZpBd2Wu1cspTWxd0mSRAHPPNXBuW7LbbOM+KKbBpfOc+b/AOyV6GFesl6fqfPZs7+z+f6HcnG7PWvHk4bI91T1LCcjk8U40uZBa7NWyvGSNVGcAY9qpqMI2ZpKU47GlB5hyzHg+tY3926YlzyV5IqXlwSSM5FEKvOuVmMJu/KyhHukmVQCzE44rGrzpGqhqdPoujfaH/eRYAxyRXMpySu2dtKHtJWZ1tpooUBIYi57gVnOo3G7Z6TpRtaKOx0HwhLKQFtWeQ9MDp9a4HV0uaUqTk7OP4HsPhbwK1sgMiKmQCSx9e1ebWqylsezGEaatY6a/ubLw1aSSHBdQcdMfSuCLdR2JnW5Oh8xfFPxbqPiHVHDSGG2B+WPA59zX02Foyjqz53GV5z3PNrt1LAZ6ete/TR4iTvoZt5PhsA/lV1FzuyRg1OUrDWYlBn0rjUdROLvoVJOc4rqjaK3OpK0SuOHNddGXU46m5FcHJHHHrWlSabJor3r3KdxgIT2xXIk3K53S1WrGaKBIrk5HPWqq36CoNJGsU28CuVb6mk1pdAA+R0rrfK1oZU5yekkPLZPPJqfZG2gvVOlc/M4smUrIYABWUpczOfnuxGx3pxjfQvlcyEBjntVcvIQouD1ET5eh5961iubc3UVImQYXDdaU4WRo04qwpcYwRWPJ3OW0lqihq8JltyV5xXoUpJLQpNt6nOIQsqkV1Sd0ZScabutTZRsQgnoRXJo3Y7YNTjcyr1hvOOtdMY23OatJbElmu2M5PXmtXyNBTVluWUO7B61ztLoHJZ3LsKEcgCsHFy20NXUscP8VeRpWf8Apr/7JXdg4uLlfy/U8LN3zKm7d/0O7jjH1rw/ZyWrPQu29R6xgtj34rphWVOPvHoXSR02kQRxW43AHnPNRKoqhtBJq8ifUrpI4iQAOOgrNw00Bycloc7GXmnwoLu3RR1rCK5Hdnn0aEpVDqvDPhG+ncytC4bqBtNOpVj3PVhhZOVj0jw74Ev7mT54jHGMdBzj1615tXExfwo9bD4NrWTPVvCHwsd1jnnMYXhuSRkds+v0ry6mIlUTUGj16VCKV5HoejeHbTSo40X96y8kkcZrgcp23CUlD4UaGp6pFZ4V8quP4e9TDmnoSpc2rPM/Gfie3NvLG3IcYx0rqoUU5amdXlirtnz14jvlnupWDFhmvq6a5VY+UxMlN6M4+6uFDHqMV0RbjqcUXyuxQmmQNkn86p1lczndvQaZwV74rOTVrow5JJ3uRiTeeKIPmOlT0sPSAhdzdxmvQpxajc5ar1M68bPA4qJ6rQ1pU7q6Kl0m2LO7NFOSa2HWk4JE+jxlbX0JbNROTY6UWkaQXPXrXK3qdHM0Lsx0OTWtN871Ba6iFf8A9dbym0yXKzBeFxXLU12JtzPcbwQc1io21C1mRO2TwK3hI1UuTWwId3PTFW05amc5c+oH5myD0qLuJpCViVXVeTS9rfQ0lNbMY7qx+U0pKVjJpbobKRsZcZyK1pJp6gonM3MKxTMCRxzxXoQTkYOEOpbt5gbZs+hxWEoPnTRcfcV0Z07CQ9Oc10qTtYmU4zJwoZVHSla5FNNysixAuAFrG9pWOpprRmogOBgdqmq7axZy1Iyv7pwXxY/5hf8A21/9krtwTbUrnjZm21TT8/0O+Qfr2rzqrSVkfQSgizaR+ZcRoBuZj0riWsve2MnGc37p04tTaw/PhcDtzWslD7J6Hs5RjZoy7bR9U8TXaQWFtNKGY7pFxtTHqeP8awliI01ds6KNCpNWSPX/AIefAu8WRJp9js4wTt5X1/z7V5FbHxl/X/BO+jg3GV5XPcdA+E8NgkYnYYUZJ4IH8u1eTPFSb0PU9hFWOvhs9L0OI7QGAGSCAaxnUlLS51KF1bYzpfEJnOTF5Sg8A+lSoKPU61Tila5VuvFMcCEiQKRxVLR2RlOMI6nIax4rjurhEabP8QZSa66UXG7aPExOMhTdkjitdn+1O7M+F5Az/OuinCz5j52eOlPR/wBfieX63bKk4Xd97JNerRlKUtjjc3BXZgyaM0xYxurjPTvXoJa6nI6vUqzaM8aZcLx15rqiqL/pC9spPQzbqJYSAOponSSWhslKWpWwyNuB/CrhGFrIl3SJJpJkKgEAd+KGnHS5xqTlIz7pjJOoxxwai/JozupyeyI7pdynHHpiuiPKlcKkXUaRd09AkCgmuaXLc7OVRjZFvqOOtZOMXqc/vJgMr16Vle2xpzNkbSYPWt1NNamLTW4hGw9c0S5WtB09XuKeRmslbYtt82gxuO+M03KEEdkUmrMjB5rpo2mrkuMUOBwMYqnTTM9BrHJI9K5XGPNZEPV6jQMnrXS4pqx1RUEgL7Tzg1jJ8isjGc1Ex9bgClZhgZ4Nb0qjkrHI5J6ooxTHaV7V18ttWRzyIFJMvFb2jynLeUqmjLSbncAdBWN1E7r8nqXoVII5rmm1a5onLqX1JHTNc8Hd6hzSjqcF8VgcaUT383/2SvYwySvY8PNXzezb8/0NuT4haOiny7ne3bMbj+leZLC1n9n8V/md8sdh5L4/wf8Akdn8OfF3gCOf7T4g8Uw2Mu4HAtLqQgd8bYiK5p4XE8toQ/Ff5nVQx2Cgryqa+j/yPZovip8AJLZYrzxe1wQCoP8AZd4duee8Pr65rw3gM1c/g0/xL/M92nnGWW/eVPwl/kddpn7TnwF0KGOKx11FRBgA6Zdn/wBpVMsrzCX2PxX+Zcc6y2n8NX8Jf5Gk37Zvwhix5XiUemBpl0uP/IVc8ckx/NeUPxX+Zqs9y7rW/CX+RQuP20fhhkmPxI5z2Nhc/wDxqur+x8V/z7/GP+Zo8/yy38T/AMll/kc1rf7X3gHUZQsXiArBgZ/0K4yT1/551P8AYuKbT5PxX+ZjLiHAbKf4P/Ix5/2qPArFiniBiT/053H/AMbrd5PiZbw/FGUs/wAFb3an4S/yMq7/AGmfBc3K685Pp9lnH/sla/2TXjblp/iv8yHn2Eat7X8Jf5FJf2iPA45OtcnkgWk//wARV/2ZinvD8V/meXXzPB1Np/g/8ivd/tB+Cp0ONaOfQWs3/wARW6y7EbOH4o8iWMw/2Zfg/wDI5HUvi/4Vu5HddVLE8D/R5eB/3zXqUsJOC+H8jaWOwrVnL8H/AJFWz+L/AIatSwF+cMeogk/+JrCrg6037q/FHNLE4V7S/B/5E0/xg8LSxsv9okkjH/HvL/8AE04YKrFar8UYvE0Iv3Zfg/8AIwbr4j+HppMjUMjt+5k/+JrplQrNWsddPH0I7y/BkDfELQN3F/kf9cZP/iazjhq0Xe34hUxuHltL8H/kTSfEbw8V41Ak/wDXCT/4mul0qj+z+X+Z5arw5730+Znnx3oZkJ+3cY/54v8A/E1lPDVJWdvyO+OMoL7X4MD470I/8vvP/XJ//ia0VCpaziarG4dP4vwZZh8f+HlHzahj6Qyf/E1yvC1ua/Lp8v8AM0WPw6+1+D/yJ0+Ivh1c/wDEwP4wyf8AxNDwtZ/Z/IHjsP8Azfg/8hT8R/DrKR9v/wDIMn/xNZ/VK3WP5Gf1+jfSX4MiHxB8OAH/AE/nP/PGT/4mtXhanSP5f5mv17CveX4P/IH+Ifh9v+X/AP8AIMn/AMTUfVa/8v4oyjjMMn8f4P8AyG/8LB0Af8xD/wAgyf8AxNL6pX7fii3jcN0l+D/yGn4g6B/z/Z/7Yyf/ABNRLBVpdPxQlj6H8/5/5Cf8LA0DH/H8M/8AXGT/AOJrWnhsRT0UfxX+ZP1+j/P+Yn/Cf6CP+X/P/bGT/wCJrq9jVa1Q3j6PSX4MUfEDQcf8f/8A5Bk/+Jrmjhq6lfl/L/Mj67Re8/z/AMhp8f6Dni+x/wBsZP8A4muz2E+qOmOYYZby/B/5CHx7oLdb/wD8gyf/ABNcs8JVbukKeNwk95/g/wDIhuvG+gXEDRm9zkcfuZOv/fNOnha0ZbGH1nC/z/g/8jFi8VaYuM3XT/pm/wDhXp+zfYh4vD2tzfg/8hF8U6WpP+lf+Q2/wqlDujgjiYxndS0+ZZtvF2koctd/+Qn/AMK5qtCUvhR1rF0+a7l+f+RcXxvoqkf6Zx/1yf8A+Jrl+q1f6Z1/XsP/AD/g/wDItr490EAZvv8AyDJ/8TWn1eSWkfyK+v4a3xfg/wDI5P4i+INP10ad9guPP8nzN/yMuM7cdQPQ12UIzjfmVjx8fXp1+T2bva/6H//Z',''),(93,'11/14/2016 08:47 PM','11/14/2016 08:47 PM','125.161.209.135','Karim','6','','','iVBORw0KGgoAAAANSUhEUgAAAj8AAACWCAYAAAAxIOk4AAAVbklEQVR4Xu3df4hWVRrA8TPZDyXDcXH2DzFrgiL9w5mRUiJ/zR+TkZmG0hBZNhAIGpVtUv1ROlE0kNskVEQEjqE2hJVmiVgwjVkk0Y5Tkf0gbJRItmmtlDIdnOU5u/Ny3us7433f9977nnuf74Vld/O+557n89y2Z88595yqwcHBQcOFAAIIOAK//vqrqa2tNfLvco0bN8588MEHpr6+PhKnAwcOmIaGBtvW2LFjzfHjxyNpl0YQQACBMAJVFD9hmLgHAT0CUvA0NjYaKVDiKHykzbvvvtts2rTJtr98+XLT0dGhB5hIEUCg4gIUPxVPAR1AwB+BJAqf4KhST09PZCNK/kjSEwQQ8FmA4sfn7NA3BBIUCBY+8uiNGzfaUZooLxnlaWlpsU3W1dXlRpiifAZtIYAAAiMJUPzwfiCAgF3b4051xVX4SLuybqi3t9eqt7e3mwceeIAMIIAAAokKUPwkys3DEPBPIMnCx13oLBLHjh0z1dXV/qHQIwQQyLQAxU+m00twCJxbwF18HOeIj7TNQudz54M7EEAgfgGKn/iNeQIC3gokWfgEFzp3dXWZefPmeWtDxxBAILsCFD/ZzS2RITCiwC233GJ27tyZu2ft2rVm3bp1salJ262trbZ9FjrHxkzDCCAQQoDiJwQStyCQNYGpU6eagwcP5sJKYq+dyy+/3PT19dlnxvEVWdZyRDwIIBCfAMVPfLa0jICXAsGpriVLlpht27bF2tcXX3zRrFq1yj5Ddose2jk61ofSOAIIIDCMAMUPrwYCigSChY98di6bDMZ91dTUmP7+fvuYhx9+2LS1tcX9SNpHAAEEhhWg+OHlQECJQLDwSWKqS2jlTDDZQ2joOnTokJEpMC4EEECgUgIUP5WS57kIJChQqcJHQpQvurq7u2208+fPN7t3704wch6FAAIInC1A8cNbgUDGBSpZ+DDqk/GXi/AQSKkAxU9KE0e3EQgjUMnCJzjqk9Q0WxgX7kEAAd0CFD+680/0GRaodOHDqE+GXy5CQyDlAhQ/KU8g3UegkIAcFrphw4bcH1Vi1MVd61OJ5/NmIIAAAsMJUPzwbiCQMYGOjg7T0tJS0cKHUZ+MvVSEg0DGBCh+MpZQwtEt4EPhIxlwd3Nm1Ef3O0n0CPgoQPHjY1boEwIlCAQLn0WLFpnt27eX0FJ5P3nuuefM6tWrbSOym/MPP/xgqqury2uUXyOAAAIRClD8RIhJUwhUSiBY+MjBoTL1lHTRETy5vb293cj6Iy4EEEDAJwGKH5+yQV8QKEHAHWmRn1eq8JFnu1+YXXbZZXbUhwsBBBDwTYDix7eM0B8EihAIfs5eycLnww8/NHPmzMn1vqury+7uzIUAAgj4JkDx41tG6A8CIQUqvY9PsJvu4aVNTU1mz549ISPhNgQQQCBZAYqfZL15GgKRCPhW+ASn3ji8NJI00wgCCMQkQPETEyzNIhCXgG+FT3CRc3Nzs+ns7IwrfNpFAAEEyhag+CmbkAYQSE7At8JHImeRc3L550kIIBCNAMVPNI60gkDsAj4WPsGdnFnkHPtrwAMQQCACAYqfCBBpAoG4BXwsfCTm+vp609vba8Ov1KaKcdvTPgIIZE+A4id7OSWijAn4WvgEd3I+cOCAPdaCCwEEEPBdgOLH9wzRP9UCDQ0NRoqKocuXc7KCi5zXrl1r1q1bpzpXBI8AAukRoPhJT67oqTKBpUuXmjfeeMO7wkc6JEdWbNiwwfaNnZyVvZiEi0AGBCh+MpBEQsieQKGdm90RoEpGLEdW1NbW5rrAIudKZoNnI4BAKQIUP6Wo8RsEYhQIFj4LFy40b7/9doxPLK5pObKiu7vb/mju3Ln2AFUuBBBAIE0CFD9pyhZ9zbyAr4ubh+CDn7b39PTYL764EEAAgTQJUPykKVv0NbMCsoC4sbHRy8XNLvoll1xiTpw4Yf+SL4uvM/tSEBgCCMQmQPETGy0NIxBOIC2Fz/r1682aNWtsUOeff775+eefTXV1dbgguQsBBBDwSIDix6Nk0BV9AoUKn40bN9ojI3y7ZA+fvr4+2y02NPQtO/QHAQSKEaD4KUaLexGIUCBNhU9wQ0P54iuLoz733XefmT59upfFZ4SvHk0hoF6A4kf9KwBAJQTSVPgENzRsb2+3+/xk6XrnnXeMfFU3dF1xxRXm+++/z1KIxIIAAo4AxQ+vAwIJC6Sp8BEa2bm5tbXVKmVxQ0OZyps6dar5448/cm+CrGk6ffp0wm8Gj0MAgaQEKH6SkuY5CBhj0lb4BEd9fF2PVOrLJRtHzp49O/cF21A7o0ePNn/++WepzZb1u87OTrNp0yazYMECc++995bVFj9GAIHCAhQ/vBkIJCSQtsIn66M+UvjI9gKSl+A1Z86c3EaOCb0e5pVXXjFPPfWUkfVU7iWjbo8//nhS3eA5CKgQoPhRkWaCrLRAGguf4KjPW2+9ZRYvXlxpykie/+STTxo5jPXMmTO2vQsuuCBvmuvQoUOJnVAvxc6KFSvMnj17ho3t2LFjmVxgHkkyaQSBEgQofkpA4ycIFCOQxsJH4nMPL83SMRYdHR2mpaUll0LZuPH66683u3fvtn9typQp5quvviomxSXdK++FHA4ra6rcS9YbybYCsuB6cHDQ/pEUasH7SnooP0IAAStA8cOLgECMArKYdv78+eabb77JPSUN62ayenhp8PiQMWPGmI8//tg0NDTk8pPEqI8UYDKdFZziqqurM6+++qqZNm2aefnll+2IkFzy13052DbGv11oGoHEBCh+EqPmQdoE5P/ZT5w4MW/hbBoKH8mTWyRkZdQnWPhcddVVdqpJvmCrqqrKvZ5Doy1xvK/ySb2MOvX39+c1L8YysiOHxrqXjL7JeWqyz1Lwz+LoH20ioEWA4kdLpokzUQEpfGQqxZ0+SUvh8/nnn9uRhqGrq6sr1f/glVzIVNbRo0dzMcm5ZFJQyEaNu3btsl9WySX/XdbXRH3JCI+M9MiIj3tJ4SVFj487ekdtQHsI+CRA8eNTNuhLJgQKrfF55JFHzNNPP52K+GbMmGE+/fRT29e07+sjRcesWbPMjz/+mFf4uEWIe1J91NNLQ+t6pNAKflUmU1ptbW0sZE7F3xV0MmsCFD9ZyyjxVFxApie6u7tz/UjLiI90WP4BPXnyZHP8+HHbf9lzprm5ueKmpXRAippbb701r+hYtWqVef755/Oa2759u71Priin+KTAWr169VlFT1NTk/10XYoyLgQQqIwAxU9l3HlqRgWuvvrq1C1udlPh7uac1FdPcbwKbhzS/sUXX2w3DJSRluDl3hvFV1VSdMm6nkKLmVm7E0e2aROB4gUofoo34xcIFBT46KOP8v7ffJpGfIYCkjUvv/32m/2vaey/FBwyiuN+GTVu3Di7aLi+vr5g3tzT6svZy0ieIet65N/di3U9/A8GAv4JUPz4lxN6lFKB7777zsgXRHJNmjTJHDlyJFWRuPvfpHGtzxNPPGGeffbZXPEm+DKNJdNaI51ALxscDgwM2Fzt3bvXHndRzLVv3z67X8+2bdvyfiZFl3ytJf8a6fnFPIt7EUAgGgGKn2gcaQUBK/Daa6+ZL774wq6Tcb+YSgOPOwKSppPbZZ3SddddZ77++us85jBTWO5+RhdddJE5efJk6FTJc2UqbcuWLWf9xv2aLHSD3IgAAokJUPwkRs2DEPBXwP3iSUYspChIw2iFjOrI+hr3SypZq7R169Zhp7ncLLijXYsWLbKjRGEuWSckoz3BL7ikDVnXI4UkFwII+CtA8eNvbugZAokJuBsA3n///fYf4D5fUnTI+ppgP2fOnGmPqQhbuLlxhxntkuJIvuAKLmaeMGGCXSN18803+8xG3xBA4P8CFD+8CgggYIuFoYXOPT09oUZNKsUmi5llUbNbgMholRQmxe6CLEXLL7/8YkMZKW55phQ9hRYzSwGWlQNfK5VTnotA0gIUP0mL8zwEPBNw97nxfaFz8BN2oZSpJpm+CjvaM8TvrveRw0RPnz59VmaGG2GSYkuKHnZm9uxlpjsIhBSg+AkJxW0IZFXghhtuMO+9954Nz9cpLylCZLTHHXmRAkSKnlJHXaR4kdEcuS699FJz+PDhvBQXWk8kN8hCar7gyurfDcSlRYDiR0umiROBAgJSVIwfPz73J0mcaF5sIgrt1CyfsEvhU87CYtn3p7e313bnhRdeMCtXrrT/ua+vz9x4441nfT0WxTOLjZ37EUAgHgGKn3hcaRWBVAi4XzvFdahnORCFprnCfMJ+rmfK6eoLFy7M3SaHmUr8Mtpz22235U2ByVQg63rOJcqfI5AuAYqfdOWL3iIQqYBMGe3YscO2+dBDD5lnnnkm0vZLbUzW41x77bWmv78/10Spi5oL9aGmpibX9pIlS+wGhTKVJZ+vu5d8Ri8bJxa7nqjUuPkdAggkI0Dxk4wzT0HAOwFfp7xk9OWuu+7KHa4qcGF2ag4L7O5pJL+RqS/ZlDB4JMb69evNPffcE7ZZ7kMAgRQJUPykKFl0FYEoBdwpL9mN2v2Hf5TPCduWFGMy0hLcaFB2y5bT5aO67rjjDrsJolzTpk0zX375pTlz5kyu+VK/Houqf7SDAALxC1D8xG/MExDwUsCd8gqzwV+cQRQ6CV3W2kghNNyBpKX2R6bPfv/994I/r7RDqTHxOwQQKE6A4qc4L+5GIBMCvkx5DbePjnxyL4ud41hrM3r0aPPXX3/l5fG8884zO3fuNDfddFMm8ksQCCAwsgDFD28IAgoF3D1uKjXlVeioiHL37gmTyqqqqrzb5CywXbt2lfXZfJjncg8CCPgjQPHjTy7oCQKJCbgnuMuZVEnuVCxfcsnanuBREUmttXGLnyuvvNJ8++23ibnzIAQQ8EOA4sePPNALBBITkFGOBQsW2OeNHTvWHDlyJJbppWBAMsUln5LLdJZ7JX1UxMSJE81PP/1kRo0aZQYGBhJz50EIIOCPAMWPP7mgJwgkIuDubJzUlJd8WSZHSUgB5F5xru1JBJOHIIBAKgUoflKZNjqNQGkCUnxMnjw5t4fOu+++G+siX9lJWaa43M0Kpeeyb4+sO4r6S67SVPgVAghoE6D40ZZx4lUtkNTePrKup7W11Z6/5V4cFaH69SN4BLwRoPjxJhV0BIH4Bdwprzj2tBluXY9EtmLFCtPW1pbI+qL4JXkCAgikWYDiJ83Zo+8IFCEQ3Ntn6DDPIpoY8VaZxpLRnuC6Hjk7S87NmjVrVlSPoh0EEECgLAGKn7L4+DEC6RFwp7xkzU3wU/NSIym0O7O0Jc+QL7vmzZtXatP8DgEEEIhFgOInFlYaRcA/gainvIbbr0fW9UjRk+TeQf5p0yMEEPBZgOLH5+zQNwQiFBgzZow5efKkbXHv3r1m9uzZJbU+0n49Mr0V3MenpIfwIwQQQCBGAYqfGHFpGgFfBILrfQYHB0vqWqEjKaQh9uspiZMfIYBAhQQofioEz2MRSFJA1uU0NjbaR5ay3mffvn1mzZo15pNPPsnrNvv1JJlFnoUAAlEJUPxEJUk7CHgs4C52vv32283WrVtD9VZGjB599FHz0ksv5d2f9JEUoTrLTQgggEBIAYqfkFDchkCaBRYvXmx27NhhQ2hubjadnZ3nDGe4r7iY4jonHTcggIDnAhQ/nieI7iEQhUAxxY98xSXncMn6HveaMGGCefPNN0teKB1FHLSBAAIIRCFA8ROFIm0g4LnAli1bzLJly2wvZ8yYYfbv31+wx/Kllpy87m5UKFNc8tflSy4uBBBAIAsCFD9ZyCIxIHAOARnNqa2tzd0VnPoabopr+fLl9gDS6upqjBFAAIHMCFD8ZCaVBILAyALjx4/PjeiMGjXKDAwM2INHZUHz0aNH835cV1dnix52Z+atQgCBLApQ/GQxq8SEQAEBOcj0wQcfzP3JhRdeaE6dOpV3J1NcvDoIIKBBgOJHQ5aJEQFjzObNm82dd945rEVTU5N5/fXXmeLibUEAgcwLUPxkPsUEiMD/BD777DNzzTXX5HHU1NSYlStX2sXMrOvhTUEAAS0CFD9aMk2cCBhjHnvsMfP++++bSZMmmaVLl9o9f7gQQAABbQIUP9oyTrwIIIAAAggoF6D4Uf4CED4CCCCAAALaBCh+tGWceBFAAAEEEFAuQPGj/AUgfAQQQAABBLQJUPxoyzjxIoAAAgggoFyA4kf5C0D4CCCAAAIIaBOg+NGWceJFAAEEEEBAuQDFj/IXgPARQAABBBDQJkDxoy3jxIsAAggggIByAYof5S8A4SOAAAIIIKBNgOJHW8aJFwEEEEAAAeUCFD/KXwDCRwABBBBAQJsAxY+2jBMvAggggAACygViLX627T9s/nPilHJiwkcAAQQQQACBYgT+NvZCs3Tm5GJ+UtS9sRU/3Qf/bf6x+V9FdYabEUAAAQQQQAABEfjnsulm7pS/x4JB8RMLK40igAACCCCAQDkCqSx+JGCmvcpJO79FAAEEEEBAp0Bqp710pouoEUAAAQQQQMB3gdimvXwPnP4hgAACCCCAgE4Bih+deSdqBBBAAAEE1ApQ/KhNPYEjgAACCCCgU4DiR2feiRoBBBBAAAG1AhQ/alNP4AgggAACCOgUoPjRmXeiRgABBBBAQK0AxY/a1BM4AggggAACOgUofnTmnagRQAABBBBQK0Dxozb1BI4AAggggIBOAYofnXknagQQQAABBNQKUPyoTT2BI4AAAgggoFOA4kdn3okaAQQQQAABtQIUP2pTT+AIIIAAAgjoFKD40Zl3okYAAQQQQECtAMWP2tQTOAIIIIAAAjoFKH505p2oEUAAAQQQUCtA8aM29QSOAAIIIICATgGKH515J2oEEEAAAQTUClD8qE09gSOAAAIIIKBTgOJHZ96JGgEEEEAAAbUCFD9qU0/gCCCAAAII6BSg+NGZd6JGAAEEEEBArQDFj9rUEzgCCCCAAAI6BSh+dOadqBFAAAEEEFArQPGjNvUEjgACCCCAgE4Bih+deSdqBBBAAAEE1ApQ/KhNPYEjgAACCCCgU4DiR2feiRoBBBBAAAG1AhQ/alNP4AgggAACCOgUoPjRmXeiRgABBBBAQK0AxY/a1BM4AggggAACOgUofnTmnagRQAABBBBQK0Dxozb1BI4AAggggIBOAYofnXknagQQQAABBNQKUPyoTT2BI4AAAgggoFOA4kdn3okaAQQQQAABtQIUP2pTT+AIIIAAAgjoFKD40Zl3okYAAQQQQECtAMWP2tQTOAIIIIAAAjoFKH505p2oEUAAAQQQUCtA8aM29QSOAAIIIICATgGKH515J2oEEEAAAQTUCvwXrEkfxqDU9UYAAAAASUVORK5CYII=','iVBORw0KGgoAAAANSUhEUgAAAj8AAACWCAYAAAAxIOk4AAAR0UlEQVR4Xu3dXcgVZbsH8NuoQPqwNhnVQWpK9VLxaAVvB0V5EHRQqVRKsME8rBOVfVAnYUIHdbDRDuosNHoRg0LFkKADi6Av6lUheSsUdQdlaR/aU9SucHMPey3G9arPx1oza2ZdvwGx53HWzH39roH+zLpn7hmnTp06lWwECBAgQIAAgSACM4SfIJ1WJgECBAgQIFAICD8uBAIECBAgQCCUgPATqt2KJUCAAAECBIQf1wABAgQIECAQSkD4CdVuxRIgQIAAAQLCj2uAAAECBAgQCCUg/IRqt2IJECBAgAAB4cc1QIAAAQIECIQSEH5CtVuxBAgQIECAgPDjGiBAgAABAgRCCQg/odqtWALNFDhy5EiaM2dOMwdnVAQIjJyA8DNyLVUQgfYI7Nq1Kz3yyCPp119/TRdccEH6+OOP08KFC9tTgJESINBKAeGnlW0zaALtF9i7d2+69dZbU3lt5Xz35/Dhw+0vTgUECDRaQPhpdHsMjsBoCuTgc/fdd6eTJ0+eVuBFF12UxsfHR7NoVREg0BgB4acxrTAQAjEEnnrqqfT88893iz3//PPTn3/+Wfw8d+7cdOjQoRgQqiRAYGgCws/Q6J2YQDyBhx9+OL3xxhvdwmfNmpVefvnllH+ft9mzZ6fvvvsuHoyKCRCoVUD4qZXbyQjEFXjsscfSK6+80gW45ppr0v79+9Pbb7+dli9fXvze115xrw+VE6hTQPipU9u5CAQU+Omnn9KyZcvSO++8063+uuuuS59++mm67LLLit8vXry4+Lf58+enAwcOBFRSMgECdQoIP3VqOxeBYAI5+ORgkyc4d7aVK1emzZs3d38uh588CbockoJxKZcAgZoEhJ+aoJ2GQDSBMwWfDRs2pDVr1pxGIfxEuzLUS2D4AsLP8HtgBARGTuBMwWfTpk0pz/vp3fJdoFWrVhW/XrJkSdq+ffvIeSiIAIFmCQg/zeqH0RBovUBequKOO+5IR48e7dZytuCTd3jmmWfS+vXri33XrVtX/GwjQIBAlQLCT5W6jk0gmEC+45MnLf/www+TCj7CT7ALRLkEGiIg/DSkEYZBYBQE7rnnnvTuu+92S3nxxRfTE088cc7S3PkZhc6rgUC7BISfdvXLaAk0VqD3PT5PPvlkeu655yYc79KlS9OOHTuK/c719diEB7IDAQIEJikg/EwSym4ECJxdoDxpOe91pqe6zvbp8t2i3bt3p/yzjQABAlUKCD9V6jo2gQACeRX2RYsWpTzfJ2+97/GZiCCv55UnSedN+JlIy78TIDAIAeFnEIqOQSCwwMKFC9O+ffsKgbGxseIlhfnNzZPdLrnkku5K7u+991668847J/tR+xEgQGBaAsLPtNh8iACBLFCerJx/3rNnT8phaCrbjBkzurufOnVqKh+1LwECBKYlIPxMi82HCBDIX3fNmzevCzHdd/QIP64lAgTqFhB+6hZ3PgIjIlCeqNzPmlzCz4hcEMog0CIB4adFzTJUAk0RyEtQ5JXaO9t0vu7Kn7WuV1M6ahwEYgkIP7H6rVoCfQvkp7ry0135a6+8rV69Om3cuHFaxxV+psXmQwQI9Ckg/PQJ6OMEogmUJznPmjWrCEFTebqr7CX8RLt61EugGQLCTzP6YBQEWiHQO8m53zcyl4NUP3eQWoFnkAQINEZA+GlMKwyEQPMFyktY9DPJuVOpdb2a33MjJDCKAsLPKHZVTQQqEOi96zOItzELPxU0yiEJEJhQQPiZkMgOBAhkgUE92l7WLC9qum3btpR/thEgQKBqAeGnamHHJzACAm+++WZ64IEHupVM99H2XgqLmo7AxaEEAi0UEH5a2DRDJlC3wOzZs9Px48eL0z766KNpy5YtAxmC8DMQRgchQGCKAsLPFMHsTiCawObNm9OqVau6ZR86dCjlldgHseVH5E+cOFEcapDHHcTYHIMAgdEVEH5Gt7cqI9C3QO8LDVesWJG2bt3a93E7B7C0xcAoHYgAgSkICD9TwLIrgWgC5aex5syZk/bu3TvtFxqeyU74iXZFqZdAMwSEn2b0wSgINE5g0C807C2wfPwLL7ww/f77740zMCACBEZTQPgZzb6qikDfAuXH0AfxQsPeAZWfILviiivSsWPH+h6zAxAgQGAyAsLPZJTsQyCYQHnNrVz6IF5o2EtYPsdtt92WPvnkk2DKyiVAYFgCws+w5J2XQIMF8tNcR44cKUa4cuXKlJ/4GvSWV4Jfu3ZtcVjreg1a1/EIEDiXgPDj+iBA4DSBcijpd9X2c9Fa2sKFR4DAsASEn2HJOy+BBgrkR9vnzZuX8t95W7duXcohpYptzZo16YUXXqj8PFWM3TEJEGi3gPDT7v4ZPYGBCpRXbc+PtucnsqravN25KlnHJUBgIgHhZyIh/04giEB+h8+iRYu61VYxyblMKfwEubCUSaCBAsJPA5tiSASGIVDFqu3nqsPSFsPosnMSIJAFhB/XAQECxbye9evXdyXqWGfL251deAQIDEtA+BmWvPMSaIhA79ddVU5y7pRcfrtzfqKsM8G6ISSGQYDAiAsIPyPeYOUROJdA78KlY2NjxfpdVW/lFxxW8fboqsfv+AQItFtA+Gl3/4yeQF8C5ae78h2YHHzyCw6r3rZv356WLVtWnGbJkiUp/2wjQIBAXQLCT13SzkOgYQLlAJKHtm3btpTX86pj84LDOpSdgwCBswkIP64NAgEF8pyb/Fh7Z65NVUtYnI3WCw4DXnRKJtAgAeGnQc0wFAJ1CZQfa88vM8xfd+VHz+vaFi5cmPbt21ecrur3CdVVk/MQINAeAeGnPb0yUgIDEeh9rH3Pnj0ph5E6t8svv7x712nnzp3p/vvvr/P0zkWAQHAB4Sf4BaD8WALDeKz9TMLe8RPrulMtgaYJCD9N64jxEKhIoPex9mE+Yi78VNRkhyVAYFICws+kmOxEoP0Cw3qsvVfOO37afy2pgEDbBYSftnfQ+AlMQuDZZ59NTz/9dHfPOh9rF34m0SC7ECBQq4DwUyu3kxGoXyDP87n99tvTX3/9VZz8oYceSq+//nr9A/n/M5YnXK9evTpt3LhxaGNxYgIEYgoIPzH7ruogAnmez+LFi7tLVsycOTN9/fXXtT7W3kvtBYdBLj5lEmiwgPDT4OYYGoF+BcrzfC6++OK0a9eudNddd/V72L4+X37B4YYNG1L+2UaAAIE6BYSfOrWdi0CNAvnrpLVr13bPuGnTppTD0LC38gsWveBw2N1wfgIxBYSfmH1X9YgL9L7Pp+7lK87FK/xM7eLrLDZb5xu4pzZCexNon4Dw076eGTGBcwrkeT7z5s3rvkF5bGysO+enCXQLFixIBw8eLIYS9c5P7lFe3iMHm/zf+fH/vHV+PlOfhvEm7iZcL8ZAoAoB4acKVcckMESB8p2VWbNmFf9DnTt37hBHdPqp89yjX375pfjla6+9lpYvX96YsVUxkOyfg85HH32U8isGvv/++/THH39M+VTmR02ZzAcInFVA+HFxEBghgd51u5p4Z+XKK69Mx44dK9Q/++yzdNNNN41MBw4fPty9o5Pv5pzrTs5ki8537vLaa7m3TQqxkx2//Qg0UUD4aWJXjInANATKb07OH1+3bl3xP8ymbTfffHPav39/68NP545ODjzTCTp5eZEcZvKfHG7ynJ7O303rmfEQGDUB4WfUOqqekAK983yGuW7XRA1oW/gpz8/54osviq+ujh49OlGZ3X/PXz3mUJO/jswvm7zlllvSnDlzJv15OxIgMHgB4Wfwpo5IoHaB3nk++W5EU58OuuGGG9KXX37ZyDs/+Q7OkSNHUuduTv47/5nsVg46OfDkP76qmqye/QjUJyD81GftTAQqEWjDPJ9y4Zdeemn6+eefhxJ+8l2ct956K+U3XeevrTrhZjpzc66++up0/fXXF3d0BJ1KLm0HJVCZgPBTGa0DE6heoC3zfMoS+e7IyZMni1+99NJL6fHHHx8IVOfrqXywTpjphJv8b/l3093K83N8dTVdRZ8j0BwB4ac5vTASAlMSaNM8n3JhDz74YNq5c2f3VzfeeGO67777iq/pfvvtt5TvqOQnnMpb+c5M3mf79u1pfHy8+EopPzGWLQax5ZDTmXjc+coq/20jQGC0BISf0eqnagIJtGmeT7kt+W5MDhQnTpwYSrdyuMkTjpcuXfpvT1sNZUBOSoBA7QLCT+3kTkigf4G2zfPprTjfybn33nvT8ePH+8coHSHfuclb5xHy8uPj7uAMlNrBCLRaQPhpdfsMPqJA77pdTX2fz2R605mL01ne4f3330+ff/55yi9CzG+C7my9778577zzisnGV111lXfjTAbaPgQInCYg/LggCLRIIIeFRYsWdR+/bvL7fFrEaqgECAQTEH6CNVy57RbI81R27NhRFNHEdbvarWv0BAhEERB+onRana0XyE84LVu2rFtHftNwDkM2AgQIEJiagPAzNS97ExiKQH5CKn/d1Xmke+XKlWnz5s1DGYuTEiBAoO0Cwk/bO2j8IQQWLFiQDh48WNSaH9POk56bunxFiIYokgCBVgsIP61un8FHECjP88n17tmzp3jCyUaAAAEC0xMQfqbn5lMEahHoXb5ixYoVaevWrbWc20kIECAwqgLCz6h2Vl2tF+hdvmL+/PnpwIEDra9LAQQIEBi2gPAz7A44P4GzCPQ+1p4nPZvn43IhQIBA/wLCT/+GjkBg4AIbN25Ma9eu7R539+7dKa/lZSNAgACB/gWEn/4NHYHAQAXyI+yrVq3qHrPNy1cMFMbBCBAgMCAB4WdAkA5DYBAC+RH2xYsXd9/nY/mKQag6BgECBE4XEH5cEQQaItAbfMbGxlJ+2ss8n4Y0yDAIEBgZAeFnZFqpkDYL5JCTl67ovMFZ8GlzN42dAIGmCwg/Te+Q8Y2sQA46H374YXr11VfTli1bunVasHRkW64wAgQaIiD8NKQRhhFDIK/J9cEHH6RvvvkmjY+P/1vR7vjEuA5USYDAcAWEn+H6O3sggTynJy9OerbNYqWBLgalEiAwVAHhZ6j8Th5JIN/pyQuUfvvtt0XZM2fOLP6eO3du8bWX9boiXQ1qJUBgmALCzzD1nTucwI8//pi++uqrdO2113qKK1z3FUyAQFMEhJ+mdMI4CBAgQIAAgVoEhJ9amJ2EAAECBAgQaIpApeHn9Y/+J/0w/r9NqdU4CBAgQIAAgRYI/MfFF6aH/35tZSOtLPy8+6/v0n/945+VDdyBCRAgQIAAgdEV+O//vDXd/bcrKylQ+KmE1UEJECBAgACBfgRaGX5ywb726qftPkuAAAECBGIKtPZrr5jtUjUBAgQIECDQdIHKvvZqeuHGR4AAAQIECMQUEH5i9l3VBAgQIEAgrIDwE7b1CidAgAABAjEFhJ+YfVc1AQIECBAIKyD8hG29wgkQIECAQEwB4Sdm31VNgAABAgTCCgg/YVuvcAIECBAgEFNA+InZd1UTIECAAIGwAsJP2NYrnAABAgQIxBQQfmL2XdUECBAgQCCsgPATtvUKJ0CAAAECMQWEn5h9VzUBAgQIEAgrIPyEbb3CCRAgQIBATAHhJ2bfVU2AAAECBMIKCD9hW69wAgQIECAQU0D4idl3VRMgQIAAgbACwk/Y1iucAAECBAjEFBB+YvZd1QQIECBAIKyA8BO29QonQIAAAQIxBYSfmH1XNQECBAgQCCsg/IRtvcIJECBAgEBMAeEnZt9VTYAAAQIEwgoIP2Fbr3ACBAgQIBBTQPiJ2XdVEyBAgACBsALCT9jWK5wAAQIECMQUEH5i9l3VBAgQIEAgrIDwE7b1CidAgAABAjEFhJ+YfVc1AQIECBAIKyD8hG29wgkQIECAQEwB4Sdm31VNgAABAgTCCgg/YVuvcAIECBAgEFNA+InZd1UTIECAAIGwAsJP2NYrnAABAgQIxBQQfmL2XdUECBAgQCCsgPATtvUKJ0CAAAECMQWEn5h9VzUBAgQIEAgrIPyEbb3CCRAgQIBATAHhJ2bfVU2AAAECBMIKCD9hW69wAgQIECAQU0D4idl3VRMgQIAAgbACwk/Y1iucAAECBAjEFBB+YvZd1QQIECBAIKzA/wG1HyGoIogCjAAAAABJRU5ErkJggg==','/9j/4AAQSkZJRgABAQAAAQABAAD/2wCEAAMCAgMCAgMDAwMEAwMEBQgFBQQEBQoHBwYIDAoMDAsKCwsNDhIQDQ4RDgsLEBYQERMUFRUVDA8XGBYUGBIUFRQBAwQEBQQFCQUFCRQNCw0UFBQUFBQUFBQUFBQUFBQUFBQUFBQUFBQUFBQUFBQUFBQUFBQUFBQUFBQUFBQUFBQUFP/AABEIAV4BLAMBEQACEQEDEQH/xAGiAAABBQEBAQEBAQAAAAAAAAAAAQIDBAUGBwgJCgsQAAIBAwMCBAMFBQQEAAABfQECAwAEEQUSITFBBhNRYQcicRQygZGhCCNCscEVUtHwJDNicoIJChYXGBkaJSYnKCkqNDU2Nzg5OkNERUZHSElKU1RVVldYWVpjZGVmZ2hpanN0dXZ3eHl6g4SFhoeIiYqSk5SVlpeYmZqio6Slpqeoqaqys7S1tre4ubrCw8TFxsfIycrS09TV1tfY2drh4uPk5ebn6Onq8fLz9PX29/j5+gEAAwEBAQEBAQEBAQAAAAAAAAECAwQFBgcICQoLEQACAQIEBAMEBwUEBAABAncAAQIDEQQFITEGEkFRB2FxEyIygQgUQpGhscEJIzNS8BVictEKFiQ04SXxFxgZGiYnKCkqNTY3ODk6Q0RFRkdISUpTVFVWV1hZWmNkZWZnaGlqc3R1dnd4eXqCg4SFhoeIiYqSk5SVlpeYmZqio6Slpqeoqaqys7S1tre4ubrCw8TFxsfIycrS09TV1tfY2dri4+Tl5ufo6ery8/T19vf4+fr/2gAMAwEAAhEDEQA/AM1xkAEA/jVKDauUh0ZAGB9KOgMfuC5I5x61myUhS+V5GVNCfQbHqcDb6cYqiCQMQpCnAPWgBVGFXHXk09iuUejHv69qHIWxIvzMM96E77jeiJ0XauO/ekZ2HqBG27tjGKCWSAgMGJzniri9C4vQerfNw3Shsdx4BznrUXGtSZDxjpRdibY373tTQiaPgAChLmZnIkMpXg8+mK0cElcSbQ8MGwKzNU7qxMAQMjihDQrPt4PHvVp32FyjQfX9KhTYDwTxkcU1uS0PEmBgjP0rd6odiQSALx09DWRFmx0bgE54zTa0KsO2gsflxnvmkroBqZVgSetEmU9dywpwMn601IyaJVYpV83NsUojwc1UVbVi5Bw9R1puorl3uSRnnGfxqXUutAtcsREgjLZFaRlcaH5KkVMrPcrkHZ468GmoIzdNXHISD64puSSsaWufFH/BStt3/CueMf8AIS/9ta5pLqCjY9oyD/8AWrPmtoVyysIMZPTHakpISTW45cj3pNoolGOwpKF9RNDyQy4yM/Wr2HzKwKvXJ5+vWlJ6GDetyQMuw4wTQndGkXzCqd3QUmmxk8bYIPbHWtIpFWVtSXeF+tRJPoZOxLkHaR0x0oT1LVraknCjrWnQEJu+fI5zWYNXJd2DnoPejRmY+Js5yfpTExe9LUa8xykgnBH41adhtXJFGCM03JsXKShtueRk1IW10JkOeeOnagYiMfmL4AB4zRsTqPJwTzwKB2JCehNC3J1FwNpwTn2rTQE7CJjIz93vWb31LvcXAU9QfpzWyhdXQ7tkkbEscnrUNNFOw9eGxnANU1dCZMH4B4FYJu9jFseOTk1rYuMh4GW7k+lF+hrfQkB9eKizMGuw9MEjFNJiSZYU4UfoKvZmkdGS7+cn8K2tzGjsxwYEA5wPetPhWgWEB2+2awm7qxk73Pin/gpOcj4c+39o/wDtrWTVkhxPaYlEa7Qcis2je7Wg/oRU2RDF3MfrScSUIrHPFNPoUhyqBzV3M+XqPTlgO2aiWwOw+Pkknp3pxsaRSWxYijBBYdTTk7OyE27kgJPbFOO+oOzHgkjA7d6bRLSJEyPxqbDsPDAKeOtVcESD7pyeTS1ZejEEgc4oUTndiVSEAPbvV8rBD93FQUKhznIzQPmsTNNkAfh+lPVDTuLwxzSvcdx6Zzknii9hNIkRyCR+lUlzEXtsDHcopWsU2+g8MNmKB2bBZsDaRz60+V9CeWzuyXd6jmnyvqFuwNkY44NbqagrFxvYVfbqKxb5tiGrCsxxz+dRdgpEyE7Bnr2q4U3JhdMmD4IAq5QlELjw21l5rMLNj1bccmqbG7JFiLnOKqGgosepO4jtVtopok3Zxnse1CdiX5En3iMdcZx7VpbQabJAwNS0nuW11Pif/gpP/wA06/7iP/trWNS1kkJHtQC7cbcD0Hasd2Fm2Kj5GSOPSnyluOg5Hx1XB9KhuwlEey4G4A5IpRi2OwKM9fzpt20M27DgducjNLdAlclRucgAZ7Vzxm09Sth4OP4vet0+YLomWT8jV6isOV+OOfoaZKcR4f5QSeO/pQVe+g+JgRxyPWgXwjkI3AEcU+grskAVWODzQJrQl5xniquZqwoJI4qZG10KrBepwc+tSppENC5J7YFO9xpWJFJ4A4+pqdiopNkwPGR0+tO1xSVnoPUj/erSLsSrClhvweB9aTdxcwBtoOR9BSsac3YXd0O3jv7VrHQTu0Sb92QRj0PrUOTFF2G53HA5989KG76s3T0HI3IqDJu5KeaAaQ4OARx0rqjPlIitSQuOuM0pVW9DWyZKW6YznHTNZbkbbEsHU4GMehrRLTUTiWEbaazvZiSaJE4Ge/cVpdM2sh6NnOOtBF0h4bBz3q23bQXMh6Mc8DipjruNt9D4r/4KSHI+HX/cR/8AbWpqq1gR7ahJH3fwrltqDYH5T8vHfPvVamiDqal3DYUAnOMmpjJ31Buw5c/hVt66k3uSo4X+HP1p3CwcjnHFBV76Id1Qc4osZuLuSr9wcZA5oHrsSJICmRx9aZzRixynKFQKhuz1NIrUmhbnnpjp2p8xpJXJCAW6U0yVohxUBiQc1bk2D1ViSNhtx0NO6MeVpj/bPvmk3c0Q5XwT0NZcuty7i5GfeqSsGwuSDnpQ1cF3HrytTysvmViVXwp/LiqWhk0xAT2GetNvUSWouTj0Pahu2ppYeSWUZ4xQncYq5B5NVaxF7McjYBAqXqaJ3HryeTS16E2Hqfw+tMGrjwc8VXKzNKzJGk3ALj64o2KVx2crkdRxVRauaJMsQMNv0oe+gR0JQwpbou+pKhznjpQtBNpkkWVGSeau66mD1HBixOOnrUJ30BJbkyAgnPNVYclc+K/+Cko5+Hf/AHEf/bWpkEOx7bEGw3zYOM1jfUt2T0QxHyPfvRza2LWpIParExVPJ7E/lUaJ3E9SWMAdQDVOzM0rMaRyfX+dCSRsrDlY4APT0pPQi1noSIFI+ZePrisnUsXdj8gDGD6YraLurjduovI+Vdp+hrOUuxzvQlUkAnPQdqSlzbjQ9XwSPSk32GydX3ADGCSKtXFa47dk44zWqsXYN3IFIHqT5GPehaGQmOeBincoUNnHY96huwSY/O4Hgj61nzCTQ8Hpx0rVPQuxKgJ6HJ9KUn2GNLsp4HAqfUSj1JEbcOnArWKUtxjyAR1/Ci3K9Cb62DJJGKd29ybXFHyjPWob1DW5IvzAevY00y9WOQn+NQT7k1dkTr3Jup3Ae3HSqTfQI3b1ANk1EjexKnC+4qQuSQnvTuyCwAGUZHvTV2Tdj0fBODkGqUXfUa8yQHHUnIqpJGbHqQB6VFrF2JEkIOevrTC9j4t/4KRdfh5zn/kI/wDtrSlbQEe2ZLAccj1rJRKsOA4GOBRYtWsOUgNzyPSmLcdnCgZ71LXU10sKODwcmmtTmkgUkdPxqba7hFXY5TlxiqlojX4XqOYbmyDj2rm5eZ3ByQ4kAnPet7aEXuOVicetSkupNkx+CRnOOaeiYbEgUdCd2Oh6UNoaJkDBvSjn6ClbuSsp7ce9TGVwSdhV4HJBI/WtgsSA/MOmP6VF7PVkNDt4JOOntRzjimIDkdcGnKzQWHZPGTzSUASSY5TyMn86vYu5MHx9az5rsVxCeOOnequmU2OR8cZod1sKxIjDv1+tNNjsOJynvTTCwiOMHPINDdiGmSck5HShWYuboSq2Tz/Kr0sNEu8YAA7VJcVqN3EDgUm2b2uSrlgeuB1PpUc6RD0JlIUdevatFqYLQnRsr7U07DJEIAPIJrXmuDTJPlbkVNxIcCMjJ/ChtFWHq+9iQMD0pdCZNbHxd/wUfJJ+Huf+oj/7bVI4nt4DKCSQSetLl5R3F5Uf0pXC4+PGOaV2TYdt5z61ErlidD1xUp8uppbQehAyMZxWkXzCs0G4HoMYqZztoLzFD4XjpjGaUVfUVhxwQcnkelaN2DlQ/JGSTk1DVxJDwM+3elBPmNLWHKMcA47mtpOxDJ0ztzk/jWDu2Z9R+9iTzn1qHFI1+IdvVkOa2hsTawgfg/zqGwY9Pu57daTaegnqKko5PcHpUrQfKTklTnoelbpqWhLsIx5x3q0irXJAxIHQVm4oXKKXAIXuaURWHZ9K0bsC3HBzt56ism1c0tdDxuYZ4Gf1rYySsxwBIOBx6VEo3NEyRAu3eOtStGFrkoXdwOvrWlhIfwik9xTM9hfvZweKjqVGTTHoWK8VD3CUrksZJA44rZOxn1JhkDI9arl5jREwI5A601Bobux45NTYb0HDqAPxppaivYkBAPBya0b6ITVz4w/4KPHJ+HvH/QR/9taiQ0rHuKqCOOPpUtjasLnqv5VLZWlgXIPb8KlLUnYeGAXB60SuCV2IMMDnr9ayepadhc4/rTje473FB64HNNxT3M73HK3HXB9KpK2g7pDkbHOeTTlsNNMcHGSG6+tY3l0BRY8PjGME4q43vcmzW5IcsB0DevaqlJIasCuVwDk+tRz3BolZ1yMfjVyd9iVcUN8pIPB61C5hrzFBIQZHHrRJCsPXEi8HpUWsHNy6D8/KMYz61Ts3oXF3Fic7OTuFJ6aIJWexOHXr19q1jexGwoYAjPSjVjXkLnJyAMChX6id9hQ+5qco6CcdBx4qYp9SNbi7sVpexvckBGOuDS5kwuSxsM9frQ7FrYlU84zihMm49eQR3960eoWuPVgODkVKZnKI9SSRjp3rNrW5CXclRgmOvNaqN9SeTqTxkYPv0q4vlNI3DOGPp2zQ532LloidWHPFJ6kLUUvz70nIbHRYY81nqxPY+Mv+CjeMfDwDt/aP/ttVDSZ7n/CRjFTfQpiZ9MZ6ZoVmIdyeehpINxQdw5ptFJW1AYwR61E46aBcUEcAHP1rni5XsxChtpztPt71aYWAnnOOtaqQmrkigLjoMVEm2Uo2HfKxzz9KlFXFjUkjoPqa3vfREyloTeYAOOcVm4MmA0EkE4OB+VZ2cSpOw5n3BeeaUaiTMY3uSRkBSc4xVubZrZisRtOOooi23qAKSo471egNXJz93jJxWHPbUS0Dn5Rz9acZKTuXcUSAng10rYVhytwO9K6HYcpwQfSo50hNEisOQTVKaZI7dkYzj3NVzE2HLyp/hOO1U9UWkS5xz1HSstinohynLj0FUmYc13YkaTOPWltqdC21LEbZAGRk0ue5Kkr2BDvJ7Y9acZWZbaY9Dgg479KpslpEzEZznJ9KtMmxKkmAOAPXNVJ3KStuSE8A1nYbVxVkI4PfpiqIULbkmcY9aoe5JGcAHIzRog5T4z/4KNnn4e+v/Ex/9tqTaewNWPc1+6QTms7Ia1Gg4H41N0JoePvU7pCDkgmq5i+boA6cVDbFbUUACsxuw4ckDPT1p2sGgpHetI26gtUOfgAjn1o0bAchXnJwf51PsxChsk9fY5rKbcNhWFBI4zms/azKirIkz8uPX3rZPmV2S0CY/H0qHBLVCtbYcJNqsv8Ae70crZSY9G7nv0o1iNoej4J54pJtvUht9CQygEADGPSm4pspK4GXJ4Of0rRRUQSsKq4OQMexrRMlyHp9eB2rGW9yHJsTd2yetHKV0JgMOufTqaVmtQUbj+u4549qrmKtYkGCarmbJux4446UaslyfUVWI49a0SsgUVuPB+Yd6NGbLUnhI3A8isNSHG2o7eVPoa1gkX0Jo2BU5PJ6VUhXHgjPPSpTZTepMhQ5z07VTuS32Hhycc8U0wcuUcpycnr7UIpslwWxzVGalqPA6fypuxTufGn/AAUYOf8AhXx/7CH/ALbVKEz3TJ3cenWoTEBKnHc1Mlcu2gAdO574rOPoJiYIJz0q3uND+hp7isKB1JI+hOKnYloOMZxj2rOUxtAo3Z5qOaXQFLoPPHHeuiF92MdjOdpA9RWmvUSu9wX/AOt7VjJ21YPQep65PNNTTQ43JCMnP5VLbB3GnlsVlG+4LQcAMVtzENk67RHuJGfr0rGTb6Gb5mMzuPbHY1iawWmoKpU810R11NWOLDPGSacnrqZy0W44HK5BrVNWJSHnjBzt96SkCViVFDK3X8KTb6EO9xV3eu7HWp1NY+YpOWxnHtmp16ovRkiyiPg9O3NbL3jOyuSiVWAIIrRe7oVa49WBAIIP41lJa3HuPBBxjmiN3uibWJ0bIHFVy2BPuKAfMywOMVfoJu+xMMgjnio1BKxIp53Z7dKnVGr1JFO4Aj8qptpEEm8kADjnpRG/Ue24ICFI7npWpL1J1Bxjd3qmx3JQQzZ61Kkrjex8af8ABRb/AJp9/wBxD/22pkvY9z3c8Vz2KuOwAc9/0q9ROdlYAwY8cGrirGfM2BBJxSdjWI4AnpWb9AvqBIAwVzUSv0HvqKMlM8fSpjDuT5CDIyelabDskxR8x96tSZLv0HqcDJz6cChtlWsKOGx2Has5R5kJq45TyCeayULdRrRWHK+TjNVG/Ud+4vJbPGalNbBdNA2QCByauCRnsxwGExzyPzrSdnoacyYoOFA6dq53FXBCBz5nJJ+vaqUlHRIl3JEm2HkAk96JJSe5LWosZABP8IBNaJWQ3exHHqMcyghcKwDA56ily21uc8puIyTVHjSdim0RYwEPJHqa0hd6WJjXXUo33iY2klukS/PMu/LHOBx2q0le1hSqtvQpX/j+DT9sU0Ie5YqF8thk5I5x7Z5+hqlHuaKTZqQaz5sSOR15wTWPO1okS5tPYtR6l8vDD8DVRlzN3OiMu5o2cjTIDnIPek3qVsy8gCijmYr3JVPIOePSk59LCa0HrMSaV0TZk+7cM96uJSTJEIC8kZ71dkaEiH3GDQlYGSsABkdu/rQ2TuCnK5FZKTuWkPyWOeRXRJXRD0Hhii/Ly1ZxjZiTb3Pjn/got0+Hv/cQ/wDbaq6gz3IEEe9ZcrDUfhR061SQuW4EEZIGKFoUrBkZxnnHSs5N30KWoqnf0q0S2KRjpWUk73RHM7jshhxQrlbCU7AKP0PSpd+hSHKTjocVSutyncAw6j1q0QOD84xn6Ck13AEIU5/yKh3toS7sfgkjP1rJxQRHkkdOnrQtC2NZtqqB0pyfUVluCnGc81dNqQPyGtJ8528n6U3FPYNbGRq3jDS9BYfbp/LcjhARn8s1lyNPUzSk2eea/wDtI+E7NZrcXN07kFcwRq4yRxyGrohNNWIm5bHEWPx7s47dLa1acQxgLukhG/gADq1b2i1ZoxlC5kf8L31Vb+SSSZmgcBCiRZG0Z9+DzVRjrZERox3Zkav8a9Ru9Rs2t3mS3iyZC6AM3oBhuR9a0laBsrReiLPh/wCM9smtNPqET+Y0yKJDECAoPc7uOpqLqWho5WV7HeXXxf0i9vIpGE6iPnMMQXcOPfnp3rqjh42uzBzlLRHV6Z8WfDOvMXgnmhC9ftAXn8mNcdSmlL3SPfW52Wk+OdKxHsvomXBOAw/xqY03J2SOj2lkrnXaNrcGtxO9qS2042kc1U6bjpYFU8zUGVxuGPrXDKMupqrvUmRgTgEVUI9y7kobsT16V2XSVh3Js4VcA1mrXKWo9G5PAz6VTEx+SeCOPSoBWHbjkY49qyloDHbiWGTW3MkiZInY5HGKSmmCkkj43/4KJ8j4fEEnP9odf+3arRLdz3YJ8pzzmsk3Y2vcGXndioUrMHtYFlHAAq9zKwuM9etDiNaBGpWs1oD1HgDbgcVTdg5RQPxp2TQbgVz0OKh6FWDk8Cpe1w2AdqXMyRwPy9f0ouwtcULu9qOe24WsIRkjHetYu6ETbgSMdq42rsFcRidvtW8YXVgepGJAxwegpSpWE0ODHdxzTjHlQtjjPi14tk8HeDp7uEAzl1j+YZCgkDPvinBNNMzUle58eeIPFmp+JL4y3M6LtHASMDsP8K6/M19pdWRkKqBgQPmHeixLux+Q2ap6GbHpKY+nShOw0NZt1Nu47WEoSJZoxXhwC3JxQ5NhGNtUVoR9lmMkB2McZzzSvrcvnezOq8NeM102QyXJzMhOzC8Hgf8A16Iz94PZ31Ow0/8AaGk0Fy8EBG7721A38/8A69dzUZaow0hse7/Cn4+6d8RLyy04wypdzAgkrgAgZrzKuuh1qTtdnr0kJt9ucc8jFc8U1ow5mwXJGR0rdS6F3J1mYsBkY9MUId0yUHcT7VMpNbAORstjuKE7ksfuIOe9DjcVrjw/y9KFGxEY6jxgkDGa1tdFvQ+Of+CiHA+H4P8A1EP/AG2oWmhLse7l9p5OOOK5YTctzSwFjyD0xxxW/LbYTFUDPHT6VPMwWo7J247dc0n3K0QKd44zS5ifQUAelXe6HqOxWfNIpAoOcZ/GspTlsNsMdD2o5jPcB0qJPuK3kGfpVKTtYtaDo2wfY+1K7kOSuOIGBxk0XlEgYrbWyea6roLDLy9trUK08yQ5HRj1ou3sS2eYeI/jLa6NNstry2lZZSDGDkkDt0z+VZxU+b33dGaTbPPvFf7TesW86ppNpbAgEMxBbH5j+tOcF9k1t31PJfEXj3xJ4z8xdX1CSW3kYMYQoVSR04Hpit4QSRm+XojD6VYK4+K3aVgADSukacki9Z6JcXMh+R0jH8QGc1HtYt2TNFDTVGza+DftMfWQvn7uOTVS12NfZQte5pxfDSa/ZIra3uJZnPEaDJ/z0rO7ir7mCUb2Z6J4I/Yy8Y+OJrEw293Z21xNHG0oSNxGGIG4jeMYz3xXRCE6ivY561WlTTtq/U928U/8EmPFukaPJc6P4iudYulRmFt9kgjLEDIAzcdzx7U3RcXfnv8AIijVpztzafM+SvGv7O/xR+H98LbV/B+tWzEAhnsztPGeCMj9ayl7SL+F2O7kpy+GVzz64g1GzBe4spY1BwWeIgfnVpNq5zPR2IUu0kyHAX685pDLuk6veeHL2PUtJuntLuI5SRMHBPB4OR0pWG5M+t/gf+0avjKM2PiS7tILyNRhn+UsAoy2ABnJz3przJbfc99ZPLwR8ykZDVzyik2UtVqKhwRzk/ShW6FbE6uccnv0oUmmVFofg54q9ejKdmOqk77mbSQ5R/8ArqL2JJORgg80+bUPU+Ov+Ch+cfD8k9f7Q/8AbarS6iPdtvBznPsOlcqi76GjbHFsk5/Kuhpk2GHK+o/GkojUrEinK/hQ1qJu4oX5NpOPfNZNFoXhuBTjoFx31/OhjT1AHPfNZvUbY5WK9h+NJwIsG7PYVha5m27jSOauLNlewd8k4qx7ioxGMYPNDaejIaOc8bfETT/BGmtcylLicgqkEbfMT/8Arpu9rIk+VvHvj/WvGerXF5LIdPs1ZvLiErlymeMgHGeB6VpB23ZUpckfhuWbrVtPUeQJEcKg/fJjaTgfr/8AXrv5VNJpnPGTmcnrl1btODDMj5HPPSolCMdmaJMzIoJrl9kUTyN7KcfnUN2KjTcmbFj4XvHYmWPYMdCKxqSsjsjQlG0mdBZaKLcjd83tjiuJzbZ03ilY2EiVVAChR6AU24rYhyT6GjYERkEnAzXUm2c0qbZ1WjeKrbw3fW1+U8/ymBeNepXvW90mmzCVO6sfU3gj9pTwlD8O40Ey2eokECFrmNJFbgA44I55+npXs0cXSjTtb+vuPKnhZc91qeh+C/2yNE0m5t7a61wSZARvMkYpkf7Rfn8q19vSlH3l/X3Gaw01sjvn/bh+H9632e51HTrq1Yc+crDGeDkNkdK5f3Le5p7LERWit8/+CS3E/wAE/iZpciR3vh29jvMsqQfZZGDYx9wqTkc9q0tCXwo5OWvze83958n/ABu/4J/6Z4x1M6h4Q1BLJAqo0S2sccZPA42Ac8GsZ0ubpY9Oniox0kfHHj/9mrx18Obq5FxpUt7BAeZLZGYlT324zXmcklLVnTdT+E8zla60243ATWFwAVK4Mbe9D1ejErRep9jfBH9pTTNU02HSNdkSzuztjjl3Eq3Bzyx4xgVM4NrQvmVj3uJg6rNEwkgcbo5F5Vh2INZr3VZi5rsmSTJGcClpuDdtiZWH4VSd9iVccTgVaj3L9RQ3b+lYyu3ZDUW9R6nn1/U1pCFtWU1ZHx7/AMFEBj/hX+Dn/kIf+21bmZ7qxOcA8+1c6g49TR6iHkZ6VXNoIePmGcc1CmJoTnOBwAKfNchD0O7g9Kxkpb3N0OICj37VEea9ieom7cpFdD0Wo5aB90e5rLmVyFqOJx3qtTRApyKhpEsUcNUW0KjcTHOMZzTvoJuzK+pXsWlWU1xISfLRnwuOwpKzZnJ3PlH4m+Om13WkgDfu42ZmyB13HgfkK6pSS0sSo36nA31/5zuABt6U4xvqVJXMrzJJJliiLszHG0Mcc+1dF+RExhzOyOp8P+Do7mLz73Jz0U5FcM8Q72R3U6DS1OnttKtrT/VQImO+OTWSlOb3OmMUuhaPqKU1JLVlufQTIrJbhZMcSAOTirmtTLREizBAAOWPbvXUmktAadrgLyPJVxgY538Z9qrm5tDnumye1ls9+VC7s/3un60720RcuRRvY0wiSlXBJxyCGpqcu5lp2JvKXYygLhuDuGT+fWl7173Dn8i54d8Ta54KvI59JvPLVCWVSCcZ6/yrWNeUDP2UZa2PXPDf7WXjfTYZEaYXAb/nsMgcnn69q3jmHM7W/r7yZYSm9bGy3xbn8du8OqW1mzTr87Djgc4wT/UVcqsX01MlDk2PL/iD8CNA8UwGWyX7Fd79xeEDJycn+dcUo8uqZcbSPl02lz4V8R/Y5y8c8MwAcArj3GauLbImkj73+Gniia/0XTbOVt6i1jKsx5xtz+v9K53KTlymSu9Wd1Hl2OO3NacttGWnbcsJgEAD8alwcdUzaNtyTbkHGaI1bg7MM4q7K41dDg2DxTdwbtofHv8AwUNbcvw//wC4h/7bU4PdESPd2IB6Y+lRK6LsJ1rKV2K1h4QgdRxWSjbcTVxeq4985rRpo06ACo9yayfM9iGmCtnHc1cW4rUNR5wQFxyOpzV8yZfTUTvjBx61hK9xpRYoG7k9K1iW1poKOAMcVMnYzsJuAJ7j+dZtu1i7DZZlQEsQi+pppOWhzTtF6o+dPjZ8VI4b+50axmmeR4drFGGzJOOvtgmu2EeVe8Qmm9Dwpnlkk3yvvOMDmtb3L3GFsttHLHoB1obsrmkU5HYeGPD3lRx3Lqu5lzkjnr6V59WrzaRZ3U6Xc61IsoB6cVcLTXvHYoWQFNvbitHa+hmxPKNXZuNiGle4n2dsjkCseXl6A3oX7OxjV90uHHpinBRm7yMJSR2Wga74c0gquoaaZ1zkuse7Ax0rvtTWyOOpGdrpns/w5+IvwKjiaDV9GjZyFVfOshknHTJbrUQhT505bHm8uJk9/wCvuPUbf4Vfs/fFaxDaZd6XpWoXA2RpMjR4Y9AQsvHTrjvXe8PRceaLS+Yr4ilK8ndeS/4B4148/YX8TeEpjqHh/V9M1uyWQnybGZ95TGehz9OtYxwTS5lJfedsKymzgofhtdiQCeA2wI4MvBzn0zXPOjJTsy5SXRna+DP2S9e8ZJDfQ6lphtZXZVE0jggqduCAPUGu1YFVFdNfeczzBQfJZ/cjt9c/YK8WQ2UU0Oo2G7cR5UDS8/VgP0qamCclaH6kLH8ztr9yPMtS+Bfi3wpqDxTJDIYWwGjkbk47EryetcU6Eos9FV6clbqQWN5c2zmOWOSMqSpOcjI9653J7FRTexj+Ovh3pvj4QzMkcd9GCAzoeSSPQ+3pQ7WvbU15VY0Phv4w0zSrrT9CvrlbS8tI1t2kk4UlRzg9eQM9K1o8sump5jlJPc9w0e/ttUgd7O5juo0baXjORnGf61dSDjZsqOurL6sTnnGaxlPTQ6YtEqtnvmpgW2iQKwXdW7SM7pgvTtWdrBY+O/8AgoX08Af9xD/22qoqzYpq1j3hwGIINS/Mu4AYNPlTRVrq44sWyPWo5UTawD5O2R0zUS7E6Cuw4/nUqNi2rCopUk9RUSkrWECt83T606cb7ibHhSTkkYIq5QVxID0pWsjUXcBjFZu+zJuMf5sccnpSSV9QcuU83+O3jeH4f6NbRsHmuriZRtUcKoBP+FaP3XdamLfPqfJM0/8AaN/cXzrtaViwUdq6I3ktiLWYzOa0tY0iruyNjw1on9p3iSElVjPPuMH/AArGpNLQ9Cnh3uek21gILdV7j3964FGN20ehGD2SJhFgVvCLWpXK+pFcAIhb0q9L3ORp3MqfVlhGRn8qq83toKbSjcoTeJwshOzkdBiled7M5/aLqS23i5T1jZffiuiMUtkYylFF6PxLFKeM8+q1p13MOfm2LBlttRjMciFk3AkZIzionTcVzFc/LuixZWKWrh7RzEc5VSNwB/GsXOSHFe0ep6X4a+OPjfwiiiwvLUKi7VEturcflWscRVTvH9DV4Ona6ItU+Kut6/dfaNTitpJ1+68KbAv4ZOelE8VOT9/c5/q/KzY8EftE6z4MnsYxbREQNtRtoPJPGfxP+e29LFSW+xjLAe0d4r+vvPozwh/wUeXRonsvEWiG6jHKPZLtwDk4IJ9cf567fWLPmZy/Upwej/r7zRufjV4b+Ml7K9lHJpkc8e4NPvZwwOfuhSMc9d34UnNyvqP2c6eu55v488H2kez7LP5mOh5XufUH+Vc7pxV2z0aE31OCe3msLqIcN6VzuST0OiU4nGfEDwJ9rtDrem4N7E/neXM3yknH9RWsJRUjzpwu/dZn+BPjfrHhiyuLe4t4JJYJjHLEo5woGGDdCRyMcdveuqb9srLoZunVS3PofwL8QNL+IWmx3VgZFlMYkZHQqME44J+lefOLjojWm3rdnSrwSB9c1Mb9TXVkoJ2803KVy+VIAPxq1J21HzHx/wD8FC1wPh//ANxD/wBtquHVkTdz3VCeRwBU9CmSYwc5qFJrQSk3oIhPO41bHZj8jbzgkcVj1uK2pGx+Xpj61RoPVu3tWDhqIUZAJOOBVp2dh20FBLYPXirdrXFoIGBJH93jFc6bbB+QrsI+AOK0tchWW5yvxB8f2XgjSLiWSdI7oR5QbSzAnIBx9RUqL5tSJNPRHyD4o8Z6n8RNaOoaxP8AaPLQJGuwIF4HQDjtXZGC3FFGdOAMAdMVrsNkcED3MqxopZmOKNOppRV5q56t4O0b7FpanygsjAbiPx/xrz60otn01KHu6m2Yto6dK500zVwS2KGoXsdqMswB960jUa0RwVaipvU5fU9aeWNgknfsKiM589raHnyqX+FnPy3Uj/eYsa9JK+pk5S6kJLMecmtOXqTdW1HmAsvTmtoxTRySkJFG6vlRgim4xW5CdmbukSyCU5JHGKiUuZWZ0XTOpspW8sc1i4qxpF22LZlbuay5GjtUnux5kbHWolG7MZyu9CjNP8/PY5FaxSWhCqOOhWOsCykIUqhYc4UVo1zaIOZvoXNH8ZW2nX0L/aRA3OdmQent+FackobkTa7Hquj/ABGfU2YNefaA3JDDJPGayfM9zOPex28csGoQB4nWTPGPSuKopRZr7ttSrLCAjIyhoWBDqe4pU22wvG2p8+fFZ/8AhEfGREMUsdrdxC42xKWVm3EEN7YxwK9GM1T0Zx1HJPTY9D+HS/8ACA+OvDmp2chs9K14PBcWrsSqsU3qAp4HzBuhPWnV1V0jKlLmuux9Ny534x1rjjUR0iLuVcEj3Aod3sUpXJAQCccHpVRTtqPc+QP+ChRJHgDP/UQ/9tq1iRI93OCAO1ZuXMaJC5x2yPWnyi6hke/FXY0THcEda55xCw1jjpz7GpWhD0HBuPSlJaXRURVz1PQVKi3qTJ2HBiG4HBquTuZ7i7s89KlRsXawmxpWCr1NVdIxaZ8tftHeKYb/AMWNpNsEkVIkVpc85VnBH5V0Qkm9GVDTc8pih8v/ABrRjatsNlbc1aK3UmzZ1Pgfw/LPqCyyEAY+6Dk+vIry61e+iPQwlJuabPW4IRbWaxAYwoGa4VNNn0rSta5jai77WCit010PNrK2hyuqxtMwD84zxV+p50oq5ky2jNxjHpXbTcWYciIRYMD0rpTRlPREq2mT/wDWp3S3IScizHYKwyWx9RVRtLYmUeUsHTFUDkHPNdHLGK1ZPuyJ7Sx2MTnHHasJcvQrlfQ2rUKqKvX3qC43RYyMjikzuTVrDyQR1qXG5BnzpjcatbHNKRzt8GduhppnNdsyrmMurKy9eK15bq5afcs6RfSaRPuVn2FcFVOKz5ejG21sd94e+I72MltIGclOWAc56c96iUE9EHI5as900XWrTxFZwS275kaMSGNuvI9e9EafITGpfQ8v+OXh19Tm0+6+eOS0bzMKAdyrkgfjVKo4yTsE4e06nm2reLd50Kfz3kFpfQyM5yGwMjnnrW1fEzqQSsKnS9nfU+4PCmrJrejrcxkuhYqHBzzk1xQl/MmVE2IxvHWiRtdImC7c5zSTuTfsfH3/AAUJ6eAMYx/p/T/t2q4kSPdh8w65/SueLOh2uOAO0DrW17mbYbsJms5ScdiE2GCRxzQtSk7DuozjmsZQa6jbuKo+YZH41CbvYpMXf+NbppaA0hFYkkjp6elaK1iLJMVjgn8qwcrGhBqN6LHTLi4MgjZFJVs4wQCf6VnuYR1Z8K6lqEuv6tdalcStNI8jBWbnK54P611Qgkr2G9yNvljz3zWiYyO2ia6vYIVBO+RVOB6nFXey1OyjRc9T3Tw34eSwAkEY3FRj5R0xXhTaTsfQUcOo6nTRaQ1yCWUhfauScrPQ7FSV7sxfE0MNshhhjG/uwHPQVvRcpPVnBiYRtocjNZGVtxSu61zy+W5TubVIlztAqrciMZRsyiy8jAraMnYwku5IIsLuC4FbpOW4o2RXncqvBxz2rSKsRNXLOn3LTw/vMblJFaRk5aM51CzLIk2SAZxU1vcjodUXfQuwygAEGuaMmaOK3RbSQMB61o3Iz1HGhN6tloqTyZYjtWaqu+xlJFC5iWRuAAR6V0RSewcisUbjSyy7x+RFdtOPdnPrs0Z0to6H1FZ1IroNN32I4Q9u4wcYrNRtqaNtI7/wR4vutEuLU/aHKABSjOenYUnfc5vkewa3BF4p0OzukCytLEN467Tg5HP4VnLZO5pA+TfEVncW2q6pblXSIOXiUngYOePzoitdypS5Oh9U/smfEOTV/CcukX8wmuYpmYM7NvIZuM/nWtSKXUyi77I9/wACM4HSsVZm9r7k2SRmpskxqyPj7/goT08AcY/5CH/ttVLchnvAHOOOK4LOL1NUDE546V1JqwmK5GaxbQrWFxgZFEXcW4MSVHOD3rVtJamiQpBU4HQ9q53JXE0OKgBccDpWbkQvMBxVRn0DS4jAYOelJq7NlKJ5b8f/ABnB4a8PW9kZCLm6WQCMHkgqw9D7fnWyptGC1PlqzQraxLjHFdCfMrBZj542cAL1p2UdWbQXM7Hd+APD5kKy7AwZ0IbGOnWuKtUi/dT1Pcw1KVkkj2qw04fKpUEDtXjNtrU9q3KrGhqV5b6Xp5GNrBOijp0rFTUXZo5Kk5RVrnm+oXiSyudxZieSa9WDi1eJ5kpt/EUwQ/TmuqnbqOEefYz9XtXiiYlcUOLfUmcHHc5yW5WN8Z/CtKcHuclXlSGPqCqPb1zXUr9jh9pFFaS8V++KtMXOmJbXKrKDuwM04tJha5oTXafL8wJ9jTq+8tDaEbFqzu1YLzxmuSXunVFLc0o26Y5qvapIwnvoXN21Of1qfaXuxJNmbPIGJwaiOrIaKU14lqRuOSe1dycY7goylsRHVfMJAzg8YrZ1Y9B8ltxwTzPeo5upFn0Q7+zdzg7ah3IlGT3LwtAIgu0A44I9ai7W5Hqdv4F8Ry6TYvazTyCPflQBkD/ClpLctSiuhxHxV01IrtLyPHlTSEKVGOoBP8qzUrOy1LcU9WN+AfiJNC8YCwmkaIX0sSoR0LF1UfzpynbcxlHsfcFnJiNEbLMBjnnNZyk+iL5ZJamjG2RnOaqF3uSj5A/4KEEY8A85x/aH/ttWyJkrHvGfmyPpXDaX2i0xcfLVWdi0NYfLkmtFC24tB2SQM5rFKzGlYcBlc5q3roVew4gsQc1i1YTaBiSMDGB3rKxkkIcnbzinF2ZSimOUZwD355rRxd9B8ltj5W/ab1dtX+I8WnocQWcCMMHPLAE1pyTWzF0sea7dgGOBXTAqxd0S0OpaiIedoUkkDNYV6nJod+Fp8zPb/Delx2FnCscajBHSvJqy+0j6ailCNzpxqH2RS2VBHrWMYOTsZzraHJ+JvEc1w7oGXDDGO3WulUEl7yR4eIrTb91nNCZpH+Y59TXRTitjmjN7MW616y0GBXnZJZHzhN4G3AH681r7OUtmdcavso7HH6h8QJ9Wk8qK3VFbPJOa6KdNx+I5J13JaHOahf3KDPm4PrW7XKro8+c5PVk+qIlrBam31E3JKjem9SQeQTgdBwOpP68c8arlKzOVSbeo9gyRISxJKg89a6fhLT1GxTsM5PNTFM316E8V0zyYzn8apo2ppydmdDpFu8sasORnPSsJRbep6CgoxubsUBBFRKk2tyeWLLVxGxjJA6UrcsbA4aaHNXN35TSc9D0q6eh58k0zGuLtpWBY4/HNdPI5I2U9NB8E4LDvT5bBz2Wpt2sq+3Sm9iFLXQ1oow9JMbuy0sIIHFJq4SStaxcsIm89FXhSQDke9Zap2OeUbaod8U9IDeD2uIwzSwyK68k4GGz+lJqMHzEyUmlZnkvhrU5LDxRol4i4YXUS8Hp+8U5H5VVlMTclufopZyiWOB9uNyKT+VZKUXoXds0kbIq1JIbVtT5C/wCCgowvgH/uIf8AttWkZKT0Ibue8BQBnPPpXOro0aAg98de1DHsGDtIq1LuSpXHfMMAg4FV7thrzFA29uawlJrY03DcTjIwRWHM3KxAvVQRT5XezL3Q0888irtYj0HmQQqznPAP8qGraoJPQ+K/iLePf/EDVrl+SREo9APKSuqLkZ6HOSycEA/N2zRexvHc9E+FuglY5b2aMKSpVTnkc/8A1q8vETbZ72DhpdHpLXX2a3O0nIGawhK+iPRnJpWObv8AV5CpG/1rphHlPLc3axzd5eyvIctxUVOeWxz2uUbi9lAwrU6FKSb5jJrUwb2yF5cmaUF36DPavWTSRlOlzlTyDEc7cVPtE3a5lGlJdCCeJZCN1bXMqlN3sPNhCqjCjPsKpPQ5nTa6AUKgZJx2rO6e5UYdiSDTprojYrAZ5PSolUSW51wot6nT6J4ZjSZpCGbGB8x/+tXBKrKWlzqhS10Ost7aO1iCRqB3J71UXH5nowp2V2SLb7zwOavms9DlmkmXIYNmdwBzVqUtTO5wfjTSJLG7nvYUcQsRux06c/yrPnSkcNaHVHLxTG5xg5+tenDU5lLlJLppNNTzCFKjsOTWcrp6kSqdWWYNZmgK+daywsy7l8yPbuHqMnpWSqRbsma0q0J/AdzoF/banb7o3BfjIHUZ7VbfKrnQrX1NloQg9KnWWpjuyW0Plyev1qKkU0bRirHV6lZxa54SvLeZM7Yd6468ZqU0lqTfufMVmx0m/g87IEE6SEHkgcGtFNT6maSe5+kGiTre6Hp17EwaKWBGz7kZqZWS0Iad9zVBwSOT3qI80ty7aWPkT/goLnHgHP8A0/8A/ttXRGNiJR5Uj3pGOM96wbSLumOOcH86z5hMaqnfyMcdqIsqMUO5Y1pchvUds7e+aTjcq9lqIq5zxisOTlfMZ3ADC8HI6Vcnd7GqbHY+UColoBl6/qC6VoWoXj/dggdzx14otJ2sZNrqfEMuoHVbqe9aNYvOI+Rc4GFA7/SvQiV8QabbLeavbwv91iD+vP6ZrKrJQjdnRSpSlJHu+gaUljZ+UuSMk5JrxZzU5WsfQ0IypqzJdQPyFB3FLSPwnROSehzNxas56iuqNRbM86UUUZtNJyc1to1eJCdjPn0w5JzTpyle1jGWpSfTyrHkVq4ykTcgktRyDyBWXs5Qdxe1eyKklgjHvitk5NkT11GPaAA/NkVvzWRjyXLlh4dWRfMmY5Iyqj3rndSPU6aVGPVm7a6akAULk/WuWb5nobcrvZG1bRhBmoOuNJJXZaSMvyOlWrDcktCwg2kV1wilucsrM0LaISgjpRN22MeUpazpIuLWWJz8jLjNc3K27szcI7M8p1TQP7F1BUDM+9chmIz79PwrupVFJ2R5lSNnZFS4inkw6OqupDK2O4Oa7lTU1ZmUqSnFxkQajf319KPPaMclsIuAT3Ncbw0KUuYilTVB+6SILrSbhJ7WVQerKy5B/wA5NaNRkjsc76np+jawdc06K4IAYxhiemT0P61m9NmJNNlsSbGU471Dd1qdSaSO68Mv9sTyT91k2kVknFbsVrrQ+c/iXpp0bxPcxFQBJErZByT8oHNZJpO8dDifNc+z/gTrra58OdFPAK2qhgRjkY6V1S5ehm3JSPTU5OQPzpRdlsb8zufIf/BQMYHgH/t//wDbatk7kzk3a5702QB2z6VzykkxrcUEsCM4NZyaWxT3Dt060LUtWsLxzjk/0qJNp3JtEkQ5PJqvaNoHqgVvmNR8RmtwJ4p2kaCDgcnH407XQmzzT9orXzoHw58q3l8qa8cwPgkFuM/40oqV9BRSe58q20RhtUTuM/zrui7lJWOm8A6Yb3VY5tu5Q5QNjp071yYqTULI9bD0m2m9j3hbBba2VVXBJyeK8W9t9z2bWWhmz6eWY8E/hTvqVyqW5n3ViIwNyH6kV3tLdGVSlFK5kXQAZgABWkGzz5uKZmyAc8dK6Je6rnJU12IHjVuorNVfM5feKk9qoU8UlUbZpCyepUa03H7vFaavU6VJbE0VhGVG5AfqKwlzX0ZlJ66FjcsC5bCqO5rnfMtzRSaWhq6bZvdW4lIwpPHFNXZ0RWibLhg8vGM11QgnudfMkh6OVHpWjpxOWU48w9XJPSuiMTNzRoQStCwwM81lUiZ851EDW9/p7Quql9pPvXHfWxk+Zs898VaHFOyq6lWXoQvNdVL4iZwS3RxUun+QWXkkHjNegpuJLcUtiI2C9WA/IVnKfNuc0op6lgaOJlwVPPHSoU1sZtW2EsvDdxo98t1ZPKhPDRDoR371z1aVW94/mP4TtLIyT26NIuHxhuKlKSjZ7m8dTtvBzMl2hLEKACD6c1nCEr3kW24rQ84/aa0kadqthdIm1rhNrHaBjAxj9KbXM/dOObaPbP2YZZB8PtN3gq+ZFAAzkYGD+VaVJKGjMlU5nax7lEwIyQDTj70bmp8jf8FBMY8BY/6f/wD22raGmhDPfBnHPWolE1atsOHT2FTYhXGuOvYmnypIGmwK4G48fSkrNajSsAUkcZoaRY/GRx1rDls7k2sKegPpT5HIBr9fY8CtIR5dGTLTU+ef2m9YW/fSLCEq6pcliTnsi/4mnZN7jp1O6PGHO3LHpitI6HUoJux6V8ItLluLXz2UhPMdlz3Hy8/rXBWlue/h42PY47KS8kxjp6GuBqD3Z6sYX3LMmkeXGxOAQOmKw0vuaO0VY5nXLZkjyfSu2EdDzayurI5C5iIkbjjNdcWkjyp02ig8R5zxXQ7TjYy5SAxYJ71y8mphNcrIyhPauuMbaXFzRegbcdq05bByrdDXOARU8iZUU7EVppQ17UYrUyGKMAuzL16cVy14uOx0UVzvU7rV0sLJ4YLSTzEjjC7yByR6cVhh6bmrtHZVlDY5S68Y6Pavse9QNu2ng8H8q9GNOx50qkVsSQ6xa35D28qyp6rVPlva5z3UpXL0FwiuCWwK6Iqw7tMvvcKxyuMUpRUma3LGnaotvJndnjHWsvZ2dzSOhPfQrrL7oz8w7U5PqRKLmcvq2hyRs4Iww7cVm3dEyjZaGO1g8J5T+VVF8q1OeVy/bhcAGodm9ClC6ubFpChPXjFVCd3Zkewurl+K3B+70+latonkcdDo/D0XlzgdOKl7Fwk72Zg/tB6O2q+FrW4ROLcyOSoHZCa41q/dHJymbP7LXnDS7KbLFdjoME4/h/WvQqKN7HE0k9WfSSN8ma5ZLl2H6HyP/wAFAfu+Av8At/8A/batYaoGmtz34njPT61Llfc1uxQeP5ilp0YrhtxkHvWlguOPXmsLWBdxwH5UmmyrgQQR+tZ7uwrCNgA4BNdKskBW1GeCwtTNcTpCoBYb2C9AT3rGUrPQrl5j5V+LWqwatrUbQt5qxu3O7PO1Rng+xp8qWpp7NQW1zgLlsQnjO7Iqm7I1pK7Pe/hbpph0CzO0R7l+Zcd+M15Vapo7n0dOLdj1PTLMRFnPORjmvJlJ9D1KK7kuoldjAKPu9RTgpMU46nHawnnR7T6166XKtDjnFbs5TUbYI5x+VOMu551bTZmM6jmuyGuxwWKsi4PFbqmnq0Z1LdSMjIqlCzOWyTGcYz1Fam0WmV5mCqeeaegNvZEejXz2l88gODsx6d6yqRUlqaUXOD1NS9vpJFZgwzjselVSiorQxqzk5aHlF/pMwdml3vuY4JzxWri1rY5JJsuaHeXWlzxKsrNDu+ZD0x+VcsoXlzIum1A9BjvfMVXUghhkAGumLvuXzu+xFqni630i33y7m9AjDnrx19qHKzskaqd1qjmZPijJ5zbLMrH2JapnLpYn2lup6N4W8RC+j8yNlYd8HPr15rNX6m9OSl1NfWWWackYGQKc421uDTXUx5LNZOtFoyRPImQCxCngmpUEh2SVi9awlACTxU8vLqap2Vjc02JZEHHepu2zKdjpdJswkodTnjGMdK2smrHM4opfFG0N54E1D5ygjhnbpn/lka4X+7ejI1WzNH9lKwV/ANtdE/MjTLyOvzDB/UV6U5KaucbWtz3bG04zkdeK5pN2Oimz5H/4KAfd8Bf9v/8A7b1VFt3uFToe+43k44z+NcNpM0Y7HHPWri3cwtqIy/ga7lIpMeemaVrlJoUFuOvSsmuXcuwjSbXGeM0RsHQa8yQRySSOFjjUuxPQADJ/lWjta7NaMPaTseGfFj4lJqOpG1sgZIIPkYq/B4OT09/1rz5tSl7p68aUVpY831SaHVsyCNY5OuDziuv2bcVqFSmrGNZ6GdT1eO1WQIuzcwC543Af1rmqPk+KRzU8PKLufS3hnTBaWNtHx8qjPGK8epK/mj6OnB2Oxt1CxdgM1hdHXBcrMvU32lh7V1046XCe5zt9H8u7NdMZu9jgq7HKaqwMrgckZrW12edON0c9MwDGu6jFo5NI7lSQ89K7ThqyTlcYX46UmQ0u5XlkCDJ5pb6DpRvLczpn818j8qlwv1Ox2RWfg8Aj8abaWjLuiIajLGCpJYfWsoys9DnnC7uVdSuHvY0UjCqc9c11yxN48vKcslbQpJZscAHr2rjdVXJ5eprwB4oCuTwOKhSdSWjsPm0skY9xbPcELIS+OhNdMXyaMz16jYfDjXEu4spQn7prWMXUegWXc7nwyg0m2KKFU7ieOauUGt0dMEoa3NGe+M0m4kk/WuScXIUrvqSw3O7vWag0xptFtWrRg2zRtYxIyg9MVm5Jm7uka9jb+XyOlZOSixJc6Ok0acRyFWXjGPrTjV5nZmNSNkWPGeni98F6uoKbfsc+c+vltUOCk9TlT1Od/ZGv520SWxaYvDG8yCPAwCCh6/0966kpR0WpdSCex9FAgDP6U3FyMFFx1Pkn/goFgjwFj/p//wDbenCPK2KTue/RjIznk1inY1krigfNknFYykrisBXI+bn6Vom+gCYx9K053YtMf/CADnPIrGU76DuMdOOapbphcwfiHqB0rwPqtwvJeMRAf7zBT/M051WtDrwsOaZ8yvH5qSS4IZ3c8n3NZRpe0fOewo8pSRMcjritpa+6VL3tDoPAOmG91uWbaWMewHBA4yDXnVY8urHSTbPoLSrcsgJ45rzalRNaHqp2RseWYkIJwe4rnU7jU+XUxdSGXfnpW6m7WE6ikczfXZKkEdK6YtLU46t2jl78FpJG7HmumlK7PMnJo5+4PJ9K9eBx1HdFZznFbHG9CORtq0E2uUrmXiplJRV2b046lNetTGopGzGuufaomuYly5UQNajnIz+NEKditZxI2tcD/wCvVTSaMvYyFSDZzXL7LW43SaWpMH+XaRXZGOgoRSHpZiQda5KkbTCU7Owi2c0MgClSM10RrumrGLXNqbdjbS+Wd+Cc1ft+bVjUGwdWjcqax9rd6BFXdizbsPxroWo7uJchySD71hNO4nK6ua1u2Nv0rl5bs6d0dDppzEPqKUo6iTtoa1udkqk/SqehEo6m/PJHdeHdYt5ASr2ko446qR/Wn8ZnKHKzyz9ke9eHxbfaeBgN58uPT/V9/pWkKiSSMKk3PQ+rEYE4xkV0xlci2h8j/t/dPAfp/p+P/JaqM5H0IFGeOn8q45X6GohHf+VCT6jTQoPvgVspC0Q4rkY7e1SyWxNgGcCoaZSY1hgY701HmH6HCfGiYr4Vjg6o8qs4xleORn8cVz29+yPWwavv2PA7tgiYT8hXapcqsz0uXQrlcRYA5xXDJvmbMOWVz0n4S6YfsM1ysYPmvyzdcDjj9a5KtaX8x61GMWtj1+1iCRAjk15U0tzobRZbKR5xgn1FQ49UJJPcyb4BYXL4L7TyO1JczFJJbHFX7BARnrXqQd1Y5ajVjn9Sk67TnjFdcIux5dUwLjO04NdsNDimmU2b35reKbOdpkFxJhDg81o9hNNGe+4nJzXE1KozSHKnqVHnbdgHn2pKEou1jST/AJWWreN2IyPzroUWtjBuX2ixM8S4BwMe1XBE8yS3KE12ucKRj6Ucj5rk/WE9ExiXYyMkV1Rp3RSqvqyx8vB4pSjyoPaIvW8sO3+HrXLNrqiHJNlwQB13IBjsa4/eb0KltoX7T91GQRk1sotbmSbQ27i8yNmxz61XwnRBroVYwSe9aXY3uaMXY0220bJRaNCGUnFZxQktTb02fEQ5xzUVdLJCnHXQ37WTcw3HtWai2hdki403+iXKbiN0TD9KT5luY1bdTkP2WdOVPFWp6ixwzT3EYAPG392f8+1bezUHc5pQitj6cTrjk/TmtOYk+SP2/cf8UGP+v/8A9tquLuRI+g4cqgyc8kVjKSa0NFpuSr909qFqila4BQR7+9F0S1cU9OKu11czA9KV7bmiEA46A1N9boTZw/xjs0Hgl5wMeXPGzHA5ydv8zXK7qWiPZwTi9L/1c8EeESsCDkE4FdcY8yu2etayKN84SOQA5xxWFX3URJaHunwrtBB4Is2I5ZpMsev32r56s9T0IO3wnc28OFCjkZ61k3zaWNuRvUsTjagGKuOnQFFx3Oc1RyEkHsc1vFp9BTbtscLfzeY5OeB2/Gu+EUjyZ+91MO9Odx+tdMU3sc09DKlUlTjmutRkc8ndFGYYPpWiucrTvoVpiNp55pydotM0tpqZd3I3YfjmppWsctVxXUbAyrgucVvLXYyi30ZJca5b2i9MknHSsVfqhyk3oY0+qGWRiAcfWtIxZk6cmRm6U881VrGfspLZD0uFyOa1VRRLjTmtS011vTA7USkpIm0luN81sgjj8axktA5ja0rWIYIo4pHO8k8YNZxhY6bqxvvKGVWXoaTdx3Fju1cbSDzWfNrsTcaUx0Fa8xdyZRgCmth3ZegJwKy5rM6Uuxq2Mm1fxrKdSLepqlobtrMMjntQpRSumCVmWpLkC3mP91GP6VlKXPscVZmD+zWixajMrNueUznYenzFT/6Ca7XUhJannu973PphSduO9QkpO6He58k/t9jjwIf+v/8A9tq1igZ9DEbVAA4HPFcLg0b2Hk8jHTpWiulYlLW4pBHvU3LTQ0k4rdSsrGTs2OU7s8VElfUaaQhO0HJ49atNcoPUyPGGmLrfhLUbN03B4SVGOcj5h/KspLS52YSTjM+ZbexlsdcubOTIEMhAVhzjdx+lcXNWb02PpKac0Y2vXHlXd5ETnawHPuR/jW7dld6kcutj6W8Bae48G6YNm1WWQk9MnzXH8sV4eI6NHrRhKK2OstrcogXb07nvXGrnQr2GX2Y0z0zXRTTe5Nk9WcjqtwNjjvg5rpgtTCajLRM4K6ny7DoK64zTPJqe7oZVyxLEZ4reE2jik9dSowzkV3KTaJktNCrcR8DirVzmmUJlAU9vWqdmc7qcq1MydlUnJGPWq2ehyTmpmHe3vlMAPvHFO76jg0UY4fNkLEEk9zT6mtkaUFlGwGa00WxvGJdXTICfl4NRfuatIedDjkZSSwHekopvVgoKxIuhxgfIWJFbLlTsiHTg9xkuk3MabhA5XB5C5/lVNJnPKnFaIyZZCjeXIDG3Xk80lTMeRo6fw3qLXdnKJX3OjdT15rmlTcXc1e2pZmnMTbh61ly3IUWXYbnzVz1pu63NU11LYGBV30N1yly3bpWOl9RKRqWvC5qJwT1RtGVjVt3xj1FYpcq1LlJj9QuAmlXxxu/cPkZx/CahbnFVjfc5T9nDVJj8SobUNm2ZJML05IUn+tdU0tjOrTSheJ9aqeOBmqhFo5Ipvc+Sv2+jkeBP+3//ANt63RUlY+iN3OR+VTZNFajufTFSIQA+tCaG7sB3wc000wULascv3arR6MjluxM7VPPNYNa6G2yFjIOdwyhBB/EVopWLp3jJM8B+N3hufQPE0Gt2sZktrlcyBBt27eeevo1cNaeuzPepVHY4zU7NPEM/norpC5ViDnb0HQcDnB6Vh7eUlyx0OmN5M+r/AAzp/laBaJ5aqFD8Kcj77GvLrSTfvHsKUupqrZhQMgEH2qVY61K5katthQA4Iz1ok1E5q7tax5xqsx3TE8ZziiDcnoedKXY4u4++31r1lC2x58tdyjKcvWisjBrmYwx4q1K2wvhKl4QgHrXRGq2cFaV5GRcco2e9XFy5rs5JLmMqeEyEYrqcluSqIWmhqZVlcg44wRWUqkXodEIwp6ovSadGRwoJ+lTCdzVVL7mfPB5T4A49q0u72NFJCwuF25wp785rRIzqST2JWuokIBfmtLwXUyT8y3bXcZbGcGkmineexejvNoxk/nUM5pQaZQ1PS49SQ4CrJ1BI704ys7kc8kc3ZzT6BdzxSKdswUg9Og/+vU1rzVolwk5bm6NQS7jAVSDjrRG1rClLoaGnNx1rKojojY2RmrWyN1YswHYRWMo6grmlaSbu1KWqNU0kacDfMR7Vim3uJzuO1OLOj6jxk/ZpMHGcHaaiXMtTma53oc78BdNR/inaPkKYoHJ9zgc/kcV6DStqb1IyVPc+tljx0I+goVuh5sdT5H/b6/5kT/t//wDbemRJWZ9Cx5LcDIFYwZpceTknnpWjsSnqKTxwfzqVy9zZBgAcDms27aoTY4ZxjtUp3M9hNmeKpoq4inbx2qCk7MzPFXhS28ZaM1rOwikj3bWKhsqVIwB681nPbU9jC1Y7SRwHjHwxpXhPw7FHBAjTptAcAdRhj/X8K8tz1aitT3qap7o9m8NIsmiWpDrImGw0fQ/O1eXWjO+rPSSTL80ZETY4I5pNuK3K0Rx/iOQpACDzkZGa1i+ZanNWs7HnWtSbSwHJIropx10PNlBJ3OSn6k+9erF2OKZUcZbPvSbuzCLsxJHCiqsrCqNGTfzZeto+7qedVV3dGbM5YbccZrfnv0MYxZEsBdsD86G7o6NtGW0QoAM1zODbMJWTFY4FdMIcpKaM26T5jnk10bGrehk3sxUfL69qa97Qxvd6ozXmlaTcXb6VlKm73RlNtbFm1vJQc5NOMm9GaU6rj0NqC6kc8mtXojp9oqm8TYgbKAnrWMp8pxyjq7FHWdKju0WTb+9TjOOopqoo6mypK25WtbUxRgH73TipjPmOVp3NPTUO4jkDFXJqx0xN5CMDiktjrhHQmjHzDjis5MclYu2p2sccVhJyQ0ro07Y5NYczMpaIt6gSNF1HHX7NJ1/3TWsLz3CjuRfs86fFceM/tRHzqki8dwNv9a75Ky1OirazVz6UTdk449qmO2h5kko7HyR+34Mf8IJ/2/8A/tvRF3uYSPoMZQn19jXFzPoapXHjl/ari21qS1bcUKQc1aXcSkOJBGMflVeaNLiKSMg4/Cml5GTFOM9fpUNtSsV0BuAa1aT2BO41GIyTz7VLgmtTohLlZNJFY3ZDy6fZzS44aWBXI/PPoPyrnhTjBttI6FWnfSTOg02IJaxEqiHn5UGAOT0FeLi5KTR91TSktx1422NuOcV57V1qbyjyo4PxOSsS9hkU1FvY8uu9Lo831mTDNzzzXq0UlHU8pzk3qcvcSHB5710xk7kPYqGTnrXTGz6GNrlW4kODzSs09EEkkjJunO6t46o4ptXIUG5hVtaEponHyZxSj5mcm2G/iquiGri78itlqZONjPvZeSuecU79DWF5bmHcszEYyST2oVlsaOPYh2ndzn8a1u2jFxe5LHHtPSs2jPqalgmCeKRvGyRv2yYVQRWUkmQtWWBGDwQDU2tui3dFW5twMkDitouPYzskWLQAHoKuST6G0YmrGuVFYGvK7aEiHBGaaRFpFuDgjFTJdxptaGrbJhx6elYaX2NLX3H+IZVh8PagW3cwSKNo/wBg0krszV09jrf2etAex8PRarPFtlm8wh268kY/lXbH31qRWq9GeyLKOxzRa2xz80WfJf7fTbh4E/7f/wD23qYqzZlO3Q+ghzweDUKzLWw7JJHcUXIauP3hR6Ad6VrhYFYHqfwrRq6EmxVXAPOalNopuwwsFPr6VEu4J3Hb92BjimqqeiCw04B57073BjkbBGAevtWcmkioPU6bT5A1oh+v86+fxC5mj9Ho7EeqTbLdyOnU1yxjY2nJWZwHiS4Eioh+tbxaeh5c1z3R53rRw8npjiu6MeZI8ycPZtnJ3E2M8V0JXZy+0exVaQda6eVWRN0V5Zc8Um+UzlO+hRuIvNbPpURqNHPKPM7jUjK4rq51JGWzJdpNTFqxro1YikQ81HMrkrQhaQgYHOK6FIXIU5kMjFsU+ZAoWK4tt5rL2iTuzqsrEq2YyABz9aHXtsYSjcux6SGAz1+tOFe7I5VEtQaY8POOPrTqOUtTJxUi6kRUDPFVBNIm3KPGfwpyZe4SDKGpW5m1chhO1jVSTRcHqbMDbowapLS52p6DhyeaZJbtuce1YVZWFfU2rNd7ZPpXLB8zNZbD9Zs31GyazSXyhcZiY4zgMCP61tqthyUYK567oEcOm6Na2dsxaGJAuSP8fetbtHjylzM6K2fKdOR2raLuiLHyr+3o25PAh/6//wD23pg1Y+hd2GzjtXPfU1TFVQzHPA61o2wkx4AzgnIpXZCDdjr0ouzFt3BZD2HHtS9TZaoRvvZxSlZqxSHFRt464rllDk1RdwRSQexpxcpIzkxyr83IzioUXJhFXepvac+bYc+uBXl4qLi1ZH6PRndXuZmsXhiV8knHO3PGaVG1ryCckzhdUuzMm8gDt61d4t6HFUajqcPq753fStYq2qPPqyTOUuDnPpXbCN9TgaKMrV1KJJCeTUVVZXM2SiAMvHesLJoEhy2gPqapQaVxKnFsHtwvrWid1YbgkQPEBROC5bozlFWKs0Y28DmilFSWpzpsiS23Lyce1dfJFo3crMelmPcUlTUQ9pbYlFoq88mr5SXNssQD5qy5LPYwvzGhGu4c1bbQ1FPdj/s6+nPrSUrlNWGtFt7UrXYkVpBgEUJaksij4JNaMUVqaUDgIKL6WN3rsSK3NYyuC1Zdta5Ztvc1bsb9koCjucVKsgk21dEHiO4Npp3mdFLbSScAcE9a3hK5i3KSM3QPiFqfhq7R/PL2YHIk+ZQD/wDq7VvJTj8JxvXQ+ioL2O4j86DDIemGyPzrNKo3zP8AIaVlqfMX7ehzH4D5zxff+29bq/UiR9BkHj09qy5bO5a9BxyBjoKbi31BjWHB7ilqiUrji24KMgfhVc1+hpyWVx207hg9uai/czuh2NpyfyqLe9cq/YUHJA2/8CpP3hXHIvXk1cI2Qua4g2pls9fWqUOpdjX0+TFsfX3rzMYlZH3GFklF3MDXJjvY+3HNeVDVWTNJNHH6vKBEOOSelawgzCdnE4rV2xv9wa6op2scDSb1OVumwtehB2RzVV2KDSdRirczDYWL5zTfvLUTNG1j3LiuR3TN4RvEtvbBFyCSRXVzXjYjlsyjcOBzUxjZE1ZKKKbuCpFa8rascnPzdCE4arpwsTJpDxHxxW5zObJY4Nyn1o3EpDhEwz7VvFXVkXzXHJHzknFKUWi4W6lmJwG9awkjR8u5dDq46gGsFB9xc6asNZN1WnZjurFWe296OfUUU76lbyipqk7jdkTpwKxk3FlxdkSqcOKw55ELQ0rQlh6VcU6m5Sg5am9Zk7TjqBSlSt1Lm+SJF8RfDM7eALm/t7yK8izJG6ovlsmI2Ocljn2wK1VOMdbnBCpzaJnlnhKVJNBljmGHZ22yY5KnBHXt/hW/Ndmbi4S1Poz4L3Vzd+Ei8+xdtw2PLztIPoM8cj9KJSa6m7mmtjx79vE5j8Cen+ncf+A9Poc8j6HUDGAOO2ea5uds0uDEjJzkVvDYd09BinAORmiSuTewA7nx0ArOMWjS90SFiOnOe4601a5ly6ihtyA9cdaTWo0h8bZGO/tWcny7DasLnH19KcW2ZN6jR+8Dccds1upWK5mi/YySfZjnr34xXl4uzsfYYSV00c7rzEyDk8Ad/rXlU0rnXPQ5LVJPl9RkV2RVnoYSfKrHJ6r826ulWscVR21OUvTtBHvTu0jmm7q5mux3fWmp9zlUm2CSFeBkV0xehq3Y0bGYnjPT1rmm9TaE1YvXNz/oz464pKTIk77GPNOc8nNXzO5zzu1qVHuSOQM12wTaOfn6WGLdrnkYrblsPkciaG9Vjt5Gae5yuDRchlxTuidhXmxmrhOzHcb52eK1kzTYkSXA965XqNzJornLD/GosaRStcvRyZFS4jEfBBzQkaXsio6jPFVbUyT5mKvSokrm6Vh65LD61koamqSe5qWC5wM963SUVoRKSi7I6Gymt7QNJcEiJQM4x6+9Zp80jmrSc1oc7418WtPY3+habzpkx3Fi+SC0e0lTz6n8fpVVISex5yTjscJaLHHJb6baNiVysanOcZ4zV2cTeV3qz638GeFo/DGhw2ScjLMeDydxP49f1rdq8b2M7u587ft6DC+Bf+3/AP8AbesUB9BHDHIA/AVnZmrQo+4B3pXsxJDQRt+lXd9ByVhcYzjqahSexk3qIu5uCxA9KPNlkyLjPPWoU1exSnbQX7rY7+tat6XG5XFL7R8xrLm7EaMUsFyMdOtaNXiFkTWjmMFSSe1cNaCa1PpcHNO5zniLcsz4JHArx9me5JpI5HUpsqBmu6GxxTalY5vUDlWPXitehyzsjmNQXcDjtWt1Y4J6IzGXJqd9jh5rkT9D61pBXumbwu9xnntHwGP51E42ZpJdhZdQ2ISXOPrSjBsSM+XUdxz5jY9M1204pasym7dSA6gMH5jXQZLk6ldb3Dk7z9M0rtbGe2xYS5+XcGqOZ3Fd9S9aX/8AeYn2zmqvrqJw5iy14pHetLroLkSImv8AaScEiixQ9L0Fc0rdSbXLVvcqcc9ay51e1jWLXU0IbkY6802ytOhKZd3eud8zYk2Rl8EknNaxuidgV8njgVTFzN7FqAZbjmkmdb2NaxTjJFTJts5Xfc3LTwzqHiK1uI7NVztG1m+vUDv0NUkjOUiW0+B+q3rx/a7iFADyUzyM9wMCotJ7Ep3PTPDfw50bwrAjQWFsLpW3CcQjdnjuc56da6ZO2xzJSvqdTCfMmBfJ+p61i5SLStqfLH7e+MeBcdP9P/8AbetFd7jZ2n/DS/w4/wChjx/243P/AMbosVzIb/w0r8ONxI8R8H/pxuf/AI3ScUyuZCf8NJfDYjnxH/5I3P8A8bpJMlyuOP7Svw3Kj/io+f8Arxuf/jdTZ3vYjQaf2k/hwf8AmZP/ACRuf/jdZtTfQpNEv/DS/wANj/zMeMdP9Buf/jdSqbvcTsDftL/DZwQfEf0/0G5/+N1tyvYd0NH7Snw2OM+JOn/Tjc//ABuo5GmJ2JR+018NycnxL9P9BueP/IVbW0BaEiftO/DVGBPiTPfP2G5/+N1hOm5I9PD4iNK92Yut/tF/Dy8lZofEG4ED/lyuBz/37ry5YWre6R7f9oYZx1lr6P8AyOTvfjl4Ll+5rO7/ALdZv/iK3jh6i3Rz/XqF/i/P/IyLn4x+EpQcat2/59pf/iK1dKb0sYTxdGT3/Mx7n4peGZFIXU+v/TvL/wDE1MqNS2hzTr0nFpP8yg/xJ8Pfw6hn/thJ/wDE1Cp149PyONTh3IW+Ivh85/0//wAgyf8AxNdFOE1q0be2hbRkLfELQs8X/wD5Bk/+Jq3CTeqJdeNtGVbnx5osi4W9z/2yf/4mt1BJC9uihJ4x0pjxd/8AkJ/8KTTvoZSqKXUrnxbpmf8Aj6/8ht/hVK/UyUl1E/4SzTM5+1f+Q2/wrTQvmiW4fGulBMNdY/7Zv/hQoxerM+a3UkHjjSUPF0T/ANsn/wAKVlc1U0Sr490nbzd8+nlP/hWi5UiHJX0I5PHelH7t1/5Df/CmuXqQ5Ow6Px9pYGDdAD/rk/8AhS0vZPQcZW3J4viDpEZB+2dP+mT/APxNc9SL3gac0TRt/iXoQzvvsf8AbGT/AOJqIqe7KjKHVl4fFDw2eupf+QJP/iabUiueF9xP+FneGj/zEuP+uEv/AMTTSYSnDoxyfE/wyDzqWP8AthL/APE1TWhmpRRct/it4WRvm1TA/wCveX/4moSZr7ZM0I/jH4TjiZV1YB2GMm2mwP8AxymovcHVhY9W8KftGfDDRdLhil8T4mEYVv8AQLo4I/7ZVUf7yOaUrvQ3I/2p/hYoIPirI/7B11/8arTTsClYd/w1P8Kj18UdOn/Evuv/AI1SIcmSr+1b8Kh/zNHH/YPuv/jVAfM+eP2ufiv4V+Jw8Jjwxqv9p/Yftf2j/R5Ytm/ydn+sVc52N0z0oA//2Q==',''),(94,'11/14/2016 10:46 PM','11/15/2016 06:26 PM','125.161.209.135','Andry Priyandika','1','','','iVBORw0KGgoAAAANSUhEUgAAAj8AAACWCAYAAAAxIOk4AAAQ7klEQVR4Xu3db6hlY98H8GuYKM8R7jQpDCV/7iK6mfwPeYNkjBRxC5EXSgwlNf6NeYM8ZiZeCBn0KOl5QabJCwmJSDeDMoTMoPwpTHnypxmefuu513n2OXPm7L3P2Wv22vv32TXNZPZe+/p9fms6X9d1rbUW/PXXX38VLwIECBAgQIBAEoEFwk+STiuTAAECBAgQqASEHycCAQIECBAgkEpA+EnVbsUSIECAAAECwo9zgAABAgQIEEglIPykardiCRAgQIAAAeHHOUCAAAECBAikEhB+UrVbsQQIECBAgIDw4xwgQIAAAQIEUgkIP6narVgCBAgQIEBA+HEOECBAgAABAqkEhJ9U7VYsAQIECBAgIPw4BwgQIECAAIFUAsJPqnYrlgABAgQIEBB+nAMECBAgQIBAKgHhJ1W7FUuAAAECBAgIP84BAgQIECBAIJWA8JOq3YolQIAAAQIEhB/nAAECBAgQIJBKQPhJ1W7FEiBAgAABAsKPc4AAAQIECBBIJSD8pGq3YgkQIECAAAHhxzlAgAABAgQIpBIQflK1W7EECBAgQICA8OMcIECAAAECBFIJCD+p2q1YAgQIECBAQPhxDhAgQIAAAQKpBISfVO1WLAECoybw/vvvl61bt5bnn3++bNq0qVx88cXlmmuuGbUyjJdAqwSEn1a1w2AIEMgs8Oqrr5bHHnusbNmypfzyyy8lgs9Mr7vuuqvcfffdmanUTmBeAsLPvPh8mAABAv0LfPnll2Xz5s0lwk4EnPgV/63X16mnnlreeOONXt/ufQQITBMQfpwSBAgQaFCgczZn4cKFVeDp53XIIYeUfffdt3z00Udl+/bt1UeXLFlS3nnnnX4O470ECHQICD9OBwIECAxIIGZwXnvttcnZnJ0tW+3s64499tgyMTFRFi9eXK677rpy3HHHlZUrV5Y1a9ZMfmTBggXl9ddfL6eddtqARu0wBPIJCD/5eq5iAgQGJBBLVRF2YjYnNiT//PPPPR15n332qYLN9F/1h+M4a9eurUJP5zHjc/Fd8TkvAgTmLiD8zN3OJwkQSCjw6KOPlnXr1pWffvqpfPLJJ10FZprNiWWsnb3uueeesmrVqrJt27Ypb1m6dGl58sknqyUwLwIE5icg/MzPz6cJEBhzgZhpqWd3uu3Xif05Z5555uSMTvy511ccO5a4pn9HHDNCTz/H6vU7vY9AVgHhJ2vn1U2AwA4CETziKqzYq1NfidWNKWZkIpjUoafb+6f/fSxrLV++vAo4na/YHH3HHXeUO++8s99Dej8BAl0EhB+nCAEC6QTqGwfWASf27vS6OfmII44o++23X7nhhhvK5ZdfPi+72Cd09dVX77BXKO7jc9NNN1nimpeuDxPYuYDw4+wgQGBsBWK56t133y3r168ve+yxR/n+++97Djk1SuzZiQ3G9ezOoYceOhCvCDexqbnzFbNIscl5UN8xkIE6CIExFBB+xrCpSiKQSSCWjTZu3Dh5o8D6hoH93DSwM+hE8OgMO4O2jPEuW7Zsyt4e+3oGrex4BGYXEH6cIQQIjIxAzOTUS1T1nZF7vby8s8gIGxFyYjYnfq//3DTEs88+Wy2V/fnnn5Nf5SquptUdn8COAsKPs4IAgdYJTH/8Qz97cjqLiSWrRYsWlT/++KOcf/755YQTThjKVVMR0KbfrDDGuXr16mpvjxcBArtWQPjZtd6+jQCBaQIRbOplq3oDcr+zOWecccaUGZx6NqcN2DFDFctcnctwu+22W3nmmWfKpZde2oYhGgOBdALCT7qWK5jA8ATmG3RiJqdzT06bQs501fouzdOfvh5BLa7ycrPC4Z2HvpmA8OMcIECgEYF6I3LM5rz00kvVgzg797p0+9IICfXjH3bVnpxuY+rl7yPgPfXUUzs8miI+G5ewTw9DvRzTewgQGKyA8DNYT0cjkFagfqBn571zesGon3PVeWfkUbzUO0JP7OuZfrPCMIggF5eweyZXL2eE9xBoXkD4ad7YNxAYO4HYxzJ9n04vRcZelyVLlpRzzjlnyqxOL59t63s2bNhQVqxYMeP9g+Kqspjpueqqq9o6fOMikFJA+EnZdkUT6F0glq86Z3W6Pd+q88idS1f1ZeW9f3N73xkmL7zwQjWbM9OdoYWe9vbOyAiEgPDjPCBAYIpA/DDvDDu93iywvhNyfYPAcVziCYu4K3Msbc10RVqEvZjlMdPjHxWBdgsIP+3uj9ERaFSgc1NyzOj0OqsTMxv1ZuT6sQ+NDnTIB4+wE5uYZ/KZmJgohx12WHnooYfK6aefPuSR+noCBHoREH56UfIeAmMiEDMXMatTb0ru9WGeMaMx6huS+21hBMP6qq2ZZr8iAMYNCmOWx2Xr/ep6P4HhCgg/w/X37QQaFaiXsGJT7ssvv9zTpeb1rE4dduL3TK/6qq24F89MS1tXXnllFXiyuWQ6B9Q6/gLCz/j3WIWJBOqwUy9h9XKn5NirUy9dxVLWKF5mPogWh9m1115bPv/88x0OF5fj17M8WX0GYewYBNoiIPy0pRPGQWAOAvEDu3NzcrewE5ean3322eWUU06ZDDxz+Nqx+kgYxv15ZtrPE8GwDj1jVbRiCCQXEH6SnwDKHy2BmNmJS6x73ZwcS1idy1fjeAXWXDs4W+g58sgjyyOPPGJpa664Pkeg5QLCT8sbZHi5BeoNyrH/JH5Yd5vZqcNOvYxliWbH82e20BP7eeKmhNxy/7tT/fgLCD/j32MVjphABJ1Yyorfu91jR9jpvblCT+9W3klg3AWEn3HvsPpaL1BvUq5nd2YbsLDTfzsjQC5btmzGOzHHg0ZjT49L1ft39QkCoywg/Ixy94x9JAXqx0U88cQTZf369V0vP1+6dOmUq7FGsughDHq2B41a3hpCQ3wlgRYJCD8taoahjK9A/CCuNyrHDM9sr/rS8wsvvNCG2z5PifqZW3FH5pmu3oqHqj733HP29PTp6u0Exk1A+Bm3jqqnNQKxnFU/EmG2Oynvvvvu5bzzzisXXXRRicBjCaa/FkawDOe4Ouvbb7+d8cNmevoz9W4C4y4g/Ix7h9W3SwViVidmeHZ2d+B6MPXsTtwp2OXnc2/RSSedVN5+++2dHqB+yOr0QPnmm29Wn4n7HfX6ipsffvXVV+Xggw+unuXV66ufz3V776ZNm8qvv/5ali9fXmL/l6vSeu2C9xGYKiD8OCMIzEOgXmaJJZZugafeuxOzO35ozQO946MLFiwYzIFG9CgR7lavXm15dET7Z9jDExB+hmfvm0dUoA48EXZm278Tj0SIoFPv3bGcNfiGH3TQQeWbb74Z/IFH7IgRgt57770RG7XhEhiegPAzPHvfPEICsa9kxYoV5cMPP6x+7ewVSxERdixn7brmdt7t+q233ip77bVX16XEUVz2+u2336r7Pv3444/l999/ry7d37p16yT0McccU52jl1xyya7D900ERlRA+BnRxhl28wL1FVpx5dBsG5Zj/079lG/7d5rvi2/4P4GYgTz++OPLF198MYXk6aefLldccQUmAgRmERB+nB4E/i1Q33+nvtngbHdXrgOP/TtOn2ELrFmzptoAXb/OOuus8sorrwx7WL6fQKsFhJ9Wt8fgmhKIoLNx48ZqGSGWTWJmZ7bZnRjH0UcfXeIHy80332zDclONcdw5CcSDWD/99NPqs/vvv3/54Ycf5nQcHyKQRUD4ydLpZHVecMEF1WXJixYtqi5nrm9499lnn5Wvv/66J43YsBwPCK03Lduw3BObNw1B4L777iu33Xbb5DcfddRR5eOPPx7CSHwlgdEQEH5Go09G2YdABJ8XX3yxj0/8/1tjOau+OiuCjxeBURGIc/eDDz6YHG4E/3Xr1lU30PQiQGCqgPDjjBg7gV7Dz4knnlgOOOCA6sqgCDrCztidCukKmh6AAuD2228vt9xyizuHpzsbFDybgPDj/BhLgXPPPbd61EH83+/JJ588GWxi6coVWWPZckX9W2DVqlVl5cqVZfv27ZMmCxcurDZF33///ZwIECilCD9OAwIECIyZwIYNG8r1119fNm/ePKWyxYsXVxv2b7zxxjGrWDkE+hMQfvrz8m4CBAiMjMCtt95aPf5i27ZtU8YcM0GXXXZZWbt2reWwkemmgQ5SQPgZpKZjESBAoIUCEXIefPDBsmXLlimji2Xgww8/vBx44IFlzz33LN9991314Nb4PV5xpeTExES1Z8iLwDgJCD/j1E21ECBAYBaBnc0EdUN74IEHBKBuSP5+pASEn5Fql8ESIEBg/gKPP/54efjhh6sbffbyEn56UfKeURIQfkapW8ZKgACBAQrEXc3vvffe6kGpe++9d3VjUMteAwR2qNYKCD+tbY2BESBAgAABAk0ICD9NqDomAQIECBAg0FoB4ae1rTEwAgQIECBAoAkB4acJVcckQIAAAQIEWisg/LS2NQZGgAABAgQINCEg/DSh6pgECBAgQIBAawWEn9a2xsAIECBAgACBJgSEnyZUHZMAAQIECBBorYDw09rWGBgBAgQIECDQhIDw04SqYxIgQIAAAQKtFRB+WtsaAyNAgAABAgSaEBB+mlB1TAIECBAgQKC1AsJPa1tjYAQIECBAgEATAsJPE6qOSYAAAQIECLRWQPhpbWsMjAABAgQIEGhCQPhpQtUxCRAgQIAAgdYKCD+tbY2BESBAgAABAk0ICD9NqDomAQIECBAg0FoB4ae1rTEwAgQIECBAoAkB4acJVcckQIAAAQIEWisg/LS2NQZGgAABAgQINCEg/DSh6pgECBAgQIBAawWEn9a2xsAIECBAgACBJgSEnyZUHZMAAQIECBBorYDw09rWGBgBAgQIECDQhIDw04SqYxIgQIAAAQKtFWg0/Pz321+VH//n99YWb2AECBAgQIBA+wT+9h97lotPPLixgTUWfl77+Ptyy3/9q7GBOzABAgQIECAwvgL/+c9/lDP+vqiRAoWfRlgdlAABAgQIEJiPwEiGnyjYstd82u6zBAgQIEAgp8DILnvlbJeqCRAgQIAAgbYLNLbs1fbCjY8AAQIECBDIKSD85Oy7qgkQIECAQFoB4Sdt6xVOgAABAgRyCgg/OfuuagIECBAgkFZA+EnbeoUTIECAAIGcAsJPzr6rmgABAgQIpBUQftK2XuEECBAgQCCngPCTs++qJkCAAAECaQWEn7StVzgBAgQIEMgpIPzk7LuqCRAgQIBAWgHhJ23rFU6AAAECBHIKCD85+65qAgQIECCQVkD4Sdt6hRMgQIAAgZwCwk/OvquaAAECBAikFRB+0rZe4QQIECBAIKeA8JOz76omQIAAAQJpBYSftK1XOAECBAgQyCkg/OTsu6oJECBAgEBaAeEnbesVToAAAQIEcgoIPzn7rmoCBAgQIJBWQPhJ23qFEyBAgACBnALCT86+q5oAAQIECKQVEH7Stl7hBAgQIEAgp4Dwk7PvqiZAgAABAmkFhJ+0rVc4AQIECBDIKSD85Oy7qgkQIECAQFoB4Sdt6xVOgAABAgRyCgg/OfuuagIECBAgkFZA+EnbeoUTIECAAIGcAsJPzr6rmgABAgQIpBUQftK2XuEECBAgQCCngPCTs++qJkCAAAECaQWEn7StVzgBAgQIEMgpIPzk7LuqCRAgQIBAWgHhJ23rFU6AAAECBHIKCD85+65qAgQIECCQVkD4Sdt6hRMgQIAAgZwCwk/OvquaAAECBAikFRB+0rZe4QQIECBAIKeA8JOz76omQIAAAQJpBYSftK1XOAECBAgQyCkg/OTsu6oJECBAgEBagf8FZaXKmef6z3UAAAAASUVORK5CYII=','iVBORw0KGgoAAAANSUhEUgAAAj8AAACWCAYAAAAxIOk4AAATiklEQVR4Xu3db4hXVR7H8WMMm9RCg4SV0GpPIhkqE2LNqBnpgf0hx8GliJbMMoIodFgCH4jTRBCByzjQQ2GMFkNYUCmqB5GKRNoD/0SxzoOoWRLKaqlxy9gSl8/F++M3d+7M3Pv73d/cc873fSE0/f0539f3xnw699xzF1y6dOmS40AAAQQqEjh16pQbHR11Bw4ccD/++OO0T+3t7XVbt25169evr+gb6/mYPXv2uE2bNjW+fOPGjU5/xoEAAv4LLCD8+N8kRohACAL6wa/Qo/CTPa655hr35JNPJqFn2bJlIZQz6xhVh2pND4JP8C2lAGMChB9jDadcBKoUUNB54403khmPvFme22+/vTHL093dXeVX1/ZZCnGqmeBTWwv4YgTaFiD8tE3IByBgS0Ah5+DBg27Xrl25szzS0EyIQkJfX19UOASfqNpJMYYFCD+Gm0/pCJQR2Ldvn3v//fdnXMuzdOnSZJZHASGWWZ5mH4JPmbOF1yLgtwDhx+/+MDoEahXQLI8u8ezYscNNTk7mjiXWWZ60WBkMDAy4w4cPc6mr1rORL0egOgHCT3WWfBIC0QjoTi2FHv2ad2gtj2ZCYp3lSWuemJhwa9eudePj4wSfaM5uCkHAOcIPZwECCCQCX331VXIH00yLl7u6ulxPT0/y9ytWrIhe7ejRo0nwuXDhQqPWkZGR5NIeBwIIhC1A+Am7f4wegbYEiixe1r48muHRvjwxruXJA9QlrnXr1rnz5883/npsbCxx4EAAgfAFCD/h95AKECgtoB/u6S3qeW/W4mWFnVj25SkDlN288IorrnA7d+50g4ODZT6G1yKAgMcChB+Pm8PQEKhSIL2spXU8+n3eocXLCj2h777cqlv2ji6FQHlZuMzXqhnvQyBEAcJPiF1jzAgUFChyWSvGjQgL8jRelndHl1w0Q2blUl9ZM16PQMgChJ+Qu8fYEZhBQLMV2ohwpmdNpY+b0EyH9VkN7VKtZ3Q1P5ZDM2DaxJHgw39iCMQpQPiJs69UZVCgyGWt/v7+xuJlg0TTStbMjvbwaX40x9DQkHvppZfgQQCBiAUIPxE3l9LiF9AP7RdffNG999577uzZs7kFW9mTp2y3NbPTvIhZs2H6M+7oKivJ6xEIT4DwE17PGLFxgXQdjy5tzbQJYXq3Fpe1pp8s8lPoab4kqOCjWSDrlwCN/6dF+YYECD+Gmk2pYQuk63j0a94T1FWd9bu15upw3voeFjbPpcbfIxCfAOEnvp5SUUQC+mGtXZdnCzxLlixxGzZscC+//DILdGfpvQy1sLk5OG7ZsiW51MWBAAK2BAg/tvpNtQEIKPCkz9WaaT+edB2P9uNZtmxZAFXVO0QtYB4eHm4MgvU99faDb0egbgHCT90d4PsRcC65zXquwMM6nvKnih5MqtmeQ4cONd7MxoXlHXkHArEJEH5i6yj1BCNQJPBohiJ9zASLccu1Vr6rV6+e8mBSPadMl7/Yv6ecJa9GIDYBwk9sHaUerwXSRcu6s2imS1pp4LH8mIl2myhnLf6enJxsfBTre9pV5f0IxCNA+Imnl1TiqcDIyIj79NNPZ120TOCprnnZ9T08mLQ6Wz4JgVgECD+xdJI6vBFI9+HR7M6bb77pLl68mDs2Ak+1LZO71vc0732kheHaz4dLhtVa82kIhC5A+Am9g4zfC4EiGw9qoCxa7ky78vbvYX1PZ6z5VARiECD8xNBFaqhFQGt20oeHNj8UMzuYhQsXuoceesht376dGYgOdIr9ezqAykciELkA4SfyBlNetQJFA0+6D09fXx+Bp9oWTPk09u/pIC4fjUDEAoSfiJtLadUIFA08usyS3qHFxoPV2M/2KXpumfZGSg/27+m8Od+AQCwChJ9YOkkdlQoUDTz9/f2NwMPeMZW2YMYP0/qqNWvWJBtDpgfre+bHnm9BIBYBwk8snaSOtgWKBp704aG6pEXgaZu91AeoRwMDA1OCj/rR/IT2Uh/IixFAwKQA4cdk2yk6FdAswltvveV27Njhvv/++xlhmOGp/5zRTI9mfJofTDo2NuZ0+YsDAQQQKCNA+CmjxWujECh6WzqBx592Z+/o4sGk/vSGkSAQogDhJ8SuMebSAkUDz9133+02b96crOPhklZp5o68QZe0tHlheij4aANJNi7sCDcfioAJAcKPiTbbLLJo4NFt6evWrXNPP/10sgkhhz8Cjz/+uNu7d29jQNzR5U9vGAkCIQsQfkLuHmOfJlAm8GitiGZ4uC3dzxNJMzunT59uDE4hVTM+zMj52S9GhUBIAoSfkLrFWHMF0ru09IOx+blO2RenGw8SePw/kbJ7+OjOuv379xN8/G8dI0QgCAHCTxBtYpBZgaK3pRN4wjp38h5OqhmgkydPhlUIo0UAAa8FCD9et4fBNQvs27fPHTt2LLn0MduztAg8YZ43eZsXsodPmL1k1Aj4LkD48b1DxsenkKNHGOiOn+b9XbIs6W3pujzCGp7wTpq84DM0NOT07C4OBBBAoGoBwk/Vonxe2wJp4NH6HV3emulgH562qb34gLzgw+aFXrSGQSAQrQDhJ9rWhlVYuoZn165dMwaerq4u19PTk8wGaNEyR/gCeY+rIPiE31cqQMB3AcKP7x2KfHya3dFlrZnu0tKGdumT0gk8cZ0MPK4irn5SDQIhCRB+QupWJGPVZY7R0dFkHU/eZS0CTySNnqUMgk/8PaZCBHwWIPz43J3IxqagMzw8nMzy5C1e7u3tTR5SyYMqI2t8ppxs8OFxFXH3m+oQ8FGA8ONjVyIbk25N10xP3qUtPa5Al7O2bt3KXVqR9T2vHIKPgSZTIgIBCBB+AmhSqEPUD7rBwcFkX57sob14FHiY5Qm1u+XHTfApb8Y7EECgMwKEn864mv7U9PKW1vRkD92ertCj/Xg47Ahkb2fnUped3lMpAj4KEH587EqgY9IPuAceeCDZhTl7aKde3aLOBoSBNreNYRN82sDjrQgg0BEBwk9HWO19qPbn0Y68k5OTU4rXTI/+jtBj75xQxRMTE27t2rVufHy8AXDo0CFm/myeDlSNgDcChB9vWhHmQLSeR+t6ss/a0kJmXfbi8laYfa1i1JrxWbJkibtw4ULj49jAsApZPgMBBNoVIPy0K2j0/VrXo9CTvYPrxhtvTP5c/3DYFVDwWbVq1ZQZH4KP3fOByhHwTYDw41tHPB9PukFh9oGTWsCqhcw8iNLzBs7D8PKe1bVt2zb36quvzsO38xUIIIDA3AKEn7mNeMVlAc3yaEYnuyuzFjNrXU93dzdWCCTbF+iRJenBjA8nBQII+CZA+PGtIx6OR2Fn06ZN0/br0Y7MmulhXY+HTatpSASfmuD5WgQQKCVA+CnFZe/FCjd6JEXzoUtcmulhg0J758NsFWeDj2YE8/Z6Qg0BBBCoW4DwU3cHPP1+3cWl2Z7sJa4tW7Yksz1c4vK0cTUNSyFH50t6EHxqagRfiwAChQQIP4WY7LxI+7Lcf//97syZM1OK1iUuzfasWLHCDgaVFhIg+BRi4kUIIOCRAOHHo2bUPRQtaH7kkUfcb7/91hiKLnFppkd3cnEgkBXQ/k533HFH44/1zLbsnk+oIYAAAr4JEH5860gN49Gtybpkkd2zZ8OGDW737t1c4qqhJyF8pS6JKvjo/NGh4KPLpVwSDaF7jBEB2wKEH9v9T/4vfWBgYMraHs327Ny5023evNm4DuXPJJD3vC6FIYIP5wwCCIQgQPgJoUsdGqNmejTjk/6fu76GBc0dwo7sY9evX+8OHjyYVMUT2iNrLuUgYECA8GOgyXklZtdq6AeYFq7qhxoHArMJaP3X6Oho4yVsYsj5ggACoQkQfkLrWAXjzVuroVkgnrxeAW7kH6HHVLz22muNKoeGhnikSeQ9pzwEYhQg/MTY1Tlquu6669y5c+eSV7FI1eAJ0GLJR48edffee2/j3f39/dMWybf40bwNAQQQmFcBws+8ctf/ZR9//LFbvXp1YyAnT55k75762+L9CLQu7NZbb3Vff/11MtZFixa5L774ggXO3neOASKAQJ4A4cfYefHCCy+4119/PalatymfOHHCmADltiLQvMD5yiuvdJ988om77bbbWvko3oMAAgjULkD4qb0F8zuAa6+91v3www/Jl37wwQfuvvvum98B8G3BCWhn78HBwca49+/fz8L44LrIgBFAoFmA8GPofDh27Ji76667kopvvvlmNz4+bqh6Sm1FQHcFrlmzprEdgrZCUBjiQAABBEIWIPyE3L0Wxv7cc8+5t99+223fvt09++yzLXwCb7EkoGe5nT59OimZR1dY6jy1IhC3AOEn7v5SHQItC+iZbsPDw8n72ciwZUbeiAACHgoQfjxsCkNCoG4B7QV10003NYYxMjLCw23rbgrfjwAClQkQfiqj5IMQiEdg1apV7vjx41zuiqelVIIAAk0ChB9OBwQQmCKwe/du98wzzzT+jL2gWj9BJiYmnG40ePTRR1v/EN6JAAKVCxB+KiflAxEIW0CPOdEPbR133nlnsqcPRzmBd9991z3//PPuyy+/TN6oheMKkRwIIOCHAOHHjz4wCgS8EDh8+HBya3t66E4vNjOcvTVaH/X5558nm4d+8803yc7X58+fn/amS5cuedFjBoEAAs4RfjgLEECgIdDX1+eOHDmS/PvGjRvdnj170LksoD2PfvrpJ6eAqMd96N/1j34/16FA+eGHH871Mv4eAQTmSYDwM0/QfA0Cvgu888477uGHH24MU5dsdAnMyqEQo5muNNjo1wMHDiSzOb/++msphq6uLrdw4UK3cuVK98orr7h77rmn1Pt5MQIIdFaA8NNZXz4dgWAEbrjhhuQHvY7HHnvM7d27N5ixFxloXrhJZ270a6uH9kC65ZZbkrc/+OCD7oknnjAVGlt1430I1ClA+KlTn+9GwCOBBQsWBDnrk4YaDV7rb/SPDl2e0u9bmbnJa8vSpUuTUKPFy82/Wpod8+h0ZSgItCVA+GmLjzcjEI9Ac/i5/vrr3bZt25If9Dq+/fZb19PTU7jYs2fPut9//91dffXVhd/TvH5GgebMmTNJyNDlo+zMTNG1NoW//PILe3t7k99p7VN3d3dS/y+//JLM6HAggEA8AoSfeHpJJQi0JfDUU0+5sbGxtj7D5zfr8lQa5hRu0pDT/KvP42dsCCBQnQDhpzpLPgmB4AU08/HRRx+5ixcvBlVLOmOjmaL0MpSCjmZvmLkJqpUMFoF5ESD8zAszX4JAWAK6xV3rZXR56bPPPkvWzVx11VVu8eLFcxby888/u++++y655LV8+fI5X5++IA0r+vfmy15aTJzO2OS9tvAX8EIEEEDgsgDhh1MBAQQQQAABBEwJEH5MtZtiEUAAAQQQQIDwwzmAAAIIIIAAAqYECD+m2k2xCCCAAAIIIED44RxAAAEEEEAAAVMChB9T7aZYBBBAAAEEECD8cA4ggAACCCCAgCkBwo+pdlMsAggggAACCBB+OAcQQAABBBBAwJQA4cdUuykWAQQQQAABBAg/nAMIIIAAAgggYEqA8GOq3RSLAAIIIIAAAoQfzgEEEEAAAQQQMCVA+DHVbopFAAEEEEAAAcIP5wACCCCAAAIImBIg/JhqN8UigAACCCCAAOGHcwABBBBAAAEETAkQfky1m2IRQAABBBBAgPDDOYAAAggggAACpgQIP6baTbEIIIAAAggg0NHw88/j/3b/+e//UEYAAQQQQAABBAoLLPrjH9xf/vynwq8v+8KOhZ8j/zrn/vaPE2XHw+sRQAABBBBAAAH397+udL3LF3dEgvDTEVY+FAEEEEAAAQTaEQgy/KhgLnu103beiwACCCCAgE2BYC972WwXVSOAAAIIIICA7wIdu+zle+GMDwEEEEAAAQRsChB+bPadqhFAAAEEEDArQPgx23oKRwABBBBAwKYA4cdm36kaAQQQQAABswKEH7Otp3AEEEAAAQRsChB+bPadqhFAAAEEEDArQPgx23oKRwABBBBAwKYA4cdm36kaAQQQQAABswKEH7Otp3AEEEAAAQRsChB+bPadqhFAAAEEEDArQPgx23oKRwABBBBAwKYA4cdm36kaAQQQQAABswKEH7Otp3AEEEAAAQRsChB+bPadqhFAAAEEEDArQPgx23oKRwABBBBAwKYA4cdm36kaAQQQQAABswKEH7Otp3AEEEAAAQRsChB+bPadqhFAAAEEEDArQPgx23oKRwABBBBAwKYA4cdm36kaAQQQQAABswKEH7Otp3AEEEAAAQRsChB+bPadqhFAAAEEEDArQPgx23oKRwABBBBAwKYA4cdm36kaAQQQQAABswKEH7Otp3AEEEAAAQRsChB+bPadqhFAAAEEEDArQPgx23oKRwABBBBAwKYA4cdm36kaAQQQQAABswKEH7Otp3AEEEAAAQRsChB+bPadqhFAAAEEEDArQPgx23oKRwABBBBAwKYA4cdm36kaAQQQQAABswKEH7Otp3AEEEAAAQRsChB+bPadqhFAAAEEEDArQPgx23oKRwABBBBAwKYA4cdm36kaAQQQQAABswKEH7Otp3AEEEAAAQRsChB+bPadqhFAAAEEEDArQPgx23oKRwABBBBAwKYA4cdm36kaAQQQQAABswKEH7Otp3AEEEAAAQRsChB+bPadqhFAAAEEEDAr8H9Irlm39QfHHAAAAABJRU5ErkJggg==','/9j/4AAQSkZJRgABAQAAAQABAAD/2wCEAAMCAgMCAgMDAwMEAwMEBQgFBQQEBQoHBwYIDAoMDAsKCwsNDhIQDQ4RDgsLEBYQERMUFRUVDA8XGBYUGBIUFRQBAwQEBQQFCQUFCRQNCw0UFBQUFBQUFBQUFBQUFBQUFBQUFBQUFBQUFBQUFBQUFBQUFBQUFBQUFBQUFBQUFBQUFP/AABEIAV4BLAMBEQACEQEDEQH/xAGiAAABBQEBAQEBAQAAAAAAAAAAAQIDBAUGBwgJCgsQAAIBAwMCBAMFBQQEAAABfQECAwAEEQUSITFBBhNRYQcicRQygZGhCCNCscEVUtHwJDNicoIJChYXGBkaJSYnKCkqNDU2Nzg5OkNERUZHSElKU1RVVldYWVpjZGVmZ2hpanN0dXZ3eHl6g4SFhoeIiYqSk5SVlpeYmZqio6Slpqeoqaqys7S1tre4ubrCw8TFxsfIycrS09TV1tfY2drh4uPk5ebn6Onq8fLz9PX29/j5+gEAAwEBAQEBAQEBAQAAAAAAAAECAwQFBgcICQoLEQACAQIEBAMEBwUEBAABAncAAQIDEQQFITEGEkFRB2FxEyIygQgUQpGhscEJIzNS8BVictEKFiQ04SXxFxgZGiYnKCkqNTY3ODk6Q0RFRkdISUpTVFVWV1hZWmNkZWZnaGlqc3R1dnd4eXqCg4SFhoeIiYqSk5SVlpeYmZqio6Slpqeoqaqys7S1tre4ubrCw8TFxsfIycrS09TV1tfY2dri4+Tl5ufo6ery8/T19vf4+fr/2gAMAwEAAhEDEQA/APjAFnXr9KFCPU9lpIYrbG5GaltR6By8xIpA74PWuVQ12Go9GPZjxzurodo7ClTT2Q7ouSPwpt2jcnkaHBuh9acdrg7vQmEgNWc8lZkM0zAkL2qbJbDcdCDzCcEsSa2cYuOhpFKxPHJu5zXmVVysiUXcmVht5rpg7xKSdrCMd30qZRsZSGtGXxggVkpyWwQlyi+WcdcV2J6GqinsIJOx6UuZGduV3RMrjHpUuSKvzbjZXIxyKyq1VCN0TKCauIrk/XvWFPFc+ljHlvuP612v3olKNgxnPpWUaSW5tBibAO1bpJbDk9NCbYDzipuzn5mLyGHFW5u1hHpfwY1D7D4jhfdjJAwfrXNVcbe8a09Lo/RT4fym8sIUx8wUZFc8pc6SRjJcr1PUNK04IoJHFVFcq1MHK5sPJHZREnt0HetoamLkcF42+IttoNrJJLMqnHQnkk9K1c1TWolFyPiz4zftV/Z57m2s5Gc725GQTjrXHWxF/da0OmEIrdnzH4t+Nmq6yJFMkiGTkbmyQPT8jWsIqpHlNZP2exzC+IpblcNIZGzkl+T+tPWnGyZPNzCx6l5qkE4roj5g7yFllDpuLnj3rnr06c1eRqkyJbsKOtKgoRVostwFGohcliQK6Etbi5ZPSwqXqyjKnIq2bQg1uTxTBuSeBURjZ6sTbR5p8aG3f2P3/wBd/wCyVRy1Xex3A5bjAFNOx6dTQGZcjnk96LczJVTSzH4B9D6mk0OUkkTpNkZwCPpQcim5CSYkORxUSvY6lJJWZGW5A7+1ZxnYT25iQOCBntWilcyU7uwyQArk96pluDlqiFFywJGBRCV3ZlqCLUB2k56Vs6fUc43Hs/zcAVjsZ2sgWQdO/ena5zLV6kikE+9KUEEly7EyouMms726lRk7WKzx/OMcg1MY9S7WQ5o8JxwfenNWjdGStciYE9a4WpPUrbQmjj4JPArWEOrHa5LEoIPqK64O6KskLgBq0sgaJFAK8UHP1Hfd4oNGtNQZA4xu/KglaHd/CK2ebxPbKiGUZG5e+Px/CuXEuNNJs3io6s/S34U6d5WkwHOTsH4cVNNJrmRw1HqeqWziCIfStnG+pzSOS8aeJv7OtJXzkAHgda2inbQxbS3Ph/4/+Or7UvPto5GVGOWyT+FcdSl7SV5dDSFSOyPlXWIJZ5maZi5ySSx796r2UJrQ6I66nOXtgWPC5HauiMOVbnrxgpx1IYdKlU5HSp9lOW5g6UY7F6K0kXkj9Kz5mvdMHBjZ4ZNjY7CqceZWZWqtcoRsUU7uorJQUGay0WhVlv8AdnHStfaJLQx5pXG294xyv3R6mkn7Q6IJrVlmK6KofmyK1StobOpG1jhfinceeul9cr5v/slaM86s72O/lm2gkc8dKl6Ox0zd3oV/O81wScYrKba1R2OyRajbCcmlFc2rZyzvYer8deBVu6M4waVyRXULkHLUoz5tDWKbTuNU8knvUTtEym2lyoBJtbrkmlCSbCmrIV3ZT1roOqMnsSROMc81FSfKiJyfQVGJc/yrOFSUhp8y1JTkjPStJMzfYYofPGB+FZuU+jE0lqTxqUPPWtIqXUzk7kzHIxUyhoYRd9hduCtaJWVjfmu7D51BQc81jJ20CULK5XKc00u4lHmRKnAORxQ7N2J5XcarDJxkVoo6aG8YNakpUGr5WtyZXEPBGO1TfuYPRi8lhUuaQ5XY8KQw4zzVJ33IserfAqOMeJh5mdpKnge9clf30kXf3bH6WfDoINJiWM8AAfhVUYtI5ZHXXlxthLdDiulGL0Vzxf4k6yymRC4C+h9a2g7dTilPmumfOni7Qo9dnZwqvxgjFNx5tUcKm4S2PIPEfgEo0ipGfnz271yzjfRI9KnWkkrnC6l4IntiwHLL1UilG0XytnqUsUnojFk0SWDkocCt72Wh0t21Y1YSn8NYJxNIJSVyK7twVyB25xUKTuW6dzFurYYOBnNctZsTi72MiaxPJxwPSpjCSjzI6VSi4kIttp5BAraFdL3Wc8qGu4vk4HBwOwrdWlrciVPl2ZxPxJGBp3/bT/2StUctZ7HecMnJ6UQknuelOLsNiUeZkHgetE4p7EW0LY5FccJcsrDv3FByDzXW2rGU5S2iORiCOOKwgrMd+5Oo3RkAciun2KqK7JSTldkRGSCByK5ZxhBaHa4K2gZyTmsISd7GF7MRmYYAraaT3FLmeyJYmIyx/KrjHlV0SttSbfuwc1qr2M1IePvDnrUKSbsVzJkwzuFbSvsjOTVrEw4HFRdoiMeUeHBFHxIndkbvyOK55Jwd0aWbGk4Gc/nWkW5oXKOLAjsKJLl1uQ77CLyfarg7mkNEP3HGK0d1qGo4Pg4x+NK7aE6fceB83PWlyq9zRQROinuPpTV76kSj2O3+GmqHR/ENtKDkl14FY1IbakudlqfpR8Idejv9Htm8xSSijI+laRvY4KjPQ7w+ZC3fitDHpqeJfEvS5ZhKVAB69K3ScldM45xSeh4NqV3Jp87B0wAeWzWcanvcrOdq5UuZobpUL7cMM49K62lFXYtdjNvPD1pencAGOMHFcy5JuzIhUcepzmqeAInUqgB3e1TLD2Wmx3qu7WOP1L4eyI5VUYKDj0zXHUoynojso4i2hz9/4LniiYKuSe+KFSSXmdbxiijnLzwzPEpxEx/CspUm9WaRxKkYtzpUsYIxtx601Pljax0xr21Zi3VtIjHKkehx1rjS9/mZq6kZq5WmVlUACvRUo6ClNONjgPiN/wAw/wD7af8Astbo8ycWtzujv35NYx8z0pSnazLEaruHetriUr6Iu5ATAUVw1Kkk9h8jWo0R56Cpi29bByvcd5TAZ2nFbRfUpJPcVMocZHPaqdeKfKXyonaNVDAH8qbpRlqzOWhVkGBmpjCKehpFKSI9+361c4poUo22Jo3Dj6U46xsg5bIVnyRxjHYU1FkciRLGTwSTWEoqTuZSj2LqAkDHP1rZJpWRkybYQOa0S7g2MZDWPs1e9y4KL3Gtg9a1spGvUilAGB2rOT9nsjRWHKSydOKxc3PRoxnq9By5AAxW8I2REb7MlQ81UpuK0RpblQ9hkA1abe5nzSCMMzjsKzs1K5N2XYxxzzTbaYrMtWspjmRlJUqQwI9aU9VoR7ON7s+q/wBnz40Tad9nsLt0AX5VZj19O9YwU4MiqlJaH2b4d8U2+t2qESKcjtXYk2jhlGxD4i8NxapC3y5zVRdmckuXY8S8afC2OQv8jgdQVq5K7u2YbPQ8d13wje6bNKi7mRehNTPTRPQ3p26s5iW8vtMkYY+Q8UlNQ2FKmpMmtvE7hDvRSR1PNVKpJ7mU6LeiJTr1rdYDBcng+9Pmvua+zlFCSRWdyOFCk8c1lNKpozFqa1Kcvh2xlJGMZOOcVVOklsgTsZd/4CsptzbQT7UpUlF3LWKs+UwLz4YQSMdqNtPbis5U1JamscSm7HNah8LIQ5YxsATyciuaMG6lo7HUq117rPCv2hfCq+GX0IqDif7RyT12+X/jXVycjNlUlNe8XJZQSBWPtE0fQNrZklsQWJzgURqJmc+SGqLyzDgA1jU97YmM+fQX7QiDBPNb05RUbNaluDZPHKJF4NZzS7mSi0NbAfn65qI04N3LadtAmkwcVo1J6EcjluVyC5HpUu8dy0nDYT5Mc9faqjruVqxY264GAK0TS0RbLEfIBNTKTitDCTa2JEjyw4/KopzTdmEVdal6JdvBNdJy1EuhaRlIwRWbT6EqC3uPZQBkgYrO9jaNrFVwpOf5U+dJD32IZRurKVXm6F3toNTdtwKbV17r1Mkrscr4ZQahSnTeuqKkmi0ki4HFdKmplJuxPtVlBrYLjF9MYpX1IdmWwB2FVoylG5NaLhySKSMJO2hu6XevYzpNEzJIhyCpxU2s7nKn7x778LP2gZNDmht72Vth4LHinzW2KnDm1Pqfwf8AF7TtdtoT5wJcE4J9ODWkZwe55lSi76HYNcafrEIGQc+nNXyqWzObkkt0crrfgCC/DFQp647VEo2RKjruec+IPhOJFdRCNy9CBWKu/iOmL6XOB1r4SMEZQpRjjBUYrdRUtbmkX9lnG6h8NdQswyquQOckYqU4PTW5q5JGJc6DqFiP4yAehGKSdnqTo3qZsk13DIMo6kdARUyq8mtwcYWJovEEwXEnDd1PrWaxHPqzD6ur3EPibywQ/B6g4ro9tHZoTwyvoI2urcDLBeepNNKHxJlSo8q0Pm39ryaOV/Cuzt9r75/541dXobUb63ObkBJHNeXCJ9RON9icHCj5qrlUGYTjfQljb+LNSqik7ChDl1Yrrl8g5zVystjoc3J+6TRPtwO9ZTTvczno9SZpSceorSD0uF29hr3CgYJJNbKetjaKuNW5Xbk8Upq5LVmQeapckVySi09yHOzsO84jhTgHrVxly7mi97UsRz5Xnp71qnzrsZOLZYgujIVx2NcMXNTv0IaaNFDn/wDXXpRm3ucc5IlVSTnOKpJ3uSlfYlZ9wwalq61KXYrt1P8AKpUEzaCsyCRjnFROKRvK1h6Lxk9K5oU5SlcyW9wIz92uyUYpWNHZLUkQEDpxVxjFbER97ZloSAqAKpaDkuUfjODj86pmOm5Yj+ZhQiIzkmX4Yx+XrWvQmTbLUI+esHEwkrGjCuwhjz3oiknYXMbuj+MdU0FwbO6ZEU5CFjxSq0/dvEUnc9Y8JftH3uneULzLLjDbG4BrNOcFdFKnGR7N4Y/aQ0vU4YVNwquQBtdgDUrHrm5Jx/D/AIJMsFfVf1+B6NY/EHTtTjUmSJ+2AwNd8atGot1+BxywlWOyZoodL1M42oxPTBFTypfCzm5Zxew248E2F6DgDJPQ1KV9hycnuc5rHwqtbtGxCrEdOKjXqUn1ucVqnwVTDlYN3rxmsptNao1TTWpw+rfBWX5wiHnp8vIrmUebTY1UnY4HxB8NJtPDCWEqR/EOldLUVHdApWd2cFd6W9vkA+1RCUVuxupFnzv+0/bPbnw1uJIP2nGf+2VdPMpLQqLT2MkzBSOc1zwTR7TUu49GLtk96pwvqybN9S8sgEe0DtWao9zR7DPNK8Zp8lgjOUdhyvhs5qZaIUryepOZRjrURkjSKtuMfG3K9e9bPXVD5rMqyTFTyc1HM7kuZAbn5jinJ32OVpyY77ZgjFZpW1Z1wk4qxMl0zd+KzdVrSwe0uXba55ULxzVQ5Zqxo0mjXtHJGSa2ceQ8yokmX1BZetbwd0Qo9geMqCc05bGsIalZmYsQBx61lG6ZcouOpE4bd70ptdTSLuh0bMF2kc1UJReiBSsTIhA5HNOaFJ85Ogzx0pP3TNNR2H7TuHtUc1xyk5IsQKCBkZNbwkranPfQtW8W6QVpfsTfsaEKndjH5Uc13qJPuXYYwG6EVt7riDs9CwVJXjtWHKRZRYm3C4rRr3SuW5XkUoRg4rNWNqdJ3uNF/Mh4dlAPGDXNUoRk72O+NNvS5uab461iw2G2v5Vdexc4x9M8VxxwvvaSt8z0ozXLyyivuPZfhh8TvEF3fKLifzI+Cc9/xrFqrh5Wc7/NnmV6dFa2/I+h7T4lfYrUNOTux19K2WJcFzM8d04y6FvTfjBZXtxHCZMOzY571vHFRdromWGtrY6yLxdaToNzg5GCa0lVhI51RaYyTUbCeMqojb2PpVRlG3ka+zaPLPiLZRXNvMIk564X0rGpKHQiUHLc8LuvBt3f3TBYXXJ4+Wj3FHmZcaKXmfMn7cPhKXwwvgl5V2m5+244x937P/8AFVVCSlzNFcnI9jyb7YvTH4102sejKutieO6BAA60yI1exdhueOfyoT7nRzK1yXeDycVjOVmS522J07HHFZOpCSsioVFfUCu5uOahWIqyd9Byoe/TFbxtsVS956lOf5WO3nircDWUVfQgVeOaxehaikIyZYY/SqVupdupPBgLhutJulY55Qd9C9aplxisKVk7ig5RdpG9Z8qFxk13uz3MasFLVGpGmACB0rLVbHMnbcJehFa6tHTTZTdgCauKOl6qwxpEJxms6sV1FFW3FiCsevH0rGKjHVGdWSWxY4xzW6tJERmrEsaepFYyd3oZ3RMsWetWorqU4+ZbtIeemalxSZzT0NS3tQx3AflW6XYlSsrGrbWBZMheepqlETaZbh07I3HjHatVFW1BrS44W4AIqFJLRGXOQywBEJx09Kvlckaxlcoy4J78VlytHdCbWiKUq8n5cn1rKU+h6dFXepPY6dJe3cVuilnc4wPSuKakepOMUrn0h8OfCp0fTVeeJVwM4HXpV+zUo+8fLYmqpT0NLxXqxMZSAFeNoFefVnFLkQqVO+ty14K8M3VzILmVDk8g1pRw85ay2M61S3unbTaLdhmWMyAsMDBrpnGMTmjrrc3PD3g/WZ8GTdg4HzNk4qY3tY6Lq2x19v8ADSa4I82PIPcmpVNyZnfua2nfCaCI5MS9c5704YeUXvdE81up8C/8Fe/D8Ogp8JFiUL5n9rZx7fYv8a7acOS4pS5j4orW+lypIlhJDUk7jWxbjY8HpVCV4allHbtzUSSe5V3LYtpcFAFbrWXs4oV2nYkS5BHUA+1Z8sU7nVeNtWSeeuzG4fnS5lccLN3Kk+GGQc11L3onQ4p6lbewI5rNwtsVsPD5561kua9mRJ82xPbvjilKNtTRLTUvW7AN1p05K5m9NzotPjZ1X5SK63c45ySehtiLC4x+lTdvSxzN3I57f5d2ADV7FQauY905BIX8655zf2T0YrqVEHzFjzWU3JrUbLkbcADilSavZnJJMnDY6Gu6yMbtFmJ8nHWseVlXuWQapWkCdi9ZpuHFbcl9UEtTbsY8cevrQk07mE3Y2rVSFxiuj2ilpYz9poW3ULwOfwrRK6GpXI5cMMk81n7NIpIpy4xyafK7WNYpPYz5EAPHSuaSsehRTRWKhnxjvWMo9T1KcGmmeg/DHw+mpamsmNyoQM9PeuRwUndvQ7sS+WndH0FJElnYKoGMCoqTfQ+NfvS0MPR/DcniTWcjLorfd7CuR03Vd4nVGbgrHvGieFRp9iu5AAF4GPavWpx5FZs8+c3Jm74b8PR3s/mFRweuKmULyujVWij0ex0GG1iBwAB7VHK27ITlZBdaha6eMswUe9bWaWpldsz7rxZaxISJFGBxTvFIS10PzE/4K2+LIvEl78MoY2DG1/tTOD/e+yf/ABNKnUU20uhrZpHxuOtXymrsTxAVVkjK5ZQnABpdR3JkJyBmpnsPmsSSRZ5zmiLTQtGRsMd6pq5Er2AAHvisGtbCjEr3Erp34rZRSNFJoh+3tjHT3qtzVVHawJeEUrCTcdUSxXxDcmpUV2H7Sfc19PuQ7jnPepUVcHVklqdppsvyLtPaunoYOVzftgGTtmtItWsZSlcjuRkFfSofvbFw0OfvF2D3rFrU7YPUoLIqtzyaUmtj0o2aLkD7zWagnqjlqqyLIwDzzW6R57bHI2DkcVco6A2XoZAygd6ztYg0rInPtXXDTYltm7ZqTgjpSm7GLfc1oM5GDWMWrkc/KWXYsMZyK7oKyuaKdys3U85qZST0L5kUbnzGPsOAa5HTbNYlSTcBgio5WtGdVObQ2AFpAOM0p6I+jwvvJNn0V8CvCxksPOZCoY5Bbrj2rxKbvUaZnmErRt/XQ9V17w7MLcCNCC3HPNaTqqlpY+fpKN9z0D4W+Axa2azPFh3Hp71phlrzEVdHY9A1rTDBp0hRDlUPH4V2Su9UcbVncxPB2rrbyMsvykN0Nc1Oo3JqRvbS53Wo69ClkzhwoAz1rqUbambZ82/FH4hXtxq6Q202FBwADjivLxE5SnyqX4G0Ni3o17c3tgu93IxgknrXo0qa5EefUlaVj4L/AOClkBh1PwKT0P8AaGPp/o1axiot2NqV7XZ80gc1odjLUABJBHSpt3JjZ7lpIjjIHFMiSV9CZYyecf0pNLqToiRlZTtA3H2qY9wvbUFgI+8PzpuzHe+pHJGAPlFO6WhHNqZ15njPSrK3M925osWhBJtHtTdkOw9JQe9SStC9ZTssgGcVPLcUtdz0HRJMhc54xXbKF4nJOrGOh1lsu0Bs5pwpdWY+01uguJwARtFVypqx1xnzbnPalKqkk+tcc1yndT12Mgtl65rX1Z6cdEX7OPfzn604LW6OWrK5eWLkV0K3U4G2PFuwP3TVSd0Te5etrRnHTms7CujcsbQbQCPmreMbasxqSaOjsLM7AMDJrZx5Ve5hzRepvWOnKYmJUHjv3q6bja5yScr6Fe4t1VflGOa2VS5cJMpSrsUZHJ5rOWr0OqLcmVZc46ZqeXubRvFmbPndyMVzVGr2R6EJJi2Cn7QD7Guaoro+lwNptI+gPgd44h0qX7Hdnbz8pbvXDCp7PZHpY3AqUbr+tvM+p9CSz16NRlZFOCKzlh5VXzJaHw01Kk7HuHgjQ7UW+dobaOgrqpUuTQxlLm3Lnijw4ktlI8Y7YK1o1bZmb0PCPE/h27065Nxa4Uc7uK4qtOp8SYKd9DjNR1bWZYjEC+SMHjtURqz5eWZsqaetzn7TwPPfah5tzEzN97cfWohhlzc0kRJW2Z31h4cktLMLtH0Ar0YSUfdOZn5+/wDBUexNnP8ADYkEb/7S6+32X/Gtk09i4W1sfK0Ue4ik730Oh6MtpEByAKNnqD8jTtogIvmGc10J3iZE3ljpWG7sTJXEEZLdOPWokpJkp2FK7mx0qo2NegksA2gZ59qiUHJ6E8qZh38Xlt1zWyXLoVsZNwDvOKdrjIg3akO45XI+tAi/Y8OuaQtj0Pww29FLdK66LtucNZdTuYIl8pdvORmrfO3ocyTauQ3sGBu6UpNwOqgzldUO089ua45Xe57FJaXMtG3yHjArCT7HXze7qbFkmwL71nTk27M4JPc1kA646V1nLKyLMO1mFAX0NS1iBA9q3g9BXikbtlamToMGhvuYOae50FjZjqcn2rTmurM5HKxswRbgABk8VdJW0J5zNvBsJ5x3q7crsdUIKWtzLlbJ55py906LcrIJXVf/AK9ZSlfY3j7xm3JBc4rmk7M66cdR9gpD8fjWNR6H1uXRt/XqdDAjKEkR2jkTkMpwa8Xk55WZ9XOHNGx23gz4+aj4R1JI55meENySeQPYVqqkk7RPkMXhFJ6n2H8LP2j9P1eC3cXAjdsD7wwc+v5GuuFfm0kj5SpScXoe8af41ttas8+cjow6qc11KKObkctzI1S3tbgHhSDS1IacXdGBN4WtJ33eWp/CplTTKU2LH4egg5CD8qhU3HZjbbLS6JHKhwg/CtIkadT81f8AgsLpg0+b4UEDHmf2t+n2L/GqRR8WqCMEc07a3LuW4oxtyc5NRKTYczNGBSF5yRWUZJOxD8iXbgg12KUd0ZttinIXiiUrhDfUETe3NRfQ1bFljXkLk4qLW1M+fUx9RiO2lGV3Yq9zBuBliM4rZFFYcH6UmrAKHweCaALtnIdw5+lCVyWzv/DUu7agPHpW0bp6nBUd2em6YqtCPoK603bQ5Z1LKwy/jwrZHFc1STZ0UHdnGaxGC+RXHVm0fQUpcqMuEb3C96ISubzkrXNi2jCBRnNatM82o0zSUEj2rVK25yXsSKCMY4+lJpImTSWppWcxBHPNXBvY5mdDYXJ+XnaM1tynM3LodRp135i9Mgd66aKU3Zmd+rZsxTqqe/rWip3Zm5a3TM3U3+Y8gnHFc1SHLI6abvqYUjdT1pKKl1O6Mr6MoXcmMYNTUiouyOmN0Zk0xU5JwK5JRe52UnJs0dJKvIPmwTXBKDctT9ByjlcVf+tzrVX/AEYgqF+XrWUqS6H6HGhHkPNPFz+XdHGTjvV0oa6n5tm9JRlp/Wxi6b401Xw9Lusr+aHnOBI2B+vvV1IRgr2ufIOE4ntnw0/a71fw9cW8d/eXJjyFfJJGM/X9a8pV5037qbRvTVJRae/yPq3wZ+0VD4kERivBcq67hh93611Rq+0s3dHDUha7Wp6Pp3jiW75RyfQM1dLnKK01MacU3qdTZX11ewruDKTW0ZXjdm81BbHaeH7WR4v3nIPciounqckrJn5s/wDBbO1W2b4NYGN39s54x/z41dNp3sZp3PhFFCjpn61qdKRbt4iy54oMt9zQUAIoHasZQXQaa6jvLLLmqguXcmVug5GUABhk1M5c2kSbDwgxnGK0je2oS2I2AxxVGCjqUL2DepwOaDa3Y52+tzGCaZRnNQAi4z707WAsW8mxxSTsS0dd4e1ARTKWbaPU9q1clL1OWVO2p6z4f1FJ4gMjNdMJdGjyqm+xb1CXepXtWE3qdWHkr6HGay2MkdjiuWavqe/Taa1MmKTbIDwDmpjG2pUttDXt51YAjr6CupSTPPrSUUaKzfJV3Umc0ZKQLP8ANy2KUkVJxZespRuznIq4R0MZSj0N2zZmXOeK6YwcjkdRPQ6PSX8kZBPPUdq0pQcZO5ySb1ub8Fy2wjpx1rpjNJnMppvQxdYuXzzk8Yrnr+/ojqhN81jn3u3GQGJxXDadJ6HqU9WVWu8tzWifNqz0oOxVublCwGeaynKx6VBRbNLSZxuT2rgldyPs8uSjJf13Oxhn8y3/AAqJpI/RYaQ0Z5n41lUTOQ3zVnSeup8Lmqi5aP8ArQ4KW7G8ls10VGmtD5OUH0EW4VR6k+1ccaPN7xzKi27s6Dwt4v1HQLyOWxupI9p5XccH8KJUrGsXGDs1c+pfhX+0bPbpbx6wFaNSo8/ccj6jH9aSvGL1uelLLlWhzwVv69D7P+GfxN0TxPaQyRXUU+cY2tV0q8Knu9T5/EYSpSd2e6aA0NxHuhIPHStpwdtDy581z8yf+C5CFB8FM/8AUb/9sKKMZRvzFRVkfAEMyueoroVkzoU7GjDKoUZpuV2ZzlZlhTkAjGKlxctiL31LKzfLgn8KuMHbUxbaGiUK4bAP0qHC2qL59B5uBIemPaslUu+Vh03I2mB74PtWrh1uJcvcimA2nHXHFJuw7mTd229QDinzGhiz6dIpJA4obBFN4Xj6jA9aq9wGq2D1pCWpoW1+0WMHn1oJkr6HYeGfGZtp/KlfCkAKfSumnUX2jiq0Xb3T0Y6os8CspypGQT3rR8jVyKdPlZy2rXYdtueTzxXG9z0YyZkrN+8+lafZ2Om+mpet7jYc9PrWSUrnFWgpF5LslAc8VV2mcMo8g9bnc2O9Ntg2rFy2utowa1hJ2ElfY3LK9ZehPHUZ610xcnojnnS1OmsdQBjFdcVJHK4Nm3aagqwFTy1NN32OWMOWWpk6ldeY5xROa6o9OlFb2MYk7vTNQ3GS1OqLUZFWaLGfmNc9oxeh6MXdaFONNzeprnq2PRofEb2j2bvIhHfpXBKdtkfoGW0nOKaX9anTXME9rbEDkYNcs/e1PsZRqwhovzPLPE9wXuWVwWOe1dEI8qufnuObc/ef9aHL3EG4YIxWXtbS1PMcoohSII2G5rob09055tvYs6em2fGPpT3jqZcsm0z0PRXZYOeARiuGUb3SPtcEnOkub+tjp/DHjTVPCF9HLpty8ew7sZPB9qxjRcXdHPi8PB3uj7V/Z1/a2tddu4dM1O4W21EcYkcDfjGePyrqhPlfLJnymIy66c4f1+B4D/wWy1iHWrL4IzRMGONb3Adv+PCutHhShKDtI/OxLhlbOTVEl2LVmTg80id9zQt9YXcuWIFNza2KsaMd0JRkNnNJSlbULJlhBI5AqlLR3G4PsTrZyn5sYGOtcEqsU9FqVClzaMjNrJHgnPPtWsG5K9wnhuXYPs8zDoSPpWrtbViVNoQ2hzyOfampR6MvkM+8kgtFJYgt71duxjJuL2OburnzicdKLWC9yt1oGW0tWx1xQwJEtDuBHJz3pW7ifY9Z0NW/se2U8fux1+ldHMox0MlBtkV3pgnbIyCO9YN31OuFLqUW0UqeGJpc/Q0atoTxaU2MEnHpWftnF2RlKk5bEwsCoCsavm7mMsPZXY+O28tutaN3Rn7CMi9Bbjg041ElYtUUjQtYnLfKDitva2WhE8NKWyN2xRhwTWixMnsc/wBVa3NaCTKgbuaqOI7mMsJdkj23mfWuqNanLc0jQcXYi+xgHhfrWdSpB/CdP1fqQS2m8/dNckppbHbTpJIiOnqG5TNZOaluenQgrnZeE9LjLRFhxkfLXnzkpSsj9HydJRV3/Wp32q+HbU2LEjLEZHbn61yTbpvQ+4mlOB4R4w0NIb1wEyc/pXoRnFKzZ+V5rh7VLr+tjlpdKVlyEOaznGElqfMbOxVfRmc52n8qcJctkncPeHRaU0MqkI3HoK0qV4RVmaw5nJHV6VC5iI2t9MVzQk5XaPrcLU5IK7NA2MnVRROSS2CvXixbBrzTb+K7tGMU8ZyGHrXJo3do8qddLZHMftvfE+8+IfhP4Y29+c3WmNqSMeeQ4tMH/wAcNd+Hk2mmfMY7WSlbc+ecYrqPMDrzQAbj60CLEN7JEwIPIpvUa0NK38RTRYyMjPIzUSjdWNXUbNiLxtGEXfA2fZs/0rD2MY6le0RZPjSyKj9zJx6mr02Qe1sNHjaxxzbyn8cU/ZprUPap9CGbxjZhT5cEm7tyKxjRSldNgnHdnK31615O0h4z2rr2MZO7KtNiJ7WHzXyegpAayW52j1oAcZFtxkjP409xPyN63+IEcMSxmBvlAHDdf0rNpvQqE09x4+Isat/x6N/38H+FSoWe5bqtKyHf8LIi72bfXf8A/Wq7W2JVRkifEu3PymzfH97f/wDWqOVN6nRGqkhJPiNbFv8Aj1YfR8/0q+UidRSVkNHxCtVb/j1dv+Bf/WotYiDS1ZOvxMtVUYs3/wC+/wD61YSTvoOdWO6Ltv8AFWzGMWrrjsX/APrVsnzboI1Xa6ZoW/xdsNwDQOg/vbs/0oiinNPoXbb4s6e7k+WygfxFv/rVas7kya6GpB8VdOLANgA9Du/+tUc7vZrQla7Ghb/E7S5QAHC845P/ANarU7Iq/YtSeNbWblHjIPGS2Kyc7PUabJ7fxLA5wV59QamTV7XOmnUcWdLpfiuC3VMAggetc8qLvzcx9DhcfOjZr9TpB40jubbZtJPT71Y1E5aM+nhnknG36s5nVZre6dnbG49zTjS01Z4WKx6rMzYrSxbO/H4VutFZs8WU4y6Do7W0WUDYBWSk4vRBzcqskWVsLPcTtXPrUzg56sUZyWpq2NrDGm0KvPIJx+VcylOm7X0OlVZ9y5BaQSrgxK7npjtXdTqJr3gnVl1IX0pI85iOB3xXNNqOoKakfPf7W1sLdPCRCld32vqMf88a68NJSTaPMxzvy/P9DypxxXclc8oaVyKQDSnFACbaAEIxQLQM0DF7GgTuJQCYUBcKAEFNhe5p2cXlpyeevFSM0VyI80MDM1CbOFB4pgZ/NAloFAwwaAF2mgBOlArC5OOtAw5FOwAD3pAG49qAHI5HeotqA8zHs1WKw9buRSDnNJJIZo2uuyx4+ZsDtmtW4tbDTNa08ZTw9GOPeuecb7F+0stEdr4d8d2Ukf8ApN0InxjmuKpSna97nVRk7Xkd1o/jTQ8HzdQi5HHIrG9SSsdyqwhsyzceK9Dldtl9Gx9M1rGnVS/4Yt4mNhi61pTD/j+Xce1YyhNuw5Rg1zcxNb6vo5f95fBOfrWsaTjrKdvkZe1WyLb+INBjRSuoZz3Y/wBK640pTV+b8BppvVEL+MdJh6XsZUetZyw6vqynV9m/cNKx+Juk2I3JPDx3qJYOL1c/wN1jaf2lr/XkVtZ+N2lRx5F/Csg/gC5xXnywybspfgc9TFU3rHc+cvj38RJfHtzpAaXzYbPzgjbNvLbM/wDoIr1MNB042buediKinaxy+SOorsTscVxVOfpUsBSeaEMQ/SmAhHOMUE9RAnPSgoQofSgBCMUAHUUCuJjrmgLgBT1YFuC7KDkUhlwagCuKaVxXM6WXzGJxSGMxzQAAc07XAdj2oaaEKOBSACBjgUDIzQAEUAJigVkKME0DJI0HegB/lqcY6+9AB5YXjGaAHBBt4FMB0cYPUUWuS0PFoG6UWYkTRwrEcsuR6Clyx6oo1tNudKUk3FvID65NehCVBq3J+LNKcVF3kdlosujXYCQsdw/gZsGpdKh9nf5nW8Ryq0TVm0mztAZXUpxnJfNYTwNOmue1n/XmL661o2c/f65o8ReMIznpkHGDXJKVOn7rjcFXlJ81zAmkvr0gWlrN5bcg7etTzRS2sVUryqe6kX7fwBrl2oJiaEHqzZxisef2kuVaHDKLvZov2/w+srN917OJNo+Yepq3Rd9xqK2OF+LkVhbjSIrEKMCUsF/4Bj+RrpSskhya2RnNgjpSZAgUhcVFhDW6VoMXBAGaAAHBoAcOSKAFHNADdooANgzQAmwZ9RTTsA1kx0pAIVI5p7gJkjii7CwoakAq+9AFm3EZPzU0Bo2tjbXAI37T71Vk92JF6Lw0sgyjBs9OalLUnqV7zQZLc4YZB74puLQr6lCXTGB6GoTuXchbTpB2pgB02YDlCB9KcmkLmQ1dPlfO2Nz9FqE0wbsOFnKBkxuMf7NUCkmNEDdeR+FBtyaCmMjBweKBcrHqDTTsPbcmTb3qr32I3Jo9gPU4o1iKS5RZHj6LU7iTuQqjSvhELk9lGaE+ho3pqa9h4f1S8+aG3dBj75O2olK2wlrsdLa+Ar+6EX27UGjUEfJvJyK53KpJ67ClST3PbvAH7NunXMFpeXkDTuyh/wB7/VaxnSnU3NqaS0R7f4e+B2lRrEVtceX/AAEYBHpiojSTfLI0vruXfG/wls08L3hs4fJkVNxZegx3reS5VaMQhTUqnvM+GfGmmT22qy25LKqHBAJw1RGtz+7I96ngqbV0eTeOrR7aS1LKwBLgFvbb/jXZHY8rHYV4flk/tX/T/Mt7ecVq1Y8seAMY/WpAYRQAhXigBCnGe1ACY4zQAcigBAxNAEgIxzQvMAGKYCEZNDVgBhkUgE254xQAhjFACeWTQAYb1xTAkjkdOhxikNal621qe2YbZD9CeKabi7olm1F4s85VSeMEdM10KtfSSuRyGnpt9pN3LtmeGI9vMYCs3Gm3uZ2cXsdtpXhbStY2GO4t8g/89F5/Wuq0NFFnPVqVLbHY6b8I7O4K7ljZSOikEGto0HOXMjglinazOrs/g/ZW4GLLKgdQtdEsLrsYfWUuo/UvhjY/ZJHksw6qpJJXkDFZ1KTjq1dIzp1pcx82eP7jTY742thZ7WAwZApHT6151apRb5aa1+Z9HQqNx2OOaOTup/KsuWSWp1uVx0enXUp+SCR/ohqLonVmlaeE9VuxuW1dR23gipba2Q4q7N22+GWpyopYFcjP3TQ20tzshhK9XVQdvQ0ovANpp8kYun8yRfvLis+Vy0bCVF09JKzLgTTtKJMcC7gPl+XOKqFDld07FRw9SWq1El8USuRDEhJPTpTlK2iZ20MFUrSs0aXgrw54g8Y+NNPthb3DWSzKZXEbBcZ5Ga4atNVt2ZYzByw0ve0PvXwj4eNnZ28Mi/cQISeSf84oUeSKUWeWnqejafogjiyFPI71XK7XuUndks2jR3EEkMygxyKVIIzwa052kXHR3PCfF/7L+m6vqL3hBJJJB9/U8c1xcknPnbPVpYhJWZ8Z/trfDGP4Zr4Ot4+ftT3z5HoPs/H6mvTpy5tEZ5jWVWFNJ7X/AEPFsZNbHhhnFIBcdfagYnTrQAh6UACj1NACBc9KAFCc5zVWFcHXNJgMAJOKQxeR0pgJnFIBwbNACq+O1ADt3y/zoAQsp4x+dK4Dhgii9wAoF57e1UAuzJGBikA8pjHHTmgCxa3c9pKJIJniYd1NDZPKnodNpPxL8Q6R/q9QkcdlboK0hVqQ0Un95g8PTfQ7HSf2lvFumKUk8m5jJHJHIFdcMZUi9dTlll9F9/w/yO/0H9qHVteZNKHhtb+4uVMaxwA7245+Uda6JZm9uRP5f8EzngadOPPe39ehleIvAXiO/ma8uvAes2mcsVFixKj3wK5VOE3zOm0/JG1CvSStzL70YEGiWdrciLVNK1CyGeTLaOp/UUnUpS0qKS+46/a83wWOosNI8JRFWju5Wk6FCgAH1qHDCNaOX4BSjWlO3+Z01hpmjLJGqSptbux5pT9lTj7s0/mj6nBYFymnKP8AWnkeseF/h/pGsQpFH5btjGRXGmpvQ/V8vwEJUknFfd/wCv4k/Z1GoI8lusSE9CTjmhqS2SCvw3RrSvdX/r+6cJdfs4Oj4ub+1tj3eY5A/KuWVaaVlua0+FYQV5SSXr/9qauhfBzwFod0kd3qC6hqEnIEThFH4c1w0qtZO9VL8f1PUll+VYGHPKSv6x/yXc9k8CfDyx0aQS28aRqx3DaO3aujnktkfjWdYmlXqt03dfLsj1TS7BTOABnAzSjJ3Pl27nWBCkPAxXRo2VC3UhMakgt19KibvohyWuhXuVTlSOCOc1lFSY1fofn3/wAFRrYQP8NCOjf2n0/7dK66CauRUk2kmfJHQ9q60YDcDIH8qQrBjHQ5oGCqGbHrQA1lw3tQAqg0AKMc0wG5zxSFYdt46/rQMTb3oAaQM0AHFADlAPWgBrR/N8ucUABUr1oAGHAxQAKSOtKwChqYDg3zCga3JBL6mgRJuGBSAd1plMVeaCT2T9leZLb42eEmY9b6NBn3OD+macF+8TOHGXdJr+tj9x7fRbW5sow0KOCOhAr23Pleh8jFWehzviD4d6Lqkbi50u1nVhyHiU/0q7U6vxI9Ojd7Sf3nzt8Wv2c/Cl1E91BolrBMDkPHHjB5x0rCtQpqLsj7LK5R50p6/wBI870f4EeHrh4pGsRGeBxXzdbD82zP2LLI0HaTX5eR9YfCT4BeFLTRIJXsvMfaOCeDx16V106HsIrqfPZvxBi8PVdHD2il2R2Ou/ALwhrlt5T2MkPoYJTH/KtXKMt0eLQ4pzOjK/tL/wBep+V37eHgfUPgT8RbK20nV7qXTtThaULPIWaNgeRn0wVx369eK5Z4ZOWjZ9di84xeJwkcRTk1ffV915nj37PviK61H4kWgvbgzSYO0ytnJx0GffHHtXDVi+dJ7H53Wx2Mqq0ptr1f+Z+i2iWmLWEjgFR+VddVRt7p50kzrNMt1jIP3uOtciTM2rI03mVQcnPSt1F2JTZDwSTkYPrTtbc2Ww4wCVckjNZym1ohp2Z+f/8AwVZj2f8ACrv+4p/7aVtQvqRVtoz44A3Lnqa6zAaTxSAUcnpTAkQdzSATaGyaAGggcHrQA0HB4oAO9AC9aABRxQA3pQAoAoAeBtNMB3l4OaQDtuT0ptjDZnqKQhPLGMUkAoiBXmmA1oTQNh5R9aBCqh6ZNUlcBSGWpDUcoPFAzpPAHi258EeLdJ1q3i857K4SfZnGdpzSc/Z2kuhhVhzxcX1P0x8Af8FLNJu7e2g1HTdjlVB+Yg++OK6o4+FRrni16f8ADnhf2dK7aa/r5H2hoXiK18XeH7LVrM5t7uFZk/3WGRXpw6NbMiC5JcpyvjKyFzauu0HI9K3q2tqe5g6nJUTPHLFfIu5ImABRsYA7V89Usm7H7DldXmUWvL9D6W+Ft6smjpFnlVH9a2k3OCZ8nntJqu5HdVznyh+Tf/BV25E3xB8PReYAEtX3A9v88Vc43ldM+/i3DLoed/zR8R/DrVH0TxvpFwknlkThfMHYHg1y1V7uiPlHJxbR+rvgO9j1LQraTOZMjP8AjXPK9kcHM0zsFxjA6Ckr3RXMmJI4AHQ54FdaWg9gV8n0NYTTWok2Wo5CcZXIrk57vU0sfAv/AAVeUD/hVp9f7V/9s67qHUzqu9j42BwldJgKozkkUALjHTj2oAiJO7OaAHnG0c80IBhA79aABevSgBRx2oAAcUAJn8qlvUBCBjiqAUYFADyu7mmwJM54pAKBQA7HFABjFAB1oAdjPagdxMUD0FCgCi4gI5oC9xdvtzQUki3ajFZy0LjHmepvaQxEijaCcEAVk3azQpU7X5T9uf2Z7r+0Pgx4YfcW/wBBjX8hivoaUm6UXL+tEfK11yVW/wCtztdas1eNgRnIrrtzxO6hU2Z4d4hsv7N8QhwNqyZBPbOf/wBVeTWgruyP1XJMQuRL+uh6f8OdeFk0YL4GACM+1RC3LY782w3tocyR6+dXtzb+YJV/MVmqbufnyw0+a1j8dP8AgpP4mj1f4xxRs2/yoNqjPTk5rknOUqjSWh97jaaw+Dpwlbb/ACPjVbprSaKYDPlurkD2NFRNx0PgHNuR+o/7NfiNPEXg2wl83zSYgpYkZzgdcf54rkg4yWrCokloj2cqAMA1uko6mKI5HKBu/NK5XQg8/cw/rWdR6aAr9TVtXUJknHPFcyim7s0vc+Av+CrF0s7fC9FIPl/2pkj3+yV30Va5lM+OQDjniukxELnOM1IwD46k0wELk0AIWoAAfwoAdnkYqrolisSakaE5xyKBiYwaSAeOVwRxTAUKeowRQA9W3cYoAeFoAWgAoKuhaAYoGelIkAKYC9qAFVM9KBof5XNK5VkPUZOCKENWW5ZtbYknP4VEtdjaEkjb0kMJuAd1c8nZpWCR+zX7E99/aHwE8PMTlkg2H2r6Cnf2Mb/1oj4zHNxqtf1uz2fU7fIPy/SuylIrDzPJviHo++3MqLh1OeOxrnxELXZ93k+J5KiTf9aHN6HrjRRxspKnAJFeUpOJ+t0YxxFJX7HVt43lgsnd5iAqkjmt1PlV2ciyuM6iSR+R/wC1z4ik8R/F3ULhiX+d1BZieAxrkT5tT57iSUoTUI7L/KJ4e0irnceKHsfBOR93fsKWesL4ZeaUSLY+Yvkh/T2/z2rhpxs7paCqVNle59gTSFUBP3sYFatKRClczZJnBb5qu1o7G1iubsqTzzWCS7A5WEk1Cbj5iR3xxmi8EOErnwr/AMFN3Ln4bs3UnUv/AG1ropu+oqttLHzKI4ivTJrqaXQ5dSN7ddxx0qHuDYx7NCOv6UtyU31IWtBn/Cho0WoGyOOhHvQ9BaoQWL4zgkUk0LUUW3t+NMb0Q4Q44xQmmSpXQ8QIcbhk1a5WUH2VTzjFS9yZOwotOOTim0ieZi/YiF4wam9jS6EFi2M4A/GldNi5r7CfZ3XqKodw8l8/dNIfqKIHPODQK4CFsE7cgelBSae4KpzjGKVwY7YeRTEIqHPTH1pXQEgiJ7Uy3HsSRwknoakpKxKIXDfdIqfIlu5es7dn/hPtUqcVpc64wjy3Zv6RZeVIzs3boO1TpKV0ZS8j9bP2BZnb4EWCSAh4ppIyPTGOK96nG1Fev6I+LzOf77+vM+j7pPNiJHUdq0g7M5MNVtKxw/imxWW2dSAf6V0VIKcbs+rwk+SUWjwK9vW03ULmA8BZDge2a8KouWbSP2/J6rqUIPyKGueLDBpsm087DgH6Vg1zbn2EVFLmW5+YfxovTfeO7yRndm3Pjd027uP0qIPpax+RcQ1lOrq9f+Ain8JPALfEXx5Y6b5Za2U75T2xnpSqc1vdPkbRtdn6pfD3wfaeD/Dtra26KoRQflHp/wDqptNRMJSU9LG1dXysxwc4rPmUFqVCJQy0vPU1hOfNsVza2BY2bkiptKxVluyeKyZmz19BU8jbCLtsfDP/AAVBgMI+Gee/9p9v+vSuyimr3JqHywscg/hrpSb2OdaoVmZRz+lU3oK1xgkNQC8xoc561V7itYkWU4xROz0HqSLcELjtUJJA9hVkXnHH1pkqPca0m48gfhTsaJWE3DOaQrkgcECgYM4B4FVcmw9JgDjFHmKSuT71IGOtOSitUTGLQoK9CM0QlyaoLNCMF4pys9UalhfLKgHANSnYSkkSosGOT+tS0KSvqiSFLcMWCgkDjvRFxV3YaukJ5Eeeg/KsJyb0M4t31JI7JHydoP1FKEWjZxbdyeOzQHlQPoK05e7BRl1La2SsBhRn6Ukk9EbW03HjSSxGQKydOT2M1y3L9npjElETex4Cp61NJKN7mknY+8P2Rv2MfCvi/wAAWviLxXp0l3e3EpkWN3ZAF6AYBHcE888+1etQwlGUfaVFf7/LzPlMfjK1OfLCWnovM+6fCvhbS/BeiW2k6RaR2VjbqEjiiGFUV3WSVoqyPBnWlUd5vU2U547UmEHZnO+JbQLE7YyME9K7Kb542PfoVtEz5P8Aijqb2epzyQ2UpZmIztPY9a8utFOTufq+RYv93FX/AK1PGdc8a3E4dSgTKkZDe1eZeMnZn6VDFXjofDfxGfzfF143PJz+tapLZI/J86kpVf67I9c/Y3mSLx7ch3IZkG1ex56n8qye54CT5T9HoZc2UY4zt5xWdSpJM54Jp6lGRN2eATmuSMed3Z0JEsMJQA8H1rZQVyZNFyC38wbicGteRslu5ZSDyzmokrDSZ8Gf8FTyCfhjj/qKc/8AgJWtLZhLc+ZZofLbGQfwrrUbPc4k7lO6GzANQ3qXFPoV1C+lZ2NOV9x3lpj3q0VYPLAp6CbHR23mDk49KTdkJk/9mfLnBrP3txc1irLDtOM01LuHONEQxwefSq3Ju7jhEQOtNK5XMhyxFh1pFcxLFYvKflGaLhzItDTJx96MrVXiZuokSx6TcOTiM/jSh77Gn1I7ixkiHzYGK05UuoORD0baOal22QN3VxwVgRRbl3MmXYUOPwrM0i+53fh/4SeIte02K/g09mtZBuDng+1ZKDlPSN/mYzrQhJI0x8H9agZ1lhMOOxGSDXU6M4/ZNPrKi7Gxo/wK1PViFW4ROcbipGKz+rVp7foZyxsaa97+vwPUvC37HUmpun2jWZdh6+XHj9cV6EcsxDV5St8l/mcE82UNl/X3Htngz9hDwYu2S/8AtV7IPSYqDXd/ZtNL3nd/15nlVMzqN+6v6+4998Afsn/Dvw3++i8OWskox+8nBkbj/ezWcsJh6DvGN36v/M5qmKxFtZ/gj2zTtNtdIsorSyt47a3jG1I4lCqB9BTbb3POlNy3LQBxUgkxwpFoqaxGGtst06da2ov3rI76LaPHviPoOmC0e6u57eFVyxZ5FB/nXWqXM25bH0GDxqpSS/r8j4F+MfjjQtL1W9ihvIDGgOPKP3ic814eNoqM7W/rQ/TsLmsXCz/r8D468V6kmp65PPGAUPQjvXCrny+MrqrPmR7H+x/pkt58RZLnZm3gQBiRwSef6VnU5k+xzRblGyP0csHaS2RT8xx2rmd7u7M46MuJYSSkbVJ9eK1pw01N0y2mjXJHK4FaPQzky7DYtCgGO3eoldkcrNDTtDl1KZIwD7laFBy1NErHwj/wV68Of8I/H8JBtK+aNW/HH2L/ABrdESPlG4hMs6gDGOK6PZ8utzzZ1+xlartW4aMdVAzn1qJST0RvTldXZTHNZo6E7ihtvPUVSfKwTHAbsHOBTk+Zidkauk2DTzDGMA1lOcY9AUr9DavoRbwFRzx6U07q5EtDkrv/AFhPaly63IVmyJTnnFaRdmaNEqZI6092HLfckRSzgDkngChxsDjY6zRNLWKEliCc1yqpJOzRm6lka/2dcdCauUu6NIttDlhVecUoW7F3Oc8RsEOwcGqjFpnNf3tzBjIPOK1V46m620LOAwz6elOUubclo7r4SeBJ/iB4utNPins7WJTvllvZPLQDPQnt/wDWNSqam1eSXqYVans47XP0Aj0Hwz4S8ORWcuu6UI4kA3JNuGM+gFe3GpRhT5FNfefOVYVKsuZo8z8TeKfB1o5Vdct5FB6wqW/nivOniqTXLGV/u/zO2jSrW2MLT/jT4D0NpJJdRu5I1HKxQLx+bVjSxEacru/3G1SlOStY7nRP2z/hTo/lLJNqUrAfdEcY/wDZ69OOOpS7/h/mcMstxEtbr8f8jpYf+Ck3wt0cbU0zUZ3T+HKf0apWOa0S/H/gFRy6pb3pIhu/+CsfgyGMiy8J6m4U9DsH/s9YfW1K7cX9/wDwDKeV1JO/OrGBe/8ABWW1dj9j8KXaD/pps/8AijWMsVfaNhrLHBXc0QQf8FWBOqibRJYQxxk7QV/LrW9DEwTvUjcxeXyldqRY/wCG59b8Z+Z/Y2swWrNyIpSVx9CD9Oor2I+yr6U3Z+i/zOL6tKm7yjp8zwX4w/Hb4ri5up/+EpnNsxJSGPOVXPYjGfqMV4+IwVajPneqPawvsZNXhb5s+fdb+LvjXX42S88S38kb9YxKQprh1i20fQezpNJqP4nIzXlxPIXmmknf+9IxY1Mk5as0WhHbxSXVylvAhkuJDtVF5JJrP4TSMec+/f2VfgreeFNBjnu41jupmDykA5PTHUdh/Whu+rFL1PrTT9JCKnTpgDNZNX6EvU6TTtKZTkqDzTTaI0R1FjpSFfnUfWtFaWo1boXJvC1teL8u0N79KzlFXLUnfUsaL4cfTpTtUEbs5o5mjRvmR+e3/BbVwbf4KLjBX+2sn1/48KdO/M7ky2R8YQSRpqu+UYRCcq3XP0r0Yr3rtqx4E1daHO6vNHNqEroQATwKwmlzaHoUVaPvFZAWbABYnsKi9joc4rqTpY3Lq2y2lbb1IXpQ31KWupNBpV05AMTR5P8AFUqV1cJLodZoth9jjbdyTimuRmUVJMg1t8A4ojq7IqSbOTuF3knHNbyikiFcYq4Xnj61HL1N0Kg3nCAk5x0qbg9rm1o2izT3StJG6xrz93GaIyk9LGfOdnDbeWigKB9KxlaLu0S4qSJ/LI5I4q7o0SUVYikOahu+wPQ4zxG+67Iycg/1rSkpLc5IL3tTLQ4HSt5Ns7ErEpkbjArBuw9CJtXurC4ElvO0Mg7rScW9zKTT6D7rxlrF0u2TUpjkYyWwcenFQ6cZaENJ/ZRnT39xqGEluZJQP4S5NEaUU9FqHNbqRuLgA/M7A+prqdF9UNSFtNOnu5AqbFJ/vtiuijg5VfhaXqXKpZGmvgu+lUkSW7EejZqpYOUHZyj95wPErblY258L3dim6aWJvQIc1l9XkvtJ/Mca0ZuzVi7oWgSXquWyp3YHFdFLDxa98Kk7LQ1/+EPjhG55N56lcUPDwi9GefKvbYtQaS+nW7zW6PGcZ3gGtpUZQj7SGljFSlV0Zj3Pjq9uZo/Nk3IilMMc8f5FYQxs5O1V3R308NotTmb+RGuZHiGEdiwHpXJVkpSbWx6dO8YqJZ8M+HNS8Z63b6VpcPmXErYLHooxnJP51y1J8qOiKvqz9AP2Vv2LLHR5Ytb1wR3V2QCqsNwU5B7jH+ea5qSqS1maNxj8J9iS+D4dKiVYEQJwCAK6dNkZD7HTMSKuBjOOam/REa33OntrRIl6DinGL+0K3csGXacCr0RSVi7pzPLdRoMsCwBArKVrmiV9z0C30kJCoZF3+9TKLWpouVH5c/8ABcK38gfBXk8/21x6f8eFFG93ciVuhzvjn9mnRdE1PyL/AFGwF9KfOMRlCTANyrFOuDzXpVaXI+WTsfLSrybvTWhkad+zXZtLuXSrfUAOfMHLflnBrSjCHN7+xusTOekUU7/9kiK6nM6G7sWP/LMIoX8OP5mumVKhN8sU19xxVJ14Su9vmadh8DNK8E6VMLy4DNNgiSZMYx+dedi6bw2u56NDFOppsfNfiu/Wz1+88vBgSUqmOBgHrXmQ9pVd3oj0YzberMlfGSowDRDb7VqoSg9DazT0C81q01SIBTsbvmumNl73UpvQr2mkwXbkm424PTIrfl9ort2OduTdkjesPCtpI48x1wRyzHgVmoqP2r/MpKaO/wDEviPwH4G+GEWm2VpFfeIbiZZpLgOC0fAyq9sZHUg9sY5NYOSlLTQuKmt2rHjMnjm9nYlVEYJzgVspSDYF8a33HzjjofSs5R5tylqW4vHN0P8AWBZFHbFOySsKzvqXU8bo0eDCCae2yL91o57UtT+1zGTpkk07swsUvtrKc+9GppF3VmSRapiZCw+UHnFOKtJN7EtWIr+dLm6d4xiMniuitOMn7pJ3vwS+H9p4x8TifVGj/s+3UkxsM7m7Zzx6/lWmFpRc71GrHFi67pR93c9N+KXwl8J29g1zps0FvdwLxHCcA47EetetPCYd+9Gav6o8mFerLf8AU8kTRIsDjBrGOGU95fidkajZDdeGfOZWhbZJnt0qXQnB+7L8QjiHF2lqW/DejXUOorbXs3kW0h+aVhwB9amGHk5/vJaeo6024+4rHf6l4S8PadbxSm+MpORkLnP412To4aCTb+6x5lKpOTs7kkOg2X2aK5t33ROOC3FdCw0IxVSF2vM6vavZlljp1umZ3hXHuM1X7jS7j+Bk05anOeK/GWkwaXcQW7biFwcCufFYqlGm6cV+Rth6ck9jxV5CWLdM84r5m13c9+MbJIb5mcc0jZKyPor9i63sLj4iCC6VA8pwjk/N9MenT86wqRT1NF8J+sHg+yi0vTIUjUBdvahu2hlZm5eYeIkciknoOxTgjVGDDp16VMbt3Ie5bWfgds1vcuxas4hLJgjI96oZ3fhzSoNqybBlMHgd6waUpBudHW1gPys/4Lmf80T/AO43/wC2FJWvZAcl4w+I/hPVNdvfEOuat5k7MNwJ5x2wD/OvXrVoVHzSWp8TToV4rlV/xM2L9q7wL4aLi0e9nkAyoC4U/QjP9KmlWpL41+R6Cw1eKvF/mZGtf8FAHihEejeHhNISR5l45IHp6fyrOpXi3eCN44OtLWcvxZ5s/wAfvEvxX1V4dZljig+8kEA2qvX864q1WdRe9Y7IUYU3ojjvFmkhLiSXOc8nHQGsadlG7Oj2dlds5Gx0K61My+QmQhxz61SZrG/Qhu9KuNPk2TQuh6Z7U/Q1ktCPfJB0Yr9KbukSjX0LSL7WYnnN39ntVO0M/Vj7U4Q5tXovMlt9DO8UaLPo95GZZBcxzD93KPX0q50eVcyaa8iVKS3ILAwx+YlyCu4DaSK1pcl7TFJPoZkjbJCFJIzWEkk7I0i7aCi5IFGhTRNCWmIAHWiKb0RDaiTTRSIMHJ47VrKEorYUZqRVcttHWsdS1YZk9yaVynZksfzAelMho9p+AQi+2tbyMjJcNypbnpXdh7X5Xb9TxcbD3bo9i+I3w/trPRXvluBFGqZOcf5NevVwStzxdl936Hj05O9jwNwZHwOmeo71CSt7rO7mUFds6Xw/4XkvipKsM89a7aGGn8UmvmcLxEVq2dtb+BHuJxEUjeRgBtxzXrRwnM7cq+Rx/W3LqUPiL8JddTQlfTIyxjYkxqpz+GB14rzMdltRRSpRf3f5IMPmVOLtL+vxPLdQ8N+M9F0vzJHVbdQDsMo3gYz0xXlSw2MjTtKVkvNnvUKtGtqrfgcJc3s15IrTXDsc85avNhSk5XbPT9nTiiO+fapKtkNyOadeHK7p3NacYp6GYWYjJNcuqOuw3cQagGdd8N/GU/gnxdpmqwSlDDIM47gn/P5VzYiLlHR2NqbTdpbH7JfAn4i2vxH8D2GoQlS7piRQeQRxUU5qStdEzST0PT9mIdp6elaEFMt5eRjB7CtrLYRLbxvKQTwBUJWYG1ZR7SprQR3HhmX9y8Z4PDClfUq5t1QH5Wf8FzP+aJ/9xv8A9sKVuoH52TXxaMI7l1XkA84q3J7HPCmolRpyRxj8KVjblQzz2B60h7HW/DmbdrYGOQpJb0okm1oiEuZ7G5428SwrcCzi/eTk/Nj+Gs0imlY2/BsAe2Q+p3H3NHJfqXCUVsi14w0cNGrohLY6Ad6mNou1xNuUrlXwx8K7fWtKm1bVrxrG03tHF5YG7cPY10xhGTu5aGFSfK7DBokd/wCHJdMsJleZH/dSsfLD4PU9f612S9nVpezhv/wA5k1qznPFVtNo/hmwtNRC/bjN5gAfcVU8ckf0rmSnTp+zkaLlS1ONu5mmwSTx3rErcqnGcDLN6Dmm7dyG7Glb6LIwBbGSMgVfIv5l95hKp0NS30sxhXLIFHq3WuqnR5XdyX3nNKd1c14dMSblnXGOQDmvSVanezszgniXD4SaTwVb6imIrhYW9uhNafV6eI+Fxj+AU8e1uv6+85LW9Am0S5EckscytkgxnP515OJwzoStzJ+juenQxUKuhQSRScA8+lcR3XT2Zq6Fq1xo2oxXVrIYpUOQRV07KVzlrRUlqehXnxH1bxTDHbXk8jQr/wAs9/BP0r0FOrPSctPVnizpRhrY2/CXh19VnX7qtkALXrUKEbXlI82u3GNz6E8J+A44bdWKAOPUda+lo0vdu0fP4itZWR6LofhK1tZUmeNWcHg969CEopXR56qcy3Ou/sW3uIgCuUbqO1ae2d9dThfMtjgviH8FtO8SQP8AZ8JIVIbPCsMdK4a8I1otWPUwWNnRlr/X4nMfAH9l/wCD13qNzYePBcW2to52C4m8uB1zwVbHXBA69QfXNfL1KMKF0lr52sezWzHE1mlT28r/AKM+Y/2xfBvgvwD8ZrrR/BBb+zoYgZB5vmKD2weT+vpwK8LFypuXLDf5H1eVe0nS56j1/wCG7nhzHiuTl0PeI2bmsgHIwbhulJ67iaufWf7GH7Sf/CuNWi0nUrgG0fKhXOAcnP5156jGnO9jW6asz9UfBfjbw/440+Gezu4w0ig+WTzmurnpzfusxknE6c6DbPllYH3qknfUnmJU0ZU6HNU5WYcyLEVkiYyPzqhto39FAjnGCFXHNRzDujdBDDIORVp3Hc/K3/guZ/zRP/uN/wDthTGfm1uzxQJO40mm3cLhSGamj6pNpiy+S+zf1oNY1JRXKmUnkdpGcuS7Ekk0+U52e/8AwikGo+GmjCq0ka9F5NcznNOzL6bHe6v8O9WXww2qvBGIdpITcdwHY4x/n2zWblOWyBtW03MTw3/Z3ifwvP4ev7gWMxffDKw4GOo9+/8AkV00Z8y5Znl14+066nF/FGHTPCsGkado979ouolf7VMhwCc4GBk49O3IPFbzcUvdZNL2i0ex5HfTSXdy0srmRzxubris076nZuW9B0aHVrwJdztbWy/eIxk1tCCk/edjaKTW561o/wDwjGgWaQW04XB+ZmO4mvQVKjGF6b1+ZLkorcuDxN4fVvlvo1H0qI1qSl7z/M5pxUl8RdtvGPh0LuN7EcegHFdsa1KT+PT0OGVJrqTx+P8AwqxZZbqEuOhbj+levRxGEStJ3+88uVOrKVrlCX4h+HhKGW4Ros54WoqY2gpaPT5/5HU6FSENDb0n4reEUBWS4iTH96P/AOtVRzHDS6/n/keRUw1dyv8A5GN44034e+OoGuRrcVjeopZJ4ACPoV71nXoYHGR53U5ZejZ34T29F8qV/uPBpEjgupYo7gXMcblVmAxvHY47V8xVpwpycYyv8rH0qu0r7nUeFkSSQc5bvmu/D+yS8zzMTF7nv3gC5t9JjDykBioHNfRYSKtzNHzlfmloz07S/iBbQxhARx0PcV6qxf2bnhTwrk7I6eDxzG4RoyWz1OOlawqyi7uOhyvDuGkkdLpfxCtltGDMQRj5cda2c4SV4bkzwsnZxM/V/iAjRt5bg98nrXP7SS3NqWHa+I8/8W+Io9dtGtZYVmRhyHUMAfX61z1pzqe6kejTouElJ7Hyl8VfhxHplxPqNk5TLZaEjOR7V8jjMunGbqx/r8T7HCYlJKKPLXikVtpUg968SSkviPdjLmQfZWYZqCwW3kzjbTQyzDE0eSwKn1q5U5L4iWj0v4YfE7xN4Wvof7LvpNyZIDyHHHqcGvOlgnUf7v8Ar8SqdRRfvbH194T/AG3dV02waG7u3llhQEHjBPcdTwKufPSjuZqdPm3PQNI/4KD6dFLCl7cq4bG4qMBfrxxWKxEr6K5t7Pn1TOl8Tft5eHrSxM1nOkfy5MhlDKD+Hatp1ppXUfxHyWPJ9Y/4KNCWGQWkhlOeDtxx+BGa5uetV0vb7jX2dNLVnKeC/wBvHW7rx3oxvW2aa17H5jBiDjPU5PFQ6M4at3KTpbLX7zR/4LOeJ7TxdoPwK1GzlWRJE1okKc4yLCvSp35Voc8rX0PzyrQjZB0oJ3A84NMsVG20hN2JQFJp3Yme4fsq2c+tePl0yO6S3j8syHzeVJ9McZPHb9aV428yVNn114zmOh3MKXcW7T5UMEi/wr6H06c5rmdS0ldXRg57ux8p/Ee+07Try50uwAd7eX5bhQASDz1/TvV1r8vuIyik3eSPKr5i1xIzEszdSTmppXcbM6tGZLbRJ61qlYymn0JPM2rwcfSuiMbrUXKnuVmfB4rTlNOVdSFpj9aw5Vcq3YjMpBODj6VXKh8oCQfj61mTyjDKc8GmPlG+ac84zSslsXyoTfuGD0pA4iiQoQV4pptBbodF4a1yKxuo/NO0E43dhW9Oo4O5xYmhKovdZ6pp3iNbpV8mUMrcZ7V7aqTa3PEqRdLRnX2E7tGuTk/Wu6EXFanlTjd3Z1OnXkqxAZP517Kk+XQlpWszVXU5bZBvkADdiaU6jirHJq1ZFa616KCPicNI38BOa0lUp0qfPJmDhyO9io9nd6ppk10dYttBiAyJ54vMyMemR/k1xVK0qlNzU+VelzpjJO1kfMnjnxRcz6rdWg1QanHGxXzo+FYg9vb/ABr5KvXknZSv8j7DBQXs1df1occ90zElv0rglNy3PZUUkOS6wOeagoeLrBBAGRTTtqhNXLlrHNqk4hgVnc9cDp71suatKxjKSgtTqLGe30VjZ20itcHHmydfwHpXZJ0qStTep57nKbv0NCG6ELM7HccHPFedbubRp3d2YV7q0EkhJTePQiplCPLdGvsVe6Gya9DPbLC6nAAAB7AcD9K50r6WOq7taRVF1Z4wF/SuiNo6GUk76FqylthcRsZvLw3BB6Vo6dKcWmzWKk9h/wAdviHfeMPD/hDTLu8a8i0n7V5RZiSvmCHI5/65iuKjSVJtJ3NZO6RxVdbVjKwck0JXDYQihMaYVI7jgxFNCZveDPEs/hTxRp+rW7mNoJBuIbHHf/PtUSUepK02R91/FjxbNe+GLJFCyPdWkc8jqcgMRkD/AOvXLOLunDYuVO0eZqx8h+Kbkrfy7gVPXPrW0Zzbs1oZ8t4nIX14H4U55re9ydjP83BOTTeg1qL5u7oaSK5UV2ky1FwcRdwxSFYaWHamhiGkAzHNG4LUTHPSm1YscIiy0EXsHlEDk/lVJIOYds2nvWYnc2NF1y40qRWibODnax4NdVKrOmtGcNfDxqLU9b8K/EC1ayU3KbZDyeQMV9JhcU6kNVc+deHcZWZt3vxZsbeIJbjLfnXVLMoQW1v69DGOE5nds4/xD8Xr25G2NhF2yRyRXkYjNKleOq/r7j0aWBeyf9feYsfxXu7Ih4YxJNjBdzkV5scVUj70dzpjlqfxf1+Jzuv+PNZ8QEi4u3ijP/LOJiBiuepWnVd5u56NLC06HwnNlsHism7nZcRiDSHcQe1Ay1aWUl1IEj+939q2p0pVHaJMpJHVLfweHNKe1siHupf9ZP3+g9MV6U6kaEOSC1PP96rLXYwbeZonaQHLdSTXlp33OyUbEx1ucqVLLg8VmUtTLmuGkbk8UGiGqeM1VtLjFDnrUgO85x0alYDF8TyeZ9mJ6/N/Siwy9VCFAptWFdBzinYkTNKwxcVIrjhgjB4PapkrqxOqdz3f4d+MptQ8KyWl5OZRbrtTPbArKFFt7m6kpnmnifxCmp6hMYeYl+VW9a6Iw5XaRLklojni+7vVWS6mTdxjYNDVwViLNQWG4GgBSQwoEJgLQGrHZFMYm7HIpegrIVQx5yBmndsBdvvSC77CbgKCWhpfJoGh0J3SAUA3ob0MhRQN1dFO8djmcVYtW5Mas7MMV1qKjqzklZ6GDqN0Li4Yj7vSuGpJSloehSi4opM+TioNxjGk/ITDNISQYzQNofEh3UxPQvG5MMRWPgnvWsZSirIzSu9SsHIyT1NFvM0siwGzAfepYaPRlI85OazCyAEYoLWg4Hg079AAGizEKDjHekLQx/EZyLb/AIF/SmyjTKYouZ3Y5RgVpdWJHCPdzipSuWhy25J/xqbMhj/soxnPNU42Q72RGYgD1yagadzQs9SmtLeWKGd4lkGGCHGaFo7jbKPCgBe1XNpj0IyzVAbgzHFXzaCshvJGagdkKq+tAXsGwdjQiFJ9RSOKC7CE7RVtBcaXqQS7gJSKfkUHmnFJqwDc5oVuohc54zSYtjT0i2RyXc/KeBzXZSpXXM2jCcmacyKsgCHcKdnczT01ItUuRHbmNOp606kouNoipQTd2YLtk1xWsdww0gEoJ3EoKHouSKBXsTk+UoA607huRbix60g0JANwrRSE2Ty/JbgU+V7mSu2UnIqWkjbYQEkYqBjhkCmRYeOlNOw7irwvWq0tcGuxi+IusH/Av6VmUbSRmVgAMk1tGnzuyMr2RqS6XFYRgzSh5DztXBA/GvSeGp0IXqSu+xgpOWyKTzLGPlArznUX2Ub8rIjNuFSpopIaZTnripcrg0MaTJqWNKwMx+oo2GAbNFyAz6miw9hQMD2qlG4J6hwRT5GTJhxWbC4AnNVYLCk01ErUZJzilYEIFyakpiqozgiqTI1JgkYXpk0209iNSFwB7VFi15jQuRTSuU2WLNWkcKOmauMZSdkQ9jtvCGki9S8jKq8oAKZHOa9rCTpU01VX5HHKnKbumcjqspe7lA6A45rxZb6HZBKxRHvS5r7lpWEbANSwbGZosCQ5VJPFIT0LPkiNQc80DWu5A5PNBQzpVW7CaLEYJIq0jO9ie8YiMDpinPRBFalDOetZp2NBVBzmpGSdueaCNhVIJ56VW6C4Hg1I7mP4iH/Huf8Ae/pTasNO5rLMyMGU4IqoycXdMW4PO0hJYkk9zTnOU3eTC1thoGTUEtgwK0WKQnJpFCUWJbsHPSnYa1DcfWgYE5ouJhupqTQkrjt3FPnYmriBvWoFYUtg5q76AG8E80tUMGYGkAm7tikArE0FWAMcUAIc0CsIc079h6GvpdriPee/St6UuVmUmjqdH1SPRLeSY7tzDHyiuxpct2jmhNuVmcRcSmeWSRs5dif1rzpbnZblWhAeCKzaBajc5NMqwBSaaYbGnbaZKln9qkULFnA9Sa6Vh5uHtHsZ3Ks8pZgAOK5hpkJNDKDtTu7DRPbAmVe/Naw31JauS30m5znnilUfPIpbFFRkGsRjsBR70EtsXd60DWoZzQDQ89jVO3QnlMXxD/y7/wDAv6Ur3KSsahXmkStxMcUDAEjpQNpMUkkc81SdhJWDdVXRQbsGpk+xO4bhSuxoTjNFxhjJpEsKAQlBQUAFBLCquPcKGJjlPNCdibMU4qR2Y3oaAQ8EE4qrKwMcBk4pJXdht2R0cFuYLWJTwcZrv+qSiuaTOWdmS3ikaYSD05NaSjKMNNjng/eOYYjmuByR6D2ImOcGs27jSFEe4D1NCVxt2Oj0Dw4Lgi4ucpbrycjGa7KFHXnnsjjlWvLlRBr+tJdyGC2+W2jOBj+L3rXE4r2nuU1ZI6YrTUxCfSvOKSsNB4oDUUHLcYp6BexcswTID6U1qEnZEsOn3OsalDZ2UJuLmYlUiXGWOM4FS32BO5dvPAfiPTeZ9C1BF/vCBmA/ECkry6WBGJKpjco4aN1PKuMEUJx2uaOLQDae4q+W6uncm9hoPOBzU2Fe5Ju45FINTF8Q/wDLv/wL+lA07l3+2LTOPN6dwp/wqk0S7rZCNq9l/wA9Sf8AgBo0EnLsDanZdp/w2N/hUlq/Ub/atmBxNz/un/CgBBqtrn/W4/4Cf8KpW6gw/tS0/wCev/jp/wAKWgtUJ/atr/z1/wDHT/hSKD+1bUf8tf8Ax0/4UE2Yf2ra/wDPX/x0/wCFAWbD+1bX/nr/AOOn/CgLB/atr/z1/wDHT/hVK3UoP7Utf+ev/jp/wp2iAf2pa/8APX/x0/4VLAP7Vtf+ev8A46f8KQkrB/alr/z1/wDHT/hTuMP7Vtf+ev8A46f8KQncP7Vtf+ev/jp/wpoWof2tbf8APT/x0/4VWgrCjVrT/nrj6Kf8KkdiVNYswVzNjkZO0/4VonFMTTsdHN4x0d41Vbk5AAz5Tf4V6MsVGSS1OR0qjINQ8WaVPYtFHcksR/zzb/CqlXpcjVxU6M07swG1e07S8f7p/wAK8c7bCf2pZ4/1vP8Aun/CnoFmXdO1rS4ZPMnnJx0URtz+ldNGVKHvT1MpxlJWRb1TxxFfw+QkvlQdNoVuR6dKK2IdR2irIinQjF3e5j/2ta4x5v8A46f8K5TpsH9q2neX/wAdP+FAaif2raf89eP90/4UkMcNWsxz5v8A46f8KrQzauXtP13TonZpbjHHA2Mf6VvRVOLvNhJN7DLfxPBYahBeW8wE0EgkQ7D1ByO1Zykua8TSOh9xeB/2ufhRqnhOzXxRq4sdUVNksMmn3EuccZ3JGwOa6oVIRXvasUopvR2Haz8e/wBnjWI1E+sWc5HaTR7vA+n7msealJu8V9xDUujOI17xX+zPqhOzVLZC3Vo9LvFI/HyaS9mtE9ClG/xM4rV9O/ZzuFP2PxpeW7Hullecf99Qn+VOMaUXfmZei2OO1DQvhNh/sXxHnA/hEumXLfyiFaT9i43g9fP/AIYd1Y818dWejWgsf7J8RQa/uD+b5NrND5P3cZ8xRnPPT0561wpSW5J//9k=',''),(95,'11/14/2016 11:09 PM','11/15/2016 06:28 PM','125.161.209.135','Ronerzi Nagara','2','','','iVBORw0KGgoAAAANSUhEUgAAAj8AAACWCAYAAAAxIOk4AAAQA0lEQVR4Xu3dW6hVdR4H8L9ZSUxQjjDdmC70YPVgdoHJqDQIjSzLFDQasStRPaTMS/WQ2kM+RUV0obsXLMlMowztQU+EJNWYPnSjoJqKnMoiEBy6nOG34Gz22XUuW/c6Z+31/ywYxs7e67/+v89vP3xZ67/WGtPb29ubbAQIECBAgACBTATGCD+ZdFqZBAgQIECAQCEg/PghECBAgAABAlkJCD9ZtVuxBAgQIECAgPDjN0CAAAECBAhkJSD8ZNVuxRIgQIAAAQLCj98AAQIECBAgkJWA8JNVuxVLgAABAgQICD9+AwQIECBAgEBWAsJPVu1WLAECBAgQICD8+A0QIECAAAECWQkIP1m1W7EECBAgQICA8OM3QIAAAQIECGQlIPxk1W7FEiBAgAABAsKP3wABAgQIECCQlYDwk1W7FUuAAAECBAgIP34DBAgQIECAQFYCwk9W7VYsAQIECBAgIPz4DRAg0NUCmzZtSrNmzUq9vb1pzZo1ad68eV1dj8kTIFC+gPBTvrEjECBQksDatWvTNddcUwSf2KZMmZK2b99e0tEMS4BAXQSEn7p0Uh0EMhP4/PPP0+mnn57279/fqHzq1Klp27ZtmUkolwCBdgWEn3bFfJ8AgUoIXHfddWnFihX95rJo0aL0wAMPVGJ+JkGAQHUFhJ/q9sbMCBAYQOCtt95KF1544R8+Xbp0aVqyZAk3AgQIDCog/PiBECDQdQKTJ09Ou3btKuY9fvz49OOPPxb/XrBgQVq5cmXX1WPCBAiMrIDwM7LejkaAwEEKxFqfU045pTHKpEmT0u7du4v/njZtWtq6detBHsHuBAjUXUD4qXuH1UegZgLNa31igfOJJ56YVq1a5cxPzfqsHAJlCgg/ZeoamwCBjgrEM31mzpzZGDPO8vT09KRY6xObNT8d5TYYgdoKCD+1ba3CCNRP4Nhjj0179uwpCjv11FPTp59+mpYtWyb81K/VKiJQqoDwUyqvwQkQ6JRAnNWJoBPbmDFj0ptvvpkuuOCCfuHnzjvvTMuXL+/UIY1DgEBNBYSfmjZWWQTqJPDUU0+lm2++uVFSPMsnnukT2+zZs9OGDRuKf8+fPz89//zzdSpdLQQIlCAg/JSAakgCBDon8NNPP6UJEyak33//vRi09SnOM2bMSFu2bCk+mz59etq8eXPnDm4kAgRqKSD81LKtiiJQH4G4fT0WNcc2duzY9P3336ejjz66UWDz5bB4wGHf4uf6CKiEAIFOCwg/nRY1HgECHRN48MEH0+LFixvjPfnkk+mmm27qN37zre/Nl8M6NgkDESBQOwHhp3YtVRCBegjEwwzPOuusFJe9YrvjjjtShKHW7bzzzks7duwo/hy3vseZIhsBAgQGExB+/D4IEKikwAknnJC++eabYm5nnnlmev/99/90nnHnV98Wr7loviRWycJMigCBURcQfka9BSZAgECrwFVXXZU2btzY+PPOnTtTvM+rdYtAFGeHYjvkkEPSb7/9BpMAAQJDCgg/QxL5AgECIynQHGjiuPPmzUsvvPDCn06heU3QnDlz0rp160Zyqo5FgECXCgg/Xdo40yZQR4FY3xNncmK9T2x9T3EeqNbmt7s/++yzKRY/2wgQIDCUgPAzlJDPCRAYMYHmO7eOOuqoYp3PySef/KfHb327u/U+I9YmByLQ9QLCT9e3UAEE6iHQelv7yy+/nGLtz0Db3Llz00svvVR8PHHixPTRRx/VA0IVBAiULiD8lE7sAAQIDCXQ+vqKhQsXpueee27Q3SLwfPLJJ8V3FixYkFauXDnUYXxOgACBQkD48UMgQGBUBeLyVazt6Xt9xWC3tfdNNG6Bj1vh+7avv/46HX/88R2tY9OmTenhhx8uzj7dcsstHR3bYAQIjK6A8DO6/o5OIGuBWOB88cUXN57hE7er//DDD0M+q+fRRx9Nt99+e2F3ySWXpDfeeKOjjmeccUb68MMPG2Oee+656Z133unoMQxGgMDoCQg/o2fvyASyF2h9nk/c0h63tg+1nXTSSenLL78svvbII4+k2267bahdhvV5axhr3mnSpElp165dwxrHlwgQqLaA8FPt/pgdgdoKLFq0KD300EON+oZ7q3qEngg/fVunLnk98cQT6dZbb21cfovxDzvssPTLL780jrVhw4Z05ZVX1rYnCiOQi4Dwk0un1UmgQgKxmPn6669vzGig93b92ZS3bdtWXCqLbfz48Wnv3r0HVVkEmhUrVqT4/+at7yWpxx13XPr222+Lj2644Yb09NNPH9Tx7EyAwOgLCD+j3wMzIJCVwNq1a9P8+fMbNceZlNbgMRhI3Nm1evXq4iuzZ89O69evb9svLm/dddddKe4y+/XXX/vtf+ihh6a4zf7yyy8v/t58ae6iiy5KPT09bR/PDgQIVEtA+KlWP8yGQK0F4qGF55xzTr87u+JMTjsvI42zPrFPbJdeeml6/fXX2zKL5wktW7as8bb45p3jDNTSpUv7zefVV19NV1xxRfG1CEbfffddW/Nta3K+TIDAiAgIPyPC7CAECLS+uiLu7Prss88GfILzQGKxLufxxx8vPo51Q3F5ajhbHD8utbWeZTr88MPTtddem+65554B5xJrf/rOEC1ZsqQISDYCBLpXQPjp3t6ZOYGuEWi9i2rcuHHFOpvh3NnVWuSMGTPSli1bij9Pnz49bd68eUiHuIssAk7fs4Rih3ieUISn4bwP7N57700Revq21157LV122WVDHtcXCBCopoDwU82+mBWB2gjEQwxjbU5c8urbtm7dmqZNm3ZANcYzd957771i37iE9u677w46TpylictczduBnL2Jd4x98cUXxTDxgMWvvvrqgOZvJwIERl9A+Bn9HpgBgdoKxFOS58yZk/bv39+ocbi3tA+EMmXKlPT2228XHx955JHp/PPPL/63ffv24m/x7zjTFGErHlS4Z8+exlBxqW3jxo2NxcztwEctsQi6t7e32G3ChAmN9UtXX311cZu8jQCB7hAQfrqjT2ZJoOsE4nb2G2+8sXGpKd7SHouNh3OZabBi43LV7t272/aIu8piTu0srm49SOvLV5s/P5DF120XYQcCBDoiIPx0hNEgBAj0CcRZl8WLF/d7MenYsWOLy1OTJ08+aKjHHnusrSc6xwMRI7QM9ob4diYVNQz0pOezzz67eA5QJ+psZ06+S4BAewLCT3tevk2AwCACcakp7qhqXt9zzDHHpGeeeaajC4RXrVqV1qxZk/bt25eOOOKIP1z2iocSxlqjWbNmlXI5KuqLtUQ///xzccda36s2giaCz86dO/1OCBCosIDwU+HmmBqBbhKIyz6td14tXLiwOOtyMJeausGgufbhvJW+G2oyRwJ1FhB+6txdtREYAYG48ypuI//4448bR+vU+p4RmH7HDhFng+IZQrGmKe4MsxEgUF0B4ae6vTEzApUXWL58ebr77rv7zTPW2MQTmAWAyrfPBAlkKyD8ZNt6hRM4cIG4XTweEBjrapq3uXPnphdffPHAB7YnAQIERkBA+BkBZIcgUBeBCDvxGohYcNy8TZ06Nd1///3Fc29sBAgQqLqA8FP1DpkfgQoIROiZOXNm+uCDD/4wm/vuu694Q7qNAAEC3SIg/HRLp8yTwCgJrF+/vnhKc+sWr3iIZ+70vfF8lKbnsAQIEGhbQPhpm8wOBPISOO200/rdyTVx4sTireoH+m6uvPRUS4BAFQWEnyp2xZwIVEggQk5PT08xo1jbE3dy2QgQINDNAsJPN3fP3AmMkEA8KTm2V155ZYSO6DAECBAoT0D4Kc/WyAQIECBAgEAFBYSfCjbFlAgQIECAAIHyBISf8myNTIAAAQIECFRQQPipYFNMiQABAgQIEChPQPgpz9bIBAgQIECAQAUFhJ8KNsWUCBAgQIAAgfIEhJ/ybI1MgAABAgQIVFBA+KlgU0yJAAECBAgQKE9A+CnP1sgECBAgQIBABQWEnwo2xZQIECBAgACB8gSEn/JsjUyAAAECBAhUUED4qWBTTIkAAQIECBAoT0D4Kc/WyAQIECBAgEAFBYSfCjbFlAgQIECAAIHyBISf8myNTIAAAQIECFRQQPipYFNMiQABAgQIEChPQPgpz9bIBAgQIECAQAUFhJ8KNsWUCBAgQIAAgfIEhJ/ybI1MgAABAgQIVFBA+KlgU0yJAAECBAgQKE9A+CnP1sgECBAgQIBABQWEnwo2xZQIECBAgACB8gSEn/JsjUyAAAECBAhUUED4qWBTTIkAAQIECBAoT0D4Kc/WyAQIECBAgEAFBYSfCjbFlAgQIECAAIHyBISf8myNTIAAAQIECFRQQPipYFNMiQABAgQIEChPQPgpz9bIBAgQIECAQAUFhJ8KNsWUCBAgQIAAgfIEhJ/ybI1MgAABAgQIVFBA+KlgU0yJAAECBAgQKE9A+CnP1sgECBAgQIBABQWEnwo2xZQIECBAgACB8gSEn/JsjUyAAAECBAhUUED4qWBTTIkAAQIECBAoT0D4Kc/WyAQIECBAgEAFBYSfCjbFlAgQIECAAIHyBEoNP+t2/Cft3fe/8mZvZAIECBAgQKB2An/9y7g09x9/L62u0sJPz4f/Tf9a/e/SJm5gAgQIECBAoL4C9//z7DT19L+VUqDwUwqrQQkQIECAAIGDEejK8BMFu+x1MG23LwECBAgQyFOgay975dkuVRMgQIAAAQJVFyjtslfVCzc/AgQIECBAIE8B4SfPvquaAAECBAhkKyD8ZNt6hRMgQIAAgTwFhJ88+65qAgQIECCQrYDwk23rFU6AAAECBPIUEH7y7LuqCRAgQIBAtgLCT7atVzgBAgQIEMhTQPjJs++qJkCAAAEC2QoIP9m2XuEECBAgQCBPAeEnz76rmgABAgQIZCsg/GTbeoUTIECAAIE8BYSfPPuuagIECBAgkK2A8JNt6xVOgAABAgTyFBB+8uy7qgkQIECAQLYCwk+2rVc4AQIECBDIU0D4ybPvqiZAgAABAtkKCD/Ztl7hBAgQIEAgTwHhJ8++q5oAAQIECGQrIPxk23qFEyBAgACBPAWEnzz7rmoCBAgQIJCtgPCTbesVToAAAQIE8hQQfvLsu6oJECBAgEC2AsJPtq1XOAECBAgQyFNA+Mmz76omQIAAAQLZCgg/2bZe4QQIECBAIE8B4SfPvquaAAECBAhkKyD8ZNt6hRMgQIAAgTwFhJ88+65qAgQIECCQrYDwk23rFU6AAAECBPIUEH7y7LuqCRAgQIBAtgLCT7atVzgBAgQIEMhTQPjJs++qJkCAAAEC2QoIP9m2XuEECBAgQCBPAeEnz76rmgABAgQIZCsg/GTbeoUTIECAAIE8BYSfPPuuagIECBAgkK2A8JNt6xVOgAABAgTyFBB+8uy7qgkQIECAQLYCwk+2rVc4AQIECBDIU0D4ybPvqiZAgAABAtkKCD/Ztl7hBAgQIEAgTwHhJ8++q5oAAQIECGQr8H80wT6KojOJmgAAAABJRU5ErkJggg==','iVBORw0KGgoAAAANSUhEUgAAAj8AAACWCAYAAAAxIOk4AAASEUlEQVR4Xu3da8hV1boH8KEFFedDN+xinLyQYWKaWyiiIi2yEEOLA6XdCSqDMvFLfSi7fKgPHlQirQgqizQ4YZIoZmpCEBHdCE0pu6LE7mISBw1KD8/0vKvl8jVf37XWdK41fhM2e+/XtdYcz++ZH/7MOeYYA/bt27cvOQgQIECAAAECmQgMEH4y6bQyCRAgQIAAgUJA+HEhECBAgAABAlkJCD9ZtVuxBAgQIECAgPDjGiBAgAABAgSyEhB+smq3YgkQIECAAAHhxzVAgAABAgQIZCUg/GTVbsUSIECAAAECwo9rgAABAgQIEMhKQPjJqt2KJUCAAAECBIQf1wABAgQIECCQlYDwk1W7FUuAAAECBAgIP64BAgQIECBAICsB4SerdiuWAAECBAgQEH5cAwQIECBAgEBWAsJPVu1WLAECBAgQICD8uAYIECBAgACBrASEn6zarVgCBAgQIEBA+HENECBAgAABAlkJCD9ZtVuxBP4WWLduXRo/fnw66aSTsBAgQCArAeEnq3YrlsB+gSFDhqTvv/+++N+LFi1KM2fOREOAAIFsBISfbFqtUAL7BUaPHp02bdpU45g4cWJav349HgIECGQjIPxk02qFEkjp9ttvTy+//PIBFA888ECaP38+HgIECGQjIPxk02qF5i4wcuTItHXr1oMYJk2alNasWZM7j/oJEMhIQPjJqNlKzVPgt99+S5deeukBj7oGDx6cduzYUYAIP3leF6omkLOA8JNz99Xe9QJvvvlmuuOOO1IEoJ5jzJgx6frrr0+PPvpo8af477lz53a9hQIJECDQIyD8uBYIdKFAhJ0IPRF+6o8FCxakWbNmpccee0z46cK+K4kAgb4JCD99c/IpAh0jsGzZsnTTTTelvXv31sZ84oknFkFowoQJxd9mz56dIgjFcc8996TFixd3TH0GSoAAgWYFhJ9mBX2fQIUE4hFW3NWpP6ZOnZpeeumlAxYzjNfb33333eJj11xzTVq9enWFqjAUAgQItFdA+Gmvr18nUIpAPOa67rrraoEmTjpw4MC0ZMmS4i5Q4xGTnNeuXVv8ec6cOWnevHmljNNJCBAgUAUB4acKXTAGAk0IfPrppynu5NRPar788suLx1yH2roiHn9t3LixOOuGDRtqj8OaGIavEiBAoGMEhJ+OaZWBEjhYoLfgEwsWxsKF/3REKNq1a1fxkW+++SYNHToULwECBLIREH6yabVCu02gMfjEpOaYx3PBBRf8Y6nxvXHjxhWfiT2+vv32226jUQ8BAgT+UUD4cYEQ6ECB119/vdiqYs+ePcXo+xp84rP1k6Jvu+22YjK0gwABAjkJCD85dVutXSEQd27Gjx9fe5X9SIJPAAwaNCj9/PPPhcXy5cvTtGnTusJFEQQIEOirgPDTVymfI1ABgcZHXfFG10cffXTYR109Q49HXMOGDatVsnPnzkNOiq5AuYZAgACBtggIP21h9aMEWi/QGHyOO+64Yof2G264oc8ni4UNY4HDOIYPH562bdvW5+/6IAECBLpFQPjplk6qo6sF+ju5uREl3ur67rvvij+/+OKLxbwhBwECBHITEH5y67h6O06gVcGn/i2vmCdUvy5Qx6EYMAECBJoQEH6awPNVAu0WiDexYoPSnuNIJzfXjy/u8sRjsji85dXuzvl9AgSqLCD8VLk7xpa1QP0WFAHRTPCJuzwnn3xyzdOqzllfWoonkL2A8JP9JQCgagIRVC6++OK0ZcuW2tDGjh1bLGB4qO0qDldD/do+sfVFz6amh/uefydAgEA3Cgg/3dhVNXWsQMzLiQ1K61ddvvDCC9OaNWv6HXwiTA0ePDjt3r27cDHRuWMvDwMnQKBFAsJPiyD9DIFmBWJ+T7yGXj8ReerUqcUGpc0cM2bMSEuXLi1+Ih59/frrr838nO8SIECg4wWEn45voQK6QSA2Il24cGGtlJjfE2Go2dWX4w7SqFGjand97rzzzvTCCy90A5kaCBAg0G8B4affdL5IoDUC9W9hxS/G/J4IPofboLQvZ4/wtGLFiuKj8ehr+/btffmazxAgQKCrBYSfrm6v4qosEI+3Jk6cmGKeT88Rj7ki+PR3YnN9vTGpOX6/5/CGV5WvBmMjQKBMAeGnTG3nIvD/AhF4Yv2e+uDTyrV3IliNGzeuNnG6lb+tiQQIEOh0AeGn0zto/B0nsGrVqjRlypS0b9++2thb/QbWhAkT0saNG4vfj/lDMfenFXeTOg7bgAkQINCLgPDjsiBQokC8uTV9+vS0Z8+e4qyxOemzzz7b0j22GidPL1++vOmJ0yUSORUBAgTaLiD8tJ3YCQjsF2jcqmLgwIHprbfeSpMnT24ZUeM55s6dm2KBQwcBAgQI/C0g/LgaCJQgUL/CcpyulW909Qy/8XFaK9YIKoHGKQgQIFC6gPBTOrkT5ibQ26vszWxV0ZtfTHAeNmxYbYHE008/vdgewzyf3K429RIg0BcB4acvSj5DoB8CEUjija76FZpjX634/60MJY2vzA8YMCCtXLmypY/T+lG+rxAgQKCyAsJPZVtjYJ0s0NsaPu163bzxzpL1fDr5yjF2AgTKEBB+ylB2jqwEelvDZ9asWWnBggUtd2h8s6vVr8y3fMB+kAABAhUQEH4q0ARD6B6BmHR87bXXpr1799aKalcgicdnsQN8z9GugNU93VEJAQIE9gsIP64EAi0SaHzNPNbwWbZsWVvW2Im7S7F1Rc8O8N7salET/QwBAlkICD9ZtFmR7RZonHfTjjV8emponE80ZMiQYpuMVk6ibreX3ydAgMDRFBB+jqa+c3e8QGwbEY+e6vfoijV8Wv0qez3UqFGj0hdffFH8KbauiHO1Ygf4jm+GAggQINBHAeGnj1A+RqBRIObcxKvsPY+e4t/jja6Y2NyuuzCNj9baNZ9ItwkQINDNAsJPN3dXbW0R6G39njjR/PnzU7x91a6jcZ7PeeedlzZv3tyu0/ldAgQIdK2A8NO1rVVYOwSef/75NHPmzAPe5oo5N3FHJnZSb9fROM+n3Y/W2lWH3yVAgEAVBISfKnTBGCovcKi7PfF6eezb1a7HXD0w9ROqzfOp/OVigAQIVFxA+Kl4gwzv6Av0Nrcn3uZasWJFmjJlStsH2Lgpqnk+bSd3AgIEulxA+OnyBiuvOYHGFZTj12JNnXjM1e67PXGuxoUM27VFRnNKvk2AAIHOEhB+OqtfRluSwE8//ZSuuuqq9Nlnn9XOGI+bIvRMmzatlFHEatFxZ2nfvn3F+WJT1Hit3UGAAAECzQkIP835+XYXCrz66qvp1ltvrYWOsu/2xPlijtGZZ56Z9uzZUwhH8Io1hcq429SFLVUSAQIEDhAQflwQBOoE4m2uu++++wCTdr/C3tiAxje7BgwYkFauXJkmT56sVwQIECDQAgHhpwWIfqI7BB566KH01FNP1Yo55phjirV77rvvvlILjNWa6x+3ffLJJ1ZwLrUDTkaAQLcLCD/d3mH1HVbgzz//TLfcckuxCWnPcdFFF6VXXnkljRgx4rDfb+UHGvcI82ZXK3X9FgECBPYLCD+uhKwFvvzyyyL4fPDBBzWHG2+8sQg+xx57bKk2gk+p3E5GgEDGAsJPxs3PvfSnn346zZ49O/311181igcffDA9+eSTpdPUb1YaJ/dKe+ktcEICBDISEH4yarZS/xZoXDgw/uW5555Ld911V+lMsRFqhLCeQ/ApvQVOSIBAZgLCT2YNz73ceF08dmKvXy8n3qZasmRJuvnmm0vnaVzE8HCblcbmprt27SrmJ23ZsiWNHDkynXHGGWnbtm3phx9+SDFJO+5k/f777+nUU09Np5xyStq9e3exBUdMpHYQIECAgDk/roFMBOL18YULFxYhoP647LLL0htvvJEGDRp0VCROOOGE2lo+vd3x2bFjR4pHcR9++GH68ccfi/V/+ntE+Ik3xxwECBDIXcCdn9yvgAzqf/zxx9MTTzyR4q2u+mPu3LkHhaEyOeIOVKwYHcfgwYPT9u3bi/8dgSfuCC1fvjy98847LR1SBKB4g8xdoJay+jECBDpMQPjpsIYZbt8F4tFWzKWJR0X1R2wTEfNsjnYAuPrqq9Pbb79dDC3uPE2aNCnFlhY7d+48ZJFDhgxJQ4cOLR5nxeeihlj1ubfHXrEq9GmnnZbWrl2bfvnll9pvugPU92vIJwkQ6E4B4ac7+5p9VVdeeWVav379AQ7x6vrDDz+cHnnkkUr4xCO3995777BjOffcc9P555+f5s2bVwSf/hwR9uKRX8wXGjt27EGBsD+/6TsECBDoVAHhp1M7Z9yHFLjiiivShg0bav8ed0Bid/b4T5X2xoq1hGIPsd6O4cOHpzlz5hSbqMYjsVYcMdm7Z2PWo33XqxX1+A0CBAj0V0D46a+c71VS4N57702LFy+ujW3YsGHp448/rlToqYeLQPLMM8+kzz//vHhzK8JOBJ+zzz67kr4GRYAAgW4QEH66oYtqKAQiPGzdurWmcckll/TpsRI+AgQIEMhLQPjJq99dWW3cPZkyZUratGlTrb6ZM2emRYsWdWW9iiJAgACB5gSEn+b8fPsoCsSaN3F3Z/PmzQeMYsyYMQfsin4Uh+jUBAgQIFBBAeGngk0xpMMLxN2ecePGHbToX7zVNGvWrMP/gE8QIECAQLYCwk+2re/sws8555xibZueI17fjoUB+/sqeGdrGD0BAgQIHImA8HMkWj5bCYEZM2akpUuXFmM5/vjj0+rVq9OECRMqMTaDIECAAIHqCwg/1e+REaaU4jFXrFT82muvpffffz/98ccfhcv06dOLvzkIECBAgEBfBYSfvkr53FETiDe51q1bV9sAtGcgo0ePLtbHcRAgQIAAgSMREH6ORMtnSxcYMWJE+uqrrw46b8zxib27qrRic+k4TkiAAAEC/RIQfvrF5ktlCEyePLmYz9NznHXWWSnu9tx///0p/s1BgAABAgT6IyD89EfNd0oRqA8/sU3F119/Xcp5nYQAAQIEultA+Onu/nZ8dT13eFatWtXxtSiAAAECBKohIPxUow9GQYAAAQIECJQkIPyUBO00BAgQIECAQDUEhJ9q9MEoCBAgQIAAgZIEhJ+SoJ2GAAECBAgQqIaA8FONPhgFAQIECBAgUJKA8FMStNMQIECAAAEC1RAQfqrRB6MgQIAAAQIEShIQfkqCdhoCBAgQIECgGgLCTzX6YBQECBAgQIBASQLCT0nQTkOAAAECBAhUQ6Ct4ed/Pvgh/fq/f1SjUqMgQIAAAQIEOkLglP84Lv3XRf/ZtrG2Lfxs/OLfac6rH7dt4H6YAAECBAgQ6F6B/775X+ny805rS4HCT1tY/SgBAgQIECDQjEBHhp8o2GOvZtruuwQIECBAIE+Bjn3slWe7VE2AAAECBAhUXaBtj72qXrjxESBAgAABAnkKCD959l3VBAgQIEAgWwHhJ9vWK5wAAQIECOQpIPzk2XdVEyBAgACBbAWEn2xbr3ACBAgQIJCngPCTZ99VTYAAAQIEshUQfrJtvcIJECBAgECeAsJPnn1XNQECBAgQyFZA+Mm29QonQIAAAQJ5Cgg/efZd1QQIECBAIFsB4Sfb1iucAAECBAjkKSD85Nl3VRMgQIAAgWwFhJ9sW69wAgQIECCQp4Dwk2ffVU2AAAECBLIVEH6ybb3CCRAgQIBAngLCT559VzUBAgQIEMhWQPjJtvUKJ0CAAAECeQoIP3n2XdUECBAgQCBbAeEn29YrnAABAgQI5Ckg/OTZd1UTIECAAIFsBYSfbFuvcAIECBAgkKeA8JNn31VNgAABAgSyFRB+sm29wgkQIECAQJ4Cwk+efVc1AQIECBDIVkD4ybb1CidAgAABAnkKCD959l3VBAgQIEAgWwHhJ9vWK5wAAQIECOQpIPzk2XdVEyBAgACBbAWEn2xbr3ACBAgQIJCngPCTZ99VTYAAAQIEshUQfrJtvcIJECBAgECeAsJPnn1XNQECBAgQyFZA+Mm29QonQIAAAQJ5Cgg/efZd1QQIECBAIFsB4Sfb1iucAAECBAjkKSD85Nl3VRMgQIAAgWwFhJ9sW69wAgQIECCQp4Dwk2ffVU2AAAECBLIVEH6ybb3CCRAgQIBAngLCT559VzUBAgQIEMhWQPjJtvUKJ0CAAAECeQoIP3n2XdUECBAgQCBbgf8DAE2LmeQHdcwAAAAASUVORK5CYII=','/9j/4AAQSkZJRgABAQAAAQABAAD/2wCEAAMCAgMCAgMDAwMEAwMEBQgFBQQEBQoHBwYIDAoMDAsKCwsNDhIQDQ4RDgsLEBYQERMUFRUVDA8XGBYUGBIUFRQBAwQEBQQFCQUFCRQNCw0UFBQUFBQUFBQUFBQUFBQUFBQUFBQUFBQUFBQUFBQUFBQUFBQUFBQUFBQUFBQUFBQUFP/AABEIAV4BLAMBEQACEQEDEQH/xAGiAAABBQEBAQEBAQAAAAAAAAAAAQIDBAUGBwgJCgsQAAIBAwMCBAMFBQQEAAABfQECAwAEEQUSITFBBhNRYQcicRQygZGhCCNCscEVUtHwJDNicoIJChYXGBkaJSYnKCkqNDU2Nzg5OkNERUZHSElKU1RVVldYWVpjZGVmZ2hpanN0dXZ3eHl6g4SFhoeIiYqSk5SVlpeYmZqio6Slpqeoqaqys7S1tre4ubrCw8TFxsfIycrS09TV1tfY2drh4uPk5ebn6Onq8fLz9PX29/j5+gEAAwEBAQEBAQEBAQAAAAAAAAECAwQFBgcICQoLEQACAQIEBAMEBwUEBAABAncAAQIDEQQFITEGEkFRB2FxEyIygQgUQpGhscEJIzNS8BVictEKFiQ04SXxFxgZGiYnKCkqNTY3ODk6Q0RFRkdISUpTVFVWV1hZWmNkZWZnaGlqc3R1dnd4eXqCg4SFhoeIiYqSk5SVlpeYmZqio6Slpqeoqaqys7S1tre4ubrCw8TFxsfIycrS09TV1tfY2dri4+Tl5ufo6ery8/T19vf4+fr/2gAMAwEAAhEDEQA/AF8P/Ca3tREVgEaqe3P5DtXiw5Kas0dU04rRnd6P4ItbSRHaMSOOjNnilBy9p7sPxCNRWtc6a30O0tgvyJ6jtXcoqC945nUUS/DbQop2xj2pc6WsQ31JmwinaoLdR71hOcnJXZPI2ypPfTRKMIQK3lUjFbm8aaMi81qdCQisSevFOFVWuwcFc5+88STqx+8WA5wp/lXHLER5/MToXd0zIk8SXrOpMuHAPCgkY/pWsKji+a5fs9LXKsvia98vd+8VgeGIyDV1K8mrj9k0tSxB4juJDj5gO+RzSdRSjpuSqSNq11u4bYGD4zycVjGu4qzOtU2lozoLC7lY7TkiofK2YJu+rNy2LvtyPzq/aOOg3G5ppbeYg7cU1V1sjF3QraeMdPzNS7ye5CepBJpcZyWUY962VOKV0W35mdJpsC5OxVJ9aizewXT3J7SzhjkBXqOmKiSkiXK2xfk4Q849K9KEeVK5G5xfihco/GeMiqb13JdzwfxwAGbBBJ9687ETUnZsxUmmeTawm5unOa6abi42O2nLUxxYmY4C55rKLUDplFvVF+38NeaVTyjuIzkCsqleMd2YctS90ywPBpGfkOfpXKsVFp8rOynU094avguVssEwAaUZyleTZr7WntYafCsiHG0muyFWVtGUnBK5E/h91OChx9OtJ1pN2kV7SOxE+lSIn3cYrRSjHVEyqX0SKT6fIoORj8KPaKW6IipIpT2bsDjrVOKteKFez1M26sHYY5zSjKm3aR0xb6GXc6W3IwSaqaTVos1VZx0ZnT2EkOPlJz6CsOVoUpRlqVntZMfdPrWjeljP2cG9yq9s4PPWtI0rq9yZ03sjjfiDG8f2Dd0/eY/8drppxUbo8/ExcVG/n+h+v41CzsQxYqoAzjNZU6Sg7s86U2tzk/EPxc03R1JSQZXqcgAeldsXGKu9zndRp36HlniD9pK1sneTzw8S/wDPNwST/n+tcs3OK5pHTH3veNHw3+09p06wSy3kax7s5Zwo54weKyc19vQpuc5WSPTtF+M+iaoB/pMZLHAOc5/PFXKNNikpQ0Z0sHjHSbvZieJucYD5J/CuaVKD1uRzS3RswS6RerkSR9OQTzWkaaWr2L53Ysf2NprqDlcdOlaRoxlqkaOT5dSBvC2mSsdscfsTya4alC8vdNKdVCr4J07AKxI3fgcZp25dGbVKzaSEHgyz3cRqPQ1MaU76bGManL1Jh4ds7baABkc5NaSo3exbq8xMmkWyqDtUjr2qVFRRi5tEyvZwKTuUKo55pcim9EL2jiropXfibTrNNxnUnjaAc5q/Z/zGTqtq5zusfFbTLFSRLGcfeJPStIwpR3/UhTlLoec+I/2hbKCVgsqhBnLbvp7cVE5xvaBSpybu3ocVL+0ZBczOHugccKwUAVisVTp3udkcP7SOx2ng34rRavPEkcyS9dxBP9fr2qKeNhWnyJf19xlOh7JXPXLDVftsK/dPHUCu+UzJowvFUbNFwO3PvXWnpcmpLlR4b40gPmMNuR1Fc9SM57ERS6nk9/CzTvn16VhKEkrnVFqxseGPDv2wjIBbIzWTjGC5u4SqRT1PUNJ8BjdlQGBHAxUzlyx0NYzUjdh+HG5Swiz74rkVK958v4m7lGMdAk+HTbdqxnb6Eck1vSoycW1sKnHqZ1x8OSrY8sE9w1YRi5TtIlz5Za7mbN8OyMjy+9ac0Zt0kNSvrYyrvwAyHAjIz04qp0JUo+4zompxV0ZU/gaQA/ucH0NXCE4xvMwcpy1Zm3HgZgSGi2Z7msZYlx0krFqMEtWZr+BXw6hCSOprvpSpyVkvmEOZMyZ/BEjPtCnPfIp1Ixh8J0Sd92UbjwJlQWU+3FaRUYxvVRlJxW7M+XwTKAQYSE7nHApxrxvorEJpalObwO4IPljZ0zjkmolTlVlzPY29tJbankfx20X+yDonyFPM8/r3x5f+NdFKMY35TkxE5TtzH2tYeLL7XrOfzXaJlXO0Hg+39KdO9zyKifNzI8e8fTXE90wLvtPVQ3H5Vx1eZz0Z16NXscBd2+VPGTjGW5rvhF2uy1qtDHntQhXCY28ggciuWtz38jNScNBILm5s3DQXM6OpyMSH/IrJczaOuE4tWNix+IniXS58w37GMjlXYsQfXJJp1lbVmM5RT12Ojsfj94ss2B89hsxgJJnI+hH/ANaueNKrL3k9PkbQdFrRfmdRp/7U2vWsgMv2hz0Zs54+lLllB3ZlVSirrY6ax/a3vvNQTecqdAzLnB+nJP5VtGcuhzUrXvFG7F+13IFOWkDDkhVwxolXlDdanVJxa1JB+1/bsgLXMkbA4ImkG7P0FVF1UvaSj+KOflS1sPf9sKGIFZbjES/MZAuSD+VZxr1JpuKsdMacarKeoftfRSr/AK8gdVGNm/6AgV0QnV5dI/idzoU0tXc5vWv2rz5UreY7ArnaGBbPsB/jUS5311OOVGKV0efa3+0pqt5vMayspGQCMVtyz5UmQ2nKyOG1b4veJdRjC+bHEo4ADE8e9KWH5la4NJO5yl1rOpX67bi8d19FOP5VSoJR5Srtorxbl+47oTySrHNONCEXdoSvtc9c+Dni67tdVt45JnIBZSScEjaaxqxpJ3irfeK6ty7n3R8PvEC31nGMlsjkseajm5tLWOVqT1TOr1xfOtiR0rpjJQViJWktTxjxrbEyuQMcdK5vbODuyHBJXbPHtTQRXknUgnIBHSuujUc17yN4ao3fCGrxwXTqevy4BqHKMpcrQ3QjPc9z8I+IIJNqgA9sN61XsedaFfV+RXuehafe2cufuo5GKwlGcNOhuk4x1NAW8M/Tac9jWXs5SWg4ytsDaJFIOoPtXM6Vrkz5d2VpPDkbHCrxnrWaTi7FQqJLRFC48JJxhAeeflrRRlHZmrqdWZ0/g9XziLj6VrCq2uUuNVPczrnwKrDPlZb6Vl7Hn0kElzambc+AgWLeT1HGOKzcZU3yrRAkmndGZc+BDHlhH+GKFen71wilF2kUJvh8CpBjGD2xmtOedZWb0NOSEuhTk+H0b4AVuO2Kr6slq5E8lnZaIoz/AA+CkgKRj2reCjDVM2fKlyyPln9tjw8dB/4Q3IwZftvb08j/ABrow7u5M4K9rpI938OQ+VaSu4ZTj160UKkIPXc8uc7K5xXiuyW7vmcADI7etd/s1Ud7hGcbbHGXOjsWOBWCk46M1jfsZ0+jM64GOO1cFRSltInnSerKTaIV/gGR3rWKdrtm/PpoV5tGywNayp+1WpK953ZVm0Zw2V6VrZQjymrlCC0ZCdNkB64/CsuSNR2uRzJgLSVfX8O9a/V3BaFX00LB095QGZecVg6Vndo55RU92UrrS3AOEHtSnOUlylxSiZkthtB+XJHoKI0+Y64SjIozRFXzt56GulxktwnU6Jld4gTuIBPrT5TGzZGxb1rFpl3E2tIQMVsmkiebuWotOdhkj8KxdaLdojuraMtx6eFHzLihau8iddzZ8MSf2drFs4BwHz156GuLERSfMaU3aV7H2R8IPEoktogz7XwOtVBc2+iJlCSlzNHuizC8sxx261pKNvNGEopnnvjOx3owwM9c4rRwjOOhHs1bU8I8YWkkE7FRgDuO1cvO5y5Uzqo22ZwEutz6ddAq7dcgjtVQw1ryZ68YapJHRaB8XJIyqO7q/mKHOMcZ6/lWMpTXupnQ6Et5HpWi/GuAPsefBB6Men0rRXVnLcX1bmWrO+0b4tJKwDzAEj9auVeaWhzPCpvQ7DSviNGw5fJ+tY06jm7SRyVKCTszo7TxtBINxdW/GuhwjJmXsm9EakPimJyMEP8Aj1rNUvaaIhw6FuLUrS44+42eQTWdPCyhLuJJpk5NvL/q2B/Gt5UnF6Gt57MV7GGRQeM1zuDlLzHbuyOXSIyMEAir5XHcOZbXIJNFibHy5xwOKIpN6mqqRWxVk8Pwk5Ax9BWja2Q1UIZfC8D87CfcHpXFKhGbv1Fzx6Hw7/wUt0lNLPw52AhX/tLr7fZf8a7cHBwck/L9TCs72Z7PqHh/7PEEA24GDg813NpfEePGblpI5K98ICZsksee3FUklsw9gr3Mm98HLGOAxz6803LzDknB6GTc+FOOIzUu3RBN8z95GdN4V6kKc1n7Jt6s2TS0ZSk8NMBgqa3ekbJle69kVJvDnP3D+BqVdr3iVy3Kx8OAilyJbFpNDG8P9tpz7Cnqtbk8zvYYdCwMYyKtOMlsDly6oq3OhqQQQfpUyhEtVIyVmZc+gRjJK1hyQjqhp9DJuNDU52qfxFL2kl0ZpBQTMufRCoJbCikpyRo2tkVo9F81gApI9aj20XuUpRSNWy8OxciTcOOCMUJwm7BbqW30aNANvIqJQlB+6h+7uQPYBAcDmtIy5FeZLk5aDYrMq4bJRgeCO1c9eoq0eWIklFXueufCXxa9pf8A2eWUBgeA3GRXBSdSOhbkqi1R9a+D9dW+s0+ZSAMYFe6oxlA49b6F7xFpa3EDYHJGeO9cibh0IULvU8K8c6Rgyrg/X1FZygt0KL963Q8L8TWfkzsecZIFVKKlG7PosNbo9TlSWifk9TURdo2Pbg5SVrl+2udwyCQfY4pU6bu5NidLqblrrN1GxZLhwT7nFVUoJvn6mKpxV7nQ2fjfUowP3gJHsef1rk9lJzuznlSudJY/FPUoYgGVTjjvgj869CmqkFZPT+vIccMtzo7D4w3RPzjbjpn+lcdSc4ytYU6Mepu23xnKKGeeNPY5FVBOK5rnJOnBbI04fjg3l7o5YSnfBOc/nV1Jyjq9ilRUY3ZuWvxsRwp81WU4/wA4zThUpSer/IynSajdI3IPjBHvT50CnuT0o5KTla9zkhRcrtGvafFe3Z1zPHn0PXH0rp5KMVZsXs2tGma0PxGgcEiRCuehHSjkprdkqi5PQuQ+O7d2bBjY9R7iuOcoQlazBx5dGtT4m/4KY61HrK/DZo9vyf2lnafX7L/hXpUYpRuupnO9lc93k1m01KYsJV+bp3FdEqPtFueTKPLsRvFGGABRhnpUwoyS0Q6dRlKazVi2OR1xSdl0NvarciGnxchkB/3q56dZtmDqOY9fDsFwAGAVT+dazkxyT3ZFJ4DSRGKDd7is3sbKEmrozLrwIYxnZ+OOa2hGyvcHC+tzJufB7D+Dge1Ryzk7rRHPKpKLsZs3htkbHlk+4HStEpPQx9rOTsUp9CKsSUAqttGdUeZLUx9S0sRtkqR/WpVrkwkrmJd6dnOAAOxpytujflbd7mXc2IVe1ZuV9jdRS3Mue035G0sPTGawqpvqaxsOi05Vx8uMURhBrUTaTLC2IxkjitfZxjsDnHoV5LbALEYFaJakcxXktgy1nVoqorBzXIfsYDAnn2rlhhFTle5O+jLlnP8AY7mOZFGVYc9DiuipSVtDSMuXY+kvhb4u8yGCMuQc+vOa4IzdN7mu+trHu9vNHqFkDjGe9dak5as5nB3uec+OtFH7zC53E47iplUTVooyjHXVnzx410oRSZA53EkCnCStZo9Kg5X0Z53eWxjkbAGO1c8o21Z6sKkuZK7K8A2vx9awVZc3LE9ByatqaluwAHFd93CN2W7WuXEb0qotSMkm2Wo5c4GelKaktUzVpouJMUA5Nc3xblqMWveKd3e7i2SAK3jGDRjJUuhz9xqLRBsOygn+E4NOUIzVos5EpXtuQ/8ACUXNsx2TOGIxuZs4rmhh1CW1zVxsmmrlqL4i38EiCWUuoBzt6Edgc1jOLpT5kefKThL3Uadv8XbwLuaXG08Fa4nUnOd5k1JtK7TNm3+Ns1uAPP27hw5zj6Hmu6TbirHRCPPFSjZfmdDF8bZlVCX2sQM4YAH9awnBRScm7lOlFK7PEv2pPGzeL4/Cys+/7L9qwc5+95P/AMTXs4b4Nzy8SmraHYWXiDUbcoIb6RCOhPI/LpWsIt63Z59RHXab8RdTtoyks7T+nbFd0Kkqb01MJRilZHS2Xxf8qM+fangdSeT9K7IuE1rFfccMac3KzehuWPxb0a7nQXDvCCBwUJA+priqQpQd7fdY39j/ACM9M8ODT/EUSSWNxGwYcEHBPtWbUajtBfeZzlUpSUZI6K00K5tZQrpwOM4zXLOm4S1OxT51ZHQr4cW6jQtEu76VEb825Ki1q2ZGpeCkUOShHvW0peZHK2zktS8KNGzBVBH5GlHmve5lKm73RzGraAYdw2Y78USlZ6lKfQ5LU9NV49rIOOQcU4yT1sQ0uhy99pwUnK4GK55VGnZI6IOS3MO6sQcqAfrWTc1rY6VK+5VXTCwOc1aU5DlJdBZbIIAMVsoqC1OdJvqQmDn29KvfYUouBXltSc5HHYVrFW3KU9CvJZ4H3R+FW9dilJLcha2APalaw732IprZYevesJOxornW+AvES6bdpFuGAc89qwqKnu0dcKTnomfU3gXxAmpWMOHy5XlT604NSWxNak6TszovEGmpqFo+3hgOMd6FTtscXtFHofPvxD0Ah87OAD2qo8vwo2o1WndaHjGsWJilZRnj161wV47pM9WlVu7sxRGFbIGK4KUJKex6cZ8xah5Ar1mrqzOjWxYRzuFJRsgi7MnBPaou3obSbZfIxFnNJOzNLJxMK/mwxFZz5pPQ8iSa1RhXj7sj0q1LlRrRbTuzJuWOMit6c0zSU3uihJcHOKVRcxySnG92yIykjAOKyVFPVomUucY87AbcnFdKpKxNnayYol3Yzzg5z3rGVOP2jJ870ucr49k8z7DyTjf1/wCA11ULJNI48Q72Vz16G52HrxXYo2OKV2jSt5+Rz171qlyoxlByNBZiF9a3g1FHKoSXUhll39SeO+amav70jqgnHVHReDPHF34O1OC7hkkeBM7kI3cHqR6Vxz25omjaqaNan1/8Ivi/onjiMQTTRC7RguG6ngdeetc8akpS5ZIFRa7Ht9vpcE0QaJQUx2Nc84SctBdbFa/8PNPC4jiLjr8o5qk+Ve8PkfY4nWdBAD5Vl9QRyKftVLyMpRtsed69pgWYr0GM0QmtXI5vZu94nF6npTqCGHA744pSrprRFqDkzj9VsfLHI+8cHFRSbnudCUU9Tn5dPw59M96tysZTbWqZWaz2k5AFbRnBbFKUWirPajg4qprm2LWhVa3Ab0/CiMGtSJNkMkAbtmtboUWuxRnjOGGMVe+qKsmyjgKx45FZ813Y0slsVLx+9c9Vu2g4tMoidkIZSQy8giuCpGU1qevhad3c9y+FHjdoYbaN5SxX5ADwSR2rGlOVBau/qduIoOS5mfSOj6mmo2inO5iBkZ9a9WM+fY+aqRs72OM+IegiWMMqdQecdK55VVCYoqL2Z89eLtC8mdyoPyjqaJqMveWh1w91nn1xDg7uorGCUmepRmm0hyKm3NdG257MWrak6IBz1rOU76IaabskWI171mTK+xLK5MeFpqEpL3TWL5Vqc9eF97lsD05qryjpUt8jzpSUnZGLen5SR1zWijCRuopqxmzE7TWcocmqHKmoxdjOkznNUryWpwOj1ZCSQa3hZE2stBG5rVtAxqOPSokkyFK7scx4562X/A//AGWnSVrnBiFZo9OjLpyTk0lWb2BpbGhb3RQDI4rohVlJWaOedOW8S9FcBh8rVd2Yxg1uSCQv1qpScupbTRbtSMY701EzvY2/DmtXfhjUxfWUpiORuVTgHv8A0rOtQfLe9ivaWfvbH218DfjtYeKrWCyu7lUvDwqbCAfTn16/5FcMHFe627lODfvQ2PoOyuYjD8o3AjORWNROLLbaVmcl4gsBK7sUG05FYK9zFt3PMPEul7pSQoAxWqfK/IxV+a5wer2ZWMgjnvWsuSWiHf3jjtR09nbAXjrilCPZiile7MO404hiShP0q1CUlqYTg5bGbdafnkDp6UeycfeZkoyj1M2e0IJB6+lXGU77GntZXsZtzBtPSurmtuU5dCjO+ys5JMrVmPdSEvWqlyohOSfvFdxgE9KzcovY1jNt2MnUpvKXtXNUcktEdMISk/dMhLk7/mJIri9py/Ez6bDUmlqb3h7Xzpk6ypK67W3lR0PGP5ZrlqThLud1SLS1Ppn4a/EGDUIU23JaQ9Q3WuijHm1TZ42IocyuketXEaa9pw2gPJt4J4rrqUpW5rHgyh7J6Hj/AI58HSo8nyeoyOuawXvJxZqqjseG6/oRtWk2gnDYPpTgo01o2d9CavdnNmMxHFdWk46Hu0pcyJoiQOtcji4s2vYuxA+WOKG0Q3dla6mKKeSK2i2loTNtHPX1wSze1YzhPeRlCNtWY893uOCBxUU6suiOvk0uUJbxeQRkmu2KVTR7nDKu7WIWkjfOaTpyi7IxlWurFcgZ4ORW8VZakxmrDODxQZ+0UtBmzBxnNaRsxcr6HMeNwQLLP+3/AOy1SVmzkxMHG1zpoPGMowHj3D1rKVOO5mq+lmjVtvFtrIQHGz8aqzgrRQKpF6SNew160ds+arKawhXqU37+w2otXRsW88M/KOG9ga2jUg3oxeyclcvxOuNwYY6ZrphOL2OeVPoWo5h6jFb8z2Zio2ZteGfEd74W1KG9tXPlqx3qDjg4zXlYmm5veyOqnF390+/vgl8S4/F+hRlnUyKi5wc5Pf8AnWHK0vd1RE04PU7/AFTbdJuA7fnWK8yUr7HBeIrTEmcDbiqXvu1wklsec6zbiSWQbeAcYPOaUlZ6Mzasc3dabt6g/hXVCcG7EpdzGvLBsnC9OtPnSlaw24xWpjXenCNSf5V0xlzPVHDVlF6owLyDYeOfWi9mStdTEuWVwcVM5aaGbi27pmJqEeN1EbtHTTutzNaLjdWyt1NHqZl9chAwHaok1uUkzktRvWlmPoK8urKcn5H0eFo+7crLL71hNXV0etH3SxBKFOc8d6mFPS7NFqdj4G8Ttot8jxlym7cQCMD/ADmnDEST5acTCrfls2fWfww8Vx6pZ4aTfgA9fu5zXXSqNv3zwMQuZHW67pKapbFlAY4rWVua6Z5KbUrHhHjjwr5RkymF56DvUcim7XOxTcGjx7VtMeCVsA884PUV0Kmo6pHsUK6tqZSfK3NY1JKWh6UZqRc83bHn2rPkaV0Ofu6mTqNz8mRWUJ8rvYyd3qmc7cXW4PkH8a1liFVVkjNJ3MmckAmppp3N3puZzk7u9d1up5bl7w0vxg1m4yB6oj3475oaaORpIj3k+orWDezISs9ByyE1bRrGTic14zYt9jz23/8AstKPUzrzc7XJa0sc4u6gzkhQxHTilYSRPb6hPb42SuuD2NRyJ7jTtsa1n4quYHyWMgJztY0ciWxtGoupv2njNRjJK+w7Vk5zgnqRJKT5kdJpfjCOUjeVC9/esPbOW5cJ30PbvgV8Vh4X8QW8QciGUYDZOCCcY9utctTmhLmSO3k54H3np+tR6tYQzxuGV1ByKbascfwuzMDxHkbsHPGTmsHJxdokODnqjiZ7AO7SKp+bk81pG7XvGUnboZ11pqsSxGD6V10uVPU4nUltYxL+xGCQBnHUV0PlfQl1ejRzWoWm1Tjg+lXB2WpdTWHunG6sp+fAxzTa5tUzliuXc4q+uGt5COo+tZSavZGi12KMt2kyEZ+b0rRStozeEZbszLiUqp5rXSxaTuc1qt0IiQ3JNYznyPY9TC0HUZzc5DMSK45ts+sp0lGNiuSR/hWCvszWNJWuKJ2HA6Uc0UDpJFiG4AcEkg+oqGk17px1oSaPYPg548l0e5eBrgCJsDJ/h5pOUaC2vc8WcXLRo+sfC3iCPUrWIlgSy5+tdsaanFSiebVhyu5T8XeGk1GCRwAMjJFKVOMLS6nGqjvax4B4z8MeVK5CcjIHFaJ3W53U1qmeZXVo9tKySLgg9fWuWVoy1Z61KrFMqzXCKpBbkdq64yi47noSqxcTBv7nnB6V5rqcsuVlRimjJuGVg2K6YxhbQSdnYzpSdpFbQfQ2nGyKTqw6itrtPU8ypRe5Ayn/ACaptPc520RbSAfehNGTaHICeCeKp2Y4yvoKEX6e9PmsYybOZ8ZgD7Hg5+//AOy0466nPPWxNWhkJQAtJkphg0xNWDkUFWHIzKcg4pNJ7mkVctQ3jKeSc+xqOWKG1Y6DRvGEulXVvIV3qnOXJIU+uKirFyg1F2NYVJLRH6S/s1/EBPFXhWBDICyouOeoxxx2ryIwim1cUk73PUb+M3cjEDPHPpVcrvoPWxXl04LFkr29K05XFXZyNJO5jXmnEZ7elKLi0ZVPfVmc1qdj5ZJNawetzBUkkchrC7MgYOTwa9BSi0c/Km7nn2vOsRYe/NENjV2ZwGpjLt69aiUUnzCSUdjIZtpznFSzrg+ZWKd7OqR7mZV455rS6R2UaPMzl9QuIH3M0y/XNczhKcrs9+hakrMx5ru2AOJFJrCrG60O/wCswS1ZUe/tBn96MjrXLGlV7fkJY2nbcrvqdrziTJrq9hJK4lj6T6/n/kRnV7cfxH601Rl0JljqK3f5/wCRasPEcFlMsvm4CkFlzjIrnq0p2MPrNKXwn0f8HPi5aTulsswMeBnnJX0/WsqNSpCXImeZiIKWqep9NaPqsGq2e0SBi3qK9OVNz+I8GdO0tTk/G/hPzw8ixgjH0zXN7NQ0sXCo72R8++MfD0llcBvL/dYPzCp5GpLlZ3U6kk9Ty/V3a3kkXafrRUbvytHoU5KWpzFxqIaQgnGKIU+x6EXGOqZWa73egP1q3F9CJVkV3lOeuc1UFrqZOrNkbybgK6pOL1Q3NtET4xmrjG6M1FN3RHsyfUVahYidK+owrg8fpSklEw9myQREisG1e5uoLltc5nxumwWXvv8A/Za6ISUtEefXio2sSNEy8Ec1ocdxNh9KGy9wxgUk7iSAZphZ9RwoABQWnYdwKQXuSxDeCvqKJK6sTJvZH1N+x34uurLWIrIOSgkWHaOeMda+clGpGq0np/wTqjCc4e8fobo2iSy2glcDJOeBxW/M46MyaaVkTXelbU5B+tVdGb21OW1G227gM4Bxg1rJLdHPJLc5HWBw49e/pV0jFo858SS7EbBxznirk29kZwjzao8q1y5Ms74PGa6GnbVlRTkrSObvFzyTXO3JOxSotK5jX7eWjsoyQOBW0r8l0tTekraHkviSTUru7dY5nRMgYB5rnp1pz0mejCEkuZGQ2lX7riR2x6M9dPOo7kTnJ6NjRodywAyPpmodaO5NpWsWD4WuQgfAAPpzWDxN3YSg97DP+EccjBfn3FbKs1uhyp3VxD4bkiGRJn2yKHXtsZxhPqiudHYcYzU/WIS0ZSiXfD8l7oOqxTWrsFLrvQcZwc4/SuerCM/ehudEITW+x9gfBn4mjUrOKOberlsEN2IPrWlOrKKtURlUveyPoW1mg1yy8t/nLY4P866bueqOBRtPU858f+EFh35jLI3QhelZcqbuUklK58x+N/DU1pcz7YztySKpQclsddOfLI8W1iJ7W9lU5Ug5wQRSox7lSqqo7IzP7RdG9a6XDsRzWJl1TdwTiodPuUqltmTrdpIvDcmlGPLqzdVm1ZslV029a6EzohUUVuDYIGKTYSqqWg5D7ZrC3M7IXtIxRKpzWbhZ6jjUvscz8QCpFht/6aZ/8drogrN2ObE9D2I+CbRGHmW6g+6ivbcIt3aPnalRNaFhPAumTJh7KPHYgYP6VpLDU5a2Of2s27JnE+ItM8M2atHHdMLgMc+Q2/8AD0rldOin734WOmmsRGVn+pyU8UKsfJZnTsXGDXLPkv7n4nppvqQ7M+1ZWLSG7TmkVZEioWPSp2J5lEnUbATjkD86Tkkm2K/MfWn7EfhH7TqCXktvu3SrJjglu4PPt/I187N89d2f9XN25Rh7rZ+lmjBGgSPaABjjFaNNvVmalZGxe6XA1i52jIGelb8qsQ5M8o8QxqkrBQOuKaZzVHdHmniW7WLec4xnoa6KerMk7uzPIPFusAeYFySfQ4rWo3DYUm6fQ8+lfzclhyeTSjOTWqNbrcxtauk0+3aRscDvVyqcquzRyutDxfxN49v766e3sNojB5dc/pWVOU5vRFppatnNSXWpklpPNY45bBrrVKot4P7i/bX2YyHV7qGUGXc8fUjPIqJRUtDWNSxuW+uWDKCJSG7hhitHTgkdEZxjG5oJ4qt7eIBmR0HbOc15ssM5vU1ji0lYrXXjPT2AxakH1Uda0jheibG8VFdCm3iWwnDEBoj6Gq9nbQUakJa7FV9bh/hcGpWHTehrOpTa0ZEms7X3YBNaugrHA6ii9Df8NfEa58OXYmG4xE5Ow9PfrXFUwzWqNFWTR9d/Bz4v2+t2tuGlYMVwd7Ak/rVU5Ra5epz1dro91Se21+0VXUPuB5rOfNF6HlTctmeOfETwKge4xECCT2rSNOUtW7HbQjFK/MfNnjfwXlrgCEZ27QduNp9a6Y3i9Hc74xi9zyDVtAmspmD4IHcda0p1b6M5507bMyJLVkrr3IcbDBuX1FSJDxdSDHNMTuieK/ZevSoaKi7bluLUAR/jTSLlMlF6fY/Sp5EaRnpZHOeM5vO+x+2//wBlqkrE1Hex9FXHwU+MPhWJZLaOPV4IW+SMSJKSvqQ3b2zX0jwtSk7xTfrqfKxxeFrP3nb7jB1Xxb4p8OtJb+JPClxYnlTMkTRIM+hwQRj0JoisS/ihp6M0UYSleE19552ujRsDJ9oRmfLDGAR7e1ePVjyv30z24Sjb4k/mJ/YbMeuR2OM5rlfMlflf3Gzs+pbh8IySx+YSwT2FRCU5/YkvVE81O9udfeS2/hTzWYBJ8gZzJEyg/TIrOrKcdov7hupS6ST+ZMPDIUqphlGf9k1yxqVesX9zLg4TLcemwW6MBbDdjAyOa2tKpFpo6YUb7H17+x74ishex2wjELghAMAHPGOn4jNcMKUaU2pR19DStTlFLVH3DY3Xlqr+vPB60TVnc4bFq91uQwlQcgjpQ/dRSPO/Ec+xG55HOacYNvQ5JKzPHPHM7LFKUPfqT0rpkpct1oOEE3qeLapM91OxYnjIpU9d9RThd7nP6jfx6dGWdlHPQmtouz1VkNRueKfEPxjPrNzJZ2z5ULtJVuByD+fFOSU9eh7GGwE6seZL+vuOPtXlsjiKEzOfzrelVVLVI0lk9eb0i/uf+RdmXUpQM7ol/ugVNXMXL3b2X9eZ1QyKqlt+f+RSfTZnyetYKvT7m/8AY1RLb+vuK7aXKSeCT9Kv2yfUweVVO39fcQtpkwP3P0odWK6o5v7Nr/y/g/8AIY1hMB9w5q41ItbmbwFaKu4v7n/kQPbSL1Wr0ZzvDVI7xIzG6n5gRQrGLjKO6DBzT0ZDiw3EAjnBosCTOm8EeN7vwhqkUyyubcNuKg9D0/oPyry61FqXNFGsfedmfc/wi+KNrr9nblZ1DlVK85yMev4UKtF2jJak1KCa0PY77TIde07zPlYlRggVpJac3Q89JwdkeC/EDwOQ8x8sL1I2mopt33SR1JvufOHjfw39lab5SGXv61FSSUkonWpQseV3yPBMQwwfX1r04yTRk1dXKbMpHIzWhiiIoD0oKVnuJ5WKCml0GcqaCGhVldehNLYLGX4imMwts9t39KEGvU/XPSYm+XB2/Sv0R817n5PUdndHW2mk2mqIY7q2huk6ETIGBH41opN9DF1qv2ZW+bMHW/2ZPhv4xiC6j4XtUJyBJbjy3H/fOK5amGp1N0dVHMa9P4Xf1v8A5nlfiX/gnD4VvHlm8PeItT0Z+qx7hIg9OvP61isHT7HfRzqunaqtPK/6s8/1X9k74x/DVVn8P6xp/iuwiG4W10u13HT+LnjP94VxVsDKC5oP+vuO6njcPiZLVx+aX6nnet+KvEvheaYeMfAOo2KoxDT2ibo/1GP1rmUox92pD52PbhhqU0nSq/8Ak3+RlR+PPCWrlkiufImxnZcIY8e2TwfwrjrSw6T/AOAehRo1E7J3InS0uSrQNFIPWNg1eXzxk/dPoKEZwdpHcfCrW5vCurxSwO0aGUNhTjkmuCqvf0PfhhFiYaLU+6fh94+g1/SYmdx5ifKcGsKurW1zxcTl1em/di/uf+R1Ut+sgOCCKUbX988lxnT0kjjPEl0NrAnr3rqtGCujOS5lc8Z8a3IfeoYH1FT7Tn92xMITvd7Hjuv6vb6XDK7Oocc/NxW9OUIbpfMvkcnoeEa34lufFN3cpbuPsyucyE9TntXHWqSlufYZVlKxHvtf1p5GIdHW2iCIoLE4GB3NUqnupI+plSjhlyxj+B6H4W8D22maYJpx5txN83I6Vu2ow8zow89L2LVxpcIyBEo+grypLnvdHpxpqXvI5bVtIWCVnVcKT1rnjSm5WFKMU7NGYbJGORW0oyfuxY+SCXwr7hRaqoI2j8qHCpBWYOjTl0GPYRuPu1KlNErC03urkf8AY0TA5A/Kt+ecNWzmqYGi9or8P8ihd+H4xwgJ+tH1l7I8uvldDlvb8v8AIyZ9DckkLj8K641tD5+plblK8Urf15FKTSpI+q1tGtGXU4K2X1IfZ/D/AIBAbcKCrdDWykpI8yphnE7X4Z/EG68GazAjzE2rHGWOcf5H868nEYZylzwOdwcVY/QH4aeN01bSLR1nVxJGpKE+oFdFKU6keR9DgnSd7nVeKfDkGs2juoBY+lQocsrMFtZnzh8R/AoXzCIuOeKynTtK6NoKKR82eNfChhy6oeGwOO1dHtOS1joaurI88uY2hYgggjiu+M1LY52ivuI71oJoXzD3qVe4hRLg9KoLoHYGkIx9eAHkY/2v6UloM/XzSfmA7E1+lJaH5XKnd2O10YH5eflNa6JaHm1INPQ6/TEDKMjpXM/IulC5sqq8cYP0rRPudEaaWjI7mIGM4NJvmVjeEUtLHL63pUN7CwuIknGMYdc1w1IRtselQi4aqT+8+b/jF8BvCmuRNctolnHcY/1qx4Yn6jH615GIwkJRvY+7yupzSjd/1oeAWvwEtQoNpdT2UsfBjQj+Z6/pXzkqXs23E/W8BllLGcre+n6eR03hn9n3xheTRHTNVtLnnGLjduHtxkGvNnGc5WT18j76hw/Qw0FVqSsv+G/un0L4M+DPxV8Kad9oGhprKZDAWhKHp7n0/pU/Uq1+aN7+bHOtkKfsqtSN/l+qK2ufHlPAUYi8UeHtX0iYE7jLGfLA9cntXJUc6c7VD5jMsjwko+1oRvHukn27I5bUf2oPCuoWwmt3a4U8AKy5z6YJrrjWW0os/Nq9PC0nyyTX3HjvxD/ah0swPBZLlxz8hBb6VrKag700efOrTUeWKPnDxj8Qr/xS0o/eRwMc4fqR71XK5+9M8+N1seneAPAoHw+tb7ygXuFMjMByAen6f5NccLuT5lof0tk+TxhlsasFq1/7an2MyfSWjuYgUyTIBn8a6LpNKJ81jcLOM3dP+rnp81kYbdRtACqAAK0qao46cOXQxLmL1Fcmx6NOEkYupWgmQjGRWMpuGqNJROYmtWgYj+XasHeK57kc7ktiJF5Pc+9ONSpPdnPJyYeWeRW85WRrGUoqyEwQMd65eZy3HytslS0MhGM89a1lTi/hZz1drWLEulqycqKqMJw32OKGj1KU2lx4IMYPvijnS2LmlLocxq2jCEs65x2FdUKqS3PDxOFjJOSWpz9xAGUgj6GvRg+aJ8hXpuLaaPbfgP8AGCbRbqDSbtiAm1U3Nxt78+1efOEqVRyvoee4Pe6PuXwh4oh1e0j2y7gy9G61rGMaiunqc1rlLxv4WjvrMyxoMkHPsaJxtEmybPmX4ieDFPmFIzjkECuV1L6NGjm46RPnXxh4fk06Ziqkp0JI7+tdVOcFJJM2lqrnGuhRiD1Fegnc5mNpiCgAoAytd/5Yf8C/pQB+vOkMCUxnjv7V+lwldaH5bzNndaSn3PpSfvHJJOTOv00bTnpWUYNstRcUaynGCOlatdDWPmI4ypqbmieqMjURhTWEld6HfDU888a2guLKRenGRXHXSUWmfU5ZK1RL+uh4RaRqmsXMRweTkYr5CtNptWP6AyBzfI7dv0PYvhRHFBfwkgbywJwM88Zrz8Mouq31P0rMlJ4Ren6H3B4F8ufw/D8qtgDqPYV61X3WrM/mzNeaGJep5x+05HoOmfC3xJeanp1tcQRafOzLJGuCAmcdKznGMqTc1c+g4bnXqYmMFJ26rpY/n8bY7yOEAUn5cHpXEoxa2R85mjcsRL+uiGhvLOQBQorseRcka43Iwxk4q2rrYtK7PvP4P+EftvwF0WWQZ326vgjoMAf0rydasJN6WP6+ySao4ejQntKMf/SUcHr/AISWG/wpyFYNjGO9c9OfLJGWd5fFJyj+nmW7uI/Zx9MV6c2pRvY/LpxUKlrnOXScMPSuLm6HbGTM2RAQRjPHehqMlZm2+5k3unB/r9K5pRUFZlez0MiazKEgLislb7LMHFEHkOCODSlpuyLpFyDS3nXkY962hTTjdspyile5oLaLAgAAzXTBKKucVRpLUhdwoOaynVZyXuRRbXfOBUwalF6FNNLQr3OmLfB0I256NjpXEnP2lnsce7szgNe0trG4ZGHQ8Gvfo1FGyueJjqMWrpW/pmEzNHKssTbJU5BrslFTWqPjqsXFux9IfAz48pG8VlfxuJhgFvNJBGTyM/49a8xy9m9NDnjaa1Z9keGPE1pr1gmAGRwAVfmt2/aQ5kYTtH4Wc1468CRXdrLLGo2nJCgfp61laNtSoy5nY+ZfiN8PNiXBwV4IPy9K55KPOr6HQqiWjR87+IvDkmnXEh5K54Pp7V6UZ8o5R0uc8yletdMfe2OZiVVhBSFcytd/5Yf8C/pQM/XfQmyyg9a/QU2ldH5bOy2O80cYI9Ku9zjc2zsdNPTuK1WmtwhJyVmaincKRql0Q4HIqeUpaMzNQhDE4qJJnZTlJvQ4vxLZq8DBhkjNY1Ka5byPpMvqWqK/9bHgOu232DxQjYwJM596+RxaSk7H77w7VTjHXt+h6P4CulgvI3yQcg149NzhUdkfrtROrhLf1sfW/wANvGsEGk+VI3cHP4fSvXVqqs9z8QzrLJyrc0V/Vz57/wCCifxRTSfgLrUUEgWW/ZLNAc/MHOD+gNRiVy01BdT08kwssFSqYh7paeraX5H405IQHuea8/l1PzjEzlUqOUmMLmtNjhQ5R2HORTTNk7an6N/s2eIoNa+ANhb7v3lpCkJx1GP8j8651TbhM/qbKm6tHDVY7cqX3Jf5nM+LkXezAA91IHWvC5pXd2fXZuo+ws97f5mLcxB9HibAyEr1oNqlef8AWh+G4hcuIfr+pxV7MqOV6150qkU9D1aS91MzXmDPx3rVO6ubxab1E8iSVThSRXDO7ep0XTK01iyj5kwPpUxpxjqyk+wxIUi4Kgn3FdEZaWOad0WVVAKU7tGUYpvVFO8kC9sYrJTcDnrxsZMkvmn05qXUs7s86SSFhjcPwMiu6Npx0IlNWNG2h3PjFY1YabnA05PQ57xrpQaDzdvOOTV0tNjGpH3XFnl90u12Hoa9uErxTPiMVC0nYhtriSwuormAlZY23cHFZVkpRPJi5Jn1d8AfjTFehba4meGeLbuV/uk+x/D+VctJcm0S23NXR9b6FqsOt6eoJDh1GauVOM9mcslKHvI4T4i+CBLbXDxrvBU7T68V50qSjK73KhiHNOL3Plbx/wCBWjWUNHx7cV1KE5K7RtCVn7yPDda0V7CeRQCQPWuynUUbRtYuUXLVGMy46V23uc+2jG0gdjK13/lh/wAC/pQB+uuiHay56mv0WCUI6n5jOnrod5ozHJAHHWtEk2cvMvhO00wDaD7UHNJpaI1VXnnp7UNlLyFxg0jZMr3S5HIpOK3OuluclrcIZGzyelY1JWWh9BhaiUkjwj4jWH2a4iuhnCEg/jXzuLpKS5mtT9h4druLSv8A1oWPDWo+UsbK/wAwHQd6+ZklCd0j9/y2p7al7OX9bHqmgeMXggUb9pJrrjiFs0cWLy5Sk3Y+SP8AgoX8STq2m6D4eSbcDIbqRQf7uVGf++qU588vePjs/wD+E/B+zj9rf5cp8RN+VZo/EJPqNpmaY5Dg0i7tH09+yt48fTdF1HSpHBjByqg159X909Op/TfBWMhXwUaNTpr+EV2PSNe1lLhmYACNRwAc1w8ik7o+/wAwrc0HGP8AW5nJqUUuhyvyNvBBPSvSU06T0/qx+N42nfE+r/VnBNObhi5GN3NeM0r3PShTUYkRQbuK3hew4x11N/QZbFEZJpFD8Ebq57807SZ5WJpVb3iXJ9Ps7okJOD7VzOnUnLSWnoRTq1ae5Wfwb9pk/dzBcDo3FddKhVlo5afIf1hyepkXfh250xgZWDKWIGOprN4apTd5PQ6o1Y20MfUoDgED1qqkUmmiZvm1ZnQ2LSnrRJp2UkeXXlfYvpZiBBnrWsE0vdOSN5Imsl3TH+VNzT0ZoovoM8Q2az2LBhzilF2ZyVm4bo8S1SIx3MoPZjXq0muRHyONS9o2ZUhwxro0PnJLUs6Vqt1ol4l3ZymKRTn5TjNRON1ZExlys+zfgH8bY9Xt4YnuAsigBxIeQQAAP0rjpxnF2uVUXOro+nLe5h12xVdysJVwOM13Sp8i5upwcyvdrY8c+I3gYHzTs45ycdq5q0242O6nUjJHzJ478FGKVyIzs7MOledGPLJOLNliJwi4rY8a1fS3s5XBB3KcEYr14Vo/DfU423LUya6RXRla7/yw/wCBf0oGfrjoUiyMo/iA9a/QFO/uvQ/MK3Mj0DRCBj3roSsee4tas7XTRhAKe5jJ2NUZ28elI6oXauxV+YUClpqhsuSD6UnsaU5HNazbjDe+ahRd9T16E23c8d+IWnedbTIxGD3PY9q8jGq2kXb+mfpvD2KcJx/rseZ6Vqr2yLvYbgccV8fiIPVvU/oTKsXflv5fodCPFnkQg5wcdq8/28qaskfoEZ05Q5pHxV+054kbxJ8SWJk3rBFs68A7iT+mK1pRlJ3asfgfGOLdatyrb/gRPJDya67WPy5jT1pkig9qbHY7T4Y6nJpevAxHAcDPNcGKpuSuj9G4Yxnsqih/X2T2m48Rl02+Zn2xXNByirS0P2L67CUbP+vwJbPVll0a9jLgbnAOT7Vu3F0nZ/1Y+ZxMoutzRX9XM5CFUDuBXm6WOxPmSJRzzUxlYvlDZhskc0Oz1sbqnYsW1w8UgYHODmolUexz1oc2iNEaxOJNyuR7Cs4Skn7rOZYWKVxtzeS3YXe24DnmqdaT+JkKlFMyb+HKgHrWy95XIxCvGyMoAo3pRJPl2PGlHoTSSllFKm5LYiMLC2RxNycZrR07u5M6iWhp38Ya2yRnvW1KXI7I5J3m7M8N8T2jW+qXAIwpYn6c16FOTkz5rMqbi72/rQ5ufhq6OXqfJ1CINzVWMOaxseGfEt34U1P7ZaHnbhlzgH0z+NYzg3sy4zPt74GfGe38Q21tG0qqwwpUnofSuaOJaly3uRUp8ydj3rUrKHWtPyQGJXg1rN3V5I5KalCep4L4+8ElWkAQA5PHcf8A1q5otHeqrbsfOfjvwZ5TSkIVYEhW9aa5VLVWL/idTyDUbBrWQqV2kHBWvQjOL0Rk6Zzmu/8ALD/gX9K0M7WP1q8OuTtLdT0x6V957RSaR+a1ZW0R6JonG0CuvW+x56k27tHc6dnaOOtU4nNN3ZpGQAYoLTkh4yeuMUFKfNoLs3EgcVJrFKJj6takocjp0o+Z6dCaWtzyP4hva2NlLLdzJbwkkbpG2jOPU1xV4pxd0fY5VieWorf1sfOeqa9YRXEhhvYpEJJBEgxXxeIThJn7hlWYx5FeWv8Awxj6h4uja3cJcq3yn7rg9q8uUPaavU+6pZpH2bvJXPk/xtqf9r+KtSuucNJtAb2AH9K6YKy2PxPO8X9YrP8ArojA+9Wp8xsKKBJXEIxSuPY1tElFtdRyZ2kkYOayqK8dT3cnreyrq7t/w6PQItW8xRmTP4148qcWz9dhioqmru5t6Nfb8pkbWOcetdEbRptMFL2judAi78YNeVOVm7HpQg7XNNLBvs4Yqc/Soc58t5KyNYy12LK6cwQMyY781jGd3uauV0IYlA6Ctk9RW0HQQpJKisVRWOMntW1ueVloYzk7e6XtS0aWwK/L5ikAh05FZV6E4uyV/M56UoSdnuYt9G237pHHSnC6Vma1I8sWYc4Kv0rr548trngTtcjLZHvWF5LYxafQktmKup710LVXZwS+LU3Zds1sOnSp1TujGyTPH/iBaNBqb9SjgMK6qE5OXkedjYKUdzhrpcjivUu2z4qsknoVK0OJjw3GD0oJ1Ok8CeMbrwfrlpcxSstusqs4BHTof0JrysThub347mntLKzPvr4T/Fmy8SabGy3kbH5VH7wMST+NOhKUYcrWpThzq8Wek6xpFt4i015IwskuOxGTVP2r6aGKlKL5WjwP4h/D2WMSZiLqRnJWsOXklznSlFHzp418GSoW2wHdnPIrSNTk95lP3loeJeL7KSymgWRSpO44Ix6V6FOpGorxZzyVmfpdoXx2+E6pE3/CcwQoRjbNE24H6da+xp4qjKyTs/kfmlbA4y+kfwf+R6doXxr+FH7sr8RNLYOBgyNs/DnFejLFU6bs2cU8FjErqH4P/I9H0j4m/D65UeT460CQYz/x+oP5mtpVYWvFr71/mZfU8S94P7n/AJHRQeIfDF2w8jxbocxPQJfx5P61gsSm7XX9fMmeHxEfsv7maMX2S4GbfVdPufaG5Un8s1tGrzO1jlvKm7SRMmnOeA8ZPtIP8atysdHtorRlbU9MlWMkqOn94Ypr39jeFVHm/ijwjHrw2zWa3BQlk3R7sHGOPzqXdKzR62GxXspI+ePiT8LobW4nne0WAoDuBXbXgYrD6ObifpeV5lF8qb/rTzPmrxJcw6al6quo25Udu3vXzPK+Z8qP0P65BUU4s8AuZ/tFxLIeruWoVz8+xFTnqNkQX3pnPuS7flpGlkMqbNE2Ragcqy47VTV1Y3w9T2dRSSOos3LxqfbpXl1I8rP0fD4lVacbo39EuTHcqP0rK3tEezQq2seiaQFklViMiuOrDl1R9NTfuXOys7VZ2QYyo5NYSftI8rObn96zZY1WFIwpXHIxWUIpaDheT0OelGGrdxsdl7KxGQG4NarRBFI2dN1B5IRbTv5i4wpY9KUaso6N39TllT5XzJEWrab5YLDDqRkYpy913exKn7WLTONvIcPmoTi5Hi1VyyaKjLiu1xTWhjfoOTgj1rNKS0ZlKMWbNtJm3xxTkvd1OFpXsef/ABCtN7CTjnjpRQvF8zPPqwd2jzC5BXIr2ISvqfG4iHK7MosOelbnnMQmgl6io3apeqIsdd8P/iBe+BdVhlikJtd4Zlz0+lcMqUk7o6YOKVj7t+Dvxgs/EVhbkzrmReCW7jrVQqcr5WVKneN0eq6vpFvr1qpQqrleDjg1rKlF6o4OfkfKzwPx/wDD8xvLlMYyMbetcco8zs0zeMpNHxz+0DoP9iX+lfLt8wTDPrjZ/jXTh6ahzWBqyRyphPXafwru5uxlLVjTH0+Ug+lN1JPdmdl1AIvv+FJ1pL7T+8rki+hPFuXiOSRPo1DqVE7xbM5Uqb3ivuNnQ/GfiDwpfpc6fql1FIo42yN0x06110sbWpO97/f/AJnDWwFCqtYL7l/ker6H8f7/AMSWQ0/W9Yv7a4C4juI7hkKt65zj8CK9unmKxEeSej77fqeJUyyNOekU16f8Af4k8b+PbKzN5pfjvV5IkBO03RbI7c5qcRLEwhzQm7erOqGFw8bXgvuRxsX7Q3xRtJDs8b6sjjg5nP8AhXlrMcQtG/z/AMz1I4TDyWkF9yI9Y/aF+JGvRGPUPF9/dIRtO8rkj64rKeMrVI8rf5m8cLTptShc4u78RalfRslxfSzhuu85J/GvO5ZJ7s9VYmoo8qZmkcVoc++pJGmOTUPU1gh7nijVGsiLNWYNotwp8u41r9kSnaWht6ZdBYAPSvLrNN2sfbZfPmpq7/rQu296YZlYMRz2rmTa2PoqNWMZJXPVdAuC9pHIPmz3rinJt2kfW0Xz01ys9C0ebNuH74rOXIvhJcGndhfvuI9RWMnyq6OiC5TEufvGpdW8TS7uVd3zf4UUp3eptG48MQ39a7JqLKnqjf0ub+0IjFIMsOAM9aiMOZWbPKlBw1TMTxTos2lSI0kLJG54Y1TptWSsccoKo7o5mWHBzXRyyikmclSDiRkZ6UOVtzhndM0rM4jCn0qG4yW5zWbd2cz46iD2WO4PWtI2SSJlGLPI75QsjV7FOKSPjsZTXPoZj961PDnoM+tIxuFFhDg3PPSmUtDsvhx8Rb7wFq8UtvM4tvMVmQc457fz/CuKtTs+dGkaj+E+8/hJ8XLfxHp9szyDGApLtkk9ufWpo4vmfK0YTpt6npWvaPb69aOVAMo5UiuuSb1sZKbi+U+Bv24/D50O/wDCbbdon+2Ee+PJ/wAazpRcW2zocrpHi6tLBgY/SvQVKUdZI5XNPqX7UXOpyskNv5hXGTjNFnN+7H8DmnVhDeRJcaLdJgNbYPoB/wDWrP2Ur2auZxxUe4620nypF82NgT6qcV0ug0r2NJ11a9zQutGVU3pExJHQKa2jS5vs/gccMVfdmfPpRRDI1s/y9ylTKk4e8ov7jrjWpz0uirba5c2aPCsrtAx+7u4FZLG1F7r1RToRlqVb+ZZ38xeCevvXJOV3ex004qCsUic1KZvoxpFMBQm49amTaWg0T/dHFZrc6krIjetkTIaoJPFBzSLEknloFFXKokrIhJNluwlAU5rz6sW3c+gwVf2asyxJcEkAdzQoJo7ZY60lb+vxPV/DV75WimUfOIxkgda8WvD3mr2P0jKq7q0U1r/wyPZ7bwnreh+E9A1TUNMubW01RN8UsuzacrkYwc4OD1A6V51Kac3TbPTlXhN8ieqMi/ykzZ49q3krgpS6GVNy1Hsk9TqRXIwcdK0aUVobqTQqtg+tTdkttk8F5JbNujO1gciqV2c86fMjr9f1+HXvDX2R4180KpVx14/x6fjWik3o+h5zp8kup5lep5bHjjNdPtlbU4K9S75SmhG+pvGocdrO7LcRIas/Z8srmVRX2Of8YybodnXiu2MYyMHotTyjUU2ymu+EktLnyeLTU7mS45NdR89U1ZFQYBQMKAHK2OD0NRJXQjtfhz8R7zwTqCbZX+zMwYruPXIx7Ade1efOk4e+uh0U520Z94/Cj4xWfinToJ0kV2ZjlemF7VpQxMaz5XoyalKMnc8D/wCCkfkSj4dTwgDzBqJbHt9mrutZ6GXLy6HgbaW864Ixivp69KdT3Urep4LrKBPpT6t4ceVraSNbaQgkSRb8HjnH4flWEMLKi+Zu68jkqyo1vif5E+oeNbm3lJjuEc4zjZtz/hXHPEqM70l/XyNKOEutGX38W6NeGNpJ2D4HHlnrXWsVTnpJEzwdV9fzFbxrpMQCl5mPQAJ1ojjqSlZp/h/mZQwlVMzda8bQXFu8VujtkYw5xWeIxUZq0LnVSwc4z5mcMHIrxXue5GNlYXzCRSYxM89eaVrFpB1pjHxjnNBpFK44txUcp0St0IWbJrQ53IlhU4yaDJsbKxLmpauOKtuWrXKjnrUNJ6HdRnqWY/mk+lLyCpK80em+C3+16Vcwx48wggKx74rxMRQc2+h+p5FOMaKiu36I+rtZ+JmpfEDS/A3gxIceW0MIIRcEiPnaO3Pp6Y6cV5NXDqm1KD1PS9jGjUlV7nnXjG0k0XxVe6XMGSa3wGV0Kc+uD2rZdmenRaauc9LIFJLEDvzXZpy6G9SpGmrs53VfGFlYPtD72HXbzTp041Op8xiM9pUna/5f5mTD8UNPa4ZGJKgdQKJYd302FRz+lN6/p/mdPp2t2erRCS2lyD2PWuVppn0GHzDD4n4X+X+ZqxSlGHPHpVtdjStHmV0Z2pwAuSBwaFB9Tw6lO0tTJMW1/St4RVzKUdNh+8x8k10qy3OKScdzlPEMxnmcZ6VD913ucc77nn2qIfNPoOM13UWj53Hcz1t/WhjzYBNdtz5mpqyv1NWc97CUAgoKCgLDkIzzyKVk9wZ2fw7+I994D1OBopGFqJN7LuPHFcFaly3lTWp105wS986/9rT4gxePfD/gCSOTe0Avi2P9r7P/APEmtMK5OL59zGra94nS23gf5h5kfSv2GWCpy0m9fn/mfm7rWVpTudDN8Oohb5aPKMMHk10Sy+jTVlqv68zheOhHRL+vuPP/ABL8G5JIprmyhPmAngOUBGD1OD0ODjuM8jqPm8Tk8XK9JW/r1PWwmYyj8T0OC1nRodOsNz28kVwnDguxwfp6V5k8FTgrW1+f+Z7lDFub1ZzgkyC+xtg/iA6V5P1Sd9Ueh7WHcbPMGGE6etctRKD5UdMHzaog5rE1sJk0gSQUWGSINwNAh3AphdoQgnigrm0GbcEUPQncn3/LtAxS5gsuo1sKM/xUPUL3HQyEuOaVrFwdmXIjjJotbVj5ryO5+GV6Uv2i3Z5zivOrn6FkdZ6Rv/Wh9dfstanpNp+0j4Cl1uaGO1X7Uqmc4TzDbyeWPqWwB74rzac6NGopVVp5n0maU608JJUfi0/PU7L9v4eFofixoc/h6KOPUp7Ey6g9ucJINxCEjs3Bye/y+lGJxFGcr04r5afocOUPEwotV27rb0Pin4heNbixlFlZnY7febg4Bp0uWa2POzfNJxXKv628jhkNxqRWLcZMnLZrtTpUloj4Kcp1dWzQ0nRxLdC0jtJbq7dgFiiyzHJ9BXJUxEb72RdDmvY998N/sr+LRYG9ZV0lWAIRzv8AXIOfw6HvUU6qq3SPQo4qrQl7smn6mrYfDHXdKFzFrBQCMfu7iPow/wB3tWtOEJJpvU+twucVbKNSV/69DFe0LM0TDEi8MDxSilflZ9NzKtT5kY99aGFyMfjWl4Rdkcy10KV3Fi1LY5rOqny3Ry1V2OL1X55XOOlRTi5q8jkt3OM1YYZvc16FPRnh46yVl/WxgzivSSR8jVWuhWpnGFMAoFcKBhQGo4vxiokrj3Rm+IZXaK1jLkxKXKqTwCducfkKIwUdV1F5H3JZz28rgqRg8ZGK/WvZc+zPx90nHU6aC3Roo1B3KRn2rvTlRjscU5Si7ory2yBmVeme1c8qsm9DZVJJanBePPhvZa7ZyXVgfsOpw4ZJOCDjoPbnuOleZUwX1n3tmup6GHrTUuV7EOl/taXXhb4X674K8W+GLe/1r7O8Gnap9mTqRgFzgZA9R1BweleVUzJ0L060ru39bI9dZQ6tWNWk9L/11PlFjuJPqc18dVl7Sbkj7qlHkikJWRsFAtwoFYmt3Csc9KAauDgZJHSgFoTRhRHk9fSgH5CJbtNkj7o6mqjBz2KvYhlIQ4WpcUiXJsZuoJBXwRTNFoaducw571L2KWrubngm5+z+I7YdBIdrH6c15OIjdOTPrMoqctVJf1se7280sM9ldwOY54HEiMpwQenBHQ15k4KtTP0+V5UlqafjLUf7XuJdSdVWfyFjLZzjaMf4VyRpxpv3TypaR7nzP4g1M3uq3Fwzbgp2givpKMdLn5lmNV1atv62R1ug6aNK8Lw306lZblWlBwfmUcj+faoq0KdVc63OV05KNrn29/wT0/ZrTXNKufiNr9osz3DFLFXGdoB2lh+Ix+HHU157ipu0tEdMY2jpufW3i/wascXyxhR6AYH0xUNqCsiUnFani/ijwmgLq0fr0HWsVOd7o64WseK+M/hnbXu+7t91pdISzNzhhXXb2qu9GfR5fj5QfI9v+G8jyS7s/OVg4xMnyuvoaHBfaZ9LdVNblSx0efW/7Rt7O0uLp7O3NxL5EDSbVHc7RwB3JwPfms3Vpw0TM5xjHdnlN5cLNLMB99CVdSMFT6Gt6dROOh50km9Dk9YXDe5rsoq7Pn8cm/69DBuRXoXPlqqdypirRxvQNtVZiuBGKViXYSkNIKCgpCMvXukH/Av6UxI+pLLxE1vCAhIUDHNfpsqjjH3D88koPRm9p/jee3TAlwPesFXlB7HFUwsamsWOn8ayOTtcjPXFVLE88tioYf8AmZmXPiu42MolIB9a1eNqwVo7fL/I1XLF2PPPHSw6xZyiZgsmflfjrmvIxkqeIg1Lc9TB1ZRqpRPKZoTE7LncAcZr42pDlk0fYwldDF681maCkDtSC42mMUcGgVh5JoC9h3K4GD+NJk3JnleUBVGPpV8xC90rSRmNsHrSctS73GUgQUrFmzpUH2mJ1BwQM12UMO697dCeazJdNmNrfQS9NrDODXm4iKjdPofTZXU5aia/rY95s7hpLOCTdlWQEGvBmr3P0+lJunzMn1f97ot0GJ5Ss4YfmWhxV2lByZ843mJbh0IKL5mPevboxahyn5ZiEp1Xf+tD3z4uJZQ+HvD+n6cyEQiOElCOcgbv51xxouje5NBKU7M/ZX9mTwRbeDvgh4S0xEysdjGSWXBJIySRk4OT6mubD4Z1W1U2HiZuE+WLOq8Z+HhdxxtFFngg7R9MVrWoxotKKFSn7RNSep434n8Ibo3Ij3ZHpXLOmnozpi1FnjHifw2YpXUJx3rltyPlidtNq9z5++J3gyTSrsapBF+7dis4Hb/aNdXNsmfR4TEOPus+mf8AgnF4W0U23ja+IjuNTeSK3O+MHbDycAnnBYcjH8C9e3rUbTjZHk53WknFw0X/AA58T/tneCdP8DftOePLSxCRW1xdC8EY7NKokYDHbczflXO4RjUbcvwPSwtR1MPCdtbHzZrfzP0rtprl1POxj0/ryOflOSeK3TufM1GViuRW6OBphjIGapsgTZQmOw0ripYXEpFXCgDK13/lh/wL+lAj3sanbKAomWvu/bRfu3PzudNyIZfFVhAdpuk46+1c9TG0oK3Nr6f8AUcLUeyIbfxTLqDxw2Ns0zOxXfkBV68k9hx1rgWPk48yjp/Xkds8LOMby0NSBtFtpopPEmuQqgwzWts58xeM4IXkHn1H1rsoV6E2p1ndfP8AQ4lh61SP7tfkeeeOtV0S51yU+HRdLpxjUA3MjMxfqTyc+g/A+teXmOIoTm/q8bL1fl3Pp8Bhq1OKdXf5focsXJ614up7aQ2pNBQ2KTQxwIJ6UrMlj44GnbCL3q0S5WLwtEtwPmDv3IracIxjo7mfM5CPGHAyKyuJEO4xtwOlK2pra5Vlcu5JqeocoymWFAzW0C7EFyARkMCPzr0MHV9nO3fT8jOQ+8Btp5cYOw8V52Ng4zl53/U9LC1HTkmj2rwffC/8NWhJBKqFJHbA6V4aa1P1TCVXUw607fkjbuQJNOnjPQoetVB2WhvWXuHzteYTVZlfoLjnjtmuyPvQ0PynHfxnfT/hkek+JLvzoreZ3ZtskTD25FVXgnHYwpS99an7y/BHUItW+FPhe6hOY30+HH4Lg1OETUB4xp1W0duyhxgjIrqqU41FaRxJ21Rz2v8AhWC/iZ4lCSY6djXnVMKoe9E7adbm0meCePPChtpGcoVHOeK4Lxvc9K2lkeReJNBtL2wntrhAVkXHI5p+05k1E6KDdF854R4E8e+J/wBn/wCIly2kzypaT4WePAKzJ16HuD0P9DXB+8g9z6WjUp4yHJVjdHg3xo8S6j41+JHibxJqty1zc310+0sANqBiEH4LgfhXZQUVe5tKKT5YKyXQ8c1Y71Y4r2IuU9jwMfBr+vQ5+TrXRGWp8zU3K/etzikLjNBncXYcUAKEJoExNmeoprcV2J9nz0qnYvm0MbxChQwA/wC1/SoBHTmd8jDsD9a6Unvc5OVEaquSSPck1lyNu5ra6Ibi5DLtGfTrio8hxgitnHb86WtjZJIQnNACU7hYKQ9hQM00riuXbbS5JY/Md1ijz1Y8n6CuylhuZc05cq/r0MHUTfKh0l1FGFitwdo6sf4j6/yrOpOK9ynsSoO95DfP+bBPFYM0S7E6SIw+9Uai5XcSTG0k1WhqkVDIvTH6UirMaRG31oJQnlL2NBVySGMxvuDdCDT63RLVy28vnMSeSetZ1Ly3OilLlZ6T8JtR3Qz2DHLqWkUH0zXh1YtSskfoeU1XOFn/AFsekQWZvj5ClVMnyAntnvWfNyLU+hk042PnrxfZtp3iS9gdNskcmWHpg/hXr0KkJR90/NMzpOnUvf8ArQ7TU7RtQ8LxTRHGY1dTnuvOOPpSqzqVI2l/X4HnWcLSTP2E/wCCd3xNh8f/ALO+iW5kLXumqbeVT1AB4/SuPCTlBuEysVG9p9z6ir2Tzw60AcV8QPDQ1G0eZcZxyCK8XFUWnzLY9XDVHJcjPlvx5pz6dO6tjPOGAriXLA72z59+IGm/bp4rsLl4ztJxyRmp9iqkrp2PWwNXklZ9f+AfM3xTgNhr11BJEYskuM9Cp6Yrvw6irwk0e/OPU8o1PndjivQjFxWjPHxcdDn5RjNWlbc+SqRKzAZrZO5501rYco3VW5z7EgXoaRV9B4HNOxNxwTJ46UWYm0TxQfKTina5HU5vxZjdbY/2v6UmbRN4Lk5Irpeq0MCvdT87RWLk9jaMboqGsmaC1VxCUh2QUAKAWOBTsDLMaxwfM3zN2FUnZ3MmriXV490wycIOijoKqdWU9wjFRI4xzn0rNK5TdxrPyaQIQSEUh7jjIzDrTGlYZmkO4UyA3EYp7jQ8SsPapZZLHKfxoGpWPSvgTLpLfEa1j1kF7JraUBASMvjjnt659h16V4+YUpypXpuzPs8pqtq0d/8Ahj1nTJotI8QtGp823iuWEZyMFM8dPauKUak6XmfTOE7annv7Seg2cfiSHV7KNlivNoc5yA2MkY+uf0qcGq0Fy1LfK58nmlCXLdp3/wCGG/C+xsvEXw61a0LkX9qdy/MSNpPp0HO3/wCtzXoTi5LmcmvmfNKE5Oyeh9P/APBK74t/8IX8TdW8F6hciKHUVHkozcK69QPz/SuGdWSkpRe56soQlRaT1P10HSvoabvHc8FhWoinq0ayWEwYfw1y4hNwsjei3zqx8w/FWyBMvYnuK8OcEtWz2ad2z5i8Tq+JIjhgARx3NKE76I7KclGeh4J+0lDayvp1xAoMskUUblj8wOzcT+LA1pSjJS99H0FKc5xvJnzvfE7jkdOK9aDa3OOu9NTBmPJ7VtufK1JXdkVmAq4qx59QfFjjiuhNWscciby6gaYqx5PrWtla7E2SrEenY1UY3M9Llto9tu3sKucVFDOO8UHcbfP+1/SuQ2idBdsbZ2Qghh61rP3ZNJmMWpbGax3HNZHRstAoJCqtZFCVICgZoAer7M4HNNMNxhJY81PULBTB2HjhPSqRIypGxKBahQWFBNrBQUFArWFoYaihsGpauM2PDmqDTNYtbknARsZHuMf1rlqw0uexluIVCsm/M9re9LeXOrZ6ODnrXmSclsfpjkqkeZMm8dWieJvCDAAtLCDIv1xRB8i5jhxVNVKbW55P8MPEJ8NeNLMS7haTSLFPGf4ueB+f863necbo/OnzUqjiddqOq3nwl+K9p4h0lyIoZxNFLHxkZzj2/wDr1xSho4s1jVjCXvbH7mfs9fGHTvjP8MNI1+ylWR3hVZ1ByVfHOfxB/KunDYtQh76OfE0eSV47M9NDBuhr1adenVV4s4mmihrlwtvps7Ejhaxrzja1zejFuR80/E6dZFlweK8aspJ3ij1YLzPl/wAXv5VzIyjqScU6d5LYtXpu581/F8m6QEsdySF254PXHFUpNytc+kwcpTinLY8S1DG846GvZ5e4YqJz9wuHbFapHyk1qVW5NaK/U8upuTQgEVtGxxu5ZVC2arkbJuSxwFuAOauNJvQmTLtvab89TihwlB6HBOo4O4ajEbe3xjGe9ZzlLaRvRm5vU4jxT920Prv/AKVlc9CJuaxdLPfOyfdwB+nNaVGnK6M6NPlVmZ4OKz2OiwUiXoFDZI5U3UWGhSwUYFIEhmaLlWsFMBwXNMhj5vlIWglEVI1CmgCkAUCuFAwoFcKAFJzQFxyNnjoamVmrMuD5ZXPXfBt+dW8PQl3zLF8pB9K8CvCUZaPQ/VcvnGrQ8/8Ags6nRb4SJLbSEYPBB9KtxU9Ijk3C6Z5L8Q9Bk0fXJLhPlSZt6MvGDXZShKMLOx8bmGFn/E/roajeI08W6KYblI1ulJGEyMDtjPt9elYzhZe8tT5ucnY+sf8Agmp+0rH8K/FmqeC9fuvK07UmiNsXOArjcCB9dwrmdKK96WzPSpVFWhyyWqP1SufFElsEmgkEtvIu5XzkEVUaUYPmi/uMpNbNHO+IfGf2qCRXk4A+7XQknqzWM4xVoo8F8f675iyhmGAD3riqVJRuuhrGoluj5z8aawplKBQuO+avDJy1InXd7Hz18Qr0TvOoQMecc9a6pNQeiVz6HAVbxs/63PGr5drnP5V2UpuXxnViJSauYN1gMa20PlZtplN8VaPOmWLNdxx71rBXZxTlY0kgBPWu6KTVjmc7amhbWqlwSK7IUlTXM2ctWs0btlp3GduKicYyd4HGqvNpIxPGIW1lgiz94ZNebWXLLU9TDW6HAeLVCrZ477//AGWsGegncuud2c1nqykR1YBUASRwM/OMD1qtyG0h0hCghaY9yGgoKGgCgRLCMnPpSIbGytlzTKihlBQUDCgnUKBW7BQCYtA3YKCUGCaCwHBpWA7H4c6sbXVxaP8A6uYYXHr/AJxXm16bZ9lk2ItLlb/rU7bUfO0jWVk58pupFcqh7KV2z7Wvh+ZFvxHpVv4t0U7f9ci7kbv9Kp1Pe5kzw6mHc1ySPH4Xm0jUHikyjoSp4616N/ax2PhMTQdCdmjRuZphJbahYuY7iF96uh5B+v4Vzujo4s402neLPv79kL9uhdT0e18HeMbh/tkQ8uG5kP3lAAHJPX/PvXEuak+WWx3ey5o89z6U8UeIDLaG5s7hZ4GGVZW+U05q691mCeuh4b4v8WXE0rAg8jrmsHRvq2be0VtDxrxNqk0sm05Cj0Oc/WumnRqR1WwoxTldnkniGX7Re3OeVHFNxs731Paw0raI8z1Y4mcY61tT5mepXmuWxz92nOBXfHRanzVdJPQpuMD1rU4KisXtPQN2rpppbnjVZGxDBzjBrthGUtkcUqiNrT7IuVBWun2cktTgq1W9EdbZaWRGPQ+1YuLinyo1w9m9UjzHxddLeeIJEDZWD5RXlTbctT26SUexyXjddq2P/A//AGWpZ0Rd2x5J9KRVhQhNA20izAY4PnfLEdBiqSuzBq7GXFyZCccCk3qaKNivSLsFAtgoFa4UD0LCrshJ7mq0sQyDPNK41oJSLYUXAKBXCgEL2oJ6hiqSuVyh0pMVgzSHawACgdyRXMbh0O1lOQRWNRO2h0UKnJNSPb9C1KHxb4XgZiv2hFCuB/erw6qqzfvPQ/WsBX+sUrLT/h2Z+nzto94LeSQ7D90n61zTjybs5KlKSneLKvjfwsmr27XtupMir2rbD1J0nfoc2YYf6xT97f8A4Y81t5ZLORo5AUPQg17il7VJo/NqtCVOVpEs8S3BDD5GHRh1FbOCaszK533w6+Oviv4dSCCK7lvLEnmJvnx9M/1rzqmE5no9DaD5T1e0/ak07W43N/byW8w7OduffoR+tSoKHutfM1ST9TkfFHxvtZImW1ti8hUnzA4xn6VpOm5R0egm5RvcoaXHc3GiQX1wuGuU84/8CGa4FSnSTke7l1GpOPNL+tzi9Y/15rroz5ke1UirGDdDJr0Is+axEW5FB+fwouefU1WpraVFuYY74rspNKSufP4lqzOy06w4BIGMV6sKlnaJ89Obb0Ok0u2UyoGHFdDm5aMXM07yNvU5F03Sbm5LBVijJye3+eKzqJyg77G9J88tT5/t3a7upJnJZpJCxPc187Ukot2Po4yjTgjK8b9bP/gf/stRTk5XbNaUua7Jd9bG4m8560hbiZJphsJigfMFANhRcEwoHccoLfdGTRuZSlZHoul/BnV9c0U3ljdRzso+aHYRg+m76EVMm9oodNKornOax8OvEWhZN3pcwQfxp8wP5U1zNXsacjOdkjaJyrqUcdVYYIpRkp7BsNq7E3QtAXEqbDFxxV2shWBakYHrQAlACimxXQ4HBpDOq8BeJW0DUBE5/czkDB6A9K5K0NLo+zyTHRoS5Zv+tfI9K1vTFv7XzY1y4G4Ed68Sr7uskfolSjGoueKMyw1Y28jwTgkY61zaTd4nlVY23MLxn4UE6JdWp3A5PA6V7FCbptJniZhgFiqfNHdf5epwYke3lKODwcEEV6/S6Pz6rTlRm4yLCSrIPQ1DbTITFZQ45wfrSkk9WK5YtYLeOUPMocAdK525W91lw+JXR6fZ6wb7SbZFTyo44lRVH8KgYA/IVxtzqO0j7/BU7UIyjocfqwHnsa7FFbDna2phXWCTituVRPnq003oZ8nXFOx49WTZv+HofMkT0Br06FBVtmfNYqXc7q0jCIK7vZ+yVjyORR96JvaRGHYH34qouVtTPlctWc/8XvEcdtpEOlw8zTElyOwHb9f1rixNeVuRHZhIvn1R5hYYR0HYV4s4XPbmlaxleOxj7D/wP/2Wrp03T3KoaXDGTWx2WAjFJoVrCUC3CmTsFBQUCuFAnct2SYcMegOaE3e6M3qrHuP7Oni6R9S1LTJ5y3nEyKG9h2/I1optvQ6aUUke4SRxyBldVZT1U1vGpKOiNpRj1Riav4K0nWIys1rFIrAggr68Gueu3M51Bp3ucTq/7P8A4evt5hjlspSOGifI/wC+cYqLIfLy7o4XW/2fLmyVTaXrtkniWL+o6UJMmNjkNT+EnibTAXNgbmMDJeE5x+BwfypWmt0PRHKXNrPYymK4gkgkHBWRSp/Wq509BJ3Ihj1pdR2AqetMdrCYyKEZsXpQxoAc1JRIpz3wRzUzjzxsaQqSpyuj1n4d+JF1CzW1nbMiDGTzXjSTp+6z9eyXH08RDlm9f+H8jX1fQTcBpYhsfkH3rj5ow2R6WIhFvRGbZXDx5gnB3JgEMKrlqz22PKcZrQo6z4RttZVmixFKeR9a7Kcqysm9F6HDWy6OKXvb/wBeZxOpeEdQ05mKxmVAOSOtd8KzejR8tjcmq0XeO3/D+ZmIlwDgRSH2CmtuaL2PC+r1E7WNfSfDl5qE0b3EZitwc89Sa4K2LjTfKj38uyqpOanNaf8ADeZ6BbweTZbVUhVXFOFRVFZH3tSCpU1BdDldTO5z9aUNHc+braXRizrkY716EXofN121sVWjHpWm55M4u1zpfDUH7ncQR3zXfQagrWPmMXJylynWWxJrpbsjCNNux0NvNBpGnTX92/lQRIeSM5OOP1rq5pxo+0/rY19k90eJa7rUviPVZLtxtQ5Cg/WvnpT9pJyPSo0lFXKhYxisnaTNJK5ieKpjKlnk5xv/APZapdh0ouLdy7nPtWiVzdMD0pSTRTTYoFInYM4I4oBsJGzin0GMpBYUdaBs0YtsGnsxHzMwxXow9nGg3Ja/8A52veNTwD4guPDHi+wvYCAzSLGcjIwSByO9eVKTjqtDqhNw2PsmCWPUIo54wAjqDxW8KvNqa+0d9US+QYzxgg9auTTIkpS1BIQzkE9Kwd+glBte8LLYsw4+b2zUqLb1He2iHpp4jiIkjBJHTvXdKT5eU1cVLYpz+F9PvowzQoD3UoCD+lYtuO5jUkr2ZyOvfAzw9rzPK9rFHMTnfFmMn6461koc7ujNSWzRxOsfswQHe1jfSwEj5Q/zKPwxn9aycKrfu7GnunDa58APE2kqXhCXsajJKKQT+n8zUSqTg0rXFyp7HFap4Q1rRkZ73TJ4UXkttyB9SM1q6iS94mzRjfjRzJ7CvqOU1YzQ0XVpdHvVnizjPzAVyzhzPQ9bL8W8NUTX9bnt/hvXY9dsxKuQ4A3Kx7149WDi9UfseDxUcTBNj9W0QX7iRP3co7gdaIXvoddfDXV0Y0ltPYN+8BZR3C0KE1O7PBnN0pcskTQ6kqHy3IPtVOuoPuy1Hm1Q1vILMVjRCfRa0TdVN2F7OMX7w1VMriNPmY9BXKqCg7nqU4txui5qFoLTTipJ37ea9XDuytY8HGOam2cBqa4YgetXUg3I+eqScZXMh1LOe1dNKlJo8evNTdyGVMD1q9jx61TSx1OiwFIULcHHNbUnzzVj5WtSlJuR6H8OvA2r/ELxFBpmj2TXMhZdxOQqD1JH/wBf6V6ipuT948v6x7OXLMofGfwx4j8I+P5/B2rW7aXtJ8hiSqzRkEqwbvkA4/LrRi5xUVA9rDVI6NHCat4KXSbPzGXMo5wMYrjlhqkKfO0ezUSlFOJyF0OePWuDqc2q3Od8Rf8ALv8A8C/pVlQ6n2TrXwV8O6nCUaxEZ5y0WFOfqKy5VF3SM1RitTlNQ/Zw0qUbrae4ibj5NwP9K6r3jqK1SK01Obu/gPc2eVhZpAM53Yz7Vjfl6mLlU5tTkta+GOp6U6+ZZSMp7qvI/CqvFvVnVzR7nPTeHZY2cPFNFs6+YmMV0OFOK+L8SXUSWhSOlSkZXn61hJRWzRpGXMiCS0kh+8KkvURpSVA7Cq9RMRZGRgyn5lORWc1dWKR9c/B3X28QeArKcr+9iJhYjuR/+utaFNSTS6GsFqdykrDAIHNdHIoK5bityRGDOGOARwcVg+6JcWi0hUA4Pakry3EiVBHIyg8e9TeV9XoHMxXtwAVB5z19q0k9dBaS2QiIqkjByP71Q5MXsnuyVnAQAnPvTV+haTSGkgrwvA4zVRi+pPKijc6NZ3SnfGGJ/v8AOKE+RkuDRy+ufCnw1r4LXOmRNL/fUDP581FTkk7tEWTON1D9mHw3duDbXN7ZnP3UkDD9VNZctvhJu0tjlta/ZilhDnTNTeTB488BiR+AFEYybKUrdDm7f4c+NfBMxntoIryE8FUfGQPY45/OpnRn1/A+my3Np0HZvT/hz0DSL24urQSXdlNZyj76SLkZ74I4NeHUpuKukfrWCzGjjFo7fd/maEljDeKOnNcqqyi9z1p0aM1vf5kM3g6G96hQf9nit3VlUtovxPNlgY3uiD/hXbFtvmuQe4x/hVe1rdbC+qJs2tK8B2elt5rB3mxjLNnFYTm5PVndGkqasc94wighEyktlF3OEQttHvjpW0cRGNlI+bzOnJ6r+tjyi5kiunLo25Ox6GvUpVHLU+UlJvcy5Vy3A4rtjNnkYiMb6DYRE1wI3bjqRnmuulT9tfU8LEWtod3FbWejaPa6jrFnfx2M2TF5abBKBwQHII9uhx6Vi4qPxI+TqylJuKaP0A/Y++KvwPg0GHTdA1IaRrMuPMj1V1Mrvju2Bk/hj8K1hiVFcq0MfqlRLnsez/Hr9mHwp+1B4Wtlv5vL1SzBNhq+myoWB5yrHBBU+nr6HmnOEaqvNXRKbhe25+UHxv8AAPjD4HeIJvDHiu1YgAi11AKdlwgP3s+vTI6g9fWsZynCHLDY6qFdydmzyCZyWJHSuL2rvY9XmujC8RHP2f8A4F/St4u+5pA/RhoxuzgdOabdjPmIpIg/qRRe25vFtbkTWgx7+1ZuSbuZTaK0mlLJlWwy56HkUpJSdzL2XNuZt/4M07UUZZoVYHrhduPyrTR6kygkmcbqvwR0u6kmMTeUxPGxePzrkq8s1ZNp+RFOTWjOM8Q/AC6miX7JcKHCnDOM5Pp/kfjW9Gfu2b+861Vjszz3UvhB4j00lTbCVweqHjH1rRVLvlaf6Bzpas5q+8PanpuTdWUkYBwc/wCfcUKV3ZI1Ti1dM90/Zl1Mf2Tq2mNJtkjm+0eUx52lVHT8DWsJSi9NDppvljzWPa3KL33V0xfOtbDjJSJCMKCCMn1p+7awpvoLFlsbmPH40oUlN7kbbFhiVbOOKcqcIuxfIn1JRI/Gea5promZJ2HGbuB9KUYNlKovhIZJ8nrn3FXrHQUpOOgIzbM9+mc81XOc9m3uPXJAzwKyvqbX6E8O0nHORStzMHGwFSrkBOKrROwJq2pE4GORzWrWmhd0U5oss2MnP8OKFeO4lG4xrOKZCrRKWHrWHuvRxud+HxdXDO8JP72Zs2hWjk/uU57gVzSwVOpqo/19x7NLP8TBq8m/v/zFg8OBSGRxgds9K4qmBkr8n9fgfSUuJW4pVP6/EsNpciR9QfxrFYTEKHvW/E+iwmc0J6yf5f5jV0+QkKVJB7gdK4pUJ32Z7McdQqapr8P8z6Z/ZW+EWjaB4E8U+LPEttbvcapGYbfzQCVgIySD1HVc4/ujPasm1BNSim/NHyGbVquIxMaNB6dfwPzW8c6Ra2vi/Xjp1s0dg17MYlVcKqFyQAO2Acfh7Vvh51eq/M8zF4WVB2TucVdysZxaWcMlzducLGiljn6V7tOalozwMQ1GN2z7F/ZU/YN1DxP9l8S+Nke1snxLHZEYcr1BbPTPp6flXr4aHsneTPzvF4iTn7ktPU++pPhL4MuvDX/CP3vh2yvdHaEQG3lhBULjHHpUVWpM8zeXMtz5n+J//BMbwX4hklv/AAPrV34V1D7yQN+8gB9ME5H4MPpUewjLVHbHGVoe7JXXzPEJtK/af/ZDvke3+16/okZ4ey3XMLD3XG5eB6YrF05Qd7v5bHoQqYWtD37KXyR57+0d+2Cf2ifDUMOr6FFBqsaqpZM/KwBBbOPUcD0JHtXLUq1JtJHDCjGFVtanzY64VQRg46VfInqz04mF4h/5Yf8AAv6VokkbxP0c4J65zU6nLsMRNzHrkA8VlOTRcp2QhU564HerhG6NYq6uCKoHA4x0qJwl3FK/UXaGI4/OtYRdiLXQhiDEgnisZUle4KBF9nG7aB15ANDprQbjHdla5svMUgdfTNaO6jZBJKSMK68LWl8jJc2yMT2KAZrOnKcHqc/LZ6NlbR/B2n6Bqcl7aWiW9w6eWWUHJGc4OfeujWTvc76bdrGtOxVM7cYrZpRV2zZLlY2K7PG4nHoRRGpHqFrl6K6LHgYFbRk46xC2mhP5zCRd3StnFSVy4+8i7G6M4zxXnvQ5nFiOwJxtCj61a0VyY6SuNNurAkfpT5ubc35+4bCFwcUnHsZyt0EbKdyfapS11KjuOSfyiRjJ68VokuhclzFhnSQc/KayV07nPaxWlQk43/lW0ZW1LS6jZE2DpWnPzlRbY0R/K1ZONmWpJA0YYjcMgjkVfNykT7oZHti+bOR9ah1LgpysI12u5cZOD+VawtNHZSqy7l+G6T7w/Ksp0luejDMatLRN/wBfM1ZvGupN4UbQlvJFtPLaLCuQduSeOePSuKeDhfmfU76WbNSUpb/15nlnirwLpurwSiPzYGk5baAcmsq2ES1i7eh11s2jVjaX9fierfsxfD/4R+BdRF/rMRutcCgq1ygYBgM5APT/AOtWtLDxpe+7t+Z8bj69WsrQWnz8j7V0jxz4c1eCJbPVbaNCPljZgMV6a99XR8lGEvtI3IDFcDMM0U6/9M3DfyqZRaJa5STymwflOPpUKTWxoleLuUPEd8LHw9qEs5BjjhYhX6bscfrWnM1FuRzcibPxQ/aGl0mT4o6kdOg8mYzM8zJ91y2ST9c/5FeLTqxq1G10PTopR0dzzGblq63e+h6cbPYwfEQx9n/4F/SrRrE/RlXDKTkFs9qLp7GEo23HrKAfUUcik9TPkFyr5yp/rSnF/ZNldCiDaoIP51nCXNpIUp30FcBnDDrXUlaOgkmoiGE4OMkVyudnZgm+owHGD6001LcG77gYxJ0HGeSDV3SBNIaLQMcD/JqHNdTNyVxr2GzBYc4pfF8JoqijsZM2FkkRo8KDxXdCKa987YpTWjKrxxs2VBBrinFqVo7GvkSDcMEDjpXRGdkTGSTLck/l7eAcCuqlJvQaqJMliuFyMkdKxlDXQi99yXzsE4weeKLdGNwSVx8btHnJzUpamUlcejvISCCF9elaNJIaUUtx/LHaeBntUSWl0Da6DZ7ZXAxwR6Gs4tpmack7kQjZCctz0yTXWnCS2NE0xJHdB8v3uuah8thqwwXTEneWb0zQoxS0ZCsth4lzjPHpzWsddCkrjll3Hjn2pSp3diZ3tYq3ar5mRxn3rKpDl0Qqd+pFHGGyM7frWlJqC1RrflYN8v8AEQaqdpbDlKyuUpb1o5GVcgetZOWtrGMZ87tcqyXckrEluabjzKzNHL2b7hK/n7RIoyOjA4IrVpNWsZ1Jucd7EiXd5byRPDcyRBMYHX/9Vc/s5J3R585taWR0emfE3xLpTo1trVzGVGACcgHOc8muxJSjdmLlGXxRX3HZ6X+1H470pkSW5F7F/el+c49OwrglpLQycYz02JfiP+2VeT+EJrG+00pcTxk9ABgA4JK9Bmort+yd3/VjF0VFppn5xeINYbxB4i1LUyNguJWYDOeM1xUaSjG9j0oRi1oZrGuhaHQlYwvEfP2f/gX9KpO5tE97s/2g4NMCfZvEiyKDyl1ZSPx6Z28VweyqWtG69X/kNxjLc6fTf2sNC2qmpbTj/lpaxyf+zLW8YVIKzlf7/wBTJ07bM6OD9pr4fSKGbXJYnx92SymOPxCmsIqupa7epqlpqWU/aY+HTct4h2kdvsVyf/addi9DN0x5/aY+HBP/ACMWB6fYbn/43Wqdg5WloO/4aY+G4xjxH/5I3P8A8brOS5ugkm90Mb9pb4blj/xUY2nt9gueP/IdY8juZypvoKP2lvhvuH/FScf9eNz/APG6pxZCpzXQeP2mPhsAR/wkn0/0G5/+N1KpvqgdOe9hJP2lvhq64/4ST/yRuf8A43W0Fy9AhTn1RQvf2i/hzIRs8Q7v+3G4H/tOuuNRJWZ1wvEqr+0L8PMgnXx9PsVx/wDG6weuxq2mK37Q/wAPMjHiA/hZ3H/xuheYko23HP8AtEfDxkA/4SDJ9fsVx/8AG62jNR2J8yH/AIaF+HwHy+IMf9uVx/8AG62dZFqXckT9on4fKP8AkYMn/ryuP/jdYuak7sfO2XE/aR+Hf8XiH8fsNx/8bpOUehlJt7FqP9pn4cqD/wAVHg4x/wAeVzz/AOQ6bqcysybDR+0z8OCDnxAAf+vG5/8AjdZ6X3KUbdRq/tKfDctk+IyP+3G5/wDjdaJxia3S0JT+0x8NvLK/8JCCe3+g3P8A8bpycL3iZNa3RA37Snw4YY/4SDn1+xXH/wAbrJtdCNblaT9o74eHOPEP/klcf/G60hJdSku40ftG/D1f+ZgyfX7Fcf8AxutPaRT0ZorIaf2jPh9twPEPI7/Yrj/43VupB9SrrqOH7Rnw82YPiDOR/wA+Vx/8bpOrB6MlvsQN+0N8Ptox4h5/68rj/wCN1nKa6Ml3bG/8NDeAOP8AioPr/odx/wDG6dOcV8TM2pbFeT4/eAGb/kPj/wAArj/43S54KTaFFSj0Iv8AhfngL/oO/wDkncf/ABut3OlJbkz55dCRP2g/AkZyuujOMZNncf8Axus41UuplyT6jm/aD8BEc66D/wBudx/8RT9rFkujJkLfH3wERxruD/15z/8AxFaxrU0xewadxU+P3gRB/wAh7Pt9juP/AI3TnUoS/wCGJlQk3ojhfir8YvDXiS0EGn6j9qAAIP2eVMH8VHbNeZiEptcmqM1Rqxe2h5EddsAOJv8Axxv8KcdFY6YU5LdETa1Zk587/wAdb/Ck7M3szK1q8hu/J8p9+3dngj09aRcVY//Z',''),(96,'11/15/2016 05:57 PM','11/15/2016 05:58 PM','110.138.155.203','Karim','6','','','iVBORw0KGgoAAAANSUhEUgAAAj8AAACWCAYAAAAxIOk4AAAVBklEQVR4Xu3de4xd4xrH8afULS5tmVIR1WqFo9dB0pZpqohLVHTc2ogwRQQl1Zw/kEgYkSAiVXH7A9Xk/NFG0VERJC4zLVpRNZQijSpFaalWo1SjJ7+VrH3WrDMze+/Ze+397v18V9I459h77ff9PCvp77zrvfTbu3fvXuNCAIEeBQYPHmxbt26N/v2ECRNs5cqVQWh98803Nnz48FxbFixYYC0tLUG0jUYggAACIQv0I/yEXB7aVm2B5557zmbNmpVrxvLly62pqanazYp+/8wzz7T29vboP0+ZMsXeeeedINpFIxBAAIHQBQg/oVeI9lVN4LfffrPGxkbTCIuuGTNm2KJFi6rWnuQPL1261Jqbm3P/05o1a2z8+PFBtI1GIIAAAqELEH5CrxDtq5rAPffcY62trdHvH3fccfbxxx/bwIEDq9ae+IfToWzOnDn2yCOPVL1dNAABBBCoFQHCT61UinZWVCDk+TTJUDZgwIBoZCqEUFbRAvFjCCCAQAkChJ8S8Phq/QpMnz7d2traog6GNJ8m5FBWv08DPUMAgXoTIPzUW0XpT8kCmjg8derU3H3efvvtaHJxCFeooSwEG9qAAAIIFCpA+ClUis+5EdDE4c7Ozqi/11xzjWnFVwhXOpQxyTmEqtAGBBCoRQHCTy1WjTZnJpBc2q75NJrkPGzYsMx+r5gbhxrKiukDn0UAAQRCECD8hFAF2hCMgILOxo0bo/bcfffdpsnFIVwhh7IQfGgDAgggUIwA4acYLT5b1wJaLj537tyojyGtotLSdu3krH+GFsrq+oGgcwggULcChJ+6LS0dK0YgHTDmzZtnt912WzG3yOyzM2fOtMWLF0f3D2m/ocw6zI0RQACBjAUIPxkDc/vaEEhvaBjv6lzt1q9YscImT56cawbnd1W7Ivw+AgjUgwDhpx6qSB9KEtCoz9ChQ+3333+P7hNSwJg4caKtWrUqaldDQ4Nt2bKlpL7yZQQQQAABM8IPT4F7gZNPPtnWrVsXOYwePdo+/fTTIEzSS9s7Ojq6jAIF0UgagQACCNSgAOGnBotGk8snkN4xedmyZTZt2rTy/UAJd0quPAtpv6ESusRXEUAAgSAECD9BlIFGVEtAk5rnz58f/fwxxxxjmzZtqlZTuvxuqCvPgsChEQgggECJAoSfEgH5eu0KpFd4hXKMRcgrz2q32rQcAQQQ+J8A4Yenwa1AcoXXuHHjot2cQ7haWlps4cKFUVO0tD2UlWch2NAGBBBAoBwChJ9yKHKPmhNIj66EssJLAayxsTHnGcpoVM0VmAYjgAACvQgQfng8XAqEuq+PTo9vb2+PanLxxRfb0qVLXdaHTiOAAAJZChB+stTl3kEKhDrqkzy/S3AbNmwI5lDVIAtJoxBAAIE+ChB++gjH12pXIBkyQplTo0Cm113x/J6QDlWt3UrTcgQQQKB7AcIPT4Y7gfHjx1tnZ2fU71DO8Eq/htPcn4EDB7qrDR1GAAEEKiFA+KmEMr8RjEB6U8Nt27ZVPWSkJzmHMvk6mKLREAQQQKDMAoSfMoNyu7AFkpsahrJrcnKS85QpU0zHWnAhgAACCGQnQPjJzpY7ByigV0nbt2+PWvbSSy/Z9OnTq9rK5E7OasiaNWtMr+W4EEAAAQSyEyD8ZGfLnQMT0LLx5ubmqFUhTHROrzorZZLzxo0bbeXKlbZz50677rrrApOnOQgggEBYAoSfsOpBazIUaGpqsnfffTf6hVKCRrmaqFGntra2XBgrdpLz4sWLbfPmzfbYY4/Z+vXrc83q37+/rV692saOHVuupnIfBBBAoK4ECD91VU4605NAeqJztffQ0byeqVOn5ppbzE7O+u6sWbN6Pfbi6quvzh2RwVOBAAIIINBVgPDDE+FCIDm3pqGhwbZs2VK1fqf39Cl04rVGhubOnVvQhOhjjz3Wvv3226r1kR9GAAEEQhYg/IRcHdpWNoHk3j6PP/643XzzzWW7d7E3Su7pM2DAgGgEJ9+ePtqYUcFHwSm+9Hpr1KhRphVseoWm0aNLLrkk+tcHH3xwNP+HCwEEEEDg/wUIPzwVdS8Q0t4+xe7po4nMesWlYBNfCkwKPPqTDE2fffaZjR49OvrYsGHDouMxuBBAAAEECD88Aw4FQtrbp5g9fRSUTj/9dNu1a1euauPGjYsOO1W4SV9a7TVp0qTof1ZASo4SOSw7XUYAAQR6FGDkh4ej7gUUFDSCoquae/uk9/TpbdK1JjXrVPcdO3bk6jNnzhzTPXq61Lf4tdcBBxxgf/75Z93Xlg4igAACfREg/PRFje/UjEByVVU1R0MUvkaOHGl79uyJ7Hpbap8+3X2fffax1tZWu+uuu3p1T772GjJkiP344481UycaigACCFRSgPBTSW1+q+ICLS0tuSXfha6qyqKRY8aMsbVr10a37i2EJdsbf1YBrpBdn5PhZ8SIEV32/smiT9wTAQQQqFUBwk+tVo525xXQnJdBgwblPletoyOSO0urMYsWLbIZM2Z0ab/aqonN+mx8aX6Pgk++lWDx51999VW78MILo/960EEH2R9//JHXiA8ggAACHgUIPx6r7qTPySXl1TowNL2njwLOs88+26UCWo2mYzc0wTm+NEql+T2FBh99j/Dj5MGmmwggULIA4adkQm4QqkByovOCBQtMr5QqfSVXmnW3p48Cj3Z6Tq7M6uvRG7z2qnR1+T0EEKhVAcJPrVaOdvcq8MQTT9js2bOjz1TrENP0ERbplWb33XdfNPH5n3/+yfWllJCW5YRnhbP33nsvWnpfzGgUjykCCCAQogDhJ8Sq0KaSBQYPHmxbt26N7nP77bfbAw88UPI9i71BcldpLVtPzudJvpLTfQ899FDr6OgoaGJzT+0o11J3jUa1t7fbU089Fe0+3d2S+aOPPtpuvfVWu/POO4tl4fMIIIBA1QUIP1UvAQ0ot0AIh5imj7BQoNBruO4mNmtyskZVClnR1ZvVqlWrbOLEidFHilnW/8MPP9gbb7xhDz/8sH3++eddRqLy1Wb//fc3nS6v4zW4EEAAgVoRIPzUSqVoZ8ECyXk2Z5xxhq1YsaLg75bjgwpfjY2NuXk88+bNi46iUADShOfkxOZTTz3VXnjhhejVXKlXMXN+NAqlCdU///yzrVu3Lu9P66yw/fbbz/bdd1/75Zdf/u/zd9xxh91///1578MHEEAAgRAECD8hVIE2lFWg2js6axSkra0t6pOWqyvsdHcwab4dm4tFybfaSyM0OgJDwUcBradLQeeyyy4zHcWhUan0svxPPvnE7r33XnvllVfsr7/+im5z4IEHdjmGo9i283kEEECgkgKEn0pq81uZCyT31KnGROf0JOdly5bZM88802W+j15JadSl3KvPkuEnDiNPP/20aURI4au3s77OOussO/fcc6MRqJkzZxZUJ93vqKOOst27d0ef1+GrCkxcCCCAQOgChJ/QK0T7ihJI7pDc1yXjRf1g6sPJUafzzjvPvvzyyy6jLBoJUhApdX5Pd21MHmzar18/27t3b49dOeSQQ6I5SNpP6IYbbrDDDjusT93W6q/3338/+q7C0+uvv96n+/AlBBBAoJIChJ9KavNbmQskT02v9EhE8kwuHSwavxKKO63XXJoIndVS8dWrV9tpp53Wo3H//v1t1KhR0ahTuUZokq/49HpMu1eHfOkV5Pbt26ORuC+++MJ07Ih2xdaIl8IgFwII+BAg/Pios5teasn4zp07o/5u27Yts6CRBtUroOHDh3f7akmvuRSMKrEi6pxzzrE333wz1zyN8GgE6qqrrsrk97XUPd5GQMFOo20hXZrbpECmlWzx1gc9te/II4+0448/Pvp8OSagh+RAWxBAoKsA4Ycnom4EdHJ6/P/etQQ7PfKSZUfT+/bEv6VjNTTKkNVoT0990l/6lRjJULDSMnldobz20oRsraB7+eWXu6ysK7T+WtX20EMPmUbquBBAoD4FCD/1WVeXvdLqo4suuijquybibt68uSIOy5cvj14jJXdq1miPApGWuNfzFUr40cibVthpgndvWxvoudBeSAqGeu11xBFH2Pfff2869HbHjh1dSqWa6tUpFwII1J8A4af+auq2R8mVVhMmTIiWdWd56S/c+fPnRyEneWlejYJYJUZesuxfIfdubW3N9b8ar700qqbQo3/2tJpNu2s3NTXZ5Zdf3uvrLO3H9OCDD9pPP/2U67om0OvIES4EEKgvAcJPfdXTdW+Sy9yzPsVdQUsbFqb3y9Hmhh999JGbOmg/IL1i0nXppZfakiVLMu17PMKjSdtr1661PXv2dPt7DQ0NpmB25ZVXFv3KMf0KsxqrBjNF5OYIIGCEHx6CuhHQLsP6f+66svoLS2FHoUfhJ31phVd352DVDXA3HdH+QPGrIZ1O/9Zbb5W9uzLX6I7Mk+ejpX9I2whopEYTy0sddUtumZB1kC47GDdEAIG8AoSfvER8oFYEkoeZpk9QL7UP+gtYIwlatZW8tHw8Hn249tprow0NPV033XRTdACqrhtvvNGefPLJkrsva4WchQsXRiu0Nm3a1OM9NbdKQUVzq0oNPOkf0T3VDv3JYl+mkqG4AQII9FmA8NNnOr4YkoBehwwaNCjXpHItc9dfxJrX090OyXrNE7/y0Q+X6zdDcs3XlnK89pKxTpHXyI7+9Hb0htoTj/DoZPn00Rv52su/RwABBCRA+OE5qAuB5GTnESNG2Pr16/vcr3hvGL1C624SrV6DaM6JRnq0SkiXdkpOjwr1uQE19MViX3tpk0FtSRCfd6ZRnZ7m7cQMGt3Ryiv9KccrrRripakIIJCRAOEnI1huW1mB5JLryZMnW0dHR8ENUMCJRx56O/RToUeTYbUBnpbU68ys+NqwYUPZX7sU3IEqflCn0scTvPXa8eyzz7Zff/3VdOyFQqSWk+ufOgn+77//LrilGt0ZMmSI3XLLLTZt2rSCv8cHEUAAgUIECD+FKPGZ4AWSIxAKQq+99lq3bVbQ6ezsjF6vKCB98MEHuR2he+qk7qfJ1PGREKecckpuxEff8bwc+qSTTorOLyvl0kTx888/P5pXE4/wlHI/vosAAgjkEyD85BPi39eEgF51ff3111FbTzjhhGjJ9XfffWcffvihffXVV9EqpEI3PYxfs/S0N0zy/DD9hR2/+qoJqDI38tFHHy1qJ2SN6Gi3axnKTrtwM2+nzEXhdgggkFeA8JOXiA/UgoDOZNKrp75eeqUV/4Wc7wwuhSn9pX/BBRdEh2J6vzQh/MUXXzQF0F27dkWvvSZNmhS9BtQfnbU2dOhQGzt2rHcq+o8AAoEIEH4CKQTNKE3g+eeftyuuuKKgmyjoaNRBfzHr4M/rr7++oO/xIQQQQACB+hAg/NRHHemFWXSu0+zZs2337t2mwykPP/xwa25uthNPPNFGjhxpY8aM4bRunhQEEEAAAZa68wwggAACCCCAgC8BRn581ZveIoAAAggg4F6A8OP+EQAAAQQQQAABXwKEH1/1prcIIIAAAgi4FyD8uH8EAEAAAQQQQMCXAOHHV73pLQIIIIAAAu4FCD/uHwEAEEAAAQQQ8CVA+PFVb3qLAAIIIICAewHCj/tHAAAEEEAAAQR8CRB+fNWb3iKAAAIIIOBegPDj/hEAAAEEEEAAAV8ChB9f9aa3CCCAAAIIuBcg/Lh/BABAAAEEEEDAlwDhx1e96S0CCCCAAALuBQg/7h8BABBAAAEEEPAlQPjxVW96iwACCCCAgHsBwo/7RwAABBBAAAEEfAkQfnzVm94igAACCCDgXoDw4/4RAAABBBBAAAFfAoQfX/WmtwgggAACCLgXIPy4fwQAQAABBBBAwJcA4cdXvektAggggAAC7gUIP+4fAQAQQAABBBDwJUD48VVveosAAggggIB7AcKP+0cAAAQQQAABBHwJEH581ZveIoAAAggg4F6A8OP+EQAAAQQQQAABXwKEH1/1prcIIIAAAgi4FyD8uH8EAEAAAQQQQMCXAOHHV73pLQIIIIAAAu4FCD/uHwEAEEAAAQQQ8CVA+PFVb3qLAAIIIICAewHCj/tHAAAEEEAAAQR8CRB+fNWb3iKAAAIIIOBegPDj/hEAAAEEEEAAAV8ChB9f9aa3CCCAAAIIuBcg/Lh/BABAAAEEEEDAlwDhx1e96S0CCCCAAALuBQg/7h8BABBAAAEEEPAlQPjxVW96iwACCCCAgHuBTMPPklXf2q87d7tHBgABBBBAAAEEChc4/JD97bIJQwv/QpGfzCz8tK/72f79n4+KbA4fRwABBBBAAAEEzB6+6hSb8q8jM6Eg/GTCyk0RQAABBBBAoBSBmgw/6jCvvUopO99FAAEEEEDAp0DNvvbyWS56jQACCCCAAAKhC2T22iv0jtM+BBBAAAEEEPApQPjxWXd6jQACCCCAgFsBwo/b0tNxBBBAAAEEfAoQfnzWnV4jgAACCCDgVoDw47b0dBwBBBBAAAGfAoQfn3Wn1wgggAACCLgVIPy4LT0dRwABBBBAwKcA4cdn3ek1AggggAACbgUIP25LT8cRQAABBBDwKUD48Vl3eo0AAggggIBbAcKP29LTcQQQQAABBHwKEH581p1eI4AAAggg4FaA8OO29HQcAQQQQAABnwKEH591p9cIIIAAAgi4FSD8uC09HUcAAQQQQMCnAOHHZ93pNQIIIIAAAm4FCD9uS0/HEUAAAQQQ8ClA+PFZd3qNAAIIIICAWwHCj9vS03EEEEAAAQR8ChB+fNadXiOAAAIIIOBWgPDjtvR0HAEEEEAAAZ8ChB+fdafXCCCAAAIIuBUg/LgtPR1HAAEEEEDApwDhx2fd6TUCCCCAAAJuBQg/bktPxxFAAAEEEPApQPjxWXd6jQACCCCAgFsBwo/b0tNxBBBAAAEEfAoQfnzWnV4jgAACCCDgVoDw47b0dBwBBBBAAAGfAoQfn3Wn1wgggAACCLgVIPy4LT0dRwABBBBAwKcA4cdn3ek1AggggAACbgUIP25LT8cRQAABBBDwKUD48Vl3eo0AAggggIBbAcKP29LTcQQQQAABBHwKEH581p1eI4AAAggg4FaA8OO29HQcAQQQQAABnwKEH591p9cIIIAAAgi4FSD8uC09HUcAAQQQQMCnAOHHZ93pNQIIIIAAAm4FCD9uS0/HEUAAAQQQ8ClA+PFZd3qNAAIIIICAW4H/Apljg7fVZBobAAAAAElFTkSuQmCC','iVBORw0KGgoAAAANSUhEUgAAAj8AAACWCAYAAAAxIOk4AAAVQUlEQVR4Xu3db4hWxQLH8QlWLRNMS9cI/FeEppVdCIUCs6Ciwj8kFHlhzZRKS92uL3wRrUsSRtx0EwVLqwXBpGtbCIUvwvZFsAa6WsISZJuG5d5K27rZ6kpefnPveTh7fNY9+zzn/3wHols9z5mZzzwXf8zMmbni4sWLFw0FAQQQQAABBBBwROAKwo8jI003EUAAAQQQQMAKEH74ISCAAAIIIICAUwKEH6eGm84igAACCCCAAOGH3wACCCCAAAIIOCVA+HFquOksAggggAACCBB++A0ggAACCCCAgFMChB+nhpvOIoAAAggggADhh98AAghULXD48GEzY8aMqp/DAxBAAIEkBAg/SShTBwIFE/j111/Nrl27zMsvv2x+/PFH27uamhrT0NBgXnzxxYL1lu4ggEDRBAg/RRtR+oNAjALfffedaWpqMu+++65RAAqWa665xpw5cybGFvBoBBBAoHoBwk/1hjwBgcILKPQ0Njba0HO5MnPmTNPW1lZ4DzqIAAL5FiD85Hv8aD0CsQpcLvTU1taarq6uUv3jxo0zHR0dRrM/FAQQQCDLAoSfLI8ObUMgJYEvv/zS1NXVGW1kDpbZs2ebZ555xjz77LOlpa8RI0aYo0ePmgkTJqTUYqpFAAEEwgsQfsJb8UkEnBBYt26deeWVV0xvb2+f/ir06L/dc8899s2uI0eO2P+uwKOQxIyPEz8POolAIQQIP4UYRjqBQPUCn332mXnyySeNlrr8Rft4NmzYYEOPigKQ9v94pb29ndfcq+fnCQggkKAA4SdBbKpCIIsCCjsKPQo//qI9PevXrzdLly4t/Wt9Zs6cOaV/3rhxo1m9enUWu0WbEEAAgX4FCD/8OBBwVECvquu1dc3k+MvIkSPtvwuGGn1+2rRp5ocffrAf1zJYMDA5Skm3EUAgZwKEn5wNGM1FIAqB/pa4Vq1aZYNPuf07s2bNMgcOHLDVKyBpxoh9PlGMBs9AAIGkBQg/SYtTHwIpC2hGRzM+/qJZnE2bNvW7dye43LVz506zaNGilHtC9QgggEBlAoSfytz4FgK5E9AbWdrb4399XTM4Cj2LFy/utz9a7rrjjjtKG6EnT55sjh07lrv+02AEEEDAEyD88FtAwAEBBZz6+vo+PZ03b549sXmgpSv/TBHLXQ78WOgiAg4IEH4cGGS66K5AuTe5+tvQXE4puNzV0tJi5s+f7y4oPUcAgUIIEH4KMYx0AoFLBfQa+po1a8xff/1V+o+33367+fDDD83EiRNDkelzx48ft5/l7a5QZHwIAQRyIED4ycEg0UQEBisQPIhQ329oaLjktfbLPdf/DM0Waa9Q2NA02PbyeQQQQCBJAcJPktrUhUDMAtqcrE3Nmt3xytChQ+0r6rqSImxR0NEmZ69wmGFYOT6HAAJ5ECD85GGUaCMCIQTKvc2lKym0T2egTc3Bx/vv7mK5KwQ+H0EAgVwJEH5yNVw0FoHyAprp0YyPZn68ogML9ZbXYEvwzbDOzk6WuwaLyOcRQCDTAoSfTA8PjUNgYIFgWAlzdk9/T9XbYVru8kLUYPcJDdxaPoEAAgikL0D4SX8MaAECFQkooOjsHp3V45UJEybY/T6D2d/jr1zLZK2trfZf6c0w/4GIFTWSLyGAAAIZFCD8ZHBQaBICAwko+Oh2dX840d4cBZ/B7u/x6tJ3FyxYUKq6vb294hA1UPv57wgggECaAoSfNPWpG4EKBMoFn7q6uj4zQIN9rJ45adKk0nJXpfuFBlsvn0cAAQTSECD8pKFOnQhUKKA9OZqd8c/4vPPOO5e9mytMVQsXLjR79uyxH9XSmZ5f6QxSmPr4DAIIIJCmAOEnTX3qRmAQAgokWuryv9EVRfDZvn27WbZsWakl+/fvN9r7Q0EAAQSKKkD4KerI0q9CCQSDTzVvdAVhNMPT3d1t//X06dPNV199VSg7OoMAAggEBQg//CYQyLhAueCjC0crfaPL313/FRY1NTXmm2++scteFAQQQKDIAoSfIo8ufcu9wNq1a01TU5Pp6emxfdGMT1TBR/uHtMnZK1xhkfufCx1AAIGQAoSfkFB8DIGkBbZu3WpWrFhRqjbK4KOH+s/04QqLpEeX+hBAIE0Bwk+a+tSNQD8CwTN3Ro8ebQ4ePBjZNRM6GFHXYXiFM334KSKAgEsChB+XRpu+5kIguMentrbW3soe1V6c4Jk+XGGRi58FjUQAgQgFCD8RYvIoBKoVCAYfXTGhPT5RnrmzevVqu49IhTN9qh0xvo8AAnkUIPzkcdRocyEFyr3VpU3JUQYf1aGLS73S0tJi5s+fX0hPOoUAAgj0J0D44beBQAYE4nyd3d89NjlnYLBpAgIIpC5A+El9CGiA6wLag6PZGM3yqET9VpfnG9zk3NnZGdkGatfHkP4jgEC+BAg/+RovWlswgeAlpXEFHzY5F+yHQ3cQQKAqAcJPVXx8GYHqBPzLUHpSXPdqscm5unHi2wggUCwBwk+xxpPe5Ehg8eLFprm5udTiKC4pLdd9Njnn6EdBUxFAIBEBwk8izFSCQF+B4P6bOM/aYZMzvz4EEECgrwDhh18EAgkLBGdi6urqjMJQHIVNznGo8kwEEMi7AOEn7yNI+3MlcPz4cXPTTTeZCxcu2HbrEEOFoTgKm5zjUOWZCCBQBAHCTxFGkT7kRuDWW281R48ete298sorTUdHR2yvm69bt840NjbaujjJOTc/ERqKAAIJCBB+EkCmCgQkELys9K233jJLly6NBUdnBk2aNKn07Lg2U8fS+EE+VDNn3d3d9lvvvfeePS9pypQpRjNf3tlJ3iO1/8mbadOGc52erRvtKQgg4JYA4cet8aa3KQnoD2EdZKg/kFV0o/rbb78dW2uKssn59OnTZs+ePebmm2+2d5zJT+HF+3tUgApLTz/9tNGRABQEECi+AOGn+GNMDzMg4A8jcS9BKSTMmTOn1Ov29nYzY8aMDCiUb8LJkyfNsWPHzLfffmv/7v/rl19+SbTdW7ZsMcuXL0+0TipDAIHkBQg/yZtTo2MCmzZtMvX19aVex3WQoVfB6NGjzZkzZ+w/xvkmWZhh1NtmWtq7ePGibcu8efPszI1mcxR2zp8/b3p7e8M8qt/PaNO4d/mrZnA0y6awp/89ceLEPt9TMPSWvbxZuNbW1j6fuf/++82+ffuqahNfRgCBbAsQfrI9PrQu5wLBN65WrVplFIbiKrqh/aOPPrKPHz58uNGsSpS3wodttwLItm3bzKuvvmqDT6WlpqbGDBs2zFx//fVm0aJF9jGaRfP/vdJne9/TG3gzZ840XV1dpUfde++95tNPP6320XwfAQQyKkD4yejA0KxiCCT5xpWC1g033GDOnj1r8ZYsWWJ27NiRGKTq37Vrl3nppZfMzz//HLrea6+91tx44419/po8ebL9Z/UniaK2K/BoidArcQfVJPpFHQggUF6A8MMvA4GYBIKzPnG/ceW/LmPUqFFGm4WTKHqLTbNNAx3UOHToUDuDo3ZqOUrLXY8++qjRMl1Wyt13320+//zzUnP27t1rHnnkkaw0j3YggEBEAoSfiCB5DAJBAf9eH21yDr52HaVYcJNz3PuKdu/ebdra2mzg8fbOBPtz1113mTVr1hgtxeWp+JcOFdjOnTuXp+bTVgQQCCFA+AmBxEcQqERgyJAhpZOc45718b9Npk3Fmo2JuijkaIZn7dq15tSpU2Ufr83Hc+fONU899ZQ9WDGPRf0cM2ZMaexee+01G+IoCCBQHAHCT3HGkp5kSMB/p5ZOcv7zzz9ja13c93dpxkonRStQlZvlUcjRbImWs7L8Sv1gBmDlypVm8+bN9itaouvs7BzM1/ksAghkXIDwk/EBonn5FPDPxDz22GP25OE4Spz3d3mhp9xeHr2FNW3aNKMN3Xlb1go7Dgo9ehNMJe6Zu7Bt4nMIIBCNAOEnGkeegkBJIHi1hGYNgufNRMUVx9tklws9muXRKcje1RBR9SOLz/HPqGlTdtIHLmbRhDYhUBQBwk9RRpJ+ZEbAH0ji2n+jzkZ9f5eet2DBgrK3zOuAQgUe74ydzGDH3BD/gZHax7R9+/aYa+TxCCCQhADhJwll6nBKwL9c0tLSEtuyUFT3d2nprKmpybz++uvmt99+6zNWuvRTYc610OMh6HRq76wkZn+c+r8xnS24AOGn4ANM95IV8N/cPnLkyH5fA6+2VcEb4iu5v8sLPXolP7iRWctbWvZxNfR44yMXnU3U09Nj/xV7f6r95fJ9BLIhQPjJxjjQioII+A/Ji+uEYP2BrBvivXODBluPvtfc3Gyv2QiGHp3No+UtzXhQ/ifgX8bkzS9+FQgUQ4DwU4xxpBcZEEhqo7P/D2PNLqneMPd3DbSRWWGoqG9uVfPzUEBU6Onu7raP2blzZ+mesWqey3cRQCA9AcJPevbUXDABHf6nizxVrrvuOvPTTz9F3sNKNjlv3LjRvPHGG2VPmNbylsKUZnso/QskMbb4I4BAcgKEn+SsqangAv6Nzlu2bDHLly+PvMdhNzkrJGkT8wcffGBOnDhxSTu0kVmvrDPTE26IgqEzzo3s4VrEpxBAoBoBwk81enwXgf8L+M+Eieser4E2OXvXT2j56vDhw2XHxtVX1qP4ofovjlXQ1SbzMMuNUdTNMxBAIFoBwk+0njzNUYFbbrnFdHR02N43NDTYpaQoi4LN+PHjze+//24f621y1oyE7ttSMNLlpuVKbW2t3bPy5ptvmttuuy3KZjn1rODeH13loQBEQQCB/AkQfvI3ZrQ4YwI6+G7ZsmW2VSNGjDDff/995DMCs2bNMgcOHLB1jBo1yjz++OPmk08+uexN8Zrl0bIWS1vR/WCCs2966+7QoUPRVcCTEEAgEQHCTyLMVFJkgSlTppivv/7advHOO+80X3zxRWTd1czOtm3bzIYNG0I9U7eqe3t5WJIJRTboDwUvkl24cKF5//33B/0cvoAAAukJEH7Ss6fmAggEN8IeOXKk4qUlLVvpIk09U/9b+3bK3aLuZ9Or7toErdkd/T2uO8QKMFSRdkFLXhprr2g/kA5ApCCAQD4ECD/5GCdamVEBvUb+wgsv2NZNnz79ktvbT548aS5cuGCuvvpq+xmFGW8zsv6uv06dOlU6QThMN7W09sADD5jnnnvO+ROYw3jF9Zm5c+eavXv3lh6v8Km3wJhxi0uc5yIQnQDhJzpLnuSgwIMPPmj27duXSM9XrFhh1q9fzx+uiWiHq8T/Bpi+MW7cONPW1mb0xh8FAQSyK0D4ye7Y0LIcCHz88cfm4YcfjqSl2q+jZSstqegvBZ2DBw/aZ+tcnv7e5oqkch5SsYCOFqivry99f8iQIXbfl8aQggAC2RQg/GRzXGhVjgQUSp5//nnT2dlphg8fbsaOHWtb/8cff9hTnrXkNXXq1FKPvMtC9YejlkjOnj1rHnrooT491ttjeovMK5VcXJojwtw3devWrUYzc/6iUKQjCSgIIJA9AcJP9saEFjkuoDukxowZY3p7e60Em2nz8YNQ2NE1GOfOnesTdLURmo3o+RhDWumOAOHHnbGmpzkRWLlypdm8ebNt7bBhw+wbYDqokJJ9AW1o18ye/02wq666ym5Q12ZoCgIIZEOA8JONcaAVCJQEtGm2q6vL/vOOHTvMkiVL0MmZgE74bmxs7NNqLYfu3r2bN/RyNpY0t5gChJ9ijiu9yrFAc3OzvSLjvvvus+GHkk8BHWOg1+F14re/6EwmHZHAUlg+x5VWF0OA8FOMcaQXCCCQUYEnnnjCLnn19PT0aaFmh7QhmnOBMjpwNKvQAoSfQg8vnUMAgSwIaC+Qrh3RrJ6/KPjs37+f1+KzMEi0wSkBwo9Tw01nEUAgTQEdi6AZn9bW1lIzOMMpzRGhblcFCD+ujjz9RgCB1AR0OapCkN7k09KXXpOnIIBAcgKEn+SsqQkBBBDoI6BN0ZwEzY8CgeQFCD/Jm1MjAggggAACCKQoQPhJEZ+qEUAAAQQQQCB5AcJP8ubUiAACCCCAAAIpChB+UsSnagQQQAABBBBIXoDwk7w5NSKAAAIIIIBAigKEnxTxqRoBBBBAAAEEkhcg/CRvTo0IIIAAAgggkKIA4SdFfKpGAAEEEEAAgeQFCD/Jm1MjAggggAACCKQoQPhJEZ+qEUAAAQQQQCB5AcJP8ubUiAACCCCAAAIpChB+UsSnagQQQAABBBBIXoDwk7w5NSKAAAIIIIBAigKEnxTxqRoBBBBAAAEEkhcg/CRvTo0IIIAAAgggkKJArOHnXwdOmNP/OZ9i96gaAQQQQAABBPImMHrEULNw5vjYmh1b+Gnt+Lf5x85DsTWcByOAAAIIIIBAcQX++fe/mdlTx8bSQcJPLKw8FAEEEEAAAQSqEchl+FGHWfaqZtj5LgIIIIAAAm4K5HbZy83hotcIIIAAAgggkHWB2Ja9st5x2ocAAggggAACbgoQftwcd3qNAAIIIICAswKEH2eHno4jgAACCCDgpgDhx81xp9cIIIAAAgg4K0D4cXbo6TgCCCCAAAJuChB+3Bx3eo0AAggggICzAoQfZ4eejiOAAAIIIOCmAOHHzXGn1wgggAACCDgrQPhxdujpOAIIIIAAAm4KEH7cHHd6jQACCCCAgLMChB9nh56OI4AAAggg4KYA4cfNcafXCCCAAAIIOCtA+HF26Ok4AggggAACbgoQftwcd3qNAAIIIICAswKEH2eHno4jgAACCCDgpgDhx81xp9cIIIAAAgg4K0D4cXbo6TgCCCCAAAJuChB+3Bx3eo0AAggggICzAoQfZ4eejiOAAAIIIOCmAOHHzXGn1wgggAACCDgrQPhxdujpOAIIIIAAAm4KEH7cHHd6jQACCCCAgLMChB9nh56OI4AAAggg4KYA4cfNcafXCCCAAAIIOCtA+HF26Ok4AggggAACbgoQftwcd3qNAAIIIICAswKEH2eHno4jgAACCCDgpgDhx81xp9cIIIAAAgg4K0D4cXbo6TgCCCCAAAJuChB+3Bx3eo0AAggggICzAoQfZ4eejiOAAAIIIOCmAOHHzXGn1wgggAACCDgrQPhxdujpOAIIIIAAAm4KEH7cHHd6jQACCCCAgLMChB9nh56OI4AAAggg4KYA4cfNcafXCCCAAAIIOCtA+HF26Ok4AggggAACbgoQftwcd3qNAAIIIICAswKEH2eHno4jgAACCCDgpgDhx81xp9cIIIAAAgg4K0D4cXbo6TgCCCCAAAJuChB+3Bx3eo0AAggggICzAv8FdlqJt31sVW8AAAAASUVORK5CYII=','/9j/4AAQSkZJRgABAQAAAQABAAD/2wCEAAMCAgMCAgMDAwMEAwMEBQgFBQQEBQoHBwYIDAoMDAsKCwsNDhIQDQ4RDgsLEBYQERMUFRUVDA8XGBYUGBIUFRQBAwQEBQQFCQUFCRQNCw0UFBQUFBQUFBQUFBQUFBQUFBQUFBQUFBQUFBQUFBQUFBQUFBQUFBQUFBQUFBQUFBQUFP/AABEIAV4BLAMBEQACEQEDEQH/xAGiAAABBQEBAQEBAQAAAAAAAAAAAQIDBAUGBwgJCgsQAAIBAwMCBAMFBQQEAAABfQECAwAEEQUSITFBBhNRYQcicRQygZGhCCNCscEVUtHwJDNicoIJChYXGBkaJSYnKCkqNDU2Nzg5OkNERUZHSElKU1RVVldYWVpjZGVmZ2hpanN0dXZ3eHl6g4SFhoeIiYqSk5SVlpeYmZqio6Slpqeoqaqys7S1tre4ubrCw8TFxsfIycrS09TV1tfY2drh4uPk5ebn6Onq8fLz9PX29/j5+gEAAwEBAQEBAQEBAQAAAAAAAAECAwQFBgcICQoLEQACAQIEBAMEBwUEBAABAncAAQIDEQQFITEGEkFRB2FxEyIygQgUQpGhscEJIzNS8BVictEKFiQ04SXxFxgZGiYnKCkqNTY3ODk6Q0RFRkdISUpTVFVWV1hZWmNkZWZnaGlqc3R1dnd4eXqCg4SFhoeIiYqSk5SVlpeYmZqio6Slpqeoqaqys7S1tre4ubrCw8TFxsfIycrS09TV1tfY2dri4+Tl5ufo6ery8/T19vf4+fr/2gAMAwEAAhEDEQA/APhuG6MZXb8nYsOprbkdjSm1TdyzGBLKSXZt3HJzisFeM/dRU5c+ws1jg56Z6c1Nal3IpylFkJt2iZWRCpPBDc1LvTh7iN4Q5pXZNEiwAtKdxXnA+tYU3OafMOq9eVjJ9aeSdfvKgpz2vE5dtjZ024EyLJISFHPPBrow8lvORjJyvZD7jUzLv8jMYB7963nUa1gKVlrI6Tw5byzqrDJVhnn+VaQ55xvY35k4aHUSDyNLmmM6rg8pnP4/WuWbnHRI4VB05cxyGo3ZmJG8n0Jq4xXKdW+rMa4k2ZYscDrmn8CuzLnfNuVXlMnQ8H2rH2vMvdOq6epMkf41vSt9oliMyEcqabkr6IpOL1I7h18k8bT2rGTtqdMWnsUowZTnjaO/rWSlz+9LoKck9zUgtA7Bhgk1p8WqM52lsadnaF2DHGFobSWpm6Te6N+3tUuU5HNcsnGJ1Roq15HR6FZlVER+Zs559Kim7q1i+SzumdhZeGGkKs6737Iuf89qycJt3i7HqWdk0zUtdCIfBXMgOMEcj2rHES9ouTqRDDvmvc1l8ONJtJG1m7HvXPSpqnuayotvlZU1HweJyMgiU5+4cCutONTRK5k8LyO6Zw+v+DCsMvmRL149cVtKXsI2vYtwUo6rU8w1nw2Lfc23BHHSumnH2kVJyv8AI8qaXNZI5wQvBckEfKa6UZTSih95pxliwxwxOVbHStJSThytGCtJ2ZJHcva2oUtyvORxmtoJwjYxqxkleIT61KbItHnJX0zzWc3ZbDoqLV57lW2ujcKWI2SehFZyhzJNoqajc6PwpcLPOtlcSAGVsAn3qHba50U/e9xLc9asdAtkhWJpVhkX+EDINedWnCN4qWp9BhKXsdZI0vKt7UKizMUxzxzXh883P3j0JXepM+m2zq7CckY9OBXoRjzK6lb5FqDaKEsVnEhferqvXbWHs1FucZ/gRJOO+x84ftaGFj4VMTbs/as8/wDXGvRwX2ne+36ng5jLm5Lef6HNsxhuU3MNpxu9q9qUpUJHmOzVjQiurW2iQqzGXq2RTcqslen+g0layFuNZOVwfMPYAYFc0va3vUf5GUny7Djq7MihlAI5rCVVT0SM41ZSexn3N8HuWeMfMRgk9/8APNHK0rxR0ppj4508pMp8/c5qo1Itcsok8yi9TRt7l2CgH5D0A6VUafL7yRcnCTujb0zSQQhLZBOSK1UJ2uYSgep+FrK1lgCsjO6D7oB5HatKVRqXKnYyUujK2uaesE7qIVjGAcYruhGUb8w1GLd0jitYhYH5GC15tdSkvddglFp6GJLEVTGWY+/NcWHvH3WROCluRweYCMrxWri4u8TeLilY04ZQu0twK1hK61M5y5Cc2e9fMUDB54o946qS5lexEygcEZP86lWvYudhkttgYWP6gVnWV1ZK5zuD3NCw052AxG/OMACqpyUYmsab3Ou0vR1jUZj69KHUO+nScVzSWhtaboa3V2IghcN2XjFcLpqo/eIvFvTQ77TvDKwWyrHEA4OPTNKpUdHSB2KkrXTOv0bShhWwRIuAcn0rn+tSvY6IS92xrR6LtnaXywue7DnNXOpbWwN8ppJpWQjYEmeAR2xj/EVzymoNT7ihOSepKfD/AJrqYyuScBAD61cYOU1KJM056odqvw+kKEtApc9Mcj8a6alCLtockrJWZ478RPh5DZ6XMsULCTJYp0x6fhWsYRor3C4JRWh4HqdosLAYKt0II5FdlKbfxHlYqcYu7M29naKHco3YHaqlJylZHHz3jdFOxxqMW3JLuSNprenNR91m61jrL8CCS0msJlTZlA3fNaVFFapHGqzU+Ww+6HlMG2bQeMiud15RfvrQ7J3mtCfS7kpcxsMl8gKSeprR1YSVktTOL5Gj6C8Nyw6l4dtzIALuMbWYDr+PrXhYzBRm+aW/9eZ9FhavOrF37Co3IG3EAHGM5rilCNOFrns0qcZfExr2Zz8nCgcjNRTqSjsdEeWGiZQvNH487K7COSOma0cPe55h7VN8p82/tX2S2i+FSCSX+15z/wBsa9LBNNyt5fqfO5qmnC/n+hyMkhkbJz0r0ql5SueDoNcAMnJ5HIpehVS0LWY9pAjDFNa7iSTRHcSv5q4JPHNNJLYa0Y9RtG4GmbKKRIlwDUO0dTGTVy7Y3jKTkgc5FaQae5dOzZu6VezLcllJJPUHoB7VzShLn5kypv3vdR6f4R8RTWhRRwB1wMsa6faciscVVTbuti/rM0+ovK+1gSMAMKn26S5RU5JaGANLE8W9juYD8DW8aEqkbo3l3OfmRxKw8sAA44HNcXuRe5iua+xoWulvOygx5z2xW052idfJpc2BoMUkWHXceoJ7V5qnUTu2ZtqWjRPB4UdmAOSp/u118027I3UnH3TUh8IiNVHkGQg5zjisp+76nR7NJc8h82gw7sm2DEY7c1MZTvrsVHkk9i9b6eyHYsTRjGQoGWq51Ulob07p2Rp6Vo01xcJ+7cDJ+bHNckp31ex1KEno9j0HR/DyxMu7KKB97ArgVRuVzOMLOzZ01po6qA4yxTkd8+lVUnfVm9PkSszbttNeORSMKBjOBXD7VRV0Eloay2xbdgAj0ArRTlOIN8y1NO00lvl2j5c/d7/Su+nBL4mZaM6C00MOVCIA3B2qK7qdpP3SZNRjqenab4G36THPOhhDdN/8Rr0VdKzPKlVXNocF4w+GNvqf2iBkWNmBKErkDisakObRMtV7vY+QPi78IbjT9Q+S3Dkg8ge9ZQoOOrdzaVGFVaxPnSezay1K4hO5V3nKE9DmrhJc1rHmewdGbS2Ft4WtLqOWPko27Fdfs0nzWLmlY0L28W4UBkByO+Kr2vPLsYqlGW5Qe1YjIdNi8gVdZKa1l+BtGLWxAIxBch0+bBBH1rkaUFeBxyXNJI9l+GmrTDR1WSESeY5IYjoa8bGSlBczep9DgqTa0f8AWh24ufm3C3yT1rx/en7zPoadHTUkaYYGLcDHQ963jp1NFSjDVGXdXMtvIoW32p0HGVp8/I+aRm5pPY+bP2wZBIfCZ7/6Xn/yDXrYCfPzyv2/U8TNdVTfr+hxV5ZNbSlHBBr021szwb3JEtMqCOWNZJ3dh+y5tyO5s2iUMTyPSt1YtUnHdFSN8uzH8qTdgk7PQR7g/dxTTvqLnJbS3eeRFUbmZgAo6moqWS1ZpCHM7vY6CDw9Msykjgd81ndONoimoxl7rOhs9NeN1LOp9wDVwUl8TCVaTVjqdMZ4gpi4YHqBWdaaXUxTa1OhX7VqiAyvgAYx61nCXM00iuZPQim047jGsmFzgmumUnaxK5XK1ze0rwzbqgyySOe5WueEJp3uerChFe8maa+H44GBICbjjO2uTFRcla5o5pbGvD4XsypKqGPc4Gc1mqEoxu3qc7pueqNbT/DETQAjAI4OT1qU5FpwT5WaTaLbwqqKhjbvjndW0JzTuyXHXQx7nQFimMjFQpbjLVrUrcyNIQi9tzXsNFDQ8RYGPvFa8etiF8JrHTS2praX4daI7eqtyWPXP+cVqlel7pdmtTft9IiiwCgkI55HH4Vx6rcUZa6nQw7NwXaIgFGD6/5NdXMpRsdnLFo0oYlZcFct64zWEqLvoJ07luC3JPI6dqiXMtEZyStY3bBCjttBIIBropKxmkjptCj3XMZYFiSDzXr03GNkceIV1ofQ3g62SbQIvNjjkUscZGf516cW0tzybK5yniLwfJcXcuyRFTJIO3PGeldHs21dMSqJO1jxD4r/AA5m1vSpnjt0W5T+M8A/5/pXFVU1o3qdkammjsfnb8X/AAnPo+tXU5KxspIcIM/NnmuemnB++zOcfaa3OE02dWc5JJxjmu6EubYyVtkS6pYvKiiF/KbOdxpezlLZ2BJ30MkPdQoQ5yenHepUJbMle1juiH7c90yohCMDyfSkk3onYHfc96+EUkT6SnnSgKuSMdK8jMaTkrvX+me9gLyi7v8ArQ9LFnE5jCj5sZYtjpXk01HlaPfoRsr3K8tncRsQrxrnuV3VChUhK8ZfgazinuZ93bSSBYmkG7PIA606+qvI59E9j5i/bJgNuPCCEYwbzn1/1FellUbKbtvb9Tw80SvCz7/oc3rN8t033FGOM7efzr3FeStI+f5bGA9/JE+3sBxRGmlsbqo7WFmv5pIlVuE7Cqk7D9rO1rldpADnkD6UbkbjFG5vWlsykjq/C0EUhUv8pB61S9lN8tQmcneyR2SSRRPsXDds10ylRpx5YkWbNW2sVdASevOK4nKMnobpWRsWNksKhQDu71x1W4u6FyW1Z2WnWgkgVliCsODgd60jUTVzLlTd4osSaEjuHZN2W52Dqaydboj16NGE170dTq/D3hQXQZzBIiLjbnjdXE61ZSsjsVFQ2R1MPhCIYWSJmG7PQHH5iolXqQ1ZUVSW5o2Xgu2MuWVioGQpGOfpRGpJ6tk80L2SL1r4UgLSAJjngjArKFbmfYl00pXQknhWL7hErZHTIFdDrPZMHr0JY/CthDGAbVSQerjLfnXJWnLoxRtfVGzBocJCFYx0xWEbSWpuqlvhLkHh5JW2bPvDjB6fSt4OMROcnqaNvoQjcZx9MVtOTmrRIceboWv7Gj3BupxkADpUqlzLUL8qtYng05EQgEpnnjrWWtJ9yVKdyY2hU5XmtrKaub8ifUt2iMgbnIwKKUYu/MY2tudJ4fP+kRPJwAR+NejSuvhOKs+iPoDwI6tpzqpO0Hj0r003bU8iUdXc2b+yeQCSA4lBGd2MEflW0ajSsRyqJyXiDQ2Ku1xhnl4OwZHpzQ487uhprofDf7TvwS055727iR4yoeT9y+0EZ9Dxx/jWFRWerPVoRi4XkfD+q2n9nXU0So42EgbsHP5VtGtFQ3ucU7X0QRObvTyWjAcd+9KDc43SM4zSdjMmYAhH4J6ZFF2tXob3TRCtpFCUdVIJOCaUnGUbX3I1seu/BaZI5bi0mIEKAMvGSea8HGNUlyxPZy+ctYr+tj2mJLYDdvYgcZPUjvXlJRkj6Je7HUWXyYPkTmJxnDHOK0px9nqgjKO7ZmukFxJ83Kg9V6061RKzCVRvY+Yv24BDjwU0OCp+28g8n/j3616eXuUuZvbT9T57NUvcfXX9DgNhmQ7gQDXsRUZK540o6FKSFQTkdOnFNTsjBRaJfskUsY4y684PeleD95ijdsp3cLAY2cD0purGeysaWaZXiX96vGMUW0LSk3dG7YXIhwB94dwOa82pSk5XREnK+x23hyza9fLkhc961hFuLUtzenSc9zs7SyVCqqjMegqVemjsVJR8zptL0mW6Mey3kXd/ERgZrjqTm3YzqRlLRRf3Hc6L4bnYkAABRycZBPpXLKt7Nam9DDyXQ9C0vwqjOgEQAA64zShJzd1c9FSUHsdbY+GljCDYQAQw46n1NbuooS7ilVb/AOAaY0kpwx+nNZTmqnQzcIyKF5AtsRmIkfwsamUFFG8KC6FrS7MyqZMFfSsdEhTai7M1xpPnD51CjHbrXPZydrmKaYqaOAQCmQOmatpp2WqFKPZlyHR1VOFK47VajzGdpIetp5coJyVHqKcY2lqtDSKexYW0Eu3KZGRyK3dRRful3stCSa1MePlwO1XDn3YRd3qEduSBgYHc0k11BzSLaWm5PmyAOtXD3XqYXb2HpaxwlVAJI711WjLWKG3LYv2KsrqVGRnt2q4JxZzSjd6nsnw21QLtgeQAOMYJzzXpxd1ueZVXLI7u/uvssYfGVzg1pFLqck23oindRJcWzTs3BQ4Df59a2jJ/CkFNu9mj50+NukDUrKaIoGV1cE1w16bndHfSm4vQ/Of4neFDY6vcxqija5KvjCkdK5aUGvdSNa0V8TOKFr5NuQeWHXHSvSjJx0R5erkZGr6ebmFCrBSCeop1eWpobJSehGbaFLMANlwBn3NYRUOblWrNqcXFWZ3fwzu9urorEBSB+NeTjadr8x1UZONRKOh7lDKGAYrg54Dda8OHuux9XGHPBKTZDI484sSVLcAjnFdXPFqw/Y9Ex/lHzigIduOmBWvJTtdsTi4Ox8s/tt2xt28Hbs5Y3vX/ALYV6WCt71vI8TNL+5fz/Q4K2uvtCdfmHUV00eY8KTkxlxuJPA/KupWSuy7u1mTRWssUAlfow4zR7Nyje1hWtqUZJMu2T1NEaSQuZspsQST0+lBpF9DpPDOizX10rfLsXqWzUfFsOS7M9O8P6TOGRY0LDOOK5puUdToppqx6boXhpX2u8TCQYII6/Ssm/a7ux6FuWzPRtL8MvFAzPDtGfl3HljXDWjOLtudDkrJnb+HvDs8dr5rKoLdQRnB9K5I0ZTlqy1UVtGdPaWjwBUEZ3Z6jpXpQjTgrIwdpbm5FaMMbsjOMGuScWtblRglqW/7Nd1xk4P8AFUK1uYb5d0DeHmuISso4z1NVF8+rBVUtiSPQjBtXhY+gx29K4qkHe6MG3J6mpFZqhBVeCO9FON2PYmXTmyGxz7it3GxLZI1kVHCnPfFVCXKClrqNaxLZJUVcqi2N4zRMlhHEhYoCwHOKmCVxX5gFskxxgAY6EYrqlNLQduUT7OEwpAA9TUqz1MW0xvlhRwck9BWUpSeiRKfQgnCmQEHhewranJxWputncnguvLOMY9T1rWMnN7nPKPU7nw3eJFbqyjBJzuU969Gk2tDzKy1PSYdca+tIkkCMSByT1rrV27I8+UW3csT7YLcqxGNpG085rtWxcDyL4hQrdW1wOkhBChhkCuCpKzdzsoxTerPg344aRLbX7yOOSfuL0rGhUjzWubV21G1jwm8LRA8Ag9zW9VSg7xaaPOVjPm/e8HkkUW5tTRTUdzLADyshyhHPHes4OPNdaNGjqX2Om8I3L2mu2paHzYnO1hn9RXNi5NxcrJl05RU02e7wRNKisrcFRjJ9q+ctNyu1ofT0qjkk0RTpPGFVSB3JzTnCdrqx3xlcaZgiBivzk8tk1yRk72kzGrGUnoz5o/bQmaU+Dgxzj7YeOn/LCvosvjaMn6HhZldcib7/AKHDaVbgz8EMO+K7o3fwnlVYpapnRppCXK8rgjqoAyKmUuXQwpJy6lm708ywLEqqgX1HaumE5NG7UrWOR1K2W0lKDtVRi+onGyuVrNFe5jUjOW/Osaz5Is0pwbdz03w7IkE0SInzN1GKyp1EkU4rm1PYvCVhDIifucMOTjk/WuWrWUnynVTtHW57N4e8PLNDFKmHyM4wRt/CuCtUkvhPRWqvozubfRTM6DaDGMZG3vWCrylpIznFtHa6fpJEYDpge/QVcZJa3MdILQ0LbSk3ncgZexPar51e5V+YuLpylgO1RzX3Ku0SxaeEJOSfrUSknoWnoWBAxTbjjp1pxtHqKyTBraNyCwGR6VpddgVkSx2eMFVAPpSTSd0RKRoRQqkYG3k9qrnUtzBN3AWwORjFVTUXuW5eQxrMYOD19qudOL2RSd3che3bOD39ax5OV6G/MuhXYFW4XHuK0UFa7K3WrASAv2PbJFUo2OeVNrUbIgCnI6ehxS1uRexTKYftg9M9qrR6XNLtociBpOhx0OBQmoC1aOq0PhQAwC54r06L5kefVVjvLTAtVYN84I6dq7k0tjgZLNftHG7FvNYjjJ6VrKq2rIEjg/FMpljcsMZyWNcFSWmpvFW1R8rfH/QEvoFnhVTIpyQeD3rz4pt6aep2zrJR1R8n61YeU8gYFTkkAdjXrOnKK953PGc9bo59oTD985JFRzuPQ1ceYoyoI5i/8XWtIQVrs05EkdF4V2T6rayMD5YbkA9fWuXEaReg6aTkke/6fE91aRlV+Uj5eMcV4m21z7XDU/3SaX9WGzQXEkbxiEke1ZSU5OydgV3K2xXlhCY3JiTHTFcsqLiwtNNs+Xf2zyTJ4R+TaP8AS8e/+or28tbtJN9jwcyUrwcvP9DldAcKcso6jH0rvjzwn5HiuLaud9oun/bZlQLyxHPQD3NdFSnzLmSHTTTsjX1jwFqdpp/21FM0JJwEQk+5rioVk9GztlTl3PJb6wuZ711kG0KTk4rqVUiMJT0Lfh6wWW6EqxmQRZHTjOKirOU1aMf6+81U4x0R2PhK0a/1oFgcow4HH515824Jp6MSouvO7Pqj4b6ArNH8ilwRuYYOB/nNeR7anCfvPU9OnhbPue66XoqQRhY1B6YXjgV0upGauaSg4bG7Z6XsKu4x6AGue12Y3b0ub8EB8sYQbfWtEop6kez7llIUAxt/StuWEnZAoNO5bjtnU4KfL+Fa+zRMlfZkxi9ADj9al04grpWHNbeZnAxXNKNhqT6jVsxHyfzNbQaa1FqWbZF84LjCmtLRW5ErpXNFbJecKM+uabinsjn9oxPsSjvj9atRtsjRTAQxJk8Z9qYKUnsVZVjkyvUnv6VlJNu5XvJmc9mecH5a0WpumRLbCPk8UNsd2yrc42OBnPvU8wctzK3ZYE5DdKyUknojRxdtC1Ezlwy9O9aWU9hcto6nSaHIGVsjcwPArvo3grM86todlZ3LeXgHG72rvWpwuN9SKWRvNIDnntmqYjlfEEzSLIOuDyPWuCq7u0Tqp8qSueGfFfQXutOZ1Uu2eW6Ej0rm5pJpTRtKMZrRHxt4ot5LO9u1uRja/HOfpXsQnzxPMcGnZnIXZErfLyRSZo3YyLljHIVccHvR6C5ro7f4U6d52pGdg2yM5Ge1cFedTVLY7sHRUpcx9BW91bmBA8hjOByBnj/GvGlOV2mfZ0ZuMLdBH1SywyxttLHgGsXzPZik7u9iq17aLEygZkJP3Vz/APqrajTqPc5XUkpW6Hyh+2zcxTv4NWNcFBeZP/fjH9a9XB0/Zyn8v1PFzSfNyL1/Q4qyCeYuxsgngfjXpXjbU8erFQfuu6PWfAcAk1CNXwVwCc1z1cROKtTdhRi3o0fWPhzRLTWPDsUTQBlZMBscA/WuBSqLWa0PZUOWOp4f8Q/hA9uTI1v5KGRi2zByPX8qidaVFXiTKlKa7Hmms6Fb6JbC0tk2ljyenNPDV6k5e/K5lOUKX7uK1Z0vws8JPNcRn72W3Oy8nrwKyrz55cq1NIUna7PrHwPoos4kReAo6MvT61zvCSum3Y7YwfLoz0q0hEAyw5POaXs7OyZk278puWTeYcnjAzk1cqdloS6bWpqQnaAuDXNuJ66GhaxKASQAa6KK94yehoRwiRVz2rubuYuTix6wYJ449PWp06EuTZPJCm3BUDPoKi99DNSe5G8KFAuOlN2jsbKTYxP3Y2qoB9cVDi37wPUdJIwIptcyBRSI5ZJFBINOMUjaFthkLtIfmycUPcia7CshxywUH2qVT8yYqxDO6IgGc+lacyRrHVmZPcfMx6dqXNzamsY3KVzOGyB361hOWtrFSiZpBL5GfoaT20Qr6WResYWQbsYDHj3q4cy3JcG9TodJTcWVRg9c+tehTctzjq6bnTWgZYhnrXapXOGW5ZKZXOBn1rTcg5TWI9rSFjwf55rPlR0J6Kx594w0iTUbGWJe6lhiuXlu9B2b2Z8VfFvw+bDUr4yHORnjjnPTFbwbjo3cw9m+55Akw3k5yBW8X3MtUzM1NDeTxquQXYJj8ayqKUk7G9NKcrH0T8PvDdhZach8t1lIDHjvivnq0pqTSPqMLhowSlc7KKxtRGEfcWB9K5pqpNWuem3bYhOkW/3izkE9eoFKEJx6GMpdbkFzHZpGzNI+wDBIGOa7YuW0kCVOcdWfJH7Y4i3+EzGWYH7Zkt/2xrvwcVGU3Hy/U8DM4KPJbz/Q47RnzP044rvk0meLKEFqj1XwXdmG9ikwSB29aiU4qI+Z30PtD4ZOJ9CtnZkKsm7aO34V8/WrWlZO571Nto6LxB4ZXxJpLwoq+eMlCeB09acKfttJMLSex89X/wAILhtbZ9RLuI3J8pOhzwK1lONCDjY0heTtJHdeEvCNtpkg2Qm3RRgIF+9+NYwnCa3OlwjD3onrWkWDWkCSQBsjk5+Yn86zlUrXtDb5HN7RzdjrRvkiQuu04BPHJrRTf2tyVCzNTTsYYlSMDjPSplJg7m9aLuAPBJ9Kgxki3DFwBjPJrak2mTzWLkeV6DHtXUn/ADGMtR8km0gY5NFk9iIjVZmYdRVJWKdkh5XOR19KJJpBHRCFMMDnisE2DY0phj6VqncqL6DXUE4PAPAAo2H1Kzll4AIXPrSWruaXIJGfnB49K2u7WLRWkmLIcAjHXNcs6d3cpRKMis7YC7QT1q4qy3La8ypPbBGO4Z5paXsNWsRCJjyOEB6nk1mpKLs0Jw1NSzUlIww4FdSSauErJaG5p8gEp28DHNbRnZHn1WzegbeoI49q6abucUmaCqfs/qAK6jI4XxNcBrnaMna3b1qHqddN2Wpz94ryRMu0g4+8K5pOMNjXTdHz78b/AAmt7pVzNFGGl3YK460/au1ol/HGzPjnXbd7HUJoQAuD9zHNbQcn1OBQu7Mq+FdMuvE/jnw9o1uredeahBDuAPyBnA3HHpWVeckuWO5vSp8k1I+wrjw4/hDUmtL+0lgjjAVXdThuBg7u/bvXzlXDNSc3ufV06qlFWILyKKVz5RwM8ADOazpylF6msmnois2myMCykYHBBPGPb3rVyi5XZm6c2rWKc+ky+UE8xQrHJODmuxOM1ZMIUaltEfJX7aVq1rc+EwWDA/a8Y/7Y124JWc1e+36niZne0E1rr+hwljMsJU4yQa9KfvHhuajqz03wheIZYgq5HYmvKqSlT6Fxal70D7D+EV/52mJiUui4zk5xXmTXK+aJ7FFprR6nrsTExptwAe/elfqbPQr3Ph6G9kO5AXPQk0e7LWRlfXQnsvBUSEbkbrng1yqmufmsdUZ2WrOttPDSogIxvxzn+QrsvfYiU0WzoeVx1OPrTS5XcnmvsTWmnyQttwAvvWqafQOZLc1IVMZORtzyK1jFMmVmtDTgUFQxGBUtcq0OGT6Dwp3kjpTvdWZSfu6hNFtO4nOP0q0naw4u+g1QSAentUtcodbEyxlcYHNJPmIbQ7ZxnHPpVWSKi+hHKoOOMYpKyZSkkVyh2nBq3qF+o3GwYC8/zrD7Q07sryIeTtxn2p80o7m11YhMIwR1zQry3C7IxaD3DVfwrQJSIZbUuecD3xQnYaslcaLIJkkc1PKpMXtHIbDmM7cFQe1JNrQbLsAKHcMiuqDfUym01Y6PSS04QAZ3Y9ua9KCWh5c9GdJqVi9jZpuUgMOtayVjLc8v11gbxsHb85asHo9TvhFOKKFxcK0ZAYHilGJUINM87+IGkf2jpkyKuJOv4Yrzas50p+6jWSVtz4g+J3h6Sy1lnZDxkFh0zXbSqSl8SONwbehQ+BlkR8dfCDFyqw3iyu3YheQD+IH5CqqRjCSqtbFR5pPksfefxuu7HxXp9pKnlo6EhXY9Tn9a4MTUdRabHr4WnKnsePPZbWG0jH8q46aS1Z7ClZXYwpLGrqWXAOevQVMlHm5rG0ZqWpUlkeNx8y7D05yfypOtzaWLU76I+Tv23wPN8HEHOftv1/5YV6GXttzv5fqfN5tvD5/oeYWEjPKN4GM46V6cm5OyPnZxTVj0Pw1qDR3UYiTO4gE+lJrlNqaVPofYfwfuQ2mRlvlA42k88V5lapCEby0PVpxlN3R7fp7rKB3FcUZqp8J2uCaNmyCrKFAznih01zaow5eU3LOMNIvQDuBROlyrQp2aubVq4kTrwDWOxhLyLSIDnjvWsb3H0LkUAkIG38K35DF3WpfGnQkj5efWtY+6rDi5IkNguCBnNOyZMo6XGix5GG5rOyTFFXHGDPBFarUHpsI9rhQf6VE4t7AkBhITJIwKUafItxXSFa3yAwOD6U2tA16EMkJPTr71lFNsXqQm1KjjP1roUXYaQqWp+8Bz6muacdblON0I1pvJ3dfSnGVgTUdiKWyw2cEDp7VfPc2jJyIxbEdB+fWlZSGNa0GWPcVPK+5LkynIuMYwTmnG99S9yuqgZLYPu3auqMIsTJrchn2E5OetE1y7GUr2Om0JkWeMswCqw/AV34efMlc86o7nceKCq2sUaupG3IxzxXTNroc0NzxXXYALuVi2BuPP41wTTlK6PShJ2sZ4jt44du3zWPenDmb1JTbe5i69ZLPasXyFOenUVzVpcu5atfVXPkP9oDwvc6ZPNdxEmORwDtOB37fh+nStsNTl8V9DGtXcF7hyP7PXhqXU/iHYXRGyKJDuJ653DofxP6VONqKCSfX/AIBtgqntWpcup9I/EFd10ICSIYgNoHHTrXLTquMbPY9xNc2pzbafM0f+sdVx1xway9tq7I2da+iRWl06fbshYOfV/wDPWuSpiKk5ctPQ0jNrdGZeWE6BgA2891pwTg7z1Z1Rkpqy3Pkz9tRXWfwlvzn/AEzGf+2Nexgm25N+X6nzuaQcORvrf9DzW2YQsfMGPTNehzR3PCu4nceEJjOUCL+8HPyDvSUudXSOr2kp20Psf4L2U6aMjSlZM4JYg5BPUfrXz06t3yzj+B6FNyjue6aeQkXHA7VVOEFqaty3Z0Nkqug45HORQ7t6Gnwo2beQBSR1b1qlPl0KTSNXTY224I9uDnNJLW5FSS6G7aQAEFh+VXotzildmvFEAowB+VJpvYpRLsEOADtznmumCVtS7FkW+45PHsKtySVithZbIhc7cD2rG6kx25uhQkiCt3/KqsiZK2iE8o4zS1QiwLUMg4GaqKfUhoYbMqCe3pRqNK2xEIM5yvNWvMfKOFkTywwDTtcl9hRYEDpxWcoJPcnbYY1oV6r1p+zW6HF9xotiO1TyX2Kv2Ea2Q8YAPtWypqxnKRA1ojgjofXFQqXcnmZmzWiRj5gMmpUOxLlcxrmVYXJPJ/u1o1KGyL57GVqWtR2SlgQDj1qXJy0Y3LmWpmWnjxra8UibdE3X5+9dNNKO5yVLdDrrPxs14u3zCygcBj0rZyT0uc+pRvpxdEsmDuNcjkuazO2nOMVqUDbvHKu39elbJM2vGa0I73S2vISIxk4yQO9clRSvexjFuL1Z4f8AHrwyNW8JytCQJrdt55xnHXHqSMjt9fXspNxWug6jhFXaPJ/gP9n07xEka43+U2cckcE5FcWIaTcnqXgGuaz/AK3O71vUGl1KeeRiRIcqG59vzzXmXjLuz3OW+iI4rl50LcAjpzXLO9N36FQXKyybhPsobkMPTpVqopxbhudi01RzN5eyb3DNnuC1TSnZ+8U9rnyT+2hPJPJ4R3knab0At3/1FetlrvOp8v1Pns0nzcnz/Q43U9MS0u3UDgHIzXoKVvdiec2m9Edj8MInvdWiAKxgMM8dRW0aTjq2aJuq7QSR92/DfR3h0eIugUEAgYxxXh4mClK7PVpwsrSPRY4AETIHXOMVEGlGw3JdjbsFaQgKQFHNRGTvYd00bljaszAkE5HBxVyv0Od6bHR2FkyooIxzVwjK95GU5G1BCqnnpW1r7nPd3NO1hDMM8cdK3Wx0Qfc0Io9+Kluxb30LFvEOpxjOKlu5ai5alryg4x29qVjRvlRG2jl/mRSfw6U4zXUxbj1GHRy3GOferlboxaPcsx6DKQCEJXucc04qTWiIlKns2TJ4eabP3h7YqbzXQylOMdmEHhiQyYfhfWtoUqkldilWiloX18LQBeWbPXNaKhJvVmP1jyJP+EchI5OTWsqC7g8RfoZ1zokMDEfeH1rkaaOmElNXsYs1ukcrL2ouyJ7mbdulu3XiumHvGcn2OZ1vxhaaS5DOox13Gm3Yh7HnHin43W1ozJEyLtz16msU4x1MlK25xE/xkbUGZ1GyM8Fvf0qJN1NFoW5J6oyLjxwNXcwtI7Af3TjFc85Om/dMm5EthIksi53vg4DEnitqU5Td5Du7anQ2MsiTJsnkCnqpPaumU4J7DsranZaVNKMnzMqRxknioSg9WJJPoakt4ytuY8HjjrWsZwjomdlKFjQsLhGQLgZYdT3qnKL0ZnJe9qct440Iano+pxmIO5gc5/A0nou5bhGaPk/4UaZJafFEW8mzZ5ckagEgE7eD29+v5VxzoupFyvZGVG8ZrQ7zVdKLXToU6fw5yAfrXnR5YtxPoYTSVyTSdEkmlcGPIA47gUS5WnzWNHZrmTLg0SVfMU2zSbRjcg/pWUFBq0Bzc3FcpyuuaRJHMP3bFXGeVxgVEqUb2T1KvNRPkD9tW0ltJfCAcHa32wqSOv8AqK9fL6Xsubzt+p4mZX9y67/oX/jV8NU8HeIpLRrpzsAzuAO3j16Hn/8AXXRQjzvmZjKKWq0KXw+khh1uxV2JVnWM7fSuytWT0SOalLknpqfoj8O1S68PWsjqUJwuHXnHQfhXiSTrbqx7MXOfY6m5tPJYEMCvUVz+z5dyHobnh62DumV57kVEVaSM5Sstzr7S1WNsltw9Ca71ymUpaaGvByCOg9BQ0YqXc0baLOD1zW8YLluO5oxgKoBwD7VNuhtHUuRJuTg9Rj6VLjZ6gySNOdozjrRJW1NYza3NW2iVCoJIzU27CnJvY24VRUCjA4rKUG3oeXJtu7Jlhj67Vz6gV6dKnG2pm5S7j8AdhXUoqOyJDgVXKgDNMBryrGpLEACs3OKGot7FDUNWjgtiyHcTxkdq5qlW+kTeFJp+8clqPiApnDBc9c81kveep1ufLsjmb7xIexyavqZNOepx3irxHOIQYev161hUhK94MzaseP8Ai3ULmUSSGSRpCOF6/wD6qJRfLqxJX1PNp9J1C+lDLavMzH7zgjFYSlKCVlczqJSLtt4J1ORcrbZA4cDIrROa1sKMUdhpHwnvkHnLB5CNySeprTSpujoj6Gi3hW700hE3SP8AQcVrGnFdRShfUlOm3FuFEkgRhyPWs6nLewkrrY2bX7TFs8xmWNlyCO9Q3dWOmMU4o3IpGf73X0rli3fYpJrY2LCd4SmFBI9a6nd6mcqfM9SSWTz5ZF3DDAr1yPpVqpJIrlcUfNuk6XHoXxrFmtts+0JIwd+enPB7dOPoazadTSD0FGa5krGj4j1GWPXbiFoQqrwCOmf/ANWK5Z4fW63PVVS8bNE2k6y0GWEanPBOOn0FcPK02pDp6uxYvdeucLHbbFA5L45rN/uvh2N5ScNjkdY1iR5mErZJ6Z60RpuUue5tGTkj45/bgumuZfBwOdq/bSCe+fI/wr38E782t9v1PCzOUm4KXn+h7t+1B4Jutclh8TwRZgkgVWPbuQfyyaywdZQXs2RVoykrnhnge2SfxJpsJlEJadOSOODnH6V1Sai9zipwcZXaP0e8JxhNKs4yoB2LnH+f85rhk5xTdz2Yu0dDoNQXcyYTp0Arilzz1JctDZ0h/ITORkVtTimc2jWpduNaFqwYsB6gc12KndEPlS1ZYsfFUbsCWHrg1KUr2ZyOcbnQad4tgc7WdVGK7IRaWoOWmjLjeKbUHDTKB1rRRT2HGpJFqDxVYsBtuFOB64rBx11K529UWbbxPas/ySbieMZ4qnCMtC/bGnb+Io3IDEHHcVm6S7h7ST2Li+IwGADgD2NaKCS0LhKMviNKDxJggEDH1qOeUCZUoPVFyPXUYndx6CtI17GaoqWw19cwTheKmdeT2NlhSu/iFgM/KtUq7aVy/q0F1KNxrDTyZJ2g9MHNZSk5u5cYKGiKGo3+YDhqmEHzXZNWSS0OC8R3jgNtfnoKitNR0izj5pM5k6hJuAJJFFO99WaRTe5VvLCTUZVZiMAdPStaklF6MfLfQmh8HW15sFyQxU5B/pXLKd9DNJxeh0Wm+B9NABWLPPcV1U1HqS9Tct/CtnbrgW0YJ5zitnZmkdrJEd5o0RTaFwPyxXNNuL90GmjLk0KEITs/CpU3e7KVjKvvDVvOwZ4wcdAacnzu6NLLoZ1xpYTK9h7cCoa8yknfci8tUbbgZ7VMmb6paF6OPzPlVT65rohFzWjM3tqMMRR2xzn3rRRtpINzyrX9CSP4oaVqUSqjKyq2B1z96m5xpK0EZQg+bnb2MLxtp7x+IbtkjdkZydwGQR/+qvIlWnzuyZ6UanNsjHsy8Oc9+uR2rOXM9WjS8k72HXV2yROQABmpcFJanQo86ucnqF1MJPm2E8ggrTVO8bFpy2R8k/tryPJL4QLMCP8ATMAdv9RXoZbpzr0/U8XM01yX8/0P0Z8G6ZYeN/hMYJwEdIGiYOMldoI5/DI/OuOPIndPU6lrofG+v+Brfw98Q7NQ6CIXMZ2omFYAjBAHrx0HHvXqKVOSvJnl1Xy1LNn3d4ftFjs4WKIpKAkJyAcdjXPUaS0OtSvoi/cMSBjoDj61nGKaKtfcztR1CS0jUhiuOwOK6qMYJamNRWjdGDd+JDMxCgsAOTnit7J/Aec5XMg+K5rZXaJXbPYcfzpcjfqKCTepzOs/FHVIiIgrxc8sp7ds0+VwV2zRU+dmKni/XNQK/Z7m5ALDgA4z7Z6UUnzO9zJpKVmzpvD3iDXbeXY9vOSWyWdz+nFKrdOzNVyrZnpOheJr5XjSdJU3dAR0/GsIuUNJF8qa0Os07xLPby4YMyt0JNJw+0mDgu50Frr5MgYoOe+6hVJLQXKjo7TWgwXPpVt3Vy1Jo1oNRDAEHPFQo3N4WexZN4Sp54qlDU1u07ETXPPvjvVWsPdkU1xhemarlvqTK6MnU9REVrIx4Aou4nLOV9GjjbrUEmcgjcfWs5KL1saRiraGPLq0SuyHA29R6Vyc6bsjVJIoz+KYbP8AiAX/AHqqT0uHMuxR1f4s6Z4X05b+/MsdqXCb1XIyc4/lRTTeskYpxnsReGf2q/COo3L28bXnmKAcC3ZuPXgV0Jxg+aTsjlqtQdjpLL9qPwHqL+VHr1sHBwUZsMv1XqPxFDrw+w7lU23sdi3i5J4zKkMksPaReV/Os25y1aKlO2jOa1f4paNpYle7uo7aNFyXlOBgVEbt2aNqcXJXSMP/AIXJoF8ha3vEuI+zRnOamU4wdmzqjTb6DYvHVpqQzEpYE454qeZ25k9CJUmtTZtyL0K4iLHPGOaqLctxKrbQ3tO04uASpGOue9dcFJao5Z1h2p2CW6GQjOOgrbmin7wo1m+h5drGxvEViQuGa4Xj8a4a1aKnGPc7KKuncd4x0ax/tSUyLIpOG+RjgfhUVY8r5kz0aEYnG3trp8Uo8kSA9euawi5zR22XUxbyOwLHfE557tgE1hUU4amicIrcw9U/s1ThoJGx0Kvj+lc8ZVG7p6f15i5o3uj49/bktrOH/hCntUZGc32/c2f+ffH8zXt5cleb9P1PCzWSk4W8/wBD9Dfgzqgsbz+z2YbJV5QjvXBRlUg7XOyaT6nlnx98Aix8d2M0SBTJOs2NvG3I/qD+ldkFK/NUOKoqcnotT6I0mIrYxrkHCgDAxwAB/SsmpN26Di9LD7nzEUlQG59O1dCppLVhZM5zWYXmZdzArnOK64Rgo2MnoZkFidzYiTNZzjy6I45yjfzNWz8Dw6gF86Jxk5+X+VKM5R3RKTZ0Fl8FNFnJaS22yN1Za2TU9ZblwkoHU2Hwb0m3w0cWPYjIH0Har5rPQzm3Nmsfh5YQxgmIZAxwKpu+rDla0K1zoljaKAYwQOOa45z5dylczZYrSMnCgexrNVI9TdUu5A2wYI4ApSkpbCaURUvZFIMbZGatT0syoxidDpeoySKu4EEVn7RTdjN+69DehndlwTnNb3stCudlmGCSTk5xQpJbm0bsWaMopyD061V76iqOyMDV0DRsDyKxlJ7I546s891zUfssmxOMdxXJUnUj0OlQdznLj7VdRF4Ii2enB5rKnGTZtdJWuaOg+ABc6nC+pkTvgMI/4R9a9eEFB3ep5tWpGTsjp/2hPhGniD4SSHTY0ee1UzLGoHYdOPpWtam5RujjjrI+NPhT8bdZ+BWsaw2naPp92NSjijkXUFYshj3424458w54OePx86MpU3ap1HWwtOrZSOd0i+vviN8SvtEtpbx3+qXxkaKyXCoWbJx6fXrxmqblzJp3NFTVKHKtj9IdJ0SPQ/D9vFMFjigiAZn54Ar1oNuOpivelZHzf8V9Og8beJF03T0zao37yWIfe/GuKvOMnyI9inSUIXZt+DvgNYWsCF1aJQMFfWpWHpP4lr8zmdSz91nfaX8OLXTJP3JJTpg0lhYQldA67ejOq0vQEtyFHUVtyRl0MXUudPZaWGQBlGR3FbQhy7nPfqYXii1EUTJgHIx+FZVaSnsdFJ2Z5tYaNFeeI7cvyY5lfPuCK85UYwmnN6nc6nKtDI+Jem3UevzlOEIxlDWFemnLmbPRw7vG7OAubORGyoI2jBNcsrJp3PTi7IxrqJ5CMrkBuSK2coTWprZOJkXVnJIrGMHJPHHP51hKNlaJChF6M+Qf26rdoD4KL5yxvuox/wA+/wDjXq5bGUVPmXb9TxM2ioqnbz/Q+ufDvie6sdds5h95JQNucd8c1yuEm/dR2ytLRHrHx30tdT0PR9YjjdjFJGWYHqua7VBS0mjzJ2pS0Wp2OkMG062KZwY1PXPaqklF6Gt23qXZpfLjwehqbik7bHN6rbib5F4BbjNZqv1MtXqaeg6ZB8jSwhyvQ/1q1y1PeZj7NTd2d/pVtERyoGK2UoxVkYzjrY3reOKIDH/16IvmYlFLcu/2pBZpulYKPc4FaO7+FFtp7Hn3jn4++F/C8htZ7r7RfFC62loDLKwHoq5NYe1s+V6GM5qNrniFr+1AnjPxd/Y1lYXFhmQwym7XZJC3Tkdj0OCPx6Vo48y3Lm4qN07nrw+HviK4i86O+R127uUxzV+xltcxhiJJao5PULHxTo15suYTJF2ePlfxFef9Vnz3SOunOEtWWYdUu7WRY7qGSJz8w3rtyOx/n+VKtGSWrOi8Xszq9I1blEbgjse9TSvHUnlSR2ukTNIo5FdiknuYWszsdHtEmADHBNSrSlY22jzE2r6QLaBm3E56V1ypckb3M/aKSPOvEMwggfI5A6iuJ6sqnG7PI9VuN9/lz8h656DmsNZPU62nFaHV6ppU0/hcR6YQt1IgCMB0NdjU+XlpnA62tmcjYad410uQyTauHkxt2SRg8egwOKzj9ajo5fkNOk3736nT6N478W2kDW97apdW7ZHPRq64urH4lf7gnSpP4GeX+Ovg3a+N9WN8+jSWLtku8bD5j6c9B9PWlVk6iUXD8TOKUPM0vh58ONP+GMq3lnoxk1AHPnzYJH0rFv2Ksoa+pbpxmd7f6trXiseXcyOkfaOIbQK53Vq1Pdf6G1OnGl7yHeHvBy6dMHVNpPJ75rJQcJbFTfNrc7u2iOFJ49K6+e5wyhrdlr5Ryce+K6L2V2ZpF2yVXcY/StoST2E4s6xFh+zR4B345rb3mY8srnEeMiWDuo+grnqqy0Oimjg9BiaXXMnAI5OO5rmp67m1+VnEfFDxba2PitraeV0jChiwGQM9Kxr4Xm96561OvCnC5z9m6atCXt5o51bkYODjJx/I1zSws+S61R0U8V7Rc3QoX+kzwMR5bAnnnvXK/wB21GR1qoqiMSW6ELbWAHOMmomqid0tAcraHxt/wUAnWWfwOoKbl+3Z2tzg/Z8ZHavewLk4ty8jw8zmpci7X/Q+nLbSfn3lXBUEhsnjiuGpVhONoHtrlSuke0HVl8R/CeHafMMICNk5IxjrVQTlD3lY8utCfxHUaCxNhakZ5jDfTitXF2uzFXa1NS9tpLmJgi444NYyTa0KjbqYcsDbSkoJOamEEtXuDTtdFq0uVsgGYhVH+cUO/NoZJvqR6z8XdH8LRnz5xIyqSVQ89OlaaLW4m4t6nm0f7VFzrmtR2Wmab5EUh2rLdOVJ98CumDb1UvwJnG69wd+0JaeObj4fWmo6Xf3MuZSLiGyZgzoQP7vXH49a0qOcI80XdnKpyhpI8G+D37QXij4Oajqc+i2Fhe3l6qxz3Gr+Y8o2ngdcjBJ49+nSssNia0ZNy2+R5mJw0MRNSaN34anW/i98av7Yu2hl1G+uluLg267IwVGABjGAAAB7AVr7WFed7WZ10oeyhZbH6X3c2n+F/CsH2y7WFkQBnJ612t8i1MYybZ4tr/xk0q2hlXTrOXU7sErE20bM9snrj6Vx1MVyr3VqdKpX3ZxltJ4h8ReIW1DU41wQv7qNeEA6CsJSq1dZr8i5ShTXunQ6kGt7qJlUordRjGK5Z3jJJHdRlzxuzrPDWojaATnFaLVjnG56Ho93++Rweg6V0cyiaKKcLF7XNRe4RQOAO1KVWUzONOMU0eaeKZT5TgAYPXPeuSTUXeQRVpHj+sxF5ymRzlsHvXFz82qO1NHReEfEbr5VtKeIzkEGu2hipRdmjir0FL4T0OSyS/QMn1yOor2ZPm1R5avB6lGXT3hIAXv6VHN0R0JqWjELzghWUgfzpqTSNIwiDWSSfOVyPeuOpJ31G3rZFq2t4UAKR+1c7L1tYuRDB+Xp7VGuxm9y4BjgDGK2ilEtq6GODu24+XtSlLWxHLYv6e2x+RitqUuVmsLHQLOzQgYwuOTXoc6aOeTTZy/idh5bY9K5Kj0M7anmsl0ul373JOzaNx57VyUlK94ndy8yseYXOsaP4x8STEywTXUbghDgn0AH5V6dKcWrX1ORyUHys6CDQ0MR8u3CE8ZRf8+1aqzeg1Nw2I7/AELWLWzY2FxIjtnKuAynj0PT/wCvWf2rFKpKS0ep5D4u8NeK/JEkjIjGXaY4wFZs85APX8Oldfs4uO2phN1pbv8AI+I/2w/M+2eGfOMhmBuwwk7f6motY5LNN3dz7UGrLcN5cCM7Ec4HA+pr42M4xlqz7alOKWp6N8MJovsdzo05RFmHAz68/wBTXbGo37snoYVU/iiro9JsrI2KJAVIC4AB9O1aqEn6HnN3Okhg3xgKMVbshJdyqNALyZba7E5wB0qG5PYtzSRg+I/DEtxG8YV1Gc5A61k4tvX8jH2i6s8+1T4bfaY2XBIPOc9fwraMY20Lg3L0OVh+EYtLzesBXyyCrBe9c9Wo37tipu2kUeueHPFWpaHYfZNThGoWrfK0bJ0H+f8APNd2GrSjGz2MlSc92efeMPgz4J8X+IX1C0sZdMeXiSKDChvcD/H0rpdbnVoowlT5WelfDzwlo/w4sBF4Z0KO2u2H7y8uXBY/5/xNYQnUi9vxRzulfdm/qmgv4h2Pq+otfv8A88Y2Kop+laujGbu5XZqrU+hLZ+E7O2AEVusaA54FW6UUrEOTex0tnpEcUBYxAIO+OtVzJIxauzifEr77kFTgKxGB6V5OInzO8Xc9TDx5VqWPDkn73hsY4xWEaup1T2selabcgQIe4HWvQpyutTmRZur0NHw+Tj1qpMdmjldXhN0pXjmuaWpPMou557r/AIbuBKZRGTt9uCK5J4a3vI3pzg+pRsrRo7pDtKsOo61aTW5v7ttT0Hw3eywLtfoe5rujWa2OCrSUtUdOFjulDYHFb87ktDh5XFjGsUPbB7VWpSuhDaBFGEznimovoXdskW0BABXA9ajlbeorWJBaIvf9ar2SQlqx+z0FZtWNHYXZyOOTWTTZaLMMIVuTiqhC25ra5NcXHlLgGuuOhk42Oc165zE2TyaxqN7CjFt6nlviOxTUxPbTAmKRCh2nB5GOtc0qanHU6ou254D4s/Z1umuzeaFq0mnTZHzd+BjjGPrn9K1pVVR0jq0YSwXtZc8ZW/H9TLsvFPxj+GUax+faa/bIBgXP+kHGfXGfw4rR4+N7z/r8C6mDqcvu6mXL+2T470HUp4tW0W0Fo2dqXELIck9ix6DOAPbrXbSxca+lzy3CpTupo9B8EfG2/wDFVjFcy6n4a8mYhpLQXo86IYzyj4Jxz0zj8a6+Zw+FmEZtaNHyn/wUhutLnn+H6aasClP7Q8zylwf+XbGfyP61m0/ibLcoPSKPaLO68kIBuXIGRnFfESpc71PrFZas6LRvEsunajbzxsTsZd3c4zSVOte6u/vLlVUo8qPpqx1NdYsrS8X7joOQK9iDklZ3PNkrOzOn03DhQ3Ixxmkpd0ZSTSNCCHbIxxx0qnJdDNvQ0EtFnTBUEH1pwb6k8l1cxtT8NIJAUUFT2x0ptcuqLi3FbGf/AMI/HG5bbnjAqFFPVl8zY1/DsUxGcfQiteVJWHzFZvB8EkjOvykd+n4VUIqF3czk03qWBoccXGdoqHd6hZPYs2sHlkRRR5P96umnKxnNX3N/TtLdmQvyo5JNdC13ML9i3q7hLUwx4x3x2rnqy0sEI3Z5trlt5lw2G24OQa8pq7serAfo6+TID97pWPI07lvU9A0py6DOAMdPSvQg7pHLF+8aMkAIOfyxVs3lsZ32PfdLlQVzmiMG3focU9C/f6ALu1A2hgRjbiu5QjLRoxjocld+DGjUyKhwP4VPSueph7ao6/b20aI7a0NuFDAj3Ncc7xdrFcyext2rlcdgRnNXG5i13LLSMo3AZFbufKrhyqxEL1w3IyPSqhX7glYkW/wCMfhUyqNslwuSx3aSDOOfep9q07B7Npl2LZIqkdxxzW26uaKnbck8oBuKTNHC+wvOPXPepjowV0Q3BGOTyK25kjObOc1plbJBB7da5533FCTucBqe5bhiwAAGMiuR1JJWZ1KzaOX8QeIINICrKC8rnbHCv3if8mtKWHnUXP0N+eMHy3MSIXdyhkurZFG7IjK8j6n6VUqcF0uax9o73ehh+KdP8JXkkY8SeH0vLbG1pI8goPU+uPet6Sv8FP8AA8bFXb7mVH+yH8O9Ya21jS7rVHsJgHjtRKqjP90sPyyDXdD2knZqxxc0Yq1tT5g/4KTfCzTfhna/DJdPSSP7YupB0knaYrs+y7QWYnn5jXRqYtJO66nsZ0uWSTKsuTz6V8lGXO/dR9q6Smuo+KwvIYd2zaw9G6/Q1uqyo6MiFHT3ke/fBvWzf+GEs52bz4JCCrf596SqSkzDFQS1ievae4YRhSMiulnnNNq7N60jDS4xk98VMVd6mfK2a8KBSAV4+ldriraGqjZEktuJxjp+FQ0rajsZVzYvG5GB+NYpPoc8ovoVmtzngZJ9KZDTW7HixIA7VfI2IX+yDOcjn8K2jTS3Gm+hds9Ijhwz/LitOWNjOV5MnkdBwpxjtS5rLU2hDuZeouBGR7VyTki7Wehxd8nnyMPfvXElK53xVlcm06z2MO4HrTn2Icju/D+ntKBuGRW1NtKxlBa3Z0MmlFE3MMD1qm9dzoThLRFGSx2SqR9elbKfQyqQSOm0VY41DMpLYxXbR7nHUjpoX77Tbae3cmJFYjggY5rslaxwuTR53r2hNEcldvcVwygmrs6oS5dzNitmGM9a43C2xo5XZea1DQ4P4YocHKJpF3KxtSG6YBrCNKS1ZpyXF/s7OG5Wt1B2E4tE8FhuToCPehR/mEty7BbeWvHGO1arRGurJmXAHrTW5d1Yax2ocgfWiyvYzexi30hIPPPvTdrnEk29TAvCQrbzwKifLLRHRZJaHIazMqqzdMdK56lPmkooNottnE6BpV7rutXOpQwC6igPlqX4VSPf1xn8BXpuM1TVOGhz0akVJzm7mf8AEKHxXHpcv9lQ24lG4ssQ3ueOAB2rpw+CX2mm/vLqY2TTjH+vxPIXl8eSaaw8R2kZ84qsMQcbvowHQngfifTn1lh6dOOj1PIlVnJ6tncfGLxUmjaF4S0SwCx38VxHL5cZ9MfLnrgk4NZRp+87idaKVmeC/wDBWDUJNU0T4MXMjFzJFqreZ5RjVziyyyg9ia5KqSdkmvUtSUlod5FpNz5X32UHgHnOa+NjUVLVo++510ZaOjzQrxcEpjJL9c1jWqKbWgJp6XOj8B6lceHdTiufOaSBm+ZCflOeDx+dbQnGm7yMa1FOO59KeH72O5hjlQ4RlyM12pueqR5ElZWO40yQSDIPzd63irHOpamzbjcRnqK0kzqjZmhHCOvf0rDm7mvKkNudOEnORzVqa2OeULvQypLEqxAGKuyepzzpu92JHCEYlyOK6IaIzVO4S3AQ/uxkVLbbEqdiEyMV56HmolU6F2QzGeprFttFIz9Si3Iw59axlFpEqTvqcz9l3zNg55rNy0sd6nZamnYWbhhuwaz5Wc8pJvQ9G8NwAQrgcntWlmkVL3YXOluLdZLcKR+X0pRve7OKE2pXRh3duASByc10Jo9BPnRq6PDmPnrW0Xpozire7oWL2BygbJJWuxTa6HMnF9DltYuvMYIx4Hepk+x1xXNuZMduJZfkGR3rnk0x8sUa1vpodDlSR2x2qLya0R0R5URT6W27sVojPozVLsQS6axI2jA9ulbJqxMouwscDKSpwKiWhCg9yfyhEvP3vpUbm3I7XGyKNmQOe9NXbBwVtypMx2HjrV6dzBpW0MK8ywbPNZJu5yp23MG6cOHDdDWdtbo1UW9jHtoLe7huoJURPMynmuMlR0zXdSir3kjCvCdrXOg8LeHdM8M6Sba3aSVCWkLzsFXJ6/hx3r0kk0edGCi9zkPGuq2wk2wsDFgbY7X5Q3rz+BP5VkpNS926N5Qi1qeS+LNSuZri3i0fTBfOn7xmU5wwz1Y/nXoQrN6NHPKmtos81g8I6nrXjiLXvFeo22h2ltIu1HmWSRdvPyqpznpgHA/Ac5VMRFO6vfyMoU6UZcstWeGf8FL/AIq+HfiMfhvaeH7q6vk0lNQWa6uVCmQv9mxgAAADYen6VzSm56tnTOEI/AfTj2ybhls4r4itJJaH2fsrjzYpLGW8z8CvX3pp+7sbQapu1izbWBWItvRiM9wCfrUKV3dodRuXQ9Y8Barvto4ywOwAYJr1qblLU8qtScXc9W0eUEx88iulb6nmvRnTW8gznpVNc2x1QstTVg5XPU+grkknc2buWE5B3ACtKaTM35DJYkK8Lk+1aWcRWu9TGvLPdISeD7Vqry0QTUU9Ck1uR0P6UuV3MrXBYSzY61UoWI5UTLZ7h6GiLitxKPYp39q4jwBz0NElzbFtJLVGGtn9nmLECudrXYlzvojS0mATSBsfL/OiJK1Z3miQAle3pis5ya0NK03yHR+WCu0jjFVHVXZ5d9bmXqNmqAMKlPWzO6jUb0ZNpLqAV716OHiluZ4hPcn1O6+z2r4AZiMAGu2b5Y6HLCN9TgtTWTyt+AWHp0rltc6PaW2MPQvF9lJevbtIFlU4KniuOTh3Ojc9F0+4truEFZF44x6VpTk9kZuTfwovpp8Mq53A/TFE5cr2M3WnEoX1isDEDOCanm5jrpVXLczHiXP65o5mdiZFIMvgdu1O5otiuy5J9ae2xhIqy8Rtz0osluYtWMK/5BHeoTVzmerMC7QKjZ5J5q3C2qNITtscdceIIdHu5WmVnCnOApOR169K6sPeTszlxNRvY5PxR8VoZEke5u7e3s15C5LkD2xx279zXptKirt3OHTdPU8Q+I/xvh1WRLXR72VyqYYRxnn0ww4//UK5nOD1Q3Cc17pyPh3xB41vZVg025ltFPLKRnHbcR9Mc1zTxKjsOlhsRJ25fzNqz+C2pa5dG51LUZJ5yxbMpY5/OvKniJOejPRpYG0uaa1/ryPnX9u/wfD4Qt/AUMUcaPJ9v3sncj7N1/OvQw03O9/IvH0o01BxW9/0PtBdPuWXcYjgjkntXzkoxejR9J7WIhtrtCMxbYf7wya6aMIdSuaL2BYvKAzF8rcgnIrGrFOVoGUqjeiOm8JakLTVIs8BupHY9q6KUuV8py1VKS3PcNAvvkVmcdODXY7p2Z5lSPVHY2t4XQc9OtF+UUJNbmnDM5TcpOT2raKjLdHQ5pot2t07ZDNk+npUSSjsgg76WNKD5+orncm2E9BZbUTNyK6ItkcytqV5NLxJt28fzqru+jKUoWuT22gLNJ93I7nNXy1HsY1KsIrY1RoEEEZ4yamVFx1bORYh3sjldcSKBnUbcAevStIpI653lG55vf8AiBJtSa3icNtbBrmqy10FGDtc67QMSopPTNZxv1NaUby1O+0ghsHb/wDWpSir3OfEKxtYrqjGLjc80oaiQq4NYuJ1UdWUIJvJfINXG51zjzKzLNzbT6ii4A2kdSa6oOT0lqcjcYJo5DXLaa2LRD5FPGO4reVlsZrXU8z8S+BnmR76wLQ3cZLFlYnP1FeXUo21R2UaqTtJGj8PfE19JbyxXDHzI8Kwx9f8Kxw9S7cWaVLU9Y9T0vRtck39Se1dbcX0DljVjqbc92LmMHjPcY6UkkjONPkZnTp1IG30OaDsg+hU2shJ6DvWfMnob3VipLIcsAOPU1qrNHNOz1RUl5U1orSMJXaMa7UA57+9ZzjFbHMnY53UwQX5qZOXQ3vFI+ePi9b+LNY1ZNO0tjb2DAF5MA5J4OR6DJqniJUYtpAsN9Y2OesPgHBd28L6zfT3+Pm8lmKID7BSMfWuN4qddWbsdNLBU6b97U6uy+Enh7TU/c6fCnygZUsT+ZNYJVk78+h1qnTWyI08F2lhdNLaR7D7H8aiVS7sy4z5dFoXTayQYZX2/Ss/aRTsdUeWW58T/wDBRvO/4f5bdzqPT/t2r2cC78z9P1PHzaPL7P5/ofd66UgXjl+4PFeRKTkzukkySPRFKsWPzdh2rFRlJ+8OM3Aa2gKxBCZHfJ6Vmk47oy5m3uTx+GwcsIwPpwa2hN30QnLo2df4duDEY4HLIcYGeuAK9elJSd+pySjbU7nSpMKpzkdOaU5Xlqczk77HU2B3gFvpW/2fdNVqtDRSFF+ZeCe9Y8z6nZBcqL0bEYAH0qt9TNpGvYou0FzlicfpWctdDzqrd9C6torvluQK6cNFJ36nM6jS0LCoF6DFem5dzDmbMrWNRMUboBjA61xyqOTsjuoU18TPKvF+sm2tZnzlmPSuepUaVup2SfO/dOT8LeF5Lp2u5N2Zju64FZWv8Ru6n2UeoaRp4tkCgcjirslsaRXKrs6nSv3fOCee1cs1c4K+ptRncPaqoqTdkea9BlzF5kRAAJ9DXZOjPoOErM5+eJ4ZCMYNcXvQep68JKSL+maqvliOUgEdDXqUamlpHLXoO/NEZqGlR30jMMEt3FXOUWrpmKatqLcaLZ2ekzRlFOUOXPXNT7qj7zMY3lKyPJbLRRbaxcSIcKx42nj3rkp0qak5I6+e6sdNZ7rds54xitGk9Eb027mzDPvUEGo5kjstdbDi7O2e1aSnFodkkRyyEAr69zWCXMJ2sZ07MJME8VrHTQwZDLhIj6+9S5W2M22YtzJvDbgeOKTldanNJWOb1dzux7fnWkfeVkbJKxxep6fNITKYmZD0YVyVqVWOy0OqFVLS5SMXlorA4J6cVwSi4LmZ0xmpbELneCSxK+lDqXjoaaozbj5SrKpJzg8da4o+9LUq19ylfSbVY525PA9a1dJy2OmlDqj4c/4KNbS3w9K9cahk+v8Ax7V72Ai4xafkeNm11yX8/wBD7eh8VyqhxEAPftXgtvlstz0VHQIvG7K+GgJH94Y5pqMrasmUE0WrXxe0rnfEQM4wRV0nzO0kUqWhbi8XylgpVducAJ1H1rS872I5Ety5pfiMzagg8opz9/PWuum425TkrJw1PT9JvA0Y5wevNbNpqxyS1VzrdNuzJGFHFbRi0hQeprQy7WBzinKGh2xa3NOBgQG/KsdhS12NK2uGjwc8deaLJ6nHOCkbMEwkUMKijUdKVpHmzg07EVzqCxAhMM2PWvTc3NaGkKLlqzk9Zu5bgEO3J54rNRsd3s+VHB67o/8AaEg3H5MjtUSp8+xkpWZ1ek6csVrEqrgADAHXpWcpW91HdCK3ZrwQsrKDkepNSrI0lJW0N7T4VVc9T1rnq6LQ8qtJtmjEoC12YSKtzHHJ6j69Jq6JMfUYQzMc9PWvIlHWx6NGVkY0y91paLQ9KL7ksF5LGMbjj60tjOVOL6EGoamDEweTkDGCaqznoZ+5TOTVlMrEdz2relaOhxN63RowfMvPA7VbWpvCVieKco4Gcds1zzOm7buWUnA4zyahO5vzCySKF5IJqkjOdRLYqTkZz0960ULmCelzPuZCe9NxsjKTs7mdIPkYnr71mtDC99zl9UPBPXdwCK3oczlY15tCnbXsDwlWcHqpyK9WPZHBKTTIpbe2uG4VT2x0FE6MaitJGsKziV5/D8JAKFdx/hyea82pgY293+vxOmGMknqZt34dlVCUh3Z7A9a4ngqu8F+X+Z2xxUJLVmPqGjzxEGSBguOp5Arir0pw+M6qda60Pgr/AIKWxlJPh2fLKK39okHGN3/HrXXl3N76fl+p5uYzcuS/n+h9W7hKixKGJ24O3n9K8lVEpantx1V5FqC2LDnJP+yKdSaRHLfYtpZkISqlt3OPSmp2WpV0upGZHWYqImDfT9awVbnlyJDsmaHh+a6mvIisLspOPuf1r0aMJSlojCuoRW56toN26qQ/ykdjXfOnZHnOzOx0+88sKS3HoK5k2nYw1T0OgtLxZQMng123TiKMnc2oJAyhQ2CfWuZppnVTnbcv20yocNyetFxyXNsWvtpYkD9K0ja5l7K2pBcyM6jHA7mtZtbxNIJLcxrtWztJz2zVKSaFN3IZbAR229hhuoqk+xzpRb0Rbs7mLyVww3DgiuSScXqdaqxtysvR30UQIcj86y5dbhKN9UP/ALcijOFcVXI27vYxlTj9plm314lgCR9fWm3CK0Ri6UHsyxc6wPJIVwOnNOE+ZaBDD66oyJ9XjiDFmq7HU4xjoc1qni2NN0cI3t32c4o5GuhMpN6Ix5fEd2UTY4xWrTijJc73Yg1Ca4XMj7ie1TzdiZRb3Jo2RMsKyi7vUzuy4l18oO7A9jXSrl3XUljuSrA05IbkrE/2oHoetKMV1CMm9gkuOfpS5bXZpq9yBrkyE+1ZxmrtJA1ZFa4mGzrz2qpyRztO5mXV3tTaByTyfSslvoT6nJ6rerNcMiyhZFOCpbBr18LFyeuhjObezK9vp7oinqMk8juTXdFKMjjvdjvLkhbcX4Ocqw/rXSnKTt0HYjDybshsc8UTppsd7FiC8kUgyfvFHAA61XIlGyM0pXuXEaK5f7oB9GFciw/NL3jVSaPz3/4Kz2iW7/C1kAAb+1Rx7fY/8awrUo02uVFuo5pJ9D6+txYTgSRwHJ4zjH/66+Pnh18S3PqJSUXZsnFtGG+WEEd8jge9Yyp1JfZf3FKcbbk72CrFu8tVz6CplRkmZXiXNL0JZ7qN5FQop9PavosNh1G0pI8rE4jl0ib15eWulBbeJQM/wxqM8defxr3IxW9jzJ1JSV2Ube6RrvbiQFvmyw4NebilbVI6sLV5tGdTZTqu1cgkGvKTbdz0XexsWt+I5MYOM810JprUz5ep0dteZQYOcVUXd2BSNO0uyGyaicUtjovdFh70Lz61mlc0Vuow36lG5OaFHlIlNLYq+eGlD810ohtsS9uxMoAztHarSRjGDitTFZHVyUfb9aicVIhuxWd7iTcokOayil2I57FaOG6VyTIfzzWja2sDqRsaVvPOg4bFPkTIVS2xbFzNIvMhJ9a0UEhOVyuys+VY7gaa0Iu2ZDaOfNJIAFRKUjVVXYjmto7TJIxj3rkm5Pc0UmyFZUZ1K96cW3ozW4+S6WNhgEE8Yq3DQS95Fa91pLQBASM1ko83UUV3Gp4hUJhjuB6EUlTnfRjaizXtNSSVFIJOR1oaaepn6F93yOWPua25UlcamQm4AB/iFZqzZrzaalWeULzkY7mseXUya7HO67rEOl2c11OSkMaliScAVuoX0THZKOp81eJ/iw82r3d3ZK80GACu7acc5NfRU6fs6fO9TwKlRuXLFnWeFfjTaSxhpFuAuSrADfjj2PPNax5mlImMnbU9T0vV7PW0OLhM46Fhk10WlBcxspLuXG0xEBKsevBDUKTerRakipdwS28aMQjAuo64br+VEpWVyOaTfkQS3YibGTjnk1UHK6aBTi9D4G/4Kt3P2j/hVw/u/wBqd/8Arzrkxju4mqt0Pvd7K2toz5UCBN2BxwKX1amnZx/AtVqktWyaKKGRANoLAcHvWXsoR2SNHUmtLj20+GRgxjDEDnNZ/V6c3eyIVaa6j3i+xwFkBGOcdMit1SV+UwnV5nqec3Pii4uvE32fMQBXKnbzjvyfpXVHkb5ImUpSfwnVD/SiphO90G4MvRcdvyor4VOLe5VCpaWpr6Rfgtz19BXy9SHLJpHvRkqi0Z1VoUm2N09K5WpJ2E/d0Ohg2ogwa6KcWtWKLtsXYJyBgHPNaS1Kb5SdptwOegqVEqNVEUkoVeMY/OiyKupalY3QOVB571V0TqmMM/GcjHrVWHJsY8m49etEnYwdkQJDhmXJwe9Zc1jO9iaOLauOtaK7JaTFGQhXtWiaQWt0HxBkjxkn1zVN31IZLGV3AA9f0pt6DSIp8I+eorF6lcpm3lul164PWspQdjRc0diKPTkiU5PAHSsEpA5S6lK6t9oLFhj0rXna0ZadlZI43xO7n7sgVgRg04qO9zNzlF6GfY3jiJd3zOTyFOaUp2+ElNvVnYaDOxRScgHtWUnzO5aWh0qyb0LdQKV31JKdxc7FIBwTxxWUpN6I2SuZ9xqGAchsdqtJwV9y7JHzB+1n8WU07TU0PTrkiaVwJ2Q9BkfLn8/zNdsYOXvWscVaoktDx7wZrMc1moYCRXbBPX86+spRi6STPnVJKV2On1y/8G6ukMKJNayN5oZvlPJ6Z+mOKw5qlG8VHTzR1e16WPavh78QlvD5Xkb28wEiNweABnGe3/16tNqN5snm7K57lo2v294GCZjDgMEmOD1xVwSkk2VBc0tdDczHJEynaynoDROOptyvoY2o2XkSAqVIxnbj3qr2s0QoRvqz8+P+CqS4f4ZkpsYnVMjOf+fSuDGWbi0bRa6H3fo+t2+phofNYSNghXGAuP8A9f413Sg4u8mZudmbtrbRgZU7u/HevNlCV9DXnvqXGjEZJXn29RWsItbmcmZeuTx2umzPLKkasCAScfhmuiKcpaIzXI3aR4daPpMesxzsWmuNx3RspZj9PWtLKG6HKPJrFnqNnqsk0aJFCLRAu5QcZYdD7Ctldx02MrO7bIbDWrdNQeOFsB/mVj0b6ev1rycXhG/fgeth61lynaaVqjHaGwO/FfPzpyTPQaurnWWF556AE+3rUxdnZs523F6GpE428HpXSmXGV9x5fJ65oL0sR3DBFJJGMUmhq62MC41gJK20jaO/rWSSezKs7XZTTXsz7A2AR16VMpdmTJXV7mnFcmUAb85ppytqYNPc0rVXXO/kdqTu+g1YtRj35rWLdgt2AoM8kZ+tXddTTpexaEAlhOCPrRuQtyOGyffnp70LmEipq15a2KNvly4H3V5NW3HZs1jFt2Rycvi62i6kLjpurj53J6HU6SSMy8+I1rbgnCt77qhucdSVS5tzn9W+KO6PFqpJAJyw+UGi948yJcFB6nKW95qevP5ssilmbICjAopxctyJKnurs6vSdOdDvlUHA65/pVSVtDN2a0Op0va0wXgcfpWaumZRTOiaXZF65Hai9y1HuZV5cBhngsBjFZymr2RtFWPK/ir8UYfCWmtDDIn26XhfmPy9uSOn0ropuUnZo5sRPkPjj4mXtx4qjnu5ykreZvDdx7e/419DTairNHiPnlLyOc8F3wBHlybPLPQ9PevQowlP4dEcNSLU9D0jxRENf8LySxjF3bRl1I68DPFdOLneltqhQlJ1UuhhfDfxBewRljIrY/vL0PPpXj4Wo6jfMr2PTs4r3T3fwb8TWsp4ItTAaMoEV4xu/MdR/wDrr24UudanFLng7vU9u0vWoJ03W9yk4U/OqnOD9OvNN09dSlWlbVG3csLu2JJ5PY1HKovU2pSUtWfnP/wVNGG+GQ3liP7UBB7f8en+fwrzcbFLla8zpja7sfU1trp0cPPch7ZWcGNW9PoPxr1HySep53tWleS+873w746gvY0IkDuTiOHqze2D+NDhSS01fyFGs2jp/wC1BchIowHmPzMFPCCsoUtdUbQqpuzOe8UiIoiyRPeTsSyxIM8fjwP/AK1da5V0LlBTlozzK6tjLqglgtEiOflEjHgfh+PH0rKpVUdEk/xNkk1fsdhaX6rCv26SPao6DgY9PfmsVOcVdqyOWdRt8sTnPF3iTZb/AGq2ieEQHes7/L5g9h6D/Gt4PnhK+hhCtKlO0kzrPAPjWHxBaRsGXz9o3D3r4/Fwn7R2TsfT4er7WKPRbG+aEnORXDy66nTO2x0mmakJE+bjNaSsjncXE0TchfTPvSjNE2kVLy7yjLkYPetXJGsW0tThNZ1BreRyOVzjGa46rlD4UE6l9jmbrVj5qPyiKMkZ7CiD6syfM9jutF8QWclrCwlXO0cHrW3M5GiTasb/APwklqkeWlRhjsavnjFWNY020ZOpfEOC2JWIoCO55Nc/t0ny2ZtGknuYsvjCeeUEyjr2NDk3sy9I6WL9p43mtuAxKg9zVxnNaMxlBM0J/HzyWrCIBSRye4rX20r8thQp2eqOF1TW7m5keSSQ49zWbpNyudLi1sjm73V7meZYY4/M3fxE4roUOTQ6YQtG8idvCF3fQb5/3K9SF71lKnK2pl7VJ2sV7rQhaHy1fcTxg96hpcmhlKop7o7Dw/pIWFGdcdhXNFThqzJeh0YtUjXO3j0qFzzdyeVMj80QTB04x2FbrVWJcWncnbXRs2EjjnrS6maTbPK/in8YLLwVp1y+DJc7W2qCOoBIFaRotrnivvNHpG8mfJEvja98bam19qj8sW8uJTkLzkD3r0cN78Petc8OrP27s3oTXyRXGnXESoDKy5AA56V61Fq9pnPOVtIs8v0W5ktrmRCpBVj8p9auFZwlaOxnUlyrRHtfh2VTZIWwdwGR29xXuNRqQ99Hl8873PPfFGnXHhLV3a1DrYzSBoznJHt/OvL5fYzagtz0qUpyWx3eiyrJ9mnZz5kkhzhtuBj0/Oumi5XbehnKU4TvP8D2zwh4qEcq6fbXKsJoFZTM/OR15/Hp7VknOVT3WmaOpBrbU7zSvGs1raFNShKkPt8+I5Xr+n0NelOneN3a/kY05JStc+Iv+CpF0L1/hnMrI6sNSwyY5H+iV87i5XtfzO+imnK59F+Gtdj13SlmkdLi7kBUwouCpz0A/ma9lYf2ivFnmScpvUvz3b6FfWMhXLxqzNsPC5GP6n8q0jh5N2RvaC1sdl4L137auOWlLb2f+Ik9ifpgYq505w1kTLk3idFd3EjSiKzjCsrkidvuZxgj3/yKylK8fITqNS03OQ8RWiRGR5rkwydRsATGfSuF0bPmptnbCpz+7JWOS0LX7aO9mF6pupEchc5YkfyrehNN8lVHPVlCDumZPxG1iW5sYYniMdsSRG5ILkdcEdeOma9CappWR5jrqtLlRxHhzxNdeGtTjns2KA8OOoI968qvR9pFnoUcRKg1FH0X4H+JEfiKGJfNTzimSrdeK+VrUZU27n01KrGrG99T0vTNRVEXc2GJ446Vxas6Er7s3ra7Vx1yT3oa6IUlbYfdp5kLFTk96lRlHcwbbOM1fw/cSMGaXjqOMUpTnJWM1fYxJPDRu5GWVsjGMDjNK7S1RtZx1INV0GWCBFhyixrgBf8AP+cV006kdmjeHdogsFynlyOWYY5z2qpRV7o6ItrVGlf6GjQK0M2ZcfxVMVGT1RpTld+8g0vwhqF3lmmXAHC5zmrdK/w7nRLkNRvB17HCzt/CQMDkGrjTko3kJezvqXk8ESyvGjXDRx45AFS6XNrexHtKaLkfw3h3B5DJNtPr1+tdEIWVmxe3i1sOj8OWEFwGFsisvABWlUInUclZBqhSFdpwoIwPrQvejZGaSsczaaeb+8ZyMRr0J7/SvPlCcHuZ2aOns7dYE2Y+UDvRzX0Yrj5WKjAGV9afMo9C0YWrX7RAeVwOhNJ2lotBN2RwPjrx3a+GdMknlZvOAwqLkkn39uKz9k1rc5tXdo+Q/iV4mu/E2p3Fzcu3lElo0KgbRn2/DrXTFuLs3ocspvWLMLRIXt7iI8lcjJHUA13QpSjJOKueXO0XsdrFGLd92GJkTGBySc16EU+a7ug5YLc8z16xOn+IWEf7tXO7BNaNQhP3ZXM509PcZ6T4W1DzNMjjB5HBJ9a9tVOZI8rENqNkXtZ09dd0mazf/WDEivjPzDp/X86zrL3bxROHr1n7stvmYekxS2oEJ4khlxhz9P6V48alSUuVs9WeqTO70a+Npq9mwiRRJExbAwQa9WhD2L52jDSb5bI9p8H6za67Hc6dJEQSiy4xkFa2VdNvcl0+RrufGv8AwU2sm026+HdupPkBdQeMZJxn7Nnr9K8rHNNxt5nZh4yTk5O5634U8R/8Ij4+vdFkxCHkaITAHG4cj9Pwq6eKWGnaSIUElqj1R0j1KyNvZJ5jsfmkkPzKfqf5V7VGSxN+R2R582+byNHwpfLb6gLBkH7lFMpzxntz3z3HvWvsoKXLKX4G9SUXC6Z3YNxfxFbd3htHJbao+dsDkk9lGDz0Nc1VxpS5EtAoy5DhfFeraXptm62kTTs4DAJ2J7lj+NaRoT5WmtDp2leLPJpPEN5plxMxSKLe+Qd+7PXr7f4V5kaHs5ts5MRRcnqUPE+rz34SWaVWJGdiLgD0r1ubnguxxSpqjscrcTlgdh478VrTStZmkZKorMhttXutL3T2sxSUdTnrXl4mkpXZXtHQ+A9u+E/x7tGtPseuSJBd7gqSM2NwPTr/ACr5yVBzbcUe5g8UqkLz3PeNL8URzKrKwKEAg5615VSXs9bnr+0i1ozoLTWo3HBI9wetYJueqLTjIJroTd+KteZM432Ej2AZAwSa1kgpp31J7iISw5ODgdxUKK3O1SS0OQ1fSQJhNHhT1PFN1JR9C3JNFe0uwkhSRsAcnNKNTm0Qovsdj4auVQOrNlWPB9K6aSuxSvI9CtbqxTTpPLCGQ9TxXTexyyjJO5jT3ipOr/wg4NTzXRnGLkbdv4lSzttibcEc1Or0OmMUlZnIa5rMTSs+QCO2aiUktLhFJM4+6vDf3Chjlc8gis5T5dUdM/dRrWce0DA4Jz0rnT5zk13NPAA5PFRy2ehN3chuCqxkHnPSnu7CbZ5T8RvG8Wg2csUbA3Tn5FHJA9T6U5qMUTCUm7M+cPEmoz6pdGeYNLK3Ay2cc1lKcYK45J68xwPiD95OqYAOcZPau2lUU0jzaqb1J9MhdI9m0Mvqf8+1fUYXlpqzOJw5ndnTQS5tYpXUkoRlscCuipXlZ2iE5xehxnxS0+K1FhMrZlLFS2M/L1GT/npXnzso3b1OW8UrJ6h4XmKoMHPQ4zXq02lFSRx19Du9LvtvO3aAeT14ruguf3kZKonGzRW8W28aRC9TKfOuV9Sa4MZaNpW2OijJTXKygNRC3FvuJJZtuN5FeJVrKbV0bKKhJaHqHw91ptH8T2kjti3ntGGQDgEEH+h/KvYw9CKim2dTlGOtjwD/AIKZXkN6nw2eKTzCDqYPt/x6kfzrz8by8yUfM0pSUrtHf/EJoLfxULuSYNLHIHeQc5OMdPpisq3L8UHYSi38R7H4f1c3Wh293bKFjZFBlGN2cenT8a+iwU6jhe/9annV6SWyNbSLm2Z4ktEkf5txeVTgZ6gn1616Lo8iumclPcteJfFaz2tzGlwbfTW+XaPvXJXqo7hRjp3PUVyO0XzzRcqt5WSOd8ZMLzwunlQzQtuRFQKec5bdx1+7z+HtV1feXOlqdCqyirHjmr298yRtJcbWDABSO3T/AB/M150oVJtSehtLEXjYbqUjR2kUZkVmC4zjjFdLcoRUWzzXUbbTM2N/3ZBA54yajlckZxVncpXUWyMgdDzWSb1TN0nNaHOag7RSIIy0TDlWQ4P51wzoVJt6aFJOk9D1L4bfFTUNI0xVknkmjB2lZDuz+P8AntXlzoRfQ+io10o+8j3DwT8YdO1i4jtZD5ErAkqW4NeRUpSUrRR380ZanpMWsI6A5GD/AHec+9cnI07NHVFO2hq2t+kgHYD1NZ8zj7ok7M1YJDMoC8A1q9jVuwyS0EpYAA49RVrYx5+hg6jpPnNvCAfSqUuTW50QcYoq292+nEqDwo5Qk8VX1hPY150y/B4wjt41ZnZQOuK351y3ZNRK2pDqHxKsICEZizk8KOtYTqK1zJct9CBPHrXsG+0j743Ox496n2t1obc1ihBJe6jJtlUkls4rnnCTM5tPVnV6ZpEaAFhzx16mradtDG7ZrJCqcYNSvc2HqxZH2o2cYA71qtUS7R1Zw3jzxzb+F9LnmeQLIFyuacUuVu+o1aWx8z6prl94iuprubdK7EkY/wA+9ZJJu8hSqKOkTHkwSzNuDAHOa1dKMtzJ3ktThNaVrrUXQHB7n3rupUOdKKPNrSSbVzYsYkijj3NgAduM19FCnGlD3tzzvaSUt9C3aoZrBrcZDuWAHpiqU4wpNvr/AJkVHczPiCLjUNAid9rKFBDA8rt4PauL2EJpTTOSlF82rOS8M3qxuked3pk8mvUotOPKh1Fr7x3OnyjzAhwynv6V6cY8sNGZRpxcjptsepWZhZVx/CtYSu4tPUtUZRlocLcOLG+8p4wFSXapPJFfNKEvbtdP+CemqcnFXOz0jVoE1XSU83DYaCNh1yckYPp3I9vavVjzTlyRZy1Y1YtW/Q8J/b9mkli+H5ldmcrfNtI6A/Zv8D27VxYylKlbmd73OjDQlG/M97Ht/wASNIeKyEd3A3m8OJIiNrAgHt/9avRxqjKmvd1/4Y6XGUkaHwV1v7XazWVzJthhU4iK7VU9yD34q8H7acPh0+RzJXPQ7HxmyXY0qzgjdZMot3M23YDxuRcEE545+ua7/bSVro8R1vay5VE1NAsLK60KSOSZRc7mSQ4LsTn07Gt5VfaL3Za+htyxceaa1LV+Hv8AwRcsxL3MSAOjdtrhunrtHFea4xlJKto3/XQFUnJaO55F4ntZP7WhaP8AewlcjBJA9efr9eldFTDxjbllf5Gc27b6nOa5uuJj6qe1buN4pMy5YvV7mT5ZHVqqF4ltC3EQ8vIOT6UTpJq63HCTg9DntUgJYgYUgZ57Vhyyjombqbkyv4Zm/wCJqIXLbGOAucCvCr4Vud2jvg4OPmb+oJdWE8dzA3zRnOBXn1sPzK5VKMou57Z8P/iL9vsoQ8zBwBgMMmvJq+0hE+kpSTjqeu6L4i3orOw7ZJrkcVH3mbKPVs7vTtRSSFPLYMpHWrcXYhyu7M2I5PNjGFxnjFXCmRG6loSRWySD7qn0HWplHWxUpMbeaDb3NuxKAMRkH0q4qMdkRGTTMa48HQfY5WdMHH3hWqXPodMp30ORsPAcN5qU11cws0aDCH3HcCs/Yx2exmm1pc6zQPD9rBbGIR4VTkZ7k9awjT9m9DOcZGpbaHGLh3KjGAAMYpczqS1KjNRVmayQJHt6Gqslo2TzaaFa8ZIeVPH1rRQvFl005bnFeMvGNtoGnyXVxOsaKhcBmAzgdOax9g5ayFNJP3mfKHjrxlc+P9YM5L/YgRsXpn1/ln8aqMHB3lsL2kUvdZsWtsrWkZjXk9R6Ct3Ck1zRIVRN6mbqNmTnnHB5HepvpynPUclqtjzmb9/q92TklZCK9vCuEYq+5wylGW5oiIvHFtcBs8KDg16M6bqo86UeR6mtoRa0mmBcBAoY5HPXHWs4wUFa5zVIyq6JEeuQrLol3AwU4Dkd+tNU41FZFxpOk7zR5RpKG3njKncFbPvXZRbhoiKz5lY7ixuD5KSA/MOq+hr1aS6yOenFxep0+kXCMByBLjAHetpTj0CbbeqMjx1ZltMivEx5iTKH9xnrXkYxc65om+GlK/vMbpkU0j2NyikywXBZVHfjH9TXjqlUk04o9a+iaZ5H+3hPJNB8PxIoV0jvVODnnMH+fxrbGfBTT31/Q1i77n2d4q8Px6xo8LuVMQtkc+XgjJ4OD/8AXrvnF1HyydgopQXY+ZdCvp/C/wAQpYbiXETORksQrDjj/wDXXmQc6Ut9DGUpTk0j17RdNuPE+oyC0vFtWtyrCZeThs4x+mPrX0tJe0djxZxlCd47nZeG/teirJEtyChkKOyrg5B6kn1/rVrng3FaourUny2WhqRXzJdMi7W+1AjdI3AIGM4pTpaXMXNuNmrnn2uTosscbSMHtCY8AcEe/wDn8KrDU25+8c9WKORvGyGYtkHmvRlCmZ0qN5XMr7Thyp5TvxXPKMUjvlCyGXFyOAo61xqUlIzUktGZWor9oGAc+tdN42ubUnCL3MQyvp+oROCFQEAnH9a4aqc3rsdztFaM79LMNEpmk3B1DDaO1eZUor4QU5U3eoyvomsv4a18JM/+jyNkE9ATXx+M54VLWPRp1efc960DxFDNbhWHyMmVYc1nOUqsT11UjBWN3RPGlzpN9FGVMkUshXa3JANcdGVSDtJGcpq+1z0rTPFcd2wQSBXBwQe1du7uXzrodTZ3KsQN/wA3YGk22aK8tTRhuAqgNk1SqWVrE8tySTN1GUI+U8nPetIyS1JS5Xcp3XlWKAIoXB7USUmrhZyepnLqUanqBz/CKiMU9Lmz0RZi1mIoedp75rOzvojHfcG1iIBmMoAA6Zq407q5olE888efE6z8P2ju0rZXoicl/b2qopN2eg5q3U8C8Wa7qPj0eZdSmCAk4iXnA7D/AOvWVSU4S2ONrmeph6b4bW3ZAVyqkDL9q8+WIqt2a/IpQs9Tr4bT7NGqhdgPzDB4Nelh5aXaCafRmRrOI45GyAUUsR7V6EVHdEXbWp5ZYyCW9mdvlEkrsGA9yRXbSi5K9jza8dbo1o4xtypyy85r1qPubs5efuXd0jTCBUCiRPmI74rCpGrUdofoXGUXLQW6sjdi7EoA86Esg3dxW1Op7P8Ad1UctSXM2zx+23w3exjtKOQR+NXhqEXUSTMG3NaHW6ZdbyATgd817soOCOinRag3I6HSrgxz/KdxA49KFNSjynlS5ue6Oimt/wC0NLmt2TzSy847H2qakeWi01f/AIY2gpRkpHEmK4t4/I3GCSGVXB6kAfzrxqMlFNXPT9o3bQ8e/bPumu4PBrkEKJL9Vz6f6P8A415eKbk035nVST1bPvXSraeTw3FD8vmGF1IdsbQv+T1r6P2a5eZWucEKnLLkPCPjX4O+zpa+IbcPI7QKJAgBAbcVP0HT8zXD7GMleW6NedI2fgpqk891dxLsBktkckDBBU47/XFejDEKmvdlb7geDp25ktT1Cwtre51LW7W6LRRyquBn7jEZBrZST1OJuN9Hqc3a3txZz3VpNGXktDyAnJH8J5z1GOfeo55VL8kretjOVOa1aOa169+36m8yIqJNhnPfditaSlHVtHDVjqmczettyjHk8kiupy5hRq1E9FoZpKkHg49KwlG+jOv2jktSOb5EyOnXkVlKCMVC8rlGaRdnGdx9azk4xWlzrhyoxr+1+0IeOnoKzupR1NH77PRvDDJrXhqGeWIrJCfLPccdDXkylNyujviotbEWvaFb3trIG+WUfdOAMDtWOIg68eW33nQp04rb+vvLfgfxNNC7WbuRLCNq5718r7NUZWmjspy9prFaHq86vPZW7xStHMgDLtPU46H160nOzvE61toJbeIZ9Iu7WOe4KSO33z2z681083PG9zWLkkd0PiRd6FJCsiR3FsWG6Y5+X68/zrBppaND55p2kjstI+JFpewmVZBtXkg9qxSvuxvR3uh+pfFG2gUHzUCEZ3ZyP51tGKhq2RzpddThtd+NcHnv5ckbIg5Kg4z/AJ71rzRt8ISq8voc4vx0a6DmCBXI4wQRn361DXKtEc6qRk9CjcfGHUkAC2+9WOGxn/GueNOV7S2OjmdtWVbr4mazqV7Da2cZ/eIFJdTwfzrVqMdYMlVIyewzxJpGo+QsV8yF5BvyGJAI6/zqKNKM7zW5tzJuzMi205iB5aZOOQBgVNRvZoOSCe5u6fpjADpv7gjvXJTl71mgm21oWntwsWCuNvAAHSvVjCDW4qc2nZs8y+I2pFkaytp1XcNrkDn6V1wpqbSvY5MXNx1icbaxPCsXzbwDyK+jhSjGmkjwqlWclqatq8T3ohMipI8YKKSff1rnjJudmtDGmpP4i1LukiWSNHVYWwXfp6VtOpUqStBaeZ0qCT3J7uPMNq7lwUJXdHjJHXmtouy5qu5Cm1KzVzyvxDY/YdZmZOBJJuVT15rOhUlzqxc4Jao0dHtpp8qsZY+g61606s5aaIxdPrc6KxhazZSyMWB6Ac1nGq4v/I45w5XfodVZXSptkYlMjGG7e1ehGU5x1WhjzyT0MvxdCRYXV5Ft2qBjkEnn9K+cxnNSk3Fo74Vea173PnT9r8ytYeCGlYsWW7bn6W9eVVT5VJ9f+AepFtrU++/B0x/sy5GCiwTTW5B+906DHX8PSvo6yknyrY8VU3Bc8mc/4l0o654EtgAqEh1QKeeOcD36irlCNOHvysa0qMamt2eM/CfVptD8Ty2gIkMkTqAF+bkjjd1xgHjpXkNcstE2d1SU4K0Vc95IS51WZ/mWWWNGYvwOB/n86+mXs0k0zyHTcXzSiUPFb/2fPBqcUYjbHlTu55bjCk/oPyrnlNSahFLXsP2jlpNnmd5O3mlkxhnLZxx1JrthBQjqefXs3uULiEMA/mDPcVScXojSLio7mW6NuKqc0S0WolJMYFMg2OQfp6VzyfY1UuRaIqGIB8NgYNcs1NrYhye5QuUK7wD19KqlTutWdEU3qdb8HTLd6jqumZJRoxMhPPPcAfrXBVtQl7up203y6SOq1bSRteCTKtG2M5GTSlSla82dCikvd1OO1VG0rWor5R0IUgdTxya+fxVJTex6NGy0Z7V4db7bp9pcKwk3Rg8duOleJVpc0eWmzt0b91nQN4YtdTWMzw7mXkBucUoxdGFpO7NHfuW7nw1HNpUtoEIGNygnHI6fhWEXZ66Ilttq7DRPCMy6OEMgVmXll60pVE3aJKhzTumczrulPbQpBIiF1Xhh/OuiCvbmNnTi3dnN6Poja1ePbSO45GUA4+pNbupG9kZtxW6Og134fXOl2aR6bp013dngBMfjnOKynUexMaSWrRyEdjqVhdG0v4JrXHJDDKDjoD/nrWr9pHUhczdkdJ4Usi+oF4nQNCQTG33iPp/nkVz4iTgtjSMLs9F8S6Qt9ZW8jxO0iq3IOPTrSwtW10aqLcrHH6bpTQy9MjrhuxrSrUjJ+YqsWb1pp8h4YLtHvUOjOSvEFblsZXie4j0rTJZm+R14HuaunSqJlSglHmT1Pn3UpbrUbzz3JQM2Sor2qFKzVzwqtZ3akaFvbqygrgbPU16/tfZKxzvll0MrV9i6mLoZ3r0JqoycldImUY97G1pFzc3unSvndCELEsegBxkVdDms7h7qWh1cul28Xh9pY3kafdGwPZASM/mMj8eOlc1ZWe5pSi17zMXXPB1tL4zsJNuYn+dt3OcDNdNOk1acdw5o829y34i0+30S2tWtYYY1kfDeXySSOp56/TFc1WdanLmk7/ec9Vq6TMWBZJL622gozqTgDIH1z9K9GhFu1Sd0jOdrWOms7aJ59Q3J5wLKVwFBGV7Z/PFdM8U5e7DY54pRexzmsQtqmnv5cIhhD+VJgZLY7mvGqU5VptNnRzrRxR87ftlWzWtr4IQuJAFu8EfSCuTEUpUlFSd9/wBD1IS5kff3hUSQ3l5aIYtj3WPmXJLHnjnr+fSvoaUpSaU0eXKv/wAu7L5lhPJh0K2hdUIWW5iJ7dD/AFwOaddRlo1f1OnmhRhofN3iVj4b8T6Tq4UQRXO6B2iQBSw6j3IAHHpXlVpOE128jGnVlL3pbHrVrdNeWenT27bkltzGQRuOQ3TP+elesldd0TVnNa9PMueIZln8K3Hm8OF8tthxznj/AA/pXTQhHm109TjqJT2PKCVxkMQRwVNdrjzfC7nE0r6ledgce3SpjT5XcFGD0KU7cZRsH0qausSuRIoxMWJY5B9K44tx3OiMo2sLK+4kYzW3vTVmUoqTIZ4yMZXAPtXMpxi7SudjnBaIu+APESeEPHOnag4/0bc0UygZLKwx/PFZVFSa5mZzblE9Z1+ddW1NrmBAYZF4CrwSOh/KvOnOUle9x0asoq1zhvEljJPvIj/d9RiuavFyhc9eFRdzovhX4jH7zTJJtrRfMqMeDz2r5WopQdkjrp2vds9v8Pz72XIIOP4hyDUrmtqjoV2zoXsxKQApbPcVM5KS5WjTmVrWNKG0ygQ8L6Y61hGit0KKa1RleLPDC6lY7I02sWGWA5WulJxVkVd8xl+FPANtps3muXkctnJ/lWajJrXQp043ud8dPEoUMAB7im0NySKereHLO8tJWngWd9pxxzW0asmveITlfRHM6X8MLWG3ncKYZHcMNvynFKrJVFZguZMsarpxs7VImkaVQCPm9PSvPlBwfunVC6d2c7DZrI5bBwpxg9qfs5p3uKpsWmiLISBnbzwa9KjN2sYK0Vdo8d+KGsGXV47WC5wIiWZVPIPv7V3YanN1b30OCrXjsnY8y1CZhciYEmPdjg+vevVlKUKq00PKqcu5cgIgWRsFg2Nqn39faqqzlzXUdDCE0pWZS1O3m+0rBLGI5dwGCa6aM5J+8rE105P3TpdCttukPEw2llZN0YyM9a6ZTpwV2/uKjJtWOn02F38NXMjANE9srpnsVPINVhoRxOrR33XLZmpLIt7p9vNLDGJkgYELzzjGc16VOKUXGVjzlFRqaHFeINQW402I8HaVyw5x71yVKdOUWnqb4lqMeZIg06FpHt5FleYtIU5AGP8AOf0rnU6cY8rl+J58L1VdnXQaar36CaMBGQA89MdelZOSStE6Ka15bHMGJoVuY12hSz4VRnv3rmak3y09/I6IqMHqj5k/bJTFl4Fc8OyXgYe4MNcmIhUgkqjOik+Zto/QDw6gk17W135WJopwyjjJ6fyFfXU6ak/dPIq0JOXNFo2NFwbe6t3ZQUmfAI9QT/kc965a9OUJa3NJqpy2sjxfxp4Ui8QfDzzbeEvcwyTyxbCAeOSOSMjC9OenFcuIjFQu46+hywp1o9/xMr4YeIrm68OQxSKzXFtPsz6qQP16j/CqwdR/A3957XPTlDlaN7xXqUdrY3sUrvtuyuAmSFYEc5r1VOnJ8s0/0PCqyik7aHCqoCbV+cL3J6130pxguVJHnScnoVpyq7HAwTnNTKXQVO6epXK7sY7CueWuh6MXF/EwEQ2BgMkAgd60jHS7IlC3vJ6EcED7BvYjJ5rkr2VpJlwq22Kzvvcq2Ao4HPJrzPaxqz0Ruo8yvEzr22ER80FgVOeF49qyqyTdn+B1KEuXVHufgy6TVPCNndSAhgojyy4DEcnHqOR+taRodr2MFTbd4yRc1jRDdRSKkS7RyQemK0UYO9OaN4S1scDLoEulXK3cZEcoY5EfORn1/wA9a8PEYGaV0tP68jvp1E5cp7B8PfGVtqdvHFNJ5dzH8pU85HrXh1Wqas0exTqQjHzPVbO3aRS0bqSDjBrhVpysQ77mzaQHeoKD1IrplFRVkOMy5dwq0JU5APUjnNCfKtTohq7sW2tkAwq5xWClfY05U+pOsZ2kEjb707PcSgPMe1fanFJ7sOVkchCocZPFHKitL6nJ+IAd8fPQH86FG+5qmtjBis/nVm4GelEbK6ZhVl0Oa8e+I08OWR2sUeT2/LFFOnPnvExdWFOFpHguozGWae4kcrExxvbq3v8Ay/KvqsJCf8v4HjVZQk72MS6Vt8MkceYkYEg5BP8A9auupGT1UVocEoNPmb0L0Vw08rbYlGCODxkVdOpBq0kjilKftLpaGjrejz6lqFpeb9skWcqBkH3wKzlGFV3izvm3e6Rr+FovLhMT7tvnFX4xy3tUVKSkuWOo1D7R1Hhqxd9ItFJi2+dJFsfkcE/rkGuqjTq06V47jT9rs7F/UbSO2eaLy+BbsAF/hPOTz06j0ruw8XUpylN/1qczvFq7PJtZR7qzJRpN2M7cYzXlTceZxUn951VIurBaHR6JaIljbnGf38TM3165rqhh6KinJ3fyMHD2cLROx1WFNPvLYRRpGZFJ3IpJIz+v/wBeunE00lGFOPboYQqPqzmZtOH2rVl3MrrcbenPI/z+lctCk8O3KW56KjzQuj5L/bGXEfg/Lh3BvVYg+nkV5+YSU3GSfc2pRUb9z6Pt/wBsP4W219qJi8WmKOdYyHGm3XLD/tl2/rXqRx2Hpu8ZP8ThlSqr4UaGj/tm/CeF7v7X4uZw8quG/s27y2BjtFWk8dh6mrn+D/yNIwqtWlH8v8zM039q34SR6JHZP4ySFGlkVkfTLxisZ6ZIh9PSuGpjqcnvdFKlU6nk2kftBeCdF1u9aPxFHJZzkfdtLnYMEkYBjB/i64B4rFYqnTl7lrehTwyXwnYeKP2m/hjq2i24i8TF7tWUmEafchUGORkx/wCPU1631/CWtfX0PMq4OrLpf7jlV/aE8AoQf7f6elncf/G6uOPwi+3+D/yMHgq9vh/Ff5kc37QPgKdQDr4UDoPsVxn/ANF10fX8C2m6n4P/ACGsFW/l/Ff5jI/j54BjOf7e3DHQ2dx/8brOpmGCTvCV/k/8hyy+s9V+Y8/tDeBFQhdawc8f6JP/APEVx1MzpSVotmtPB1VpNfiYep/tD+HAm201VZB3/wBGmGfzSvOnju2v3nZHCJPVfkU7b48eGXjzJqgjkz/FbzEfolTDE07Xej9DV0XH4F+Rpp8d/BU1sEl1plbp/wAes2P/AECpdWnLXn1+f+R0x5mrSR6l8N/2vPhrovhldL1nWWfyGPkk2Vw+B25EfT2q44lJfH+ZwPCSi24HdQ/thfBK5091ufFixXDKQuNLvDt9j+5rqWNobz39Dnhha0JXt+JxsX7VfwqSOa2l8SrNCHJikGnXX3c9/wB1W88dQaspaejPQhTmltqcdq/7SHgC2umudK8St5gcOoSzuV6HpzGK+YxsYVZXp6mkHWjK/L/X3np3gD9vTwFb4TW9bFvg4837DcOdv/AYzXkOhU57pHp+15466Hp1n+3z8D0iHmeNdrjp/wASm+P/ALRro9lLcyi7PVl5P2+/gKwG/wAcH6f2Rf8A/wAYqXSlLc6lWSJl/b8+Aan/AJHs4/7A9/j/ANEVHsZrZDjWj3JU/wCCgHwDVcf8J2Pp/Y9//wDGKp0ZFe3j3HN/wUB+AJXA8eY9ho1//wDGKhUZroUq0Fuyhcft+/AkqQnjgt6f8Si+/wDjFaKlLqvyLlVpS6mHf/tzfBC5fI8b5/7hN9/8YrB0qt9tCHXh0ZUf9uD4JhTjxnvI6D+yr3n/AMg0exq30RzynGTvc8R8ZftX+BPFetG4k8RSC1ViFi+y3BBHY/6sV6tCKjbnZ51ZSnLTYxZ/2i/h5M8CtrZaJXBY/Y7jJH/fFfQfWqNOCUHqctSlUduVD7n9oz4eTToP7fJhiztLWVxk+mf3dc1PGRcn7TYz9hVlpIlsv2iPhtHaTeZr6eduJQfYLg9/+udTKtSs7P8ADzOp0/dUUjdvP2pfho9zaGLxHmJVKyE2Fzn/ANF1ar0VGy0+RMYVL+8Osf2m/hhbapfTN4sPlTSCQY066A4/7ZZzShUow153f5/5G04c0eVFuP8Aan+F1tYXdunipjm4E8OLC6yM9R/qvxr0KGOoxTU5fmSqKitCxd/tb/DGeZH/AOEodjsAYmwuueen+q+pqvr9CEWov8Dkr0JzmnBHFp+0f8O/tEg/t7ZCGbZ/oVwcgnj/AJZ15kq9Kcubb5FKNdKx0unftM/Ca20iJZPEga5O3eh066yMH18qvQpYnCRS5n+H/AMPYV27v8zdvf2t/hRd3drOfFhXbvDBNNuspkZBGYfUV1PHYRvm53p5P/IFhptarUwp/wBqT4YPqd3Ivij93I6yLI2nXRyQMY/1Wf8A9VefWxtKpsztpQnFWaPnD9pb4j+G/H0Xh+Pw/qP9ofY7i9aQ+RJHtR/J8v76rnOxjx0ry8RUhNR5f62OiKs2f//Z',''),(97,'11/15/2016 06:02 PM','11/15/2016 06:04 PM','110.138.155.203','Karim','6','','','iVBORw0KGgoAAAANSUhEUgAAAj8AAACWCAYAAAAxIOk4AAAeXUlEQVR4Xu2dCcwV1dnHDy6gYF1YxK0oLgGkSP0SBJdCqQvUikr4DFpUarUaNWopWjGKC7YV2yJqjbWhamswbojQSqja1lKpARpF3MBdFKlFYgtIVUT58j/9zs15h3vfO3Pv3Dsz9/xO8oZ3mTnzPL9nzP37nOc8p8OWLVu2GAYEIFA3ge985zvmt7/9bWmefv36mZdffrnueaMTdOjQofSrJP/5zpkzx4wePbp074wZM8w555zTrn1f//rXzYIFC+w1Tz75pNHPDAhAAAJFJ9AB8VP0EGJ/1gT+/e9/W1Hxl7/8pWTKqFGjzO9+97uGmHbwwQeb5cuX27mXLl1qvvrVr1Z9jgTMiBEjzKeffmqvHTNmjJk1a1bV+xA/VRFxAQQgUEACiJ8CBg2T80Pgueees8Ln7bffLhk1fvx485vf/KZhRvbo0cOsXbs2djZm8+bNplu3bmb9+vX2nj333NNmpHbdddeqNiJ+qiLiAghAoIAEED8FDBom54PAySefbObOndvGmGuuucZce+21DTUwqfg57bTTzP3331+yafbs2W2Wv9oz1vfxkUceMfqZAQEIQKDoBBA/RY8g9jedgLI8xx57rHn99ddLz95ll12MamqaURMzZMgQs3jx4liZnyuuuMJMnTq1ZOdVV11lrr/++tjMJOSuu+46e30zhF1sw7gQAhCAQB0EED91wOPW8AhoOWvChAlGdT5u9O/f3yxcuDDWMlIaxOIuRU2cONHcdNNNpUdOmjTJ3HDDDYlMQPwkwsXFEIBAQQggfgoSKMzMloDEjkRPtJbnpJNOshmfZo7vf//75pZbbrGPnD59utHP0aGlLRU1u3Hqqaea++67L7GZiJ/EyLgBAhAoAAHETwGChInZEtAyl4qaVdzsxsCBA60QirPTKm3rfUFyySWXmJtvvrnNIyTUevXqZTZs2GB/rxqh1atXm+222y6xKYifxMi4AQIQKAABxE8BgoSJ2RGQsFDdzCeffFIyQoJDoiDObqlGWK4t9cOHD7dTDxs2rM0We/1OgmzZsmX27x07djSPP/64va6W4Yufyy+/vE39UC3zcQ8EIACBPBBA/OQhCtiQSwJPPfWUGTp0aMk2FTVLDKmZYZZDmZ3ddtutZIIKkZXdufDCC61tfqPFuH2AKvnj7/YaO3Zsm11jWTLg2RCAAATqIYD4qYce97YsAS1xqbB43bp11sftt9/eLFmyJJNlrnKQd9xxxzbZKF0zaNAg8/e//710+d133123UEP8tOwrjmMQCJoA4ifo8ON8OQISPlpWcju6lPHRMtK+++6bG2B9+/Y1r7zySkV70mq0qB1iN954o30OW91zE34MgQAE6iSA+KkTILe3FgEJnkMPPbTUsVnCRzU2WRQ2t0fWr8WJXtelSxezatWqVGqSKHhurfcbbyAAgf8SQPzwJkDAI+BvI8+r8JG5jz76qNH5YdHRqVMno1olLYGlMRA/aVBkDghAIG8EED95iwj2ZEbA30UlI/J6nIPsVC2Oq0fygT344IPmlFNOSY0h4ic1lEwEAQjkiADiJ0fBwJTsCGi5S52a1Q9HI4vmhdW8l406aiLa18fdN3nyZDNlypRq0yT6O+InES4uhgAECkIA8VOQQGFmYwmozsc1Mdx5553NypUrU6mZSctqZXvOOuusNqfH+3MrE6RMVdrD3zqfxu6xtO1jPghAAAK1EED81EKNe1qKQHS5a+bMmWbcuHG58LHSsRrq1rx58+aSjdqNdsghh6Ruc9xzxFJ/MBNCAAIQaCABxE8D4TJ1MQj4HZH3339/88Ybb+TC8HKHqKoIe+TIkeaBBx5oY6O6OOuk+bQH4idtoswHAQjkgQDiJw9RwIbMCKh+RgeWakhYaOlrv/32y8wePVg7ubTEtXbt2jZ2qA5JJ7X7XafdBS+++KKtWUp7IH7SJsp8EIBAHgggfvIQBWzIhIAOLFWtj2tmmHUTv0pLXGquqCyQhIifpVI/n40bN1p2iJ9MXiEeCgEIFJQA4qeggcPs+gn4RzfolHb/1Pb6Z082g3ZV3XLLLSUh5u4+77zzzB133GF/lABSRshlqXr27GleffVVxE8y1FwNAQhAgCaHvANhEpgzZ44ZPXp0yfknn3zSZlaaPWSHlt2UhfKH6neuvvpqc9RRR5V+reU47ULTUJZq1qxZ5qWXXmqo+OnQoUPp+f/6179ytQOu2bHieRCAQOsQIPPTOrHEk5gEtLzUu3fvUpblkksuqdg7J+aUiS+T2FEWRzvN/KEMlOqQokLs4osvNr/4xS9KWR/dL2HUTPGzZcuWxH5yAwQgAIE8EkD85DEq2NRQAn7vGtXTaLlr1113begz3eSVGhWq2FpLXzpeo9zwT3G//PLLzdSpU82BBx5Y2pnWqJofP/OD+GnKK8JDIACBJhBA/DQBMo/ID4Esj7BQRkcdml2BtaOizJOETyUB5tf6bLvttqX+Pp07dzYff/yxnWbevHnm+OOPbxf0Qw89ZO655x7bD+jHP/5xrKAgfmJh4iIIQKBgBBA/BQsY5tZOIKsjLCp1Zx42bJgtYq62td7f4eXvSEsifm677TZz0UUXleANHjzYLFq0qF2YOiDVbatXZioq2mqPBHdCAAIQyJYA4idb/jy9iQSGDBliFi9ebJ+oD3PVzTRyuUvLaSpmjtb1aKlNWSDtNqs2/ExV1Oa4y14670uiyR/K6Lz11ltGtlQa/rO7d+9uPvjgg2rm8ncIQAAChSCA+ClEmDCyXgLNPMKiUr8eiRfV9GiJK+7w65PGjx9vM0VufOUrX6la8KyGiaNGjSr7uAEDBpjnn38+lviJkymK6xPXQQACEMiaAOIn6wjw/IYTiO7uauQRFpX69VSr6ykHQZkp7UpzQ5kaf4msmviR3+oFtGnTJjuFxNcVV1xhJk2aVJpTh6FWykD5J7pnsSOu4S8GD4AABIIlgPgJNvThOO43M2zUcpcyMipmjvbriVvXUy4avvjQPNHls2riR1kmNU7U0EGoWrbSMt93v/tdoxPaNfbaay+bPSq3/Oc/P+vu1+G8rXgKAQg0gwDipxmUeUZmBPydUjIi7WaGlc7h8o+kqNV5CZbPP//c3l4uQ9NezY+yPr169TIbNmyw96vY+dZbb7Xf62+yb/369fbnSktavniaPn16xW34tfrHfRCAAASyIoD4yYo8z204gejZXWku3SgLo0xPNBujzJKKmVWrU8+4/fbbzYUXXmin2GGHHUpb2v0529vtpTPL3HEdX/7yl80777zTxpx7773XnH766aXfRZfU9AcONa0ngtwLAQjkmQDiJ8/Rwba6CPgf3mk1M6zUmVmG6hwuNR9MYweZb/vYsWPN/fffvxWLSuJHokfix43f//735oQTTtjq/n322ce899579vdaGlR2yR+In7peP26GAARyTADxk+PgYFrtBPx6Fc2ydOlSeyJ6rUOiR5kef7eVm2vMmDF2Scg/h6vW5+i+qHipdKZWpWUvf0v/3nvvbVatWlXWnOgOuCgjibh169bZe8tlhurxkXshAAEIZEkA8ZMlfZ7dEALRD/V6inXbEz3aei6RVa1JYVIn29ve7s9VruD517/+tfne975XuqyaaGnvWXR3Tho5rocABIpCAPFTlEhhZywC0W3t5XZJxZmoPdFz0kkn2bqetEWP7Ira316Bdjnx45/8PmjQILNkyZJ23fWzTDo/bPXq1XbZzt9mT3fnOG8M10AAAkUigPgpUrSwtSoBv06llm3tTvTMmTNnq+McJKSU6YmeuF7VqAQX+LvTVKcU3TrvT7Xnnnua999/3/5KB5t+9tlnbWp9li1bZs/xqja0NCbRo3H22WcbZY/87FmtArLac/k7BCAAgawIIH6yIs9zUycQrfNJsq290u4tGdkM0eNg9OjRw6xdu9b+qF487e0a0y6wTz/91F47e/Zsc+WVV5rly5fbn6PdoNuD/e1vf9vcd9999hJlk1544QUj8Td69Gj7O2W69DMDAhCAQKsQQPy0SiQD96OWOh8tMc2dO9dmc8plWJopehQ+fwnKb0pYKbR+QbJ2ajmxouuTCL9oJ+ktW7ZYJirw1qinZirw1xL3IQCBnBJA/OQ0MJgVn8DKlSuNdj5t3rzZ3lRtmUYf9up8rCWmcieVK2uijEsjl7fKeadjJ2688Ub7p4EDB5b69FQi4df8aOnKbVtvb4dXpbn8k+MlpCQmXXdoxE/8d5ErIQCBYhBA/BQjTljZDgG/ZkVLQf/4xz/K9tpRLcvf/va3stvVVR8kwaMt640oZI4TwKgAqXbqu5/58edPkvVx9/ndnNUMUuJHNUNJs0hx/OQaCEAAAlkTQPxkHQGeXxcBf6u2JpoxY4Y555xzSnO6pS1lVVxxsP9AFRVriUdCI43mhLU6E116qtTbx5/fr/lxv//GN75h/vSnPyU2w6/xUebsmWeeMR999JGdp1KTxMQP4QYIQAACOSGA+MlJIDAjOYHouV2TJ082U6ZMsROpfkbLNuV2benv+oBXtqNadiW5VbXdUcvuqo4dO9odXm4ceeSRZuHChTUZIJG42267lb1XNUAMCEAAAq1EAPHTStEMyJdoF2S3u0mCSKLHnWvlI1ERcf/+/a0gymppq1KI/MzL8ccfb+bNm1c1mv7Bp3369DErVqyoek97F3zpS18qZXvcddW229f1QG6GAAQgkBEBxE9G4Hls7QQkbIYPH14qVu7Xr5/djn3HHXeULWBW8bDL8mS5tNWex8pAaeeZRqWzvKL3u1ondWL+4osvagf6/3dqyUz1Qv6oVDz+1FNPmVdffdX2BWJAAAIQKBoBxE/RIha4vVqekfBxmR0t/WzatKksFWWDJHrqOdOrWbhrET+yTSLka1/7Wipmqmv1hAkT2syl4mf93h/KBrlT4rfddlvzs5/9bKv7UjGISSAAAQg0iADip0FgmTZ9AlHhU+4J+mB2u7bymuUpZ7e/zT2rreXRpUTZOX36dCsg3VBd0dNPP93GhbQyT+m/McwIAQhAoDwBxA9vRiEISPgMHTrUdh8uN/JWwJwUal46Kke3z/vb5nXCeyVBOXjwYLNo0aKkbnM9BCAAgUwIIH4ywc5DkxCQ8FFdT7mt6qr1UWai2Q0Jk9gf59padnvFmTfpNQMGDLDnhLnhb7mXuDn88MPtn7bffnszbdo0c/HFF9uftfylYzmKlG1LyobrIQCB1iGA+GmdWLakJ9dff73twxMt6NXylnZ2FV30uKBFt5pntb38m9/8pvnDH/5gzVI9lTs7TD+/9NJL9uwvjT322MM2k/QPV/3Vr35lzj333JZ8D3EKAhBoLQKIn9aKZ8t4o0aFOmzzP//5Txufunbtao+A8BsZtorTO+64o/nkk0+sO0uXLs2kUPuyyy4zP//5z60NO+20k9mwYUMJ7xNPPGGOO+44+3OXLl3stviRI0eaxx57zP5uxIgRJeHUKjHBDwhAoDUJIH5aM66F9UrZnB/84AdGyy3RoQ/a+fPnF9a3aob37dvXvPLKK/ayaKFxtXvT+ru/60xz+hkoLXNdeuml9lH77LOPeffdd21TSRVoawwaNMgsWbIkLVOYBwIQgEDDCCB+GoaWiZMQUM3LWWedVfZ09e7du5vbb7/dnHLKKUmmLNy1fsdq1TKpCLrZI3pkhhM/Wpbr2bNnqa2AE2fRHWJZZayazYnnQQACxSaA+Cl2/ApvvT5UVWdSaadQuT4zhXe6ggO1nO+VJotyW93VaVodp7XcpWUvDdUC/fOf/ywVN/fo0cMWO2vsv//+5o033kjTrFTmeuCBB2ydkkS23jn5unz5crt09/nnn9vlRhVtP/vss+aQQw5J5ZlMAgEI5JcA4ie/sWl5y/RBpJ48K1eu3MrXVitojhtM/4T6M844w9xzzz1xb637unJNDmfOnGl3f02dOrU0v4rQr7rqqtLParR47LHHloqjm7ntXc9ev369rU+SeNSXhvteIkdiJ+6QH48//njcy7kOAhAoKAHET0EDV2SzH330UXPmmWeWrevRh5g+XP3GekX2NantKuS+88477W1qHqgam5/+9KdJp6npenXCXrZsWZt7leWRHW7Xl5Ym77rrrq3mv/rqq23c3FCx+qmnnprIDokU7TTTDrJyQkaTuaxNookTXKxi+h/+8IcJ7uBSCECgiAQQP0WMWkFtVobniCOOMKtXry7rgT581VQv5F4x+nDv1q1bm6394qJamkaO6FZ7LQFpOcgf6u2zZs2aivHp3bt3KfMi0aSzv5TBc8NfetLvlPnTSJqdqYWDaplUsyRhtXHjxrLNMiU8Z8yYUcv03AMBCBSMAOKnYAErsrmdOnUqew7XmDFj7PbqvJ20nhVrHXVx0003mc8++6xkQqOFoV9srW7ZxxxzjJk8eXIbBEcffbT54x//WBGLxK0fQ2WMdtlll0TLTkmZd+7c2eg0ej1XNT3uHDcJaH2vk+9Vg6SlLImvqKBzz9OxHQsXLkz6eK6HAAQKSgDxU9DAFc3sK6+80vzkJz9pY7Y+sJTpQfSUj+ahhx5aOsBVV/Tp08f21PGzKWm9B/4Wd7eTa5tttmmz1d0VP7f3zAsuuMD88pe/rNksiRb5p3fCCRl9794RJ2rKPUDZKy3bKaOkbJK+XA1QuesPOOAAo47W1113HUXONUeMGyFQTAKIn2LGrXBW6//OtbPGjWYWxRYOlmdwtAhZjRB1sGjaJ9X7Z3q57erK3Lgh4bVixYpYKG+44QYrKPzu0LrRLT2pyF3Ddef2xU2cB+g9Urfpv/71r2bWrFl2ifD111+PlWGSDePHjzfKriG649DmGgi0JgHET2vGNXdeDR8+vFTjof/bfv7553NnY14N8pekZOPOO+9s5s6dm9rRHipAHzVqlHVfu81WrVplv9eSlXZSaSirop+TDGVdXn75ZbtVvpah7ee6X0JHX+77N998M/Z0slkiy32lLRpjG8KFEIBArgggfnIVjtY2xtVUHHXUUa3taAO8+9GPfmTPOPNrVsaNG2duu+22ugvE/SMqBg4c2GapTfOfeOKJplevXg3w6r9Tyidf3LjvXbfrJA9WvZIEjv+V5H6uhQAEwiCA+AkjznjZAgRUw6IMxrp160reaFeVlsbOP//8mj30d2lFe/jUPGmFG1WP88ILL5hHHnnE1hN98MEHNqOT5CBXLccdfPDBRs0VNUaPHm0FGstYaUeL+SDQugQQP60bWzxrQQJaSlIPJC17+UMf/CpaHjJkiBk7dmxsz6Nb3HWmWj2tBmSfdn25fjy1Nht0DqjWSEKnf//+9st9r634DAhAAAK1EkD81EqO+yCQIQHtyFIzvs2bN29lhYp6JYJcQbH+ff/9942KzKPZkegWd9d7x5/UCRr3OzUiVBZKDSndsRb19urRsRi+uHHfy5dqQ/VjOmRV9mhEGyHKdy2hSUhpO3x0qIBcQz2o3HD3dO3a1WaYdL++37Rpk1m8eLE92HXo0KHmsMMOM6eddlo1E/k7BCCQMwKIn5wFBHMgkISAxItqgcodERJnHjUudP2E9OGu2h4JmUYN1RSp906XLl3Mt771LaMaHQkdJ1zKPdeJL/9cLl1XTqg1yu725lUzx4MOOiiLR/NMCECgRgKInxrBcRsE8kRAJ8BLBClDoV1SWQ3trnI7qpRxcn154mxnl+iSiNO/8+fPt0XQfnuErHyq9lzETzVC/B0C+SOA+MlfTLAIAnURUKbENfnTEpAyJBIVH3/88Va9d+I8yDUddNdK3KjnjwSNO79Lv4tTK+SyOG6ZLJrNiWNP9Bplr5S1kj1aJos2QnRLWH379q1r2Uu9qlSYvWjRIrvsNWLECNsckWWvWqLGPRDIlgDiJ1v+PB0CmRFQpkjNCDVUu6JDPdvroBzXUAka7chyy1JqRCjRU2sWx2WTnMBytUxxBVdcu7kOAhAIhwDiJ5xY4ykE2hCQiFiwYIH9nbaea7dYteGKi1Vo7WqDnMiptwbHZZhkl7I4eoYOG2VAAAIQSJsA4idtoswHgYIQOPDAA+2hnxo6Y81lVNwymdum7v9br2sui+NqgKLZnHrn534IQAACcQggfuJQ4hoItBgB7fCSEFEdkIa2muuMrPYOAo2LQDu63PKZ+1dF2K4+KO48XAcBCECgUQQQP40iy7wQyAmB9957z56lpi91V3b/1mKeX1ysYzE0qMGphST3QAACWRJA/GRJn2dDIGUCWrJ6+OGHzTPPPGO22WYb89prr5k1a9YkeooyN1qWcktS/r+JJuJiCEAAAjklgPjJaWAwCwKVCPjbxd22dleXk4SaxJGWujQmTJhgzjzzzFKPniTzcC0EIACBohFA/BQtYtgbBAHtpNIBpn/+85/NkiVL7JENqpuppfuyansGDBhge9Loy33fvXv3Ut+f2bNn2wNCGRCAAARCIID4CSHK+Jg7Ak7cuGZ/7t9aMji+c1qy0qGfu+++uxk3bpw5/PDDzQEHHFDW/27dupkPP/zQ/u3FF1+0x0wwIAABCIRAAPETQpTxsakEGtkLR45Et4v7x0gkcVTnaW3cuNHe8thjj5njjjsuye1cCwEIQKCwBBA/hQ0dhjeTgH+yuZ+d8b+vt8mf749r+OdONT/jjDPM3nvvXdpZlYbvPXv2LBVDS7BpOYwBAQhAIAQCiJ8QohywjxInOiBTwz853C0z+Wii4iVNMRMNgRM3rtlf9N9mhEz+TZkyxWZ8Jk2a1IxH8gwIQAACuSCA+MlFGJpjxMSJE83SpUvtIZDR/8t/+umnrRFHHHFEqsa4QyX79OlT9lDJcg9LUveS5NpUHWtnss6dOxsdgilBQy+cZlHnORCAAATiE0D8xGdV6CunTZtmLr300kL7kKXx/snm/uGfLmMj21yzvyzt5NkQgAAEIFCdAOKnOqOWuCJU8aMMTKdOnewOKAkVV0NT7kTwqHhBzLTEq48TEIAABLYigPgJ6KXIatlrxYoVpm/fvkYFtnGGn1mpdr2feal2LX+HAAQgAAEIiADih/cAAhCAAAQgAIGgCCB+ggo3zkIAAhCAAAQggPjhHYAABCAAAQhAICgCiJ+gwo2zEIAABCAAAQggfngHIAABCEAAAhAIigDiJ6hw4ywEIAABCEAAAogf3gEIQAACEIAABIIigPgJKtw4CwEIQAACEIAA4od3AAIQgAAEIACBoAggfoIKN85CAAIQgAAEIID44R2AAAQgAAEIQCAoAoifoMKNsxCAAAQgAAEIIH54ByAAAQhAAAIQCIoA4ieocOMsBCAAAQhAAAKIH94BCEAAAhCAAASCIoD4CSrcOAsBCEAAAhCAAOKHdwACEIAABCAAgaAIIH6CCjfOQgACEIAABCDQUPEza/E75sOPNkEZAhCAAAQgAAEIxCbQdaeO5n8H94p9fdILGyZ+FixfYybOfDapPVwPAQhAAAIQgAAEzLTT/8cM67d7Q0ggfhqClUkhAAEIQAACEKiHQCHFjxxm2auesHMvBCAAAQhAIEwChV32CjNceA0BCEAAAhCAQN4JNGzZK++OYx8EIAABCEAAAmESQPyEGXe8hgAEIAABCARLAPETbOhxHAIQgAAEIBAmAcRPmHHHawhAAAIQgECwBBA/wYYexyEAAQhAAAJhEkD8hBl3vIYABCAAAQgESwDxE2zocRwCEIAABCAQJgHET5hxx2sIQAACEIBAsAQQP8GGHschAAEIQAACYRJA/IQZd7yGAAQgAAEIBEsA8RNs6HEcAhCAAAQgECYBxE+YccdrCEAAAhCAQLAEED/Bhh7HIQABCEAAAmESQPyEGXe8hgAEIAABCARLAPETbOhxHAIQgAAEIBAmAcRPmHHHawhAAAIQgECwBBA/wYYexyEAAQhAAAJhEkD8hBl3vIYABCAAAQgESwDxE2zocRwCEIAABCAQJgHET5hxx2sIQAACEIBAsAQQP8GGHschAAEIQAACYRJA/IQZd7yGAAQgAAEIBEsA8RNs6HEcAhCAAAQgECYBxE+YccdrCEAAAhCAQLAEED/Bhh7HIQABCEAAAmESQPyEGXe8hgAEIAABCARLAPETbOhxHAIQgAAEIBAmAcRPmHHHawhAAAIQgECwBBA/wYYexyEAAQhAAAJhEkD8hBl3vIYABCAAAQgESwDxE2zocRwCEIAABCAQJgHET5hxx2sIQAACEIBAsAQQP8GGHschAAEIQAACYRJA/IQZd7yGAAQgAAEIBEsA8RNs6HEcAhCAAAQgECYBxE+YccdrCEAAAhCAQLAEED/Bhh7HIQABCEAAAmESQPyEGXe8hgAEIAABCARLAPETbOhxHAIQgAAEIBAmAcRPmHHHawhAAAIQgECwBBA/wYYexyEAAQhAAAJhEkD8hBl3vIYABCAAAQgES+D/AGuztQL0lBIMAAAAAElFTkSuQmCC','iVBORw0KGgoAAAANSUhEUgAAAj8AAACWCAYAAAAxIOk4AAAcFUlEQVR4Xu2dedCW0//Hj4YWspQkSVRII5S1SL6WyihLYhJfY89SlvyY/GHLGDIRxtjGvlYmQpb4A0lSTJJSGrTQpMWSFinVb97n97vuOc/V9Tz3ct3X/Vz3dV5nxlTPfV3nnM/rc888b+fzOZ/Pdlu3bt1qGBCAAAQgAAEIQMATAtshfjzxNGZCAAIQgAAEIGAJIH74IkAAAhCAAAQg4BUBxI9X7sZYCEAAAhCAAAQQP3wHIAABCEAAAhDwigDixyt3YywEIAABCEAAAogfvgMQgAAEIAABCHhFAPHjlbsxFgIQgAAEIAABxA/fAQhAAAIQgAAEvCKA+PHK3RgLAQhAAAIQgADih+8ABCDgNYGLL77YvPTSS2a77bYzd955p7n11lu95oHxEPCBAOLHBy9jIwQgsA2ByZMnm1NOOcX8+++/NT4bPXq0GTZsGMQgAIEME0D8ZNi5mAYBCEQTuPvuu80dd9xhtmzZEvnA0UcfbaZPnw4+CEAgowQQPxl1LGZBAALRBP7880/TokULs3nzZvtAgwYNTP/+/c27775rNmzYkHtp0KBB5tVXXwUjBCCQQQKInww6FZMgkCUCn332mbnnnnvMfvvtZ6688kpz2GGHxTJPeT0jRoywczRs2NAsX77c7Lbbbkai6MQTTzSzZs3Kzb9169ZYa/EyBCCQTgKIn3T6hV1BAALGWEHSpk0bs27dOsujW7duZtq0abHYSEQtXrzYzjFx4kTTr1+/GvM1btzY/PPPP/ZnN9xwg3nwwQdjrcfLEIBA+gggftLnE3YEAQj8P4GHHnqoRvJxXPEzZcoU07NnTzv7PvvsY5YsWbIN66FDh5pHH33U/lw3wJQYffzxx+MTCEAgQwQQPxlyJqZAIGsE3FMa5eAMHz48Vtjr1FNPNR988IHFdNRRR5kZM2ZEItt9993N77//bj/r2rWrmTlzZtbQYg8EvCaA+PHa/RgPgfQSUGhK4icYffr0MZMmTYq14R49epipU6faOSSkRo4cGTnf7Nmza4isP/74w+YFMSAAgWwQQPxkw49YAYHMETj22GNr5Pd06tTJfPfdd7HsdE+Svv76a9OlS5da59MtsCDh+amnnjKXX355rLV5GQIQSA8BxE96fMFOIAABh0CjRo3Mxo0bcz/p3r27+fzzz0tmpOTpZs2a5d7Pd5Nr++23z12HnzNnjjn44INLXpsXIQCBdBFA/KTLH+wGAhAwxtx4443b3LLq3bt3Ll+nFEiffPKJvcquccIJJxj9u67hiq833njD1gJiQAAC2SCA+MmGH7ECApkhoBOa5s2b50JOgWEff/yx+c9//lOyne7NsYsuusg8//zzdc7VtGnT3BV7Xa/XTTMGBCCQDQKIn2z4ESsgkBkCblJyYJRCUJs2bYplo2r2PPzww3YOtbZQscO6RpMmTXIVnxE/sdDzMgRSRwDxkzqXsCEI+EvgzTffjAwvdezY0cyfPz8WGJ0aqWaPRr5TJPX+uu2223Lr6TRq1113jbU+L0MAAukhgPhJjy/YCQS8JiCB0a5dO1vVOTxUZVknN3GGrqqvXr3aTrFw4cIa1+jdeRctWmTat2+fC7sVkh8UZ1+8CwEIVJ4A4qfyzFkRAhCIINChQwfz008/2U90yhIIlUJOavIBLeaml5sYrXmvuuoq8/jjj+dbgs8hAIEqIoD4qSJnsVUIZJXAY489ZoYMGZIzr3PnzkbXy4ORL0yVj0sxN72UCH3JJZfkpnzyySfN4MGD8y3B5xCAQBURQPxUkbPYKgSySEBd1JWPE5z0qPDgDz/8YNauXVs28VPoTa/777/f3Hzzzbl1y1FYMYs+wyYIVDsBxE+1e5D9Q6BCBNQWQnkzmzdvNoceemhZVpXwUe2dIM/nwAMPNN9//71tKOqOuCc/hdz0Cgufww47zGh/DAhAIHsEED/Z8ykWQaBsBJT8O2LECPPqq6/WqLZ8/vnnm1deeSXWOurdpfBWcMKjPB+Fp9SCwq3ErEXi9tZy21pMmDDBnHXWWTX2Hg51tW7d2sydO5d+XrE8zMsQSC8BxE96fcPOIFCvBFQHR3Vxom5fqdWDm5NT7EY1p4TP0qVL7auNGze2fbwU8gonHOvzfK0o8q3v1uz55ptvcidX2sewYcNqFDxUcUPZtu++++abls8hAIEqJYD4qVLHsW0IJEXgvffes3kv4SaiO+ywgz0JadmypW3yWerVcwkOhbrckJKbVJyE+HHDaIGQeuedd8ygQYNq5BYp1KX16eCe1LeLeSGQDgKIn3T4gV1AIBUE7rrrLlv92B2qc6NToDitJdz5FHJ66623cj8aNWqUuemmm3L/1loKtbkjzsmPRFbXrl3tdDrNkbjR/OH2Fmp5ocRohE8qvopsAgKJEkD8JIqXySFQPQTcpGDtWqGoe++9t+QTnijLdaKkxOJgPPfcc+biiy+u8WhY/MQtMuieJLVq1cr8+uuv22xNYuj222+vHmexUwhAIBYBxE8sfLwMgWwQkAB54YUXcsYo70W3u8p1q0sTP/LII+a6667LrXH99dfbk5bwCO8ljvhRwvaAAQPMzJkzIx3Vq1cvK3rUT4wBAQj4QwDx44+vsRQCkQTCYuPMM8+0IaFyhn/++usv2zLit99+s3to06aN+fnnnyP34/bg0gOFdGB3J5LgUVhNNtR2Vb3coTy+WhCAQHURQPxUl7/YLQTKRiAq8bhYoVHoZjTviy++aB9X4vTs2bPNQQcdVJD4KaQDu0SOBI8ao9ZVm0eJ1qNHj7a3yhgQgIC/BBA//voeyz0mECV8agtDxcX09NNPmyuuuCI3zdixY83AgQNrndZtQKqHopqaqkbQ+PHj7ZV0CZ6o6/jBAspd2rBhg/1n3GKJcVnwPgQgkA4CiJ90+IFdQKCiBMI3rqISj8uxoQULFhhdHw/ExzXXXGMeffTROqeOqu6sIoWTJ0+2N7V0FX/FihV1ztGgQQOz/fbb2/pAmzZtyj0rYbVu3TqzZcsW07BhQ/vzf/75x/6pEyk9q8/cPejvqjw9b968ciBhDghAIAUEED8pcAJbgEAlCYRzfJISPrJJoS21q9A45JBDjAoMhsVN2Pbw53vttZdZtmxZJRFFrhW3ynS9G8AGIACBHAHED18GCHhEICx8okJK5cLRp08f8+GHH+am06mNEo3DQ2ExnRB9++235uuvvzbLly8v1xbKNo9OiYITorJNykQQgEC9EUD81Bt6FoZAZQmEhU9Syc2yyi0sqH+rF9iFF15oZsyYYf+bP3++Ud7Ov//+mwgEhb0UbtPtsiVLltg1dtllF3Puueeav//+294869Chg/15ILb23HNP+/dVq1bZq+/a3x577GHzia6++upE9smkEIBA/RBA/NQPd1aFQEUJhAsHllv4SCCoYeiaNWusXbfddpvR9XYNhbHiVGjWHMGJUXD9XjlLygPS0M0t/fyBBx7IVYoOrtK7dhdya6yiTmExCECg3gggfuoNPQtDoDIEwh3Lyy18dNuqf//+sYzRjay9997b/vfpp5/m5lLNIc1fyGjUqFGu83wQzkP8FEKOZyDgHwHEj38+x2KPCNxyyy3mvvvuK0lMFIop3BajtvcUilLlaIWcDjjgANO9e3fba+vss8/OvRIWUoWe1qhlhlpnaCg/R+ErnQa5ob4k85sKZcVzEIBAOgggftLhB3YBgbITmDJliunZs2du3qQ6liu/R/k8yuPZvHlzLsSlq+a9e/c2Snw+77zzbDf4fCMcnitUsCj0pZtkGsOHDzcjR460f3erRVPjJx99PoeAPwQQP/74Gks9IiBBol/8q1evtlY3b97c/Pjjj2VtWRHGKYEzbtw4++Ndd93VJj0HeTmFog/XHypUsLjX490r6YifQsnzHAT8IoD48cvfWOsBgXD1ZuXC6IZVOZuUhjGGb3cVemITnicsfnT1vZBWFIH4ka1BQUXN7VaLpk6PB19+TIRAgQQQPwWC4jEIVAsBNwSkExjV1ylEQJRqn8TWcccdZ7777js7RYsWLczKlStLmi4c9irklpgqPvft29euJ7EjkRMM90SokLlK2jQvQQACVUcA8VN1LmPDEKidQCWrNwe7cNeMe8qkekBjxoyxUzdp0sSsX78+r7sl7tSwVEN5TUFjU4myZs2a5d5H/ORFyQMQ8IYA4scbV2No1gk89NBDZtiwYTkzSw09FcMpfNMrbqsM99TKFTJ17ckVP6oHpH9rqIHqoEGDIk+EirGRZyEAgewRQPxkz6dY5CGBcM5NuWv5RCFNon5Q586dzdy5c7c5xanLpW6ozO1MX9uJkIdfD0yGAARCBBA/fCUgUOUEFN7p2rWrWbRoUVGiIY7ZSQgf7UftJNReQkOhrI8++ijvNk866SSjW2Ea7mmXWzOomGKJeRfkAQhAoOoJIH6q3oUY4DsB94ZUqVfMi2EYFj7lrB+kK/lBwrKSqD/77LO8W1NuUHDDy70aT3XnvOh4AALeEkD8eOt6DM8CgfDtKPXXkhhKaoTXK6fw0Z533nlns3btWrv9p556ylx++eV1muKG+1RBWkUWg4H4SepbwLwQqH4CiJ/q9yEWeEognOdTaCuIUnGdccYZZuLEibnXyy18NLF7Nb2QAoduwnU4z8n9rBLJ36Vy5T0IQKDyBBA/lWfOihAoCwH3ZpR7y6kskzuThIsm6iPl0Cj8FXRZL9eaxdblUQXpxYsX2+XDp15Udy6XV5gHAtkjgPjJnk+xyAMCbkgnyTyfKOEzYMAAM378+LJTLrYuj5t7JAZ63x2In7K7iAkhkBkCiJ/MuBJDfCFQrlYS+XhpHd24ckWFTpvUciKJ4V5N1/z5ihK6N8OiQn7uyVihbTKSsIs5IQCB9BFA/KTPJ+wIAnUSqES4S6cqKpjoCp+4BQzzuTV8i6wu8fPOO++Y008/PTdlVN+uYkNo+fbH5xCAQHYIIH6y40ss8YBAJcJd4RtdCimpZo7CSEmOYvp6uW0wOnXqlOsr5u4P8ZOkt5gbAtVNAPFT3f5j9x4R0ClMu3btcqcx5b7BpPkvueQSK3SCoRtd+rcSi5MePXr0MFOnTrXL7LjjjmbdunWRS6qYozgEY+HChdvsj+rOSXuL+SFQ3QQQP9XtP3bvEQG3gei+++6bq+hcDgTK7+nfv3+NOZO60VXbfvfff3/z448/2o/r6uvlXmGv7ZZbbf2+ysGKOSAAgeongPipfh9igQcEwjkuhdTAKRRLONyk99weWYXOE/c5N0x1xBFHmK+++ipySjfnqbaijm6T10r0OYtrO+9DAAKVJYD4qSxvVoNASQTcm029evUyH374YUnzuC8pfKQwV9AFXZ8pv0eJx0lWiY7a+JQpU0zPnj1zH+2yyy5m9erV2zwaDnnVlhRNdefYXw8mgECmCSB+Mu1ejMsCAbdBp+yJynEp1k7NKeHj3uZSCEnCpxL5PeH9hm1U8cSgx5f7rJvorGauM2fOjDSd6s7FfiN4HgJ+EUD8+OVvrK1CAm4V44EDB5qxY8eWbIXEjsJAb7/9do05km6NkW/D4dDbAQccYBYsWLDNa4cffniuztBll11mnn766cip3dBYOUOE+ezgcwhAoDoIIH6qw0/s0lMC4SrGCvuU2lJC4a0+ffqYjRs35mgqcVqnLhIL9Tncaszax8EHH2zmzJlTY0vhCtBRtX2CF9wGqepH1q9fv/o0j7UhAIGUEUD8pMwhbAcCAYHw1fZST2eirrBrDZ0AKTG4VDFVTk9pD26OT5T4cU+H8vUyo8ZPOb3DXBDIHgHET/Z8ikUZIeD+stcJja6jFytUonJ7GjRoYO6//35bwTkNI5zEHHXyIwHXtm1bs2bNGrvluqpNF9sjLA0M2AMEIFBZAoifyvJmNQgURECCQAm9QUJysa0lom5yaeFK1+4pxNhwsnOU+OnWrZuZPn26nS5fjSNq/BRCnWcg4DcBxI/f/sf6lBJwCxrWVfAvavsKZY0YMaLGTS4JBuUPJd2iohScl156qT3JcYcb9go3PB0zZow577zzal3KFVP5wmOl7Jd3IACB6ieA+Kl+H2JBxgiEu7YXeltJ7ymU5dbtERoVLFQIrdiQWaWwujWMgjVVb0inXvpPJ2A6ydJo3759rgp0bfur1ho/svWbb74xa9eutab17du3Ui5gHQh4RwDx453LMTjtBNybTwpTub22ovauX5o66dGJjzt0YqSfpfG0x92nm5wc/LxRo0Zmw4YN9oRn3Lhx9scSRIXcdnNPzcrd/6y2744qcO+0005m8+bNtj6RfBL+Uz+TQP3rr7/M+vXri/oaSrjqRl7jxo3texdeeKE59thj66UmU1Eb52EIpJQA4ieljmFbfhJwr7aLQL6Chnpepz1usUK9V+rNsEpTd0+5dt99d/Pbb7/ZLbRq1cpMmzatRgPTQvOeXPFY6KmZa/fs2bPNzz//bJo2bWrFSsDW/XsgZCrNK7xeIIoaNmxoWrRoYQYPHmwU6mNAAAJ1E0D88A2BQEoIhEM8dQmY2kJc9VmluRSMbj7PkUcemevn1aFDB9vZ/dtvv7XT6hf7ypUrC1rCvTYv8aixePFi+6crWty/60QpCK0VtEgCD+lk66CDDsrtY/ny5SWvotMvhTvru35TyQbwIgQSJoD4SRgw00OgUAJuS4baQjy1hbiU0KwQV6V7chVqW23PuQ1IFeJ766237KMKhbl9uz799FNz/PHH288kUgIx44oW/X3+/Pnmiy++iLutot/XyYsKK3bs2NHstddeNr9K/zVr1mybP+fNm2eU5F3MCISaOLz33nv2Vdka1f8smFfrS/ylNderGPt5FgLlJoD4KTdR5oNACQTCjT2jupXfddddNrdny5YtNVbQCZGEUzX+klPF6aBJa7t27ewv6/CQsJMYqtTJjE6cJGTUVkQnMUGvM/0Z/D0IN5Xg6rK+Eog/ichVq1bZZGklTWsESeNlXZDJIJARAoifjDgSM6qbgBuqOeaYY2qcXig0pLwehbrckdYQl/YbJDHXljPj/jxpz0kEBOEfV7TU9vek95P0/BJEQVmDtCe7J82C+SFQGwHED98NCNQzgXBTzyDJWb/EJHrCt70UYnn22WfNBRdckOjOJVCCsIr2onCS/tRpiCvEKp0vo5OgqNMY/eyxxx4zX375peWiU6VJkyYlyojJIQCB6iSA+KlOv7HrjBAI1/RR1/YnnnjCPPzwwzaHx73FpRMMXf0eOXJkSSEuV8wEtYBqSwCuD7xt2rQxJ598cq3CJhA8de2tR48eZurUqfaRl19+OXGBWB+cWBMCEIhPAPETnyEzQKAkAhIeJ554Yu4URWEs5e7otCec36ImpDohCgSAK2S0eJSI0RxBHkhJGyzxJdUXCvKP3DyZqL+7OT+9e/c2H3zwQYmr/t9rCm8FOS+lXHOPtTgvQwACVUMA8VM1rkrvRn/66Sf7S3bFihX2OvL7779vC7zp/8LD1YYLteKXX34xy5Yts4XjVAG4EkM1ZrRvFZLTKUTSY+nSpbmTHTUbVV0ZFcBLy3BFjMSMau9IUElgqNdWIHDiJP+WW/zQzT0t3x72AYF0E0D8pNs/qd+dQguqNstIPwE3V0YCJriO7daCqXSC7GWXXWbzlzR0/fuZZ56JBRLxEwsfL0PAGwKIH29cnYyhun6tq9aMyhJwhYxWDp++BCJGbRROO+20ym6uiNX23HNPe2Ko0bJlSxOnsJ9Cf6qrEwy3TlARW+JRCEDAAwKIHw+cnKSJagWg/3vXUHhK/+mXmX7xKDQSnDCUsgfNo+7elRwLFiwwrVu3tiGoJMbw4cPNu+++Gzm1wkxDhw4155xzTkkJzUnsN+k527Zta1tJaCgnKKrOT6F7eO2114wSxjUULg0ahBb6Ps9BAAL+EED8+ONrLK1nAgMGDDBvvPHGNrtQvo9Oz26//fZ63mHllx8yZIi9nq6hRO/Ro0eXvIm5c+eazp0754R4cKJU8oS8CAEIZJYA4iezrsWwNBG45ZZbzH333bfNlqq5OnM5+Opm1lVXXWWn0hV/nX6VOlzxoxPDOXPmlDoV70EAAhkngPjJuIMxLx0Ezj//fDNmzJjcZnQTbuLEid6EtyrhBcRPJSizBgSyQQDxkw0/YkXKCSgZ99prrzWTJ082o0aNyuWmpHzbVbU9V/yoK/wPP/xQVftnsxCAQOUIIH4qx5qVIACBBAmo23nfvn3tCk2aNDG66caAAAQgEEUA8cP3AgIQyAQBxE8m3IgREKgIAcRPRTCzCAQgkDQBwl5JE2Z+CGSHAOInO77EEgh4TQDx47X7MR4CRRFA/BSFi4chAIG0EiDslVbPsC8IpI8A4id9PmFHEIBACQQQPyVA4xUIeEoA8eOp4zEbAlkj4Ia91KJk6dKlWTMReyAAgTIRQPyUCSTTQAAC9Uvg9ddft33RNOjtVb++YHUIpJ0A4iftHmJ/EIBAXgLhju5xO8TnXZAHIACBqiaA+Klq97F5CEBABMLiZ8KECeass84CDgQgAIFIAogfvhgQgEAmCMyaNcu8+eabVvR06dIlEzZhBAQgkAwBxE8yXJkVAhCAAAQgAIGUEkhU/IyfvsT8vnZjSk1nWxCAAAQgAAEIpJFA86YNzTnHtE1sa4mJn8nzVpj/eXlmYhtnYghAAAIQgAAEskvggf8ebk7o1DIRAxE/iWBlUghAAAIQgAAE4hCoSvEjgwl7xXE770IAAhCAAAT8JFC1YS8/3YXVEIAABCAAAQiknUBiYa+0G87+IAABCEAAAhDwkwDix0+/YzUEIAABCEDAWwKIH29dj+EQgAAEIAABPwkgfvz0O1ZDAAIQgAAEvCWA+PHW9RgOAQhAAAIQ8JMA4sdPv2M1BCAAAQhAwFsCiB9vXY/hEIAABCAAAT8JIH789DtWQwACEIAABLwlgPjx1vUYDgEIQAACEPCTAOLHT79jNQQgAAEIQMBbAogfb12P4RCAAAQgAAE/CSB+/PQ7VkMAAhCAAAS8JYD48db1GA4BCEAAAhDwkwDix0+/YzUEIAABCEDAWwKIH29dj+EQgAAEIAABPwkgfvz0O1ZDAAIQgAAEvCWA+PHW9RgOAQhAAAIQ8JMA4sdPv2M1BCAAAQhAwFsCiB9vXY/hEIAABCAAAT8JIH789DtWQwACEIAABLwlgPjx1vUYDgEIQAACEPCTAOLHT79jNQQgAAEIQMBbAogfb12P4RCAAAQgAAE/CSB+/PQ7VkMAAhCAAAS8JYD48db1GA4BCEAAAhDwkwDix0+/YzUEIAABCEDAWwKIH29dj+EQgAAEIAABPwkgfvz0O1ZDAAIQgAAEvCWA+PHW9RgOAQhAAAIQ8JMA4sdPv2M1BCAAAQhAwFsCiB9vXY/hEIAABCAAAT8JIH789DtWQwACEIAABLwlgPjx1vUYDgEIQAACEPCTAOLHT79jNQQgAAEIQMBbAogfb12P4RCAAAQgAAE/CSB+/PQ7VkMAAhCAAAS8JYD48db1GA4BCEAAAhDwkwDix0+/YzUEIAABCEDAWwKIH29dj+EQgAAEIAABPwkgfvz0O1ZDAAIQgAAEvCWA+PHW9RgOAQhAAAIQ8JMA4sdPv2M1BCAAAQhAwFsC/wsE7GTzZp3StgAAAABJRU5ErkJggg==','/9j/4AAQSkZJRgABAQAAAQABAAD/2wCEAAMCAgMCAgMDAwMEAwMEBQgFBQQEBQoHBwYIDAoMDAsKCwsNDhIQDQ4RDgsLEBYQERMUFRUVDA8XGBYUGBIUFRQBAwQEBQQFCQUFCRQNCw0UFBQUFBQUFBQUFBQUFBQUFBQUFBQUFBQUFBQUFBQUFBQUFBQUFBQUFBQUFBQUFBQUFP/AABEIAV4BLAMBEQACEQEDEQH/xAGiAAABBQEBAQEBAQAAAAAAAAAAAQIDBAUGBwgJCgsQAAIBAwMCBAMFBQQEAAABfQECAwAEEQUSITFBBhNRYQcicRQygZGhCCNCscEVUtHwJDNicoIJChYXGBkaJSYnKCkqNDU2Nzg5OkNERUZHSElKU1RVVldYWVpjZGVmZ2hpanN0dXZ3eHl6g4SFhoeIiYqSk5SVlpeYmZqio6Slpqeoqaqys7S1tre4ubrCw8TFxsfIycrS09TV1tfY2drh4uPk5ebn6Onq8fLz9PX29/j5+gEAAwEBAQEBAQEBAQAAAAAAAAECAwQFBgcICQoLEQACAQIEBAMEBwUEBAABAncAAQIDEQQFITEGEkFRB2FxEyIygQgUQpGhscEJIzNS8BVictEKFiQ04SXxFxgZGiYnKCkqNTY3ODk6Q0RFRkdISUpTVFVWV1hZWmNkZWZnaGlqc3R1dnd4eXqCg4SFhoeIiYqSk5SVlpeYmZqio6Slpqeoqaqys7S1tre4ubrCw8TFxsfIycrS09TV1tfY2dri4+Tl5ufo6ery8/T19vf4+fr/2gAMAwEAAhEDEQA/APuvfxnjArJtIBGlwM5yaOcaGM+8entUN8wHzT+3rpy6n8Dn5zJbahFN5Y64wR/WtKU+R2IaT3Pz20/wY15cr5wEWGBIYeldE3ezKWh1Z8D6ZZnzDN5zk52kYFRKSvqy467ENzFFBKfKjCJ2wKpyuDTZl3Fy27Abk9hUOfKyeVmc0Uzu2C3zc80e0iPlSRRm0+7D7hIw7bSOtTVTlG8XYzinfVmtZrcWqr83PtSitNTVxaNeO9eeP96oJHfFTZxQk0tytcxOoLDG3vWadtzVTfREMSRvhiQP1rqvFEXV9Rk9l54DIwBHrT55dGRyX1NvSWWCH94VyPes3LuyZJbM1bDxVDocsskdsk5dfLPmcjHfApzipx03ErRWh9e/snfEiC38F6hFaqq3Ek58qBeFQnl2P6YHtWUW0+UwlVg9GfUvhmQ2tjFcvOHvWHmM+eQetaOKe4lFpaHaaJ4xOp5XejSLwccZqPZJFXujeS8jupY2eTBjGTngZNaRtsc8m/tEV3Et9JttirXMfO8NjZ+I/L8TUOK5vdFB30Ni3QxwopJyAOtaHZBWRJQahQAUAFABQAUAFABQAUCuNaQKCfSnYydQxdW1NdjBXwOnB6/SjRocY82rRyF5eeY2GJOKztY1tYqu3y5Bp3KsQnk5pDPza/4LHf8ANIv+4v8A+2VUkJn6JmQEjHI9q53Z6hYgmvUiX53A5xSWobHmHxV+PWh/DaxHnStc3shKRwQDc2ff0olSe9zKdRQVz47+K/x71/4l2RsHRNN0yRuYDh3YdRk9ux49ueK6YUoSj5mMKrqaNHmLyeUQ+VLDqTVOLjozVKxk3viF334A3dFqW0t0Wqj2SOa1LVdXlGIoGcEcBR3qJPsi+aSV0yCG31RkBnkET5ycelNx5l7xk5VN0zQty1uozIXI6lqfKhKUm/eYo1ceYU4yO+OlaRTS0NraXHS6lIy8YP1FTJsaTtqW4Ji0ac4PfFJq5Lktia6vHgjxtDKRgms5U+zK5rbFKK/iY9MEdalwtuyudFgXibSc4H0rSMbE81tincaoE+bGVHvzVKCbuiH725VXxHDIWByoX14pSTBJRPVPg34yutGeSTSr+S138tsxgnGOc/lQpQSdzGcYyZ9LfDb9oHWIL+1tLkRS2bZR5ySWJwTjJP8ASs1UT22M3T7M9xs/HVrbKt5PqdppyEbsGQA49/WtnLTQtRexsaN+0tbPDJb6bZtrdzkoklsuVOO/OD61UHJK6REkdz4f+Js9nd4vtCvLaSU/Mdyn3NZRqTcrSiHNZWZ6BonjjTNYmMAn8m4/54zDa1U5K44VF3OipnQncKBhQAUAGcUCbSCgE7hQMDQS/IiaQp1IGfWq0Rz80kZmpahsR1BAHQ+tK9y4Re7OR1C9LthevvUNHUloZrSgnmn0J2It3JqChcjFFwPza/4LGnP/AAqL/uL/APtlVITP0AutSS2jyWAPpXNKSQnI8i+NXxYsfAugPcvIovGBEKEjLEnbn6ZNOCcnczqSjynwT4h+IE2qapLeX1x5s0sjP8zcDJPQV22Mo03KPusx7rxhZqMZV36jHStZ1o09EYOm6ezK0muxMN8jYQ+goU+bWTNYw5dWEOr2CSYZUU9sgUXUXcHUhexnXOto8xMa7gT/AA8Vi5Xdy41OhQu7mS5yQHQ+xrKprsipN9GZzy3ke0KHYU41XFcrM53a0Y5PNR98gKsTkg0e0lE1he2pZl1UKMFP0ppuW5abNDTL8Sr8xVQOlXdpai5eppyqZYvVTUtX1RotjA1SCWJWZQxH+zUyfKTzcqKv2qaC3UTPgYHHpXZFaaszvJu9zJv9SI/1bbgRWFXfQ6VtqZq6oFGD19qhSt8RnLXY9I+FXiKySaSC7eSKMHdhed3rz27VlOaqS5UtCHR51qz1uTx1ZSL5NgiQhD8uzqff8qcad3ZbCdOUVZbFPxD4xn1VEScCdY02hnYk4/GlUjL7LCLa0ZiaL4v1ixuYTp99cWckb5QI5wPwrFOfUqMIxdz3nw/+1L8R/C9rFDcyWuuQoeY7tNrY9iK1jKy94dW0lorHvHwn/ax8IfFyZNE1mNfDXinb+5DsAhbtg9vxOPwNWnKWqOVrm0Pq74ceIpNa0mS3uHV7uyYRSspzn0P5VSUupUG1ozrqZ0BQAUCugzigTaQUAgJxQDkkMaTAOMfjVJGfOrmPqN8R25GelDYKN9TmNQvWbdhjn07VDVzRaGQ8pOSe9TqaaEO8fjQ5JbhYQuCeOfpUN6CsNd8duO9EBo/Nv/gsOwY/CTH/AFF//bKtUDPoT4kftB6X4Q0/UJrt1jvYgwSAtlyR93j0zgfjWPKpoxk3skfBPxR+KmufETUkvr+7kBYMfLcgqpOOABwBgKO/SteXlVkc0+eXQ4SO6lnbLPvJPWsVJp2Z0QjNK5t21rHOgDjOeDXX7tRcrQ2nI0EsVkTywCo7d6hRUdBaoadIbzOELe9Xe6sw5b6kg0TDAs3ljvinZImSS2Ee2tLXI3mRxxj3rJyTdkwvpqVxqVvFIckgDpgVk4dWzSL00Keoagkj5XHNSpQTtchy1M+PUjBK3mRBkxxWsKslK1tDW1x8N3bXLNlzCwPQms3+8emhSglsX4LmQDb57MB0zV1YWWooSl1ZcivCqsOW+pqOSMkXdooX/lyx5ZB1rSn2JbVznr61XBKn8K0lBrUd7nP3CtC5BGOakSL2nak9mrFcgn9aTihNOWh1eg64RNERIVP1o1T0IVPl2PQINSgurYMsm8+orTSXUEmtyC3vxaX8U3O1WBOKUk7XRpo9LnommeN9PuJBG8D4YYJJGPrWUm5K3UThfqcz430K0lmjvdOeWC6Qh0dGxtP1rn5bvYbjdWPub/gnN8YNU8XaV4o0zV5GuL3TTbKzMclkIkCtk8n7pHPTHvmu1U5Rijnlda2PuGK5EqgjoadiFV6MkLD1osaOdhnm5NVymDq3YwnLZp2M29bjzJlcHipsaud1ZkMsoRSewov2MXd6Izru+GOCUxWTcjppwsYOoanjIHJ6Gp946TBuJzKTSaHYgLUJWB6ERPPX5qckmhoaXwpA78VnbQZFvyNnJGaSlYD84f8AgsG27/hUnoP7XH/pFWsXdthI8e8XeKLvxpq8t9qjL5zuWCRKFRc+gpxn0kcvPd6I5u70iC6YEyAL9RXTGm976GjT6FQ2VpbRLEmSdxwxOTms5a6IzcmtEa2mWJQA4+X1NCpOOopSfUuSbUc7Tn3NW4PqVC/Uu29wDGobB9hUK2xtoxtzd2EvyGCeJj/E0oP8hSdGE175i5KLskYd5HEoGGJH1/rWUaSpu0dgunuYN1GXLbQTRO9jRCWJ52yqNo7nrSoyVmpFWKlyPMmfkBQaIws9BRldkcNrAX3OQSPetEuUcoqWjNGOCKFw6PlsfdJpVlbVIqMKcFoy0l75P3go+tckE3uatIJruCchHwMjPBxWtJPmsZ2j1Mq5XTmZtly7OO2R/hXXKavbcHboZk1nA79Tj/aNYua5rJE3tuJe6cJAnQBRj5aJR5irtqxb0Hw/dX048t0WMcHPUVcYuWiIdo7nbWEMtmgjbBA44qYprQVrlqcZTr9cVrZWGRQQSKAyzkA9QpIrJtRLul1JJdUnhOwSsR33HNJu+wtWel/swfHy5+CHxQTUlhNxpeoqtrqEYXOFBO1gMjkFj17E0Jqepi4LY/XHwR4803xnodtqely74pkDAdeCM9e//wBaqv0TOdwSZ1qXAKrkjJPOaSqW0MHHWxKpzWympEJWHM2wZqrovUgkucE9OO5OKhy7FKDerM671AoHxjpUbHXCCSOcvdTJJ/XNK+hqtDJnuDISScZqWyrkDE460rodhjEDv+tT5iIWkGCTyR+tDldWGiMuW+npWWpTsMLhW4/Oq5ew0z85P+CvrZPwm/7i3/tlWkE1e5Mj5pe3u53b96Yh/OrlRjU1vZkKy1sOitpnBWVt69OKKfOlabujGUpN6I39MsoYELSKhAGQD61vpFXRjG8XqTy3ypkLjb6CuedaWyOi6kQQEzn734U1Kb3LtdXRsWUSJFzjnvV6mepBqP2QrjzMN1wO9aOS5dQ5Wzm7nULZCUJbd7jFc6k30EoWMa51eGNiAGP0pysw5rdCnPeNP80Y4x3FTGKRspXVjNa4uEDAvwecClG8XoZJK5Wa5lDYLnmruypJmnbX0gKnGeKcpylpYhQu7sszahmPJGT25osjrijKm1GQljk46UuXsR11K0Ds8pJ6VUYpvUWl9C477hycmsZRtLQtpND0umICscihp9yUnE3vDl+bS7GDu3H7v4VdOXIzOS59DtYr9ZQC6AN710SlFP3SIpotOiTR7gBz2zWerN46lG8WKPaASuPesdn7xnKnzdTJulDy7w3QVk5WkaJNGNLqrWswMbcq2frS95tW2Bn2D+yf+0pqHhHX4tO1C6eXSpguEmfHljoSCeuOOO4966k01tY5XTbd7n6baJq8Oq2EN3byCWCVA6upyCDUpameidmakc6BBlQQeue9aWIlC+o24vRGMAnB7Z6UFwj3Mm61QruXdmkzdGNeagz9W5qOVlJGZJcbznOTSehZXZyWHNZKVyrDXn68/lQmikiFpOpPQVzuT5gbsyIzbR15z61qmNK4xrnDf4VotSrIhkuC7EDgetN3Q9EfnR/wVxcu3wpB7f2r/wC2daRdzKV+p87NMrtkNuYc0466mEZ32HQ3LFiCRjtWmhepfViwHc0m7ktLqTJBvxzlj2rJU7vQhRu9CVLe7jmVBEVU9yK6vZS6ESnKnJKxcWOQdcgY7iqtKK2CUr7Fe9ZUTDYPvWbi5Di2tzntRginwWOT0qXZaGnMZUmlx5LAbj7mp5S3LQjmiWMBQR0xxVKPchNsz5iu0g9ajmTdkQ7plIuvQ8mizN27ktvcCPgnii9tRExkG7g5HqanfU0WhFJatKeGVQeealzS6DtcRbRom4+b2Ao5lIUo2JDBOw4QhRVXQk7DNpBG4U2robdzb0O1d76JxgqMnrjHH/16mPaxbpxSu2dh5RjX5+h9DVSizKCSFSbYuFyD2PpT9BlO+uWVGZ2LECsbSejDY5xtQlaTHzY7DtSUXsN6i3AS5jUrhZMcgV0U4uN0yU7GxpesPHEiAESR4IbPPH+cUppvQUmtz9UP2Kfi0PHvw5EDXGbmxIQoWyRx0P5Z/Gkk46HO1CWx9KJegp8x5NOwmuxWursL3yDVbFRXcw72+JJ+vFZylY2SM6W4LrU85Vir9sDy+WetY1IyauC0HSSYIGc96iMbIdxjTgduO9WolKQzzxg56VLQXIGZSSMdeQaaT6j1IXc9M81aXmCGSS7sDoetVawWPzv/AOCtrhm+FfGCP7Vz/wCSdVBasmXQ+XEneLncSSa1tZHPGCWqNTT1Dtlzg9cZrOF29Qk+xshxsBFdbjclXJ7FT5oBY8nJ56UU171mVB8qOnlvYLC13PJuAHbmu6c40FdanLUnGWrZi6lr8CQF0fjGenauN4iEtWiYTinZs5641YXIVlyD71i582x2R5XsY88shJPmAn6VDaCUJPYrtLIesjYPpxTUhpW3K91cmEqsYJGOWY96cpXLWxlzyvI2WXAqLWFa+5AWJplWsPD4THek1cCxATtANTsU2XI7N5G3YNEl2OiNKTVy1DZurjjiuWTaZEoW6mrDBvHb3zWvtUlqKEdbszr2AeY4AwRXRGakjonGMldEukXQtJ0Zido4P0o21MZQujpm1KKRQVfg9M9aznOy0MG0upXF67/LtA981xwxDbsy9GtCeWNPL3yuAK9Fa6kPTcyry6tQF8oq7D36VV7PY0UouNkZUt0sbcYB+tLms7iSREl2YZfMQlSeuO9Zy11RnM+4P+CausyN4y8SWxfEBt1cpu5L7jzj6A1aba1Odxvqj9EHukAJAP5VLZS8yhcXWSTQmaWMye7Vz16GsJKUmUQPNwfmrKzKMuASNcySuSRnAzTcnsF0aBkBXJPINNsGiPzQ2CeK0S0uJIiklLcfw+1ZvyGRhhuyCKcU3uU20MklBUt1+lVJW1HF9yEzkg+uKiU+xbPzz/4Kytub4Wen/E1/9s60pSvcxkfKcmqL/wA8zn0FbTnJ6olNWLNrqZMijGwngc1CU3sjGa00Oo06TzAoJJNdCnbRiuraHQiOKOLO1R/tVPM+hm27GNq14FgYISvpz0qp1G7RZjTp8z95HFy30ocq7luea5nDW6NXQV9CYaiCgAHPpVqVtGdEYJaIWO63g/KRRbqaWaHlhjJ/WqsNx0M29ZncbcYoba6CVipJuPAp3uVYbFE5OMc1DdhE0Vu+dpAOT0FSpohp20NK2s3kkC7CzdeBU3e4oO+501nppWAfJjIyacp6Hoc0mtCWLTxu5HXtXOpKbsyXfqXF0l/4F/WlOF9itLaiSeHTOh45qU5QWgLUwdQ0p7ME7CB61tTlJ/EOWxi3F88Y8t/wrWVNSPOnTvsLFqEqx8SHHb2rNUIomMGuost41xH+8kJP1rZJomcZPqUncjheTWhtFJLQgE7K2GzRuLUtRvuUHNS0PWx6f8Adf1TSPG0MGk3dxbz3pCf6OxVievUfSlzOOhg463ufcPhj4o/EnwU/m3az6tpmQTFcEO+32Jb0p9NS766nu/gv4p6Z8QNJ+1WMjwzoF8+1mQq8THt7/UcfyrlclfQ0i7m59rWQ/N1pc3Zlj/O3KQOQal6iGK4XIOBV8o0L5h7UrO5q0MaQbSO9Wr7EWI/PxkN3HQ0NEtFcyg5+fAHrUczjuWldCh+COv1ovzCsQvIeQevpTUF0Kukfnx/wVeJJ+F2f+op/7aVpTVmyZ20sfJ0xUelbWMhiTKjFi3SnFjtc39D8RQ20v79GZfUVpGUW9TL2djqJNcivIB9n3D/eFdTajqmZyTehhXdy8juHk49MV586rcrMI+7oZMtssrk56ntTRqu5MtisS/ezz0pyptaib7AzCPoKQud3Kk87OcdAKepbXMVyC3A6mk3bcXJYlispG5C/nXO60TZJpF620uSRxsXJJ5xShVUlqCaW5uWvhWRmVmO0fSi8ZaNG6it0bun6HHayMwVmyMAFa0Ul6FaX1Nm20wFQCvJ7ConJCUry900bfRwxxtA98VxJvm0LlGTepai0NHOF6569qt8z0RSstC4vh3cOF4HpWEpKm9WNJswde8PiaIoV4B60qblOXMmYzi0eZ+I/D7QyttXG04B9RXp0pt7gocxyjGW2dlYcA1vc5ZJpkq3CkdeaYlqOSUF8isoyuypKwyeVXGMYIroTRKuhlvMd23OBRdXEdr8M9TbRfHmhXIbbtukOR2IPH64ocb7FNpRbZ+oXh+9svEWgpLPOnmmMOwyOuOa7KVBTWh5FSu5XSPM/D/ji08JfE54YZP8ARbvMcpUDAPY8enP51xYinyPlijfDtL1PoKzv/OjVw4ZGGQwOc1xrR2kepy9TQW6OOuOOxp6X0JsOWcsPvZNN2Q1oPaXHT8Caldylqw87pnJFHOpOwNCSsr8jpVLXRErQr8A9KxqRdw6jPNYHBBI9a1ha1i7IZJKc46H0rS1lcadtD8+/+Cqrbj8MMn5s6pn/AMlKmm7tiqLY+R2mPOa22MErDEw/vUilEvwQ7QD0qkrFLQ0oNQa3QKh/Om9RXTGu8t1Jk5APORUNW1LS5nYupYvsGMmndFShYm/sybaDz+JrOVS2iRmA0qWQDcpA9aqLle7QlFLUG0GQnIXg1Tkn1NlymhY+HP3e4x89z1rCo4MPZ31New8MyXDbUg39snoKmnKGyJtrY6Wz8JfZmGVDN7dKqb8i+Rp6moug42jaPwrKKa2Rq23saEGhlhwnSnKrGC5WaR97Rly20ZlHEQPuecVg+ZLyNvZKJpW+jrs3HHPpWV0KzRNb6YIZwWG4Z4GKrmsrIOXmeqNJLQEEbAM+lc0qabUmzKcORmTq+ll7d1Kg5NapyT0G9dUcF4g8PpPHMhO3K4z6GuuLk9Gy5XkeTeItJa2L5jxg8H1HrXcprY5JQklqcsA2/B4qjnWhfSHYuetZN6kOTbKc2Qx9/StS0MjYhh9aSWpVzrfDFul1cwOMtIj7gM05NbHPOTj0PpDw58RNctLLYtylsm0KC7cgV1UXOnFtI4nR53zHLeIfGtrpBkd5mupyf9YrEAd+veuGrUXNebN4tU1ZH1x+zJ8SI/HXw2tA8gNzZfuDzyVHCnH0AH4VhJqZ2RbtuexxzZXnkflWakbWutC0k58sMPxFOUrbC23J0n835ScEcYpQcnoxqIv2+0DlTMMgZPpSUES00Q3Os2aSrGJCxI69KcUyWU5vEVqhKgOzZ9OK25W1uVG3UYfEtrkjDMQOVA5qVG27Hy66GPb/ABS8L3dwLZdUtvPY/JH5nzN7D39qPZyeonZdT4U/4KiaxBq0vw4+zj5IjqYz65FpU4d+9Jdv+CE2mlY+Uc57da7kRcuWagEgLk1nqQ1cumN5gAidOpqlCW6GnbcmtdOkbgAk1zykk9R8vU6jSdAL/wCsi3Ljg1MJe11fQ1UWtTeh8PS8KiBV9zVynC1rl26mtb+HsDDKD7nmpU4tWRbit2WP7AhPJjAI9Kq8kr9BezT2Na38DieESfLz1BNJVIWIUXeyNCz8JmFCCvy5z0qOZN+6dkVZWqG3beHYYojgFSea5pU7u6YkophHom9sKTisXUlTfK2aStsXo9CWPj72B/FXV7XkjuUo22LP9nCPBK4/3a5+WNXVitcuLZrHtxyp/lVwatZmMUm9RsVqckrhScnB5zTkodDWSS1J4dO8yU4wOK5509C4z5kXf7PKRknpj60RjFbGfKpS1RjanEFifjB/nW9mo3L5eV6HG6jAGZty5z2IovzIxcXucL4p8NrcoxjUjPOPerjGF7sycJPW55Jqlj5M5XBGD/F1Fegmjkd3qNjckbKppbkWSK86jzAMj3oKTKrDDnFDEa2g6i9rMvlna4IIqW7akOLfU7+G9uL5d8jsoOPkLHFHPzbqw4uzsc54w1do3is4W2sV3OwPQegqZcstBzu9j61/Y81pbb4ewMhAMV1KjDOc8jP8s/jXnVpRhKx3UoxdNJ7n1lZX6XsKSITtx+VXGdtkZP3XoaEchIwo/OrkmzNu+5bt5FO4scEiqh7u490VLbxlYeEnuDdWguTNE4Q8E5AP4D61vpL4SnLozz2DXDqdxp87KIGZSXRTna2ORVciirsylFbo2fMCnmdQM8kkACpi0wWpyvjnxbH4Y8NeI9QEyF7axd48MPvYOP1rbk2aKUNT827fxHrJ1BLm3M8k4l84BCegOcCqvOfukNLmsehfty3r6p4O+FF7IzO86aizNIcsT/ovP0Ocgdq56atKX9dypJLZ3PBlPbvW5JuaRZvLyg7c+9ZtxvqJSs9jpbHR/wB3833yc4xWyr+5ZM292R0el+HjPIoCKB3968tJyluPkeyO10fw6VP3OnfFU5SgrI1ipJG5b6AXIUp19s0ocsviGtOpbh8OTmcKIm2nviuetaL91HRGN1dG/aeFwqElBk+oqYVHLRjXLHc0otDG7auFHpScZN6MpU4vVMmXRFZtg557VUU4v3ncLWHTaQYoyAuTW3Kr3Wxh7OUncdbaSqsMqea5qiUtjdRUV3J20xg4UAc9yelZRjbVgl3GtpMgXdnae/rW7Jsm9CJrEgA5z7UpJpXRUbDBAVYfLjj1rSK5lqOcbolhjkVs7etS2ZJOOhbDnp1JHQdKRrFXMTWLXzIxwfl4JzVqMSKkraI5G9iO7BHIPSo9QpmPqlmXTZg59QK1n70bJGr0R5X4z8Pj55Qm0j06muuilazPOmopXOAliMeRnBHpXTzK9kcalcqSMQe+RV3KIjITSAt2DbXDL9/tUS2uRI6SDxIbEYlw3HHHeojzS6hTit2c3f3gu7lpicuxOSatRSd0Pqe6/s//AB4sPBOlQ+H762McZnZvtGcg7mJzjH04/wDrVzV6XtHdndQqfZZ9o+EviN4cS3Jm16zjIGcSS7f51hRoP4S6sVDVnQJ8WvCqFR/b9gQ3IKzA/qK1qQcTjbT2EuvjL4RjifPiGzRgOvmcf/WrnguY0SVtDyPWPHvh2/XUb+319LyGBSHlWUtGhbgAHp6VsozTu0ELLVmN4Y+JHgywtpvO1ryrj7g3sxBHtjgdfbpW0IxW45SVy/L8RfCqD5tcIUtkqWcg1TjGGpCbbsjE8Z+M/BOp+F9Ut212CPzomg5JPzMOOOh9fw9qqNWrf3UWkoP3j5OudTt7PWYrVJEiiinCGZDkKM9f8+9P2k3KzRE9X7q0NX9r3xto/ibw78OtO0qfz30uK8WZhnHz/Z8EHofuN0qacJxlJyVrmbVjy20tZLueONFJLMAcelOcrCsz1jRfCriFNseCV6LXHOKlqn9x2RhdWZ1+l+FnSBSV3Ek5yM4rkd6auxwUYvVXOv0nwwiPGxj3DuVWtORSV9TSb9pojstO8MZZTHGuzkn2FauDirxZnGFpGva6OoORGAQMkkdKJVHaxtJRWxt6RpkBcsUDMRjd1HvU3a1aN07K5pTafFCc7E+oAo51IycrmZfWxT5kQEH+7UpalQbeiF060Eh3Om3B6Y5q0uZ2KvZml/ZcdweFGPYVE24mc5PoEtkE4KD29qzjUFFX6ETW6jcxAzjuOla+1S0ZokloVXsWLk/eB6BeMVTlAlyS2K8lltJz3/vUOStoikubUqm0HzADnsSMc1m5NGstrIRYAGIY4wcHiiNPn1MFB9RoiUnCEfXNXyJaNl3tpczr9N8TAc1nN22InaxzN5bK5xtG6inK25zpW6mXe222IgjnqKuU2noUpNHH+INPSeJg0Y57kcVvF8yuRNyZ47r+niK+kESgIDwegNbKomzismYFzCynkV1rUWxUMD56UpQYyW2DxvjpmoUO5D1HXjnAGau1i4IoSEkYzig0aLel2U97IIo18x8ZCjqaOW46UHN8sTZmm1nS8RXDX1sMcbnbaP1xUpWOp4epDSasMl125Iy11K3ABBcnOPxqLu5zqg07mqkHiFLGO7eznS0k+7IxPHuPSojOSd7He8JUcbqLt6Gr4r1me08N6fp8E0lvE482YYxvJOcE9T0redNNJhX5YwUdmch9ulQ8yMSfVs1HIuh5bp82o6XU3m8stNu2AhQT0z1xSvbRsaVtEQTuZkEjodueGxxTjeWqNbR+0Vg6y7iPm554zV2fUlpPY5nxhKsi2YU5K78j0+7Re5m4uO57Z8OfBZuLpJHiyM5bPPfpXFOSXxanZT5JaJHvej+FFhiVmiXf0z7VnzRWsToTglpubX9kw7VQKARgEEVMqbqfETF67G9pukFtqkAKPRf60p1OW0UjSo4paHS2enrEpULuyORjJoSbW5yp9WTf2WtwpwCATgqcgH2pcvK7s6Eo2uzQtdJFsqLGoU9SBVuaejIcuxYewxgbQfUiiPItiLu419PUEEAEEUql+X3UdEbWuVVsnR2JB247muaHOtZCfK9S/bWijBJwa3k7kxlEdNZA7cgH371MYQeouexDc6aCx5696znSbYlJ2uQf2d8p55z+dXptYcZfzIqz26qV4Hoe9WmjWLdyhcpjOAQ3ABx0qamqNXZlCYbRyOSeT/npSpNohkcYJACYBx271b1Zi7Xuyjdx/ujwGJPP51OnUrRu5z15FslDEnA7etc63J5U9yjPbiUHHJb9DXTzJ6Mhb2OX1yz3Qvxk+lbpcytE0kly2R5H4tshCWbGD3xXTCny6s86VNxOMvvkCke9bowZQdyW3EVbbYDGB3gikkxkV3k4OMUm9R3KuwHrSHqafh3VRo+pR3OchOCKDrwk1TqKTO/l8f6brc8SX8JSNerA8E/4UX6H0FXF0a8vf/Q19CufDWqa3aMtnELeJiSzpgsdpxj6Eg/UCou4vU5Z1KFZ8tPT7j3fwvf6faaOkOIvLVP48VxVJzXwo+0wsKcKKTaf/Dnm3jHT9D1S51G4vUiaOLc8IyBk46D8a3u7c0nY+dxFLDVeaU3qtrW7FXwf4E8EahYRXuotqcspXLwQIipn/ZJ5x70/aRktGfMvSTstDemsfhto7JJbfDm91iaNcF9U1NVQn12ovTGOpz1rmqRjPeTXowjTtNSSM+58b/YmI0f4ZeCrJQflaaKW4YD1y3U/40qbhSdlN/edU4Rq9EiL/hZHiYnH/CMeD1jYdE0dQP8Ax7P8q7lK+zMHQcPh1PEP2kdfvtf1LRpL+w0yxljjlUDTbRLcMPk+9tAzjtnpk1Sjy9bnNVTSSZ9b+H/hzLodsisoJ9K86acXe6Z3U/dVrHRT2stvCSq4C4zxWad3dIjlLdraCSSL5Seeh4rSMnLbT1KUG0dTY2hOIwoyew6VlJXe5z+zktTsvD+ix78yICvTFdKslYTVkbl1oVsRkJjn7pNa2i1qTFu25nT6HGp+RdpHdK5KkEaxlbcg/sz58YOB71lGFtWPzK8unncQOvpW3OlombRV1qVVtJIySxJUcYxiibutBuK6Fu3s/OGccDjPSua9tzn2JTpp6LyR3xW1nLVIXN5CCwK9SOnpWkpNIqUmU57E7tykYxipU09GhJ33Mq/tQo25+YDOcVUaNtbnTHTcx7iJiFBOM9xUua2sJzsUfkt2Ibnn06Ur3WhN3Id5Sq5YHIxkdhWDunoUqd1qZ17ECnHXvim7id07Iw7uDKdevT1qYczexrdLUy1ACurjDY65rq5LvQylNPZGLfW3nI5YEiiHNF2M5TsjzLxnpatG2BuBziuq3K9WccpyavY8n1KN1OxhyCa1Ttuc17blFNwBzXQtri3FhBK/NQpWQxbyIeWO2KncpKxRFqZBuU57UvQpJvYfb6RcTyhY0JJ7kcVDl0N1Skbtn4W1CGThF/EZFZRqe9qa+xqN2SOh0jw1rTS7kQIgP93BP0q5Vos6Fh6kNVY6f/hF9euY8m6ZN3PyZ6VxyxEW9EdilinHlU/xZHD8O57gq17czTiMgiNicGsZylVVkYuhVW7udfYadJZwJDHFsReg7VCpuC1YRpSsXPs8zAgxlfrxSvHZlRi09SpJZSE4UHP+yKh0o3vcuSutERtZTD2PrWik47MSUktjwT9oSF7fU9KjfP3JGBPvsr0aE3JO55WITUtT9Hp7eIkKFBGPwrCMFbU7Yz5txYrCIxlAF246Y6UtKexEoyWotvo0ZGVC8Z6DFc6Tl1CL8y3ZxmF1yhwDwfWs3FrqaSatudJZO3lZGR9O1axTa3MG0atu0khwxbAHBNdMNtSo8haCBBjAxVOz6Gc7dBPJ3MeCSR/DQ+WxlzaET22VPGfYVxzjqXzNdSi9l8xwpPrW8Y2Vxc0mNEYRcAbcdRmsnFPdFJhNN5UQOCw74FdELbGiimV1n3gkDK+9Z1OyBxVrXImIznHzemayjDXVmVnHcz75AdxI4bOa6el7m17o5y9OEyOoFcj1ZUVfcoFfO5BHWizG2oiMhBUE9D2rG1mP2mhUuI1d9h4K/rW6TSuGqXMY90hCMud361orsm91qYssSb2YngdRRGTvYh7aGRfLv3cHB5605zcROLsef+LbcyWrjnIbirhzTZyyUrHkOswBJsDJzz8xr0N9zgtLmszAnYKfrTvobJWEiYk4FK42jWs9Gn1NTwVXoNy9aUpcu5UacpHR2PhKRERfs+Mc/dxWftOx6FOk4rRG/pnhuRDu2hOMDODXM5rmbbZ1wpTerOgt9HlXBIzx1qKlSL2OiMXe50VjZyJHgAke9L2lNrQ0k31NOOOYrjnAHrXLKcUzLm5diBklHK10QlFGt21cb5VwQzIM46kUp1obWM41NSMwzFeFP5Vxyg5O8TRxvqVrm3nWMlcq56ZrWEH11M1aL1KkcN0SOpNdHs3a7Lbbtyo8E/aQaT+29LV8YVJMY6/wV10NmjysampK5+iImLOFGSx6mslLTUai9y9allxlcj60moyNebTU2La03tkZUnrxUQkk7MxTsWPsChxkYx0NRUhFu9xWT6mpZWjM67Tgf3qULN26BdbM1UtyoUbsL2yK7LRitCHboWDb4UYJ3fTrWerVzPmdxmx0kwBwRUadSuW6uL5LBhwQfUUo2bEknuJLb5UdPwrZtRNUralSa1G5iR+VYv3mQnYqPalvlA+XH50lOxom2UZ7Rk5TODUOeuo47lK4V0Izke5q1KINpaGVfXO/5GI5JwSaibvoVCnzK5ky2rnPPGKlOxokosqLAVB3n0xtqk2ynBy1QFdvKj5RySeKyaV9TCSSKF5CGG4HkDn3rRMpTsrMypmAXp979K01auC1VzGvc5wRjPoOlYqWu5SlFbmRd4AIAyK0Uk3qiPaW6HJ+IrPzbRyo59K7VZI55a6s8Q8V2zWt3kqVByOT1rVVIvpY4px5dUctcDJBIH41qthrUuaRam7u0QDPNRN8q0KUW9j13w94fFpEkjyq2RwNuMV59WpJPU9KjCUUm0dElpETknPFYufZnpKUVsi1b2MaMDnIrOU+V6kSqO5rpZRbF5P4U3OMtjNVehaFsioAOa5rKOzHzS3J4Dbop8wkHtjJpc62YKV+gPDDIQRuA9615mtiuZxVmReRCrEK7jHqc1XJJ62FBq9ycKrKArMfc1qk7amrlIp3ZjUZOeOM0+ZU/eZFurKUc8LuSVYkdxS+sub2D2jWx81ftIypJ4hsAgwAJP8A2WvQo2d2jysXU9pJeR+i1upDqRgnHINc3s77mqSNW2VS6nuK5pXQNNbG/ap5bjjgdCaqmuZkqxrRKsijK/KeK7HBS0YaR1RrW2lseRx6AmhUYrY5/aXZox2GeO2OSKThLoO93dD30wgDapYjvVJTT1Q/UjkswoAJ3H1pVI6EKTTIxArdOfqa5E3EHe417fC8dQK2jNvc1Umit5e5TxuOcY9qbmS5Jsri0IbB6fWiSi1cpXIhYE7uARWLjfZA2Z95pO5ehNJxaRcZGLc6UhO9UG8dDisY889Da72RnXdg8O07fv8AGfT8Kppx0YndFGWxVQxIJPbHSmnYak2Z81s0asApxjrUu0ncbjcyplIUqVyDWsEDV9zGnVkyjcc+lXJ20iTZdDLv0PmBuCOQc1zSiluZuzMeVvmAweR1rSxPKjN1CyV7eUMRjGRXSrW1MJSszxz4haZG0YcLkjJGa0jK+hnNK17HlV0x3AYxiuuOxzxZteDLea41MMq5CcmlP4dTqoycJXR6tDdyhBxnHYV5c9fhR7ym6kVcsx378ZBB96INrSSFy8ps6bcNK454xnBrOtFNXMGm2dHaSkAEbSR2Nc0HfQrlRcV1kbpsPoKqUbq1i1F2FjVWk27Qa550+pny2dzSW0iaMcck9u9TGUkzoco2s0MksUQ9F+vY12qTcTP3egxLdQSoUdKy5pN6CbZnX8RKElQec5FbTScNQbiVY7Y+X8qLuPTNc3La1i48t9D5a/aJcv4gtAf4TKP/AECvYwnNZ3PKxduZWP0djDcbju9s9K5uZvY6rqeiNK3YIAF647jmnHV6mqitjoNMDTAcYHHTtWmi2OSpZPQ6Wztg5Cngf3qFLqZ6m3bWxU7RyvuetaRs9THZmnbIqr0z6GtU3uGpY8sKM4Ipu4k2Z80JU56j1FZ813qWoX1K3lbgAOSPSna5SvsMdWL8cHpSUEhDVgEfJHX8cUpJWsJqxE9t3A+vtWaukVcQRna2B74xVXTE4plaSPkHnOeMVnLme5pFaFCazUSMSvvS1jqab9Shf6cJEBVdtdEanOrWJ5mtzEu7JlXgdBk5rllG70JTuYl4rAYwfm7YqeR2NYmHfRCKMkAZX0qlTmlcl3crGFdFHbAPSpV4svkcdTPvIAwOAAepBFJp7mDZz95ERLu6HPatFDmIbe5TuYN8Z5OMYp8vKxNcy0PO/Hmnq1t93BXIJxVufI7F8l1qeGXUBEzBhznpXfD4TinGzZ6z8FNE0wadO+pQO8s74DKeUA6frXPXbtsdGHUtzr9U8KQ2E7fZpXeInIB5IrgjKonoj2ISbWpSGi7zy+PwqpOb1CS6s3dI0dcA56GsLz+0TZ9DoE0xQhO7ke9RKq9kPldtSWKwQcs2D2wa1jKTjsS0+heTTolIYnIxn5qmS02FGLuSiGNiQOBURbga3Y828TqFkPy+3Ga6eZtXG4tq8Su1nHHMwLMU7YPT8awblfQUVOzuQyQRIuEC/wD1qOZmfKmR+RGoBB24HJq4ua6Bay0PkH9oshvEdsRkEtLwR/uV6tG7WqPOxCtY/R62wxGMk555rhuzWDkzYsLRywJU9ePWps29zSTaVzq9MtvLA3rtJAxWiai7Iws3qdHaw7MYBI6Zq01fQTubECjb16Dr2q+XqZlmNwD/AFq+a5SVyVpdy46Dtms3roKxXkXcygnjFXsabIreUxbaB3/Opk5LYL2HGHGF25J71cL25mRo9WI9s2f0Nc0+aUtCtGPFpuCgD861iroz0W42SxkPGzj1qFBt7EqSRUm0/aehGKqUWXzlWa2ZFORkHmhR5ti73Kc+yKP5sKCe9bWa0JckY2oSWiF2aZEwOcmk1K1rGbqa6HEarrNkJMJKjFe2ayjGxXtLnJ67r8FvCSHEm49jWsVzaESvucdPrZMx2kADpVyhFDVSS6kkesJI2GfB+tceoWbZFOouVynPPX1q1J3tY12WpSZCQVP4g0Ti1qLzOb8U6d9tsymOcHtRBtkzvJanzzrtk8eqPCIwrZwK7I81tjnXvOx618OdDmt7CARxlmI3cHms6klJqKPTp0bR0R1OtNKuEHJU4OB3rC/LK1yoJ03cpwQTkbihAPenKSOvmUlexsada3ClPlOw9cVyueoLTU2xC6rkg1zylFsafMJ5ErnIBA9hV+1jHcaS6MtpFIFG5iQBxnimqkJbCaWwNbt98E564rR1FsK0V1GEDjecexNK/YTtfRjI90v1B/yaSppvmKkklcaUYHqelFjHfUJIwYmyhdcYZQKabbtYuKvufHHx+kEmt22MkrJMuSeo+TFerT0VrHlYhWkfp3pemGcqXG7I5x6V5VnfQ6XZLQ6ywtIIdqBlJHU13ctlYxvJGzAqOAY+WzgYpumkJzNiFfLAGMHH4ilp0B1FYsqwRRindbGd9RuctgH9aXL1KvYuADAB6Y45rTk6kc7JPJVgc1L0HzMmjsgSGOcH0qYyu7IhyLo0sccg/SujlvuTzNE0Hh7zSXJz6e1NwXQXMI2lpbMdzg4Hc1DikLmuVLoxwLgEA+opJJbjTZh3+rWtuMNKn503HsU210OY1TxbaxRyKrjkEA5/Wq5VuSm3ueUeJ/iLKY2WA5ReAScYrB6PRlW00PKNa8d6nfSsVuPLQ8HvmnKUrGTOfuNY1F5CyzMc9eM1nGpKLvEXLcfby3k6hn3ketdbndXkOzjsTeU8j/MCPesXFiV0WAquQWIUZ5wazSd7mqbNG0YNhd2celVKXkbCTLmQk8AHrSurbm8FeNijqVuJLY7RyR3ohK5KVk7nhnjvRxb6wkuwhn6cdea1lUlHpcwtFs9n8HBbLQUlKhJBGFAPXGK5Z1ZreNj0o25EmRS3aCVndQxY5NcU+aWpsrJEsdzE7KVQe9OnSk2NOJsxXiImAgBI6CorQadglJPSI5LoNxkDueOlL2aWqG9dCyJVb7zKPoKSpJmKTiPMilGjaRQvUN0IrWPPTVlsVdvYqSSyb9isSnT5eh/GhwT3NJNWuVZQ7HPp6VairaM4ZWvcZtYL15A65qYXjubQvYga4mB5JYfTmtvaO5pcJb9re0eTnIU59Pem7LVjTa1Pjz43yebqdm46M8x/VK7aM+a55dd3kfqHFq8VgCpJIx261yxpzZpz21Zzmo+MpYrrMbtGpJ6nrXVZrRo5atZS20LkPxJNqvMwAGCSO+K0Tv0MmyZ/j1ZIyq8iHt15o5ovTQbdkTw/H23ldETnd0Cf41zNe8S6nK0jc0z4qR3jqzgRqeMFufr71rDnvraxvzXR2Vl4ujmjD5Dp1FbvQjVGhY+JEuGZi20A8e9YydzVM2YNeDJgH8M1imm9EJ2Rci1ghQCcEdzXQp3Ia7DpPEksY2oR6ntSUwULmddeIJ55izkAYxwaiUm9UaKEUjI1TWykLEvwO54qou/xDikeZ+I9abzRtclm/lzTu2TJXerOdubx7qBlbqRjd6VV7rUz2ZkDwsb+MIw35+9npXLOrGGw732NLTvhNBd7ScY64201L20btEqJ0Vj8FrKMcxKVPPTBzQ6b05Srj9R+G9rZ2pSK3RV/vAc06l4rTUV7nLal4LSCIkR9OcbetRGovtNltJ7HF3/hsiVpCmxD04onU5fhNIpJWZQTSnGeuOnHFLmbNOTlJJbF1GSSQBzmpbadmhxfKQSoEiJbkHpirUbO9y5+8tDy34laWPPtrtR9w5A6j/Oa2dWJxuydztNIYy6BauFJHljn14rGTjUW53J3XMZcuQ3A5BrNU0+olNt2J7OUjjBFZzi47MtN3NOGR3OSvA6CobvuXdJk4nKnIHPrVQinuxKbTHrcmXjv6Gpm+xTmmPHnKCw4PetI3SuwU3sSQb2OOh7g8VnUnd7FyasTm2d+VIx1xU36kpJrYrvC0bBintThP3tditlYjkiIOQMV1ycJfCiXrsVLoMIZU25BUggj27VzyTldIGmkfIPx2sjY6tZIc4JlIyP9yujCJpSTPNrXvc/RDW9QMcjbDn1xXXGpDZlavRnIagJrlcgZccAiujngcEotuxzt/pd/PEFh80MTjatRJfynRZWMg+C9WmGfsUqqTtDbTkn6VzTj3X3GV76GtbfDXWYnj2LKEB+YqpB/DFT7KyvqEqd+h2OleGdUs4gk0DMoHDN1NdCceWxooW0Z0miTajpZZC7FD/A3AFJWWtzRxOvsPEMkaqGIK5rGUk2NRaOo07xKhX1waWnRCfmdFFqAlTKuMY6ULTcpWGm6BBIJyKnnV7FpFafUCBgAnH5VejK5UjmNd1dTAdxOPRaFzbEqOuhyF3exyqXZTgcANWqSXUThqZpvFLZXGB61jOpbQjl1L9heiFxlhz2zXLKKepbjFI7fQNYjIRSfmAz7itad1oZpxOvj1u38gZHJ79K6E7bkWu9DM1PWIMOAwLY6A5pSlHZFqDbOS1G4ibJDfhXK2pOzRty8pyOr3EG0KgJpVKsIq1tRM5ieVGZsKpx/drOnNdSkmtyvcRebDtxgN61tfmeg7ozbu2BjKnPBwDRJeY72RxPjSz8zTmyoYjkZHNaQhFLUjl5lext6LEi+GbXjaoTk+vtSqr3fdNUml5GVL5Zdmx8ua5Y3W5Cmm7IsWvlu2AMD6UcspM0uzRMqg9sdOlQ1JOzKXK1o9RX8vbjBKjtWiiZ2aYsE6QvyoYYx0rSnTvuEl2JnvUkBIHPbNbyp2Vi4xkldjIL6MSgAc1zSh0NWuZGiuoxl8kEqO3euaa5dDWKcYkcl7BuOEY1cWuW1hc/kNju4CCdgJHY1cU76Gikn0M/UtURVI2YI54pNzUtDOUnF9z5Y/ahZZdQ0KRY/L3Cf8f8AV124Zyd+Y4cU0+Wx9z6rYsZ2jXPB61vBRtdobnG1x+leGXuZA3zYByd3ANKXKtUcujd2d3oHhVEwWiTIGc4/QUo1O5aS7HYadocByuwfN1yBRGTMWrM0m0O2ityyxqu32rZN7ME22cfrJitHZht46E4rmlCTlpsb2Ryt7fRbzyCprKr7i3KVu5nNfQGT5Dx6Cpi21daltF3T794ZRtbarDoR0rSE3f3jPlTep3Gh3L3cG4nJ9qppX3NbJI3YLWWf7oyTWL02MW7PQS5s5II/nX6mleUVcq92cVre0RyE49a1i5Sd0bpW2OD1a8wSg4B64qne+opW6GBe3k2EWBHkkb7oHPvUTjdWRDlGK1NXwh4D13xXd4lna2QrlQOpP9Kinh5SXvM4alVR1Z5F4+8Wa74R8Tarph1Ce3S1k2o5bDFfrTUfZt3uzBVrptI1vFHxSbw1YaLJ4c8cX2sz3BzdQyxqI1+X+HjI5/QjnIIrF1KnNbSxjSq1XN88bL0Z2fw78Ua7420m6uGnZvKyPMGAAa64UFUV3I7fazvY5zxP441nSp2iE5mlzwAcDFRKhy/a/Eq82tGR6d4n1HVIENy5345C06cIte8jVSdtTa025eZwrDGOK5ZOEZWNoybWpu3EAjgXByV5p80Yu6Zm7XMy6h3RsQCCeea25eZ3iU9Dj/EEfmQPHgAkGqkpR3KTurE+lIy6JbwlcDtnvQ7pXZqtuVjJNMjlYqD17DtWbSmtdA9mlqWbfQxCDhyR6msKd6UnrcjyRbXSV2HLlRng+tVNubKgkmJNpoi24kLAjkYqrJL3Wazjch+xgA8nB6ZFaKclqYNsia3VPlPWlKpJ7D5phFbIHByfyrKUpdSlOReFkmCFznrk1m9rnSql9xDaQ4+Zj9B0rDmlfRFpKQkdvb5B5BPfNdMVJLmLlSsrmZqNvG0ZJ6Z4qHU94yjq7M+Y/wBqJQsnhvH/AE8/+0q9HDtu9zjxaty/M+976XEgbkN6sK0mlayZLpXZsaZdIsa9uBkelcqXcUoKLOji8Q29nGpaRU4H3qqMb7GvutGfqnxi0LQpJjLfwqUUHCv+dUlNuxxystjgb79qO01edNP0G1udXv7htkMa4Tce+S2AAAM8kV0Q5kveMZ1FBHB+IPjHrbeJW0nUbQ6XfB1jeJ5FkwW+7yvHtwa0baduhiq7S2PRLr4W+JZLQXSX6SKR0K8k/SsqlBTB1XLZGVH4W8SWSyPLaJPGvJljcAD6ZrCMJU/dOyNS0bMtaVPJNGrHco6n0oqQaWhqnpc7/wAI3uSBncM461ivderN9JLY9P0splBnl+OBVKV5WRzuDLmuQwxWTAffI71vUp+7oRG97s8g8TXCozKcDA6f1qYy5InVFtbHmYna71IqwAVmx9Pf/PpXOqrqStsbVElE0tcgv9G8QRPplkk0EcfVlwCSOea7pSnGVox/A8nmctDqdK+Jd1olzZvHpXlsnEpXnA9j+tXGffcp0OdWkeZ/HrSdL+It2mr2MU9vqBG2SMR/K3Pc1lOrGTslqckqPI7XPHI/hFqpmj3gRRlss6ruIH0rnqUH8Ruk7I9/8OXNh4M8DpoulW268P8ArJmUgFj1P+fzrWnUjy8q3No023eWxxx8ITalqrSTbmL8ljQ1FPc6El0Oj0/wctqwXYxb+8abcOXlTBWS1L8OgrFIpEbZB6mvOVKL0TJak9hkySRs6kfKenbFU6UVszqVNcuxSvcpFz1zVRqum9EZqK6nJ36idg3f9K3lU51sYyjfYS2nBBj5OOMCufmlJ2NoxcVc2bFIPLGR+JoSkyZybLAAJA3AdqlproZJ2HqsUjBSR8owGppX1uPns7kpS3jXBmDdgcU9L2Ru5Sl0Ks6QEjLAkfrW8Uluxwmr2sQ/uC2PvE/pWcqsb2CVRX2GKkIJ4UAHPTrWVSWlzSbTjpuaA+zSptDbcfpXLGUnuVClpqZ5hHmgeYGxwARxXTBcmp1qm0riPp7Afu259DRObtYFJ2sYuo28ioMgj6jvWXLrdnNqpHzR+1ICD4ayMH/Sv/aVezRty6HLjHflP0B1HSJXhDopGB1rjc3e4+aMV5nEa7qms2IdIHKgj7wQHFOKbIck1qeXeJ7jxHqk6JLevJGPm4AXP4gfpXUrw6GSkjrPAvhjSdd0bUrDVMx3lwvlwzhtuzI6j0OaiEnJs5qtNvWLseWeKvhz4q+GeuI9pLPLbRNvt76zOGj645HP+TW8IST12MeTm8ze+EvgXVfE/ie31vXmcadHIJJZp5cyOVPAx6cU5XpzvJaeo1DufU/iv4rzSWS2HhvTmYooQ3U6fKv0Hf8AGqnV5l+7Q4xSZyxk8T+KkW3vb8xWPl4a2tUEauSeSxHJNRGM5fGa3RctfDn/AAjdoYHdn81CwUnIWpnFJDUm3oR+Gr+W0uV25XDcqea81vXU9SklKOp7D4f1EyxI5GGHTPrTjKzMZuzsWtUumnQljk47V287ehCXY8w8XLvLEHAUcCuOcp81uho4yS908xnt2jlbacFjn3zShC+pmrvc7zw1qsl1EEuCHJULuI5r0YVG92c9SHLqjcl0RJY92zHcEVfNHoY88imdIdG+6pU+op2itbDavqyR/D8dzFteP8hgVm5czaZUIa3bE03whDDKf3YA7E5rljC0m0jduysbS+GLWIAiEDntWUnzMlPzCXRI15Ucj1FEYO+hotUZdxoiqdyqAfc8VLiovU05jD1DTFAO4fMDwetZ7bM1UnbQ5vUbDEbLjGQSc1UY82xlKWmpw+ogpLg4PPUccVs48i3uS02rouaRYwy/ORlvU1nzXexg5S2LslgUZiCNvoTW7aitDWzsJDaOVGMA46k5qpWcSRfszZbPIHXBrGUUle5cYrdjGsthHKhveohJJ3Oh+Q19P3E5bH+0TW0rSd0jC3K7kK2A3krIM/XisJQg5XsLSWpG9qYl3KwGBkYrWppHRFxtcs2sLGPlst1xmuT3b7HT7RxHvEI23kgD0z1oqOVtDf2t42GSsrKwLED3qY1ekjGMmnqZ128ZXa7g49Dmt24NaHTdSR8zftZCIHwt5Rzn7Vn/AMg13Ya9nc83Fq3L8z9P7bSBcDaVyehBrK7WqMWrMw/EHw+IjaaKMMOSVxmqjGfxA5JnA3/gy3uRv8rZIpxj0q5xurozSuZsngwRwv5akMOuBiuVtxeppGC2KV3ot15SQyeZOi8gMcnHpXVCfMtC3RT1RpWGnSpEiJZ7VGOB0ApyTmrM53DU6fTNEu7oASgRR9uetFKk4szlHsdjpPh1IkDcgD8Ca7Li5XbUwvFyqJjtPyrwBXJKSu0dFGKucrotvsvdzA8tmuKTUnqeil2PUdELNGnIwKaioMJNIm1EOF+Ynj0OK1qLm2KVpbHCa5GWMu7oKxptweoaI4G/t2EoYEYJzW6fYylaPQ3NAJBXYOD1qJ1HHQhq8byPStHG5FVhnP41VJnHKHY1o9PWVj8o/Hiuy1+pkyx/ZkajG0E0rJBuOWx2x/KoqJJyVkUkx72QA6YOK5lTS3LST3I3twQFx8x9utaNF+zvsULzTyz9hUcsX0L6WMDV9LQjgElfypexj1NIS5djhdbtTtPdRxgVHMk7BKx5/rUPlsDjcOfyquRyMY67FqytwlkkuME981tGnGCuzeCXVDyzSzcnK1nNxtoRUmrWsWhEFUjqTyK507mcbNC/ZxIxGM4rbmTiXHTYjaHCEN8pPHPWsNnoaOQwWocbGywGOeuK3U29EW2mJNYADMa5x71q2rWkDshiac+w7gOc8d6zjOysZXs7j4NMZMbTz35rlnNrXc0dRy0LL2BA5G4AenSstKhcYtmXd6eWLA/MmMHtiiK5dBOEbmLc2Z37RtQds0nF86VzSF0z5w/aytzbt4WyQc/aun/bGvZorlVrnPjZc3L8z9ZrCy8voMkDis4K6ORpvVmwII5LUK3HHatLpIyaaOT1vwuI5JWjTEZ5HofWsrvodEJvqYB0lc46DPTFaRmr6ltx7DJdCimZW29ugA5rR8stCbippkMDALGO2OKzVPld0ZM0bTTQWZ8HH0rpVTSxmWpZI4odiEFu9Q5XNYRZw/illIK5AJbk1zTlY6IpJ3MPTbci4GDlTzk/yriqx57NHW3pqeq+FdEkuUWQ5xt6AVahJq5yzNjVNBMQZsZyMEEVpFNPUSrS2POdd00rcSLt6dDWlR8qujWEpPocPqelSbgxTHNYwnGWxd3FaiaWBanHQg4IxWk72HH3t0d9pFwCqMBx/e9qwala5jJJPQ6GGdlQEEkY71tGclHQwlFMf9tZOhzxzVqo7XYcisWbbVI8bTxn1qXWbWxLhYspMrvliMGrjdoHFjmjBO4dAMUXXUcX0ZDcJsQnAz7d6HaxfLzaHNalkswC4z1PvXMnd6msPc0ZwPiWFkQgcZyeP0qla5pOzPLtXkK3YXPGehrVxaejsR7NJXLSThrZI8ZIA57GtJQ5o6lJWVyzAFHOK4pRa0MZak0zOpBHTtVQUeorJLQRZ5I8Fcgg1ram1YE1bVDmlLj5iSR04qIwJvbQRpiv3h7dOtXJ8mxokr6ETy7UyMjB9atJyL96TsyOe7IYNwAOCdtc9WUrcqM+WV7Dre8JxyCCe9YxaS95nRBJPUme5cclsjuRWsI31RvJ9ijc3Gfm7nrTUfeIi7P3jEvZskEnmlUp2dzSVnqj5u/axm87/hFuvH2vr/2xrrw17O552Kt7p+uFnIoCheM96mLcWRy2NWOFZFHzHHtWqkrmYl1bCWMrjj3pON9CXE5u/wBIWKQuBweoFR7OxUexRWA7toGAetaQjZ6hJW3EZI1OMKW/rW0tCFFjZZsx7FGB6VkrX1N4UerKF3GzrwfmpSkom1rOxx2rRMZyXJyRjArFpT3No3W5Z8P2G6ZQVO3dzxWfs3F3Rd7nsnhe22QIAOgpqbvocdWV2aWqW+9c47frW7ehnF9DzzxFbDLkpkCs4tdTaOhwl7ANw4wa5ZaS0KuzKu7EuCVIBrp509yoVLbnR+H4v3aI3X0xVc0XozOck2dpY2n7psrnPTirTS0M0yGWwdXOeQTjArOTRtFjItOVfvE59aqDjLc0cl2NCGwXqwIUVrKVl7pjKpfYsiIBCOx75rmcrswbsyncrnOD8oHetLOSN1O6OX1icx7uQDjHSudxSdhxSlI888QMSzuWyMce1NK2iKqSUXZHmOtHzL4Dpkdcck10wg2jlm7M0tN064lQfumBxgZrCpJ03aRV3JaGvDo1wV/1ZGD0Pep5VJXTBKUdy0mmSYA2YxxiuZtJ2ZcZN6Eq6TI/ziMceozW9KMZPQU4u9hsljLtBMQ9iBgVTguhl7NoibS3LkGLOBnI6Vm6UnuzaKtuI2lOM/uA4Pamk4K1zSbVvdKc2kuwBZCjHoDWei1YqfmVzok2QABkds1lo5eRaclI0F0SVYdo5IGSR/Kuyy5bxZunLsZt3pThTlWOBwO4rKndu7CUZbmDfaZL5eSuGzWspPYtXtqfNP7Wto9t/wAIqXGA32vH/kGurDy5ro8/FdPmfrFYXCsqAjnHXNLk5iWraG9bOAAMj6e1PlstDPl6llW3fLSSGRy2qSpyFJGea2joQo6mFqWlyAbl+Ueooklvc206mIbRhJk89TWLuWpLogMZJwMYzihyVtjTnViOa1ZF3deeaE1JE86b1Oa1GwZ5zKeg6gVgnZmt1bQ3PC2lm4kBGMZ/Stea5lNt6HqOjWZjA449PU1SSa0MHaxdvY1CkEdaalZWGvI4fX7WPJOOOuCKybb6DUXe553rmmiMl88H3qZU4rV6HTF2OaOpwRlUk6DgkUnTs+a5N77HVeEZ7bVJN0bZwdpB6iqhBS1RjUT3Z6jaaRmNQpGMetdCpXOVSsSyaBvyRtz7mq9ilrc057lKfRvLLZ6j0qWrIpSuRJB5IOTlf5VCelirEcuCp246dKCWrGTdEgE9sVotUWtEcV4ibc55wAeayjdvU6KcrK9jg/EM2S6j3zUySvqiak4vU8+1HH2gdSQcHNLncdLGT9/Y6fTNSaKFFBJHb2rhrUnUlzImEeV3NIa228ZVSB/eNOEJbM3k7ok/trG4iIHnOKbpJO9zNIRdbYqcRjr68VcFyao19nzaif2yy8+WCfr/AFrbk5tSnR00Y1dbkjjyIgFPTJ60KF+o43WhVm8SGPP7jc3bBpSpO97mUmmyk/iYOQTFhj3JqlTTNFG+rFj1sluVxzjgZqnBLYbSely1/a1w33XIA7YH60RUEtUawTitylf6tOx+7yOMnoa56sYx96xpzta3MLUNTYAhkyQePSs9LcyRPOps+Y/2vrw3beFM9vtf/tH/AArtwl/ebOXG7Q+f6H6g6bqa/KM8+lNuUDns7G5BK0pBDHd7U+Yd7GhFdMCoY9a1VmJdzWgJ4AJwfU0m7kMkmtVuVYfrS3C6SMifTDubaMg96vQqDuQRaEHcYTp+VJ22sOWi3H3empbx8qAMck0uWyIi1uzzHxXriW9ykKNuLHt161jaKOyjHndzr/BOXtVk2leehHerUFuFSy0PR9NbCqSccY4raMUjjZcul8xOlQ0rlRRyes23mu4I4xgmlJdTVM848TRZ3KP4fSlUSa1NIyXU8g1gyLdPGAU56g9fepjFpalRSWrKeiaxfeGtWW6hlk8luHjPT8qrRbBK0tD6M8DeNl1S3QtJnK5pqT5tDglTsegafcx3QzuH4Guh3sYtWH3UCnoMk1nZNDTMO7tNjnHHPeocVsbpszbtBD0PHfFZX+yauVzn7uYl264/MVotEJ7WOO8Qkb5CfvEDAArHmlf3UEW0efa9BhWYvnOauLb3LqarY4S9zJqG3d0xgU5WtciGht2qskKAk8D86wW9yyaGEgkbjg9jRLyG7lgj5AQxz3rFO7LixFORyQCOma1krLQ1vYAplcYb7x6mpjUcSItoV3YApuyoHQDpQp2RS8yuy+YckBsdQOcUU6ilo2Hs0ys8LHDFQB71al71rlTTUdiBFPmcABR3ra/Q5otFlWPID5GPWsW7PU6ITezRTupXdSAdx/nW04xcb2Ovk0uYl0GfdlvmxjrXJJJLQ5nGzufNn7WKlX8L5xj/AErp/wBsa7MM007HLi5cyj/XY/SfSpWkkDFulbVGhc+mh2mmylQOCe1YaMh2Ny3EcuCTgihp20JRpRtgBAcU4O247W1Zfg4QAnnvVX97QzauTRQCVjkAemeK2SuJ6bBLCsCZTg1XKjK+pxHjLWTaW0qg7SAazk+hvHa9jzbwp4SuPE2oy6rfEiEN+7j7Yrn9nd3bOqFR2slY9X0myFvGqooGOMCrSbCUbo6i3iZIgRxVWb0MEjSgtZLjhRlsVoqcnohN8ph67p0kSsjLhjTlHoOM0efaxp48t965zwKTStY2lytXPOr3w2LmdztK89SM81hNSexadlqY2qeGHt4nzgqByQMVNOMm9TRSTWxvfDiyaIPGjMAp6CuhU9bs4qra1seyaLdGIhOnHc1baOffc31ut689qS1YtmU7k73JH3T1NS4ts1TMLVXXB9B3FZW5WaLc5y5YnJA4xwBS1uaWW7OS10lSXPfrinGVnZIlyV9Dz7xAvlurNkKTgD0qajaRfNdHK2kEM2pO8nJC/hXFU5uW1yFNXOwtYNHnhjDqWlx1DVnGd0oq9zuUYSjqW1s9Lyo+U/Uc1bhUS0JcI7XLD2enYICA+3elFVOqJULbkBt9NjYeZGNoqvaNPlZaSRLJFpahX8qMDPJ9a1dSD6ArMU/2aELCD7w5GKItRWlmNR11HKdOhUFYFUHpXMrRdyrdiOdtNMe0W6Nn1HeiUnui1dq0tipJJZICv2cEY7ChOo9UzPkj9kqtLYwglIEAHHSuiMG17xrGn3M+61Gz2keQd3pjANVOcqcbXNVJw0MG8mgQn92mD/s81yRTteRLlzdD5f8A2xLiKd/Cflps2/a88Yz/AKmu/CNPmseZjLe7bzP0G0bUD5KvjBYcg9SK15FLUydktDtdEu2lBJORjrQ4pIxaszpraVdoxyMdc04plq61NWFhsB6np1pyXYtzUjQgdQueSe4FKF29SGXI5VTBIyPc11LQxaKepXW+NgDjj0oCK1PN/EVodTaRDnr69aylBPU2vY3vD2nizsoo8/KqgYFZqPQuMtbm/abIuSeetHwvQvnexeGox7cNxitUrambVnc3NH1yC2ION2PWtYTtqYSvIpeINYhvugAI70pS5mKMfM4jWFRlbkbepzWMkuhbb6HNSwwMTgr16Vm+Y0VRtWMfW7eM2rcg57CsufWyNYTaJfBVstkzy9N7cAiuuK03MasnPQ76Nc4ZTyKTiYJWepdjnHTtnFQnZ6sbCaUbOv1oqTf2QRlXq7kOcFSK55Xkza5zlw6w7uwzWrvsaJX3OS1eXMrn9DVy9zUTjbY838WSmVcY2jkdfpUtKauzWmlazOd0u2knuW2kndxnHQVxznbdD9mk7o6G109oSCWy38q51NJ3NHdbFwW0gcHOPwrthXUlYauyVopBkhTwOmOalzTG5O2o5Ld5eqspJ6HrUtw3KWq1FbTHLbiqkD1PNctSUbj0WwS28sbjscfWs/ge5Sfcb5DyomBsx+NXzJi5lHYT7G6gKo3Z7/8A16ppSEqsZBLp0zKeMg9eK66XKtBxlroU5bORcjgg9Riuhq6ujoUknqZE9szFlK9R0rhmuZ6suTUtjGvdPY84PHHNHMrcph73Q+Yv2wLc27eFARg/6X/7Rrrw0eW55uL6fM+3vBOvvqmmxlsZQYPqMVvHaxMlqd/pl2QihT0/Kol7rBLudXpmpEgBuSPenr0FPRm7bz91b3quVshWNO2vWfPygY75p/AXylpLjcuM4xVxdzOxUvCMFt2Qeaq4rmJNZhVZ2HPvQ3oS22ZMuvvpcojfhG5HFRZpXN6cW0Y+q/EtdPKor7i390cCuf3pS2sVqnaw3T/Hn2wBySfcd66RNvqb9t4wRIwc4J6GuRuaMGmx0/izCtnLH0FarmaD4Tkdf8V3byoMeVCDxjuabhJ6XNE0c/NqN9IxeJ2XPXFEl2ZooxjqaNjBNcQIJ3dgDkgnk1mkkPnXQ6Sx/cELjAHTNapNGfLfU6K1vykY3Dgcc0+exnytsuLcK4DdMjoTXPKLbuDix/2hVPXrxT02HylW8nRsKTjvgVb0LRzmpP8AK23BNYy5k7mmpy2oEOh3gg+tO7ktSnqtDznxOF3HGcMTkU17kTBJpj/DUPlwuwUDkZrkb5nZnfTSa946NVQYG0ZrGcVsga10HmNT91Mn+9TScVoaKXKtR3klcc4PcGlKMnqQ2pEciyF/uDFNJLcrlTRXlaVXbOUHatlCMldCcVHYpJ53n5cb17gVEqeuo21axoQzDGFQD2IqXTV7go9xzXAaJuTn0NbRgRKlyspSXDiMgk5Ix7Vs/dWx0U0iJZmU4YYPvUOemhvKCa0Mu7uD5jdFPUAVh7P7RhaV7JmHeXpwduPx71mk1I0UHE+W/wBspy7+EScD/j74H/bCvVoNtM8zG7x+Z9P+BtQGlamsbH5ZDjB6ZrloVUgqwT949m0mYGJWUcZ/OuuTu9TkUrvQ2I5JRMHAODjrVxlF6HYmkrM6uyuZAo3gjoOacpdjBvsa0E26Pg9RjjjNCj1MmyQXDhgBwKPNmi2uySS4LJ6VaegtDOvbnjy15zRbmQ0jNuLVJQS/IIxzUu6WhVkc3qOlw7ySowvHP+fepTbepEtrlO30ZEj3AdT1olNp2Rm5ORpWVjHHJDuGWzkk85qIc8peRDTRuPax5HygV120M9WZOqaQJlJK8Z7VztpOzHGFtbmbNZww2/zsEweSeKzUraF8t2JDPHlWU7s9CDTtfU0tyliXUMyBFYDPQd6WiKUkhZNV+yMkRkG4nI4pON1cv2kS/BriMU+YE9Kyin9ojmv0NLziVyCBx0rTRE8zehVmYde5FZNXZsmUbycqhAPPpWzXKjNnBeIbwpMQuSD94g9KxhJOVzaKsrs838Tazb2U8CyuFDtzuOO/JPpXTKmpu6OeT1udXp8YSFGXaVYBgV/z9K4qlGUNTvpzVi5FITMFKr9c8/lWEYdjfcsEyc4JIB4rTlsS4eZYjaQ9AMHvTknuxJLqNZ5DuyNwqZJWNeXsBlkYAKv1bPArnptSehrGCW4wJu5wMHv6132TQ5JdCJw3opY8HGOK5YzUZGSViGdZghAXkDNDnHm0JTvIrfvtxYjB9Oua6YzWzOhSSKN+0kg+6VCnr0xTcVZtGcn1Rjz+YpOSTg9e+K5IU3KVmC5krs5/WNUjsAWlyx7KvJPtXrU8Jyrmex5lfGqnKyf9fcfK/wC1RqEuoTeHHeHyUButoJyT/qs/0rVJLZHLOs61pdD6pg86S4jlVNoBDdOK8mFNQV0z1HCLWp6p4e1NpI43kI6YIHrXp03zQucTiovQ7nTr5JTGeBjHNcrpO4pOzOqhlzGDjmtErErVlq2l2nOTjPT1q7hNdiyZg2OcmhS7mab2Kd1dmPnec5+uapzdjSKZUjuFY/Mev4VN29irNak5MbR7f5VfvNEcxSmtI3JK8jHQmoS5fiC9iutqwQqPlxz83eqfKVdLUl06NfOww4HGKuNzOepdnuNjEEZHaqd+hMY3IrqUS22QMY7Y61lKN9xyjY5nUI1uQyldy0nE2UGlcr29oiKpVMego5rGMk+pC6MCWLDI4BHetLpojQ5HW9TuIbkOU3oOoJ5+tJW6F2jYk0nW5ZbmPJZQegPasZxa94ST2R6Jpt+Z4Ac5I71m4qOrNEr7ks8pjXduyfQGpcm9i+ZWsjE1C+EaOCeWB5rVt8pGtzzzxBqXkCXvtyCal01a63No6rU+bfi94wkn1W2t4n/dorHg9+K6tYo5as9rHpXw08dT6noFrCZC8kKbXBH610qCnH3kTGo0d9Y66rH5sA9yKwdKKdkdMarsbFt4gt9xQxMewYnINZTw0Wti412nZo1rbU7SZljVgGPb1rllTlBWOjmvqaIgjZMhQR7GuKT1swUtbIetjEw5TLUODjqkdOqFWzTdgoC306VMqkl0GtUR3OnjAXYq571EoqS5jOVS3UrSwKoKkr9BzVKLlsS5dzEutU02JmEs6LtPOzPFerRy6dSPPH+vxOWpioQ2IYdS0u/XMME1zgkZU7R+tejTwrgrTVzmjjHP4TK1VJdQtRHpenmNxn5nJJr0sNQpP4V+ZzV8ZUtynKv8LdZ1KUSTfIcbeO3vzVzpxbcTg0cXK+p8vftheB9Q8GTeFft0hkFz9rMeR02+Tn/0IVwV6caajbz/AEKwrn73O7n2Jp3gjURKsbOioCMqDlv/AK1c88sqbpf1957M8bFaf1+R1T6ONDto+S+0fOR2rplhKlOJwfW7ysi1p96yOMHpyOelcMvd0OlVJXO30bVGlT94/bg1jqy1rqjoba4jkGevHWslfm1I5iVpFCEZ7U3Y1Sucxr+seQFUHHH3hVRguhbfKcvdeIJVcvHIyMpxk9AKajK+5lOSa0Om03Wl1WFHTp0PUGt1buRFpnQwwR+SGyCx65qOZNhbUq395bWMWZZAmegJ5rKUbamqptrQo6V4gsDeZLgZGM54raO2o5UZJHQiztb9t0VzG464BrVK60ME3Ew/E+v6V4dt9skyy3HQKpqXFLc3pU3UZ5tf+PRC7NHtZeflJx+dYSk09Dr5bKxnP8TBHgOuF9hx+dXCDerOGVVRlymfqHxK3RsUgcsPugDAIrJwlz6MG7amIPEF7qR84x+WpbnHb/EVtyMy+JnVaHHl0eUYyMj8qylpoy7NHd6M53buoHHXpWMod2O9lYsancqd2MAAZpKm4u7CLOK1nUXXdljtBJ49K6ItyRaUW9Txv4m+NE0eB1glPnyqRsHT61FKEub3jGpLlejPn/XZmlRJZCXbPJNe3dOGiOKo33Ol+G/iaTSLnD5MDqcjOOa55QbXMx0nPZ7Htej+KbO+XCMueMk9ayXdHUpdDfSYXCAwsuO561vpy3JUo3HmRlfIAJHRu+awbvuaKbtZGrbeIZ41AWbDp1HJo9lF7lKq4aI2bHxc0iL52A3faOornnhktjp9t/MbVtq8c2MyYP8AOuOVF9DoVW+iJZr0Ectu+vNQ6Nkacl9TIv8AUjNFMEAXAOCOv/66mk7Ow5QvHU8d13WYdG1LzbpjJGzngnvXt4XEuL1Wh4Vend6M3NB+IunRwDcfLhz93I4r2amLjUjaKsZ01ZamqPjloOnpEkVpLLLI+wRB1DFgeg57/wBazp1Yxi7sxqwu7nQah4817UdMI020stJuHH7uXUbgAfp1rilUu3yocE4rU+Jv2zE8a/afC0njDUbLUN5vPshsZNyoB5O8Yxx1X681zTOiMlLQ+/rVjIjshBUY+70FfUQvy6nm1Vy7lDxJeR6fauZHymCNg5P1P/167LR5by3OSFXklqct4Z8V29+5gVx5gG4A9SK+PxVGfO2z26FWNVHbWGoBYseYVYdMVwqVjq5rbHT6brJVwCATjt61Eu5Gj2L0t7JIpOfwqIQjJ3OiD0s0cj4q1OKBcSEls7iAK6EtdBya2OTmuxcDcz4Qc4/xq5SUVbqYyS6C6b8RLLRi0RY9OCAa5Y817sSmtmi1efGNYbIpao0kjZG4ev8ASt0tNS1aWxymo+Mr+/QG4cjPXLVhFJM2hJrREtnrc8iD5yRjsea6vQ6LvqbNn4kvIvl+0OgA4O4gmplG/Uxk7vYxdS+06jI05kdwTjPJ5ptT2TNFGxQvNHup3jESEg8sWzUOMqbu0aOEp7lm48PGGyBYguOSKic5dDncFT3Obuv3k5iU5OcAYp87S1RGm7O68L6Sn2JVcE7eeRWXtJbsnTodMlqiZJXcB696iUubVEamhYXyWoIJOPfmsryb1YezbVypqesoqM5OxfU1083Mtx2j1PKfHXj610yzmJkxKUJwT6U6TutzObcdj5g1fxJd+INcknnbCsfkUnOBXXGLkck52VyXUbUyWTHlsDI+temqaijn5ndXMnSLtop0JO0A+lc0ozWr2NXY7yy1w23luFEiEgsM4rGKS1ZEeXm0PRPDHi4OR5cZVD238iunR6Qj+J2bLY7q01G1uY9puF3jsTyaxnTjF6y19CU7K5Z8sSg7eMDr60Qkk9RrXUhU+TjY/wAwPPOea0qQ62KZcXVJYBkt264ohBPSw1ZsuW2uukZy/DdR3FTUpouNXkdkbaTWOo2Z8mcCXaQQfp3rzZYfmd4s7FW5tD57+LOg3808vnIyw9tn86ylQqr49vkY1FKa8jwq/tNVilkSK6naPsofGBXRSi4rQ4/ZxvqzpPhFoskfi9b+/HmQ2ts7RrId3zggqOfxPpxXek2lbRk1J8i902vGyXvi3XriW71G4W2Rv3ccczKo/AGvWw2FVb4mcTnP4meP/HJGt7Lw7bm4mnSM3BUzyFyM+V3P0rnzGiqPJy+f6HRRk5XufpBFr5trXDAbBgiOHqw6ete5SUY6pnkVPd1RxPjPxXOtlMipHE5+XYVLNj65x+lda95X6mbaqbHk0OsT6Rqcd1bviRO5NeZVopvVmlJSpSuj1Lwj8SrfWJBHLIsdx0KMMAn2r56vR5Hoe/TqxmemabrKbUOeDyCa86TTR1OKtdG/Z6objbtI25xzXHdwlfYhXWpW1TT7e7BeVQxauhVG+opSbOTu9GiYt5Kkg9iattvcqLvuVv8AhEoCjADbkZ6DmudycWPki9jnb3TU0jUFQqTG3OTW7leyLhG7NWK0t9RGzyAIyACPWtNTpUYfaOp0nwTY3FskVvD87HHJ6U25t2iVUqcux0F18NraxCTSknA+6SCK3ceXcj6xJbIn0fwxZzW3kSbUTcT8vXrVRly6Il1pPVEOvaFZWrFopSdo6MABUyXYunUb0Z5b4hvX+0fZ48Nzk46VlqOa5XuUNJ0VftDTS8zE8FelclV22ON3cjt7ACK1UKD7isI+9uU0iaS5Kxlz2HTFaWV7C1sc/ea2VLZIBA4rqUYlXstzgPGfxEktYvLgy746Y4APesHaDtAwbfQ8K8V6xc6xI0tw2446dq2Ub6siXvKzON0+A3GqsCTsUZxmumFHnW5m6atZnZxWplg8rP3h3rup01bUx5ehxhiey1CWHGNrVpPSPKgeiszorO4ZoNueKyfLynLZ8xo6bqcmm3GRIQGxnNR7WcFZbHStNTtNN8Ui2WK4D5yvbnrWijSmua+o/ea1O90jxQlxbK6sBkDg9siokoQdrEXklqyebUWkkDgjdxzjrU80oscKsuoTajI2GZ+T3rvjaSLU9QOpoZFXc2MdTUO+xHtJX0L1tqjxDcufTOcVzOk5SSN1Jlq6vxqi7Z41IIwQ3NKpS6M11OP1T4c6Fqdw08cckcrDDBWABNcUvdVkWnDZmNJ4Fg0xJmtVeN9hAyepp4bWfvIqpRg43TOk8P8AwCa/8J6RqV8LqG91G4SNUVxgAvtz09Bn056mvqcPOnDWGjPGrKpGSV00eGft4eAY/h94i8M2EaqMpcZKY5wIeuO/J/SvMzKtKrKPN0udVFtrVH1NYaqs0WLZcYGSXGPxr26bptWieJPmvqcd49vT5pDENKB+Q9q7YvkV0KEVe6PMriUgFiec5rlm4r3rGzb6GVd381oyywPskXndXl1Yxqq5pTqTi9D0zwD8YpLqWKx1OXyyBhJ88dK8WpBPZHsUqvPoz2Cw8VpIkYWVG3DIZeh968urS59Dduztc24tUe5UFnUhuvNZRpqPU091ksc3OOgPvWzjdAkr3ZdZhMm0Ng9eKzcZJaGm2yMXVdNW6Xa6Bj196Ic61kClYwjatpcxeN2CE5212xmpG91M6HQvEr25bDFCcdc0/Qn3ftM6STxfLqCBJXyV/WtFNt+8SoJMgbxFHa8s4THJ5pS5b3RSXK7o5bxF4yW6kKIxYEduTXNOUvsmftEt0YNvA91JnyiSOckYqVUaViW1LqdBaWfl7Tjb6is9ZPUpKy1LbMyKg4X1AFFl0OdvXQoX9+LWF5GOFzjk9qSjeWoc10eY+KfEqp5sUUu0kYyDj8KLNPR6CvZHm2qzGUO3Ut1J71SSbNeeNrWOTvrcEMD09669jC12YmkWg+3yvn5QSuAOtbU04u9xVZ20Ott1UxLgAHpkV3xmjlv1OT8S2H2PUjPtOZRk56Ucut0cM6zbsyKwulWPDHnPFS43N4yjY1JFa4tyy8NisHFm97bE+kMTEqn5WB5NKnC9RdCVzLc7HT76SOJkicjIzgHFdU6LqTagw9pFaNFu11m9tdu6Rpk7gmuZuVN2auQk5bHSJfRizE+8lScFZBivQjyzhzK6MFGd7CwahFKAUcZHODxWfKn1OmMeXcuwX+1N0gAB7jtRbl1uPnV7Il/tQbyVI2nnIOax55Sb0G5yeiJ4NS3NkAH9BQqUXqxqVtWWPPjnZo3IHHWolKEdFoXGtzaHpnwx8WyXWp6Rpt/LG9paSmVXc/McA/15/wD1V0UXeW5PJzvU+YP+Cljreax4Nv1YOJ5tRUFfRRagfzrLGq3KvX9DVaaHoWm6ksM0oN3tTGGywGRXqYe1/iPEqNI5TxLqaSalMke54wMLITnNerecdJLQxp6M5m4OMjNRWtKNjdsytQQyIcDJx0rgVNJWCPc59Hlhu2wCAQcH8K8uvFx0FTdT2iaPS/hf41mi3WlzPl42GA/OQa8Vx1Z7EW7+89T2bTfEoljU/MQeOen5UvZrc7I2ktTpLPWhKEwxctxx2qLBZxZvWknnDG7cPUVC5k9S+YtS44GMgjrWqakrXJ1exUm0v7RhQvB9qmHumqnZamFq3hi5gAlhLKWP8P8AjQ3re5lJPcwddsNU0+zW4MjhQP7xJrbUlTqJ+6Y1pourXc8LXUk67yOGPY9Kwq+0+yX7SVjrbbwVIJQ3mYIOCtYybirK9yLN7nVWWl+REF2BceoqoJ9UVZIS6h8oYGQfatm+bRFOelkZt1cJbW5eRs4x161m4Sa0M9zzjxt4oKW7QI+GdsKKxcZxT1M3JRep59qErT8k/Meaxhzpas0bTMieIuMGumno9SXZLQwdYhKKSBXeZRk2zI06DazHHU12U486Mqhv2hCrggcVXvfCkZKSW5g+NGJMTkfKOBWkFKDu9jjqWbvY5gShDuPT2repKKXMkSrxNzTL0zIpRuh6VxPmqaxOqD5tWacDBJMkcGqpxad5HW0rG1YzCEgjgEdBW9NuEm11OSUbs1UkyM8+uKurFWuVGTjoXGvftXybiqkYx1FcacurdjSL5nawWUmwfewOmTVxbnsXLlitSC8nuBIwjmKx9QvY1bpTk1qcsXG5f0+/KwfOPnroiuTRI6OZRJ49eMYMZ+XJ+8DUynGL94hNyd0XoNTWPlyWz+dcdWFOpJNXNFaOtjVstRIlSeKQxle6NgihwcF7jNYu+p4R+2hq/wDaGm+B4PmJhk1BiWOclvs3Of8AgNZVHNpc5XLZndS34e5TMeV78dq9uEY86cNTyKkY7Eeoyb5B8x244FezPmbSbOHkknoUG2two/GsqrVjXlktWUriJlQ5Oa5W1c2i11Oeu8W9zubOPSubEKMlZF+0jT1Rf0e6TTtSjuuRETtcDnivCrQsnY7qP7z3me1aBfwzwRSxyb0foVNccG3pJnYrxOps5GhmzFjbjluxrVwUdxt33Z0+ja2JJDGzhXBxj1+n61k0mJLzOot594UMev8AKsXH3joSRqWe5kUjBANUlKMrk8vUtukUqgsu5h6c1raL1E5NKxl63pQv4kDqPKXI5HP5UlfYmD7GaYVDrKVBCgYB6Vsn0K30ZuWTxyrksBgcis5JNkO6JJrmNFGwk49OlJyS0sNWtqc3qesrbyNyB6jP86x5knoOSSWh5d438d22n20pZxkDIUHrV+0ilo9TFTszyWy1m58TaqJHQrGCTwc4rGrzONybKrKzua8i7mwQOO9TSp8yuy3HsypOMHA/PHFbcmt0ibGDrg2Q8jg8V1J2QnotDIsUBXd6GvToJKN2cMpXVjVtBvJypH1PWt7pK6CmovcpeJIVlssP0znpQ0pxsFW1tDgwDvw4wvtQoLlsZRtfUuWDfZ5l2OQpOSPWsuWUFodVo9Do4ZlmTORxWabaBS1NGymxImeRWblroZSk0zeQqQSMDjpXa9S0r6hG/k4I4zWcoLYE2nctvOkNlu+6QSTitFGMImdWV3sUpJRKwY5yBxT0S3Oa9ndCwzMoVs1ey5ja/PuTxxo8ckjY3KwwT2rSMI1IOTRumkrJla61CSUBVcrg9VrCNOPRDSfUSHW57V23Pu+bsMGuWVRKfLY0jKx5N+0/qbajb+FQ3WP7UP8A0TUYlxfLys1TudTF8ZfBguXZtZ+T+H/RZuf/AByvSo4qhB3vb5f5HlVMPVlsMuPjF4NkBxrHPr9lm/8AiK9CpjsLLXn/AAf+RnHD109vxKjfF3wiCNurn/wGm/8AiK5njqHV/gdPsqj0aI5vi34Tccarn/t3m/8AiKwniqL1T/BkuhPojGvfiR4ZnOV1LJ/64S//ABNYe3pPVy/P/Ij2FTsSj4m+GPs2w6nhvTyJf/ia46tSEr2Z2U4zirNHYeEPjz4RsbaKG+1XyPL4yLaZs+/CV5zhd3Z2Remp3th+0v8ADqKMLJ4h2j/ryuf/AI3Wrs0FkU5/2lvAQuA0PiDjfkn7Hcjj/v3U6RXurUDp9L/a6+HkEaxz+Imx3YWVz/8AG6y95vVFRaW51Ft+2T8KFUBvFOzjp/Z13/8AGq0lotNTRz7GlD+2n8Ilj58WEEemm3fP/kKuaMJvVj5ovcg1D9tb4USxHZ4mMjH/AKh12D+sVacj6ErkT3Obn/bA+GjSHb4jYqe5sbnj/wAh1tFW3JdR30WhIv7YnwzjUKPEWRjGRYXX/wAbqWn0G5Jshn/bI+HDIVGvFvf7Fc5/9F0rN7kykjgvEn7VHhW7kdbPWTIpPEjWsw/TZWcaaT2MXKo9kcknxi8FasZH1PXwHPABtJzkfghrT2MHqxpX+I0NO+MXw50ePFvreWIOW+x3H/xFTKLa5UtC9FsD/HLwNJICdcwCeT9kn/8AiKIRcdB3RCfjd4HVcLreec82k/8A8RW6k0rJGbT6GJq/xe8IXpxHq5IBzxbTD/2SmrX1F7xRtvir4UgB/wCJp/5Ly/8AxNdbnBw5bnPKnJ7F+2+MHhJXy2rbRj/n2m/+IqISjtJk+zmtipq3xX8J3drNGmq7ifu4t5Rn/wAcrrjUpKNub8/8inCUt0cn/wAJ7oRP/H6Pr5Un/wATUKtBdTKVCT1Qq/EDQgRm8xjv5L//ABNOVeLVrijSqRL0PxI8PoedQx/2xk/+Jrmc49Gaezne5qQfFTwxGVJ1TkY4+zy//E1PNF9S3Tk0akPxm8KKfm1XjH/PvN/8RXW68I7O4402iVPjH4Q3gtrGAP8Ap2m/+Iq41qT1kylAsS/GbwY0ZUaxu9jazf8AxFKpiIN2jsLkfYqv8Y/CPmJt1fA/iP2abp/3xSrV6U7KBm6TvsPHxj8IABf7Y49fss3/AMRVKvT5bXIdGVx5+Mvg6OJ1GseZu7G1mH/slOniIQTV/wAw9lNPYqf8Le8JLtZdXyw6g203/wARS+sQi+aL+Wp1pO1mLN8XfB8qE/2t85YH/j2mwP8Ax2uWpOnUd1uS4vojzX4yeMNI8Vro40q7+1fZzMZP3bpt3eXj7wGfunp6VhPl05WaRVkf/9k=',''),(98,'11/30/2016 09:49 AM','11/30/2016 09:49 AM','125.161.223.81','Andry Priyandika','1','','','iVBORw0KGgoAAAANSUhEUgAAAj8AAACWCAYAAAAxIOk4AAARBUlEQVR4Xu3dXYhX5b4H8MeKIpC0lzkIxSnJLs5VzY5qwEK9qrzRgaCwA6V41UVOnLzK1OmmiwoyqAuJzDj0AkVKXhiBZlhgwbEkOBddqFEkhyErsuIYzea39v4P4+yZcd7W6/NZIG31/1/r+X1+yz1f1lrPehaNjo6OJhsBAgQIECBAIBOBRcJPJp1WJgECBAgQIFAICD9OBAKZCpw4cSK98MIL6dy5c2nbtm3ptttuy1RC2QQI5CYg/OTWcfVmL/Dll1+m4eHhtG/fvjGLSy65JH3wwQdp7dq12fsAIECg+wLCT/d7rEICYwKbN29Ob7zxRjp//vy/qCxatCgdOHBAAHK+ECDQeQHhp/MtViCBfwg88MAD6b333puW4/rrr0/fffcdMgIECHRaQPjpdHsVRyClU6dOpcHBwRS3u3rbddddlz766KPiOZ/Tp0+nFStWpD///LP468OHD6fVq1ejI0CAQGcFhJ/OtlZhBFLxXM/GjRvTTz/9NMaxcuXKdPTo0Qt4Hn744fTmm28WfxbPA23fvh0fAQIEOisg/HS2tQrLXWBoaCjt2rXrAoY9e/akRx999F9o7rvvvvThhx8Wf37vvfemgwcP5s6nfgIEOiwg/HS4uUrLUyCmsMfVnV9//XUM4MYbbyyuAk01nX18UNqyZUt68cUX88RTNQECWQgIP1m0WZG5CETA2bBhQ/r999/HSl63bl16/fXX09KlS6dk+Pjjj9OaNWuKv1+1alWK39sIECDQVQHhp6udVVd2Ajt37iye1xm/Pfnkk+m55567qEU8DN3f3198btmyZemHH3646Hd8gAABAm0VEH7a2jnjJvBPgXiYOWZzjb9aE1PWd+/ePat39sR7fnrb2bNnp71SBJ8AAQJtFhB+2tw9Y89eIK7YRPCJ6ey9LW5bxe2v6W5zTQbX19eXRkZGir8y3T37UwsAgU4LCD+dbq/iuiww2TT2HTt2pLj9NZdt06ZNKWaDxTaf/czl2L5DgACBKgWEnyq1HYvAAgnEA8zx/p7etmTJkuKh5vXr18/5CDHD64knnii+/8gjjxT7sxEgQKCLAsJPF7uqpk4LxHt69u7dO1bjxaaxzxTDjK+ZSvkcAQJtFxB+2t5B489GIB5sjqs941djv/XWW4sHnWf7fM9kaPHc0PLly4u/uummm9LJkyezsVUoAQJ5CQg/efVbtS0ViPW3BgYG0pkzZ8YqiFtTcatqIYJPb6fjZ3yNjo62VMuwCRAgML2A8OMMIdBwgZjRFW9s/u2338ZGWtZbmCNI/fzzz8VxTHdv+IlheAQIzFlA+JkznS8SKF8ggk+8eXn8wqQvv/xyeuyxx0o5eKzmfuTIkWLfpruXQmynBAg0QED4aUATDIHAZAITp7JfccUVadu2bcWvsjbhpyxZ+yVAoEkCwk+TumEsBP4pMNlU9niweaqFSRcKLtYFe+utt4rdlXmFaaHGaz8ECBCYi4DwMxc13yFQosDE4LNQU9lnMuR4T9D+/fuLj8aCqONnls3k+z5DgACBNggIP23okjFmIzA0NJR27do1Vu9CTmWfCeJDDz2U3nnnneKjDz74YHr77bdn8jWfIUCAQKsEhJ9Wtctguyww8eWFVQefsB3/lueyZpR1uYdqI0CgHQLCTzv6ZJQdF5gYfOKWU9z+Wsh3+MyE0FueZ6LkMwQItF1A+Gl7B42/1QKTvbW5znW1hJ9Wn04GT4DADAWEnxlC+RiBhRaI4BPv8Il3+fS2OoNPjEH4Wegu2x8BAk0UEH6a2BVj6rzAZMFnx44daefOnbXWHkGsv7+/GIP1vWpthYMTIFCigPBTIq5dE5hMIBYQHRwcvOCKz549e1I899OEzfpeTeiCMRAgUKaA8FOmrn0TmCAw2XIVTQo+MVzhx2lLgEDXBYSfrndYfY0RmBh8lixZUkwtb8oVnx6U8NOYU8ZACBAoSUD4KQnWbgmMF5gs+FSxXMVcuiD8zEXNdwgQaJOA8NOmbhlrKwV2796dtm7dmn755Zdi/HHFp6nBx22vVp5iBk2AwCwFhJ9Zgvk4gdkIPPPMMylmcfW2pgcf4Wc23fVZAgTaKiD8tLVzxt14gYkLlF599dXp0KFDpa/MPl+YG264IX3//ffFbk6ePFlMebcRIECgSwLCT5e6qZbGCEwMPosXL05ff/11ihXam7719fWlkZGRYpiHDx9Oq1evbvqQjY8AAQKzEhB+ZsXlwwQuLjAx+NSxQOnFRzn1J4Sf+ej5LgECbRAQftrQJWNsjUATVmafL9bAwEA6duyYKz/zhfR9AgQaKyD8NLY1BtY2gS4EnzCP21xHjhwRfuZxAsbyJUuXLp3HHnyVAIEyBYSfMnXtOxuBicGn7gVK5wMv/MxdL0LP0NBQ2rt3b/Fg+/Hjx+e+M98kQKA0AeGnNFo7zkWgS8EnerZ+/fq0f//+on3vv/9+8Xvb1AKnT59O7777bjp69Gjat2/fBR88e/asK0BOHgINFBB+GtgUQ2qPQNeCT8jHyvLDw8NFE5qw0nwTz4Z4Y3cExLjCE68DmGxr2pptTXQ0JgJ1CQg/dck7busFuhh8hJ/JT8u4nRVhJ97MHVd34vdTbXHLM259xW0vGwECzRQQfprZF6NquEBXg0+wxw/3wcHBogOrVq0qfuDnuMXVnXjwO15dEP97um3ZsmXp6aefThs2bHCbK8eTRc2tExB+WtcyA65boMvBJ2zjB31/f3/BnNNDu3E1J4JO3Mr68ccf07fffjvlqRYvq4wHw+N5qPivmV11/6t0fAKzExB+Zufl05kLdD349Nqby8rup06duuB21nSnd7ysMsJO/HJLK/P/I1B+6wWEn9a3UAFVCeQSfMLzyiuvTH/88UdB+8knn6R77rmnKubSjxO38eL5nbi9F+Fnqi0Woe1d2Yn/urpTemscgEBlAsJPZdQO1GaBnIJP9CkWM40p3LG1fbr7bB5Wvvnmm9OKFSvSU0891anA1+Z/e8ZOoAwB4acMVfvslMCdd96Zvvjii7Ga2vwCw5k2pu3T3Xu3s+LqzsUe2F63bt3YFR4r2M/0DPE5Au0WEH7a3T+jL1ng7rvvTp9++mlWwSeKbeOMr3hQOx5WjrAz3eyseFh5/O2skk8huydAoIECwk8Dm2JIzRCId7Xs2rVrbDArV64s3uKbwxZXTpYvX16UGs+6xJuKm7bF7ayYiv7aa6+lAwcOpL/++mvKIcbDynHrMmZmeVi5aZ00HgLVCwg/1Zs7YgsEYsrzxo0bx0Z6xx13pM8//7wFI1+4ITZxxpfbWQvXX3sikLOA8JNz99U+qcDE4JPDMz6TQVx++eXp/PnzxV/FEg51PQ8Tt+DiCs/FZmddeumlae3atWnTpk3WI/NvmwCBaQWEHycIgXEC4591iT+O2yXxDEmO05z7+vrSyMhIoXP48OHillEVW+/Nyr2lJKY7pnfvVNERxyDQPQHhp3s9VdEcBeKH7po1a8bWbco5+AThwMBAOnbsWKF5//33p1deeaWUqz9xKyuu7Mxk3ax49874NyvXdTVqjqeYrxEg0BAB4achjTCMegVOnDiR7rrrrrEX+8WMoAhDOV7x6XXi+eefT1u3br2gMfGwcKxWPp+HhiPkfPXVV+ngwYNF4Om9THGqM8DsrHr/bTg6gS4KCD9d7KqaZi1w7bXXFus5xXbVVVcVVyLm8wN+1gNo4BdiNtU111yTRkdHJx1dXIGJKy/x69y5c+n2229PscBnb4vw2Fv9PK7uxO8vtkBofHf8m5V7x2ggjyERINBiAeGnxc0z9IURmPj25q4t5zAfpWeffbZYrTymkU8Vguaz/953Y/X43rt3cg+dC+FpHwQITC8g/DhDshZ46aWX0pYtW8YMhoeH0/bt27M2mVh8XL2J23+vvvpqOnToUPrss8/Glr6YC1Q8SxUBJ34tXrw4bd68eS678R0CBAjMWUD4mTOdL3ZBIB7kjWdPYosfxsePH+9CWaXXEIGodxvrzJkzhWHMDItbYJdddtmYZ++Zqd7tsapmjJUO4AAECLRaQPhpdfsMfr4C46/8xNucH3/88fnu0vcJECBAoOECwk/DG2R45Qt88803xUFuueWW8g/mCAQIECBQu4DwU3sLDIAAAQIECBCoUkD4qVLbsQgQIECAAIHaBYSf2ltgAAQIECBAgECVAsJPldqORYAAAQIECNQuIPzU3gIDIECAAAECBKoUEH6q1HYsAgQIECBAoHYB4af2FhgAAQIECBAgUKWA8FOltmMRIECAAAECtQsIP7W3wAAIECBAgACBKgWEnyq1HYsAAQIECBCoXUD4qb0FBkCAAAECBAhUKSD8VKntWAQIECBAgEDtAsJP7S0wAAIECBAgQKBKAeGnSm3HIkCAAAECBGoXEH5qb4EBECBAgAABAlUKCD9VajsWAQIECBAgULuA8FN7CwyAAAECBAgQqFJA+KlS27EIECBAgACB2gWEn9pbYAAECBAgQIBAlQLCT5XajkWAAAECBAjULiD81N4CAyBAgAABAgSqFBB+qtR2LAIECBAgQKB2AeGn9hYYAAECBAgQIFClgPBTpbZjESBAgAABArULCD+1t8AACBAgQIAAgSoFhJ8qtR2LAAECBAgQqF1A+Km9BQZAgAABAgQIVCkg/FSp7VgECBAgQIBA7QLCT+0tMAACBAgQIECgSgHhp0ptxyJAgAABAgRqFxB+am+BARAgQIAAAQJVCgg/VWo7FgECBAgQIFC7gPBTewsMgAABAgQIEKhSQPipUtuxCBAgQIAAgdoFhJ/aW2AABAgQIECAQJUCwk+V2o5FgAABAgQI1C4g/NTeAgMgQIAAAQIEqhQQfqrUdiwCBAgQIECgdgHhp/YWGAABAgQIECBQpUCp4efdY9+mH3/9/yrrcSwCBAgQIECg5QLXLL48PXDXv5dWRWnh58j//l/6r//+n9IGbscECBAgQIBAdwVe+M+/pVX/8W+lFCj8lMJqpwQIECBAgMB8BFoZfqJgt73m03bfJUCAAAECeQq09rZXnu1SNQECBAgQINB0gdJuezW9cOMjQIAAAQIE8hQQfvLsu6oJECBAgEC2AsJPtq1XOAECBAgQyFNA+Mmz76omQIAAAQLZCgg/2bZe4QQIECBAIE8B4SfPvquaAAECBAhkKyD8ZNt6hRMgQIAAgTwFhJ88+65qAgQIECCQrYDwk23rFU6AAAECBPIUEH7y7LuqCRAgQIBAtgLCT7atVzgBAgQIEMhTQPjJs++qJkCAAAEC2QoIP9m2XuEECBAgQCBPAeEnz76rmgABAgQIZCsg/GTbeoUTIECAAIE8BYSfPPuuagIECBAgkK2A8JNt6xVOgAABAgTyFBB+8uy7qgkQIECAQLYCwk+2rVc4AQIECBDIU0D4ybPvqiZAgAABAtkKCD/Ztl7hBAgQIEAgTwHhJ8++q5oAAQIECGQrIPxk23qFEyBAgACBPAWEnzz7rmoCBAgQIJCtgPCTbesVToAAAQIE8hQQfvLsu6oJECBAgEC2AsJPtq1XOAECBAgQyFNA+Mmz76omQIAAAQLZCgg/2bZe4QQIECBAIE8B4SfPvquaAAECBAhkKyD8ZNt6hRMgQIAAgTwFhJ88+65qAgQIECCQrYDwk23rFU6AAAECBPIUEH7y7LuqCRAgQIBAtgLCT7atVzgBAgQIEMhTQPjJs++qJkCAAAEC2QoIP9m2XuEECBAgQCBPAeEnz76rmgABAgQIZCsg/GTbeoUTIECAAIE8BYSfPPuuagIECBAgkK2A8JNt6xVOgAABAgTyFBB+8uy7qgkQIECAQLYCfwcnN22ZFPivUgAAAABJRU5ErkJggg==','iVBORw0KGgoAAAANSUhEUgAAAj8AAACWCAYAAAAxIOk4AAAPp0lEQVR4Xu3dX4gd1R0H8BOIFUvA0Erjg3SjgUjRkuxiaBTCbmjBBqlsYqkvDZulYKAvu4vY9aGw0acgSiLtg38eksUUfQhNMCKhFDQYaPJg4lJErKYkrS9taPxDK6FYU86l93b3mujsvTP3zj3nMy+BzcyZ8/v85uHLnTMzK65cuXIl2AgQIECAAAECmQisEH4y6bQyCRAgQIAAgYaA8ONCIECAAAECBLISEH6yardiCRAgQIAAAeHHNUCAAAECBAhkJSD8ZNVuxRIgQIAAAQLCj2uAAAECBAgQyEpA+Mmq3YolQIAAAQIEhB/XAAECBAgQIJCVgPCTVbsVS4AAAQIECAg/rgECBAgQIEAgKwHhJ6t2K5YAAQIECBAQflwDBAgQIECAQFYCwk9W7VYsAQIECBAgIPy4BggQIECAAIGsBISfrNqtWAIECBAgQED4cQ0QIECAAAECWQkIP1m1W7EECBAgQICA8OMaIECAAAECBLISEH6yardiCRAgQIAAAeHHNUCAAAECBAhkJSD8ZNVuxRIgQIAAAQLCj2uAAAECBAgQyEpA+Mmq3YolQIAAAQIEhB/XAAECBAgQIJCVgPCTVbsVS4AAAQIECAg/rgECBAgQIEAgKwHhJ6t2K5ZAPQQ++uijsLCwEI4fPx5efvnl8Omnn4Y77rgjbNq0qTXBy5cvh5deeil89tlnYe3ateGDDz4IH374YbjzzjvDK6+8ElavXl2PYsyCAIGBExB+Bq5lJkxgcAVef/31MD8/Hw4ePNhVEbfddls4d+5cV2M4mACBfAWEn3x7r3ICPROIoWdmZia89dZbpZzzhhtuaPxaZCNAgEAnAsJPJ2qOIUCgkMD58+cboefo0aNf2H90dDSMjY2FVatWNW5hrVy5MsT9F2+33HJL4/9vvvnmcPr06fDoo482/vv6668P8baYjQABAp0ICD+dqDmGAIGvFNizZ094+umnQ1zf09xuvPHGsGvXrjA9Pd1Yx7Oc7dVXXw333Xdf4xC//CxHzr4ECLQLCD+uCQIEShWIYWf79u0h3upavE1NTYUYiDpdqPz22283FjvH7aabbgoXL14sdd4GI0AgHwHhJ59eq5RA5QLx9tbk5OSSX3vi7a39+/eHjRs3dnX+I0eOhB07djTGcNurK0oHE8heQPjJ/hIAQKAcgc2bNzfW5Sze5ubmGr/2lLHFseM54hZvny2+nVbG+MYgQCAfAeEnn16rlEAlAjGEbNu2LZw6dao1/tDQUGORc7e/9iye8OLbXuvWrQvvv/9+JfUYlACB9AWEn/R7rEIClQnEp7Pi+p7Fj7DffvvtjSDU6dqea03WgufK2mhgAtkJCD/ZtVzBBMoRiIFn69atS24/7d69OzzzzDPlnKBtFOGnElaDEshSQPjJsu2KJtCdQHxDc1zY3NziGpy4qDk+xl7V5rZXVbLGJZCfgPCTX89VTKArgasFn/hYe5nre642wcXhZ/369eHdd9/tqg4HEyCQr4Dwk2/vVU5g2QLtwWfDhg2Nhc3LfWHhsk8cQmMd0d133904NK4nih85tREgQKATAeGnEzXHEMhQ4GrBJ/7iU/bC5mvRxnPFNUZx856fDC9AJRMoUUD4KRHTUARSFeh38Gm6rlixokV85cqVVLnVRYBAxQLCT8XAhicw6AJ1CT7RcXH4ibe9evWr06D30PwJEFgqIPy4IggQuKZAnYJPnORdd90V3nzzzcZ8n3322fDQQw/pHgECBJYtIPwsm8wBBPIQaH+PT1zc3Ms1PldTHhsbCydOnGj8V5zP4pcr5tEVVRIgUIaA8FOGojEIJCZQx+ATiU+ePBm2bNnS0j579mzlj9gn1lrlECAQb6FfsWrQhUCAwCKB+MmK4eHh1pub4wsMYxjqxePsRRoRX6Q4Pz/f2PW6664LL7zwQnjwwQeLHGofAgQINASEHxcCAQItgfiR0vg4efN2Ugw+vXiB4XJaEOc2OjoaPvnkk8ZhK1euDM8//3ylb5dezvzsS4BA/QWEn/r3yAwJ9Exg8ZqaeNK63lZ64403Qpzr559/3rKJvwgdOHCgZ1ZORIDA4AoIP4PbOzMnUKrA4ttJceAYJKr8Vle3k4/rf3bu3BnibbrmFm/XnTlzptuhHU+AQOICwk/iDVYegSIC7Y+0z83NhT179hQ5tK/7xNt009PTrTVAcTKbN28OL774Ym3WKPUVyMkJELiqgPDjwiCQuUBcQxN/MWluExMTIYahQdriR1UXFhZaU44vP4zhbWpqapDKMFcCBHokIPz0CNppCNRRoP3Jrjq8y6dTp0ceeSQ8+eSTSw6PoWjfvn2N9UE2AgQINAWEH9cCgUwFLly4EEZGRsKlS5caAnV7pL2TtsRfscbHx0OsbfEW/xZDUF0e1++kNscQIFCegPBTnqWRCAyUQHxZYFw03Nzq+mRXJ6jxltf+/fvDxx9/vOTwuD4ohiAbAQJ5Cwg/efdf9ZkKxGAwMzPTqn52djbs3bs3KY14Sy+GoOYLEZvF+SBqUm1WDIGOBISfjtgcRGBwBeJLC+OLDJvbvffeG44fPz64BX3FzGO9MQTFb4L5HliybVYYgWUJCD/L4rIzgcEWuNo3u3L5OGjzEx3xSTAbAQJ5Cwg/efdf9RkJtH+6YmhoqPEZC2Ego4tAqQQINASEHxcCgUwEtm/fHo4ePdqoto7f7MqkDcokQKAGAsJPDZpgCgSqFohrXh577LHWaer+6YqqPYxPgEDeAsJP3v1XfQYC8dee+KtPc4tvPY5Pe9kIECCQq4Dwk2vn1Z2FQPsC59HR0RCffrIRIEAgZwHhJ+fuqz1pAQuck26v4ggQ6EJA+OkCz6EE6ixggXOdu2NuBAj0U0D46ae+cxOoSMAC54pgDUuAQBICwk8SbVQEgf8LWODsaiBAgMCXCwg/rhACCQlY4JxQM5VCgEBlAsJPZbQGJtBbgbjAeXh4OMQPesbNG5x76+9sBAgMjoDwMzi9MlMCXyoQg0/zO13e4OxiIUCAwLUFhB9XB4EEBCYnJ8PBgwdblRw5ciSMj48nUJkSCBAgUL6A8FO+qREJ9FQgvq15Zmamdc59+/aF6enpns7ByQgQIDBIAsLPIHXLXAm0CbQ/2TUxMbHkFyBgBAgQIPBFAeHHVUFgQAXan+zasGFDa83PgJZk2gQIEOiJgPDTE2YnIVCuQHyy69Zbbw3x37jF4BO/2bV69epyT2Q0AgQIJCgg/CTYVCWlLdD+zS5PdqXdb9URIFC+gPBTvqkRCVQq0P5k12uvvRbGxsYqPafBCRAgkJKA8JNSN9WSvIBvdiXfYgUSINADAeGnB8hOQaAMgfgen/irT3PzZFcZqsYgQCBHAeEnx66reeAEfLNr4FpmwgQI1FhA+Klxc0yNQBTwZJfrgAABAuUKCD/lehqNQKkCFy5cCJs2bQoXL15sjOvJrlJ5DUaAQKYCwk+mjVf2YAiMjIyEs2fPtibrya7B6JtZEiBQbwHhp979MbuMBXbt2hXm5+dbArOzs2Hv3r0ZiyidAAEC5QgIP+U4GoVAqQLtT3Y98MAD4fDhw6Wew2AECBDIVUD4ybXz6q6tgI+V1rY1JkaAQCICwk8ijVRGGgJX+1ipb3al0VtVECBQHwHhpz69MJPMBdofaR8aGmp8pd3HSjO/MJRPgEDpAsJP6aQGJLB8AR8rXb6ZIwgQINCpgPDTqZzjCJQoED9MeuLEidaIHmkvEddQBAgQaBMQflwSBPos0P5I+4EDB0L8m40AAQIEqhEQfqpxNSqBQgLtX2mfm5sL8W82AgQIEKhOQPipztbIBL5UwFfaXSAECBDoj4Dw0x93Z81cID6+vnXr1pbC6OhoiH+zESBAgED1AsJP9cbOQGCJgHf5uCAIECDQXwHhp7/+zp6ZwPnz58Pw8HCIj7bHLX6lPf7Nu3wyuxCUS4BAXwWEn77yO3lOAt7lk1O31UqAQJ0FhJ86d8fckhEQfJJppUIIEEhAQPhJoIlKqL/Axo0bw8LCQmui3uVT/56ZIQEC6QoIP+n2VmU1EfASw5o0wjQIECDwPwHhx6VAoEKB+++/Pxw7dswvPhUaG5oAAQLLFRB+litmfwIFBdpvdU1MTIT4YkMbAQIECPRXoNLwc/j0X8Klf/67vxU6O4E+CBx8Yjb84Xe/bZ15ZMsPw+65X/VhJk5JgACBwRP4xqqvhR9/79uVTbyy8HPinb+Hhw+dqWziBiZQV4Hzx54K//jj71vT+/qadeE7P/t1XadrXgQIEKilwFM/HQmj3/lWJXMTfiphNWiOAv+5/K/wp9/8Inz6tz+3yv/md38Q1v7o4Rw51EyAAIGuBAYy/MSK3fbqqu8OHiCBv557J8w/MRviv83t+zsmwk9+/ssBqsJUCRAgUA+Bgb3tVQ8+syBQrcDJkyfD1NRUOHNm6S1e7/Gp1t3oBAgQ6Eagstte3UzKsQQGQWDnzp3h0KFDS6Yav9UVn+gaHx8fhBLMkQABAlkKCD9Ztl3RZQisX78+vPfee62h1qxZE06dOhXWrl1bxvDGIECAAIGKBISfimANm77Ac889Fx5//PGwbdu2cM8994TJycn0i1YhAQIEEhAQfhJoohIIECBAgACB4gLCT3ErexIgQIAAAQIJCAg/CTRRCQQIECBAgEBxAeGnuJU9CRAgQIAAgQQEhJ8EmqgEAgQIECBAoLiA8FPcyp4ECBAgQIBAAgLCTwJNVAIBAgQIECBQXED4KW5lTwIECBAgQCABAeEngSYqgQABAgQIECguIPwUt7InAQIECBAgkICA8JNAE5VAgAABAgQIFBcQfopb2ZMAAQIECBBIQED4SaCJSiBAgAABAgSKCwg/xa3sSYAAAQIECCQgIPwk0EQlECBAgAABAsUFhJ/iVvYkQIAAAQIEEhAQfhJoohIIECBAgACB4gLCT3ErexIgQIAAAQIJCAg/CTRRCQQIECBAgEBxAeGnuJU9CRAgQIAAgQQEhJ8EmqgEAgQIECBAoLiA8FPcyp4ECBAgQIBAAgLCTwJNVAIBAgQIECBQXED4KW5lTwIECBAgQCABAeEngSYqgQABAgQIECguIPwUt7InAQIECBAgkICA8JNAE5VAgAABAgQIFBcQfopb2ZMAAQIECBBIQED4SaCJSiBAgAABAgSKCwg/xa3sSYAAAQIECCQgIPwk0EQlECBAgAABAsUFhJ/iVvYkQIAAAQIEEhAQfhJoohIIECBAgACB4gLCT3ErexIgQIAAAQIJCAg/CTRRCQQIECBAgEBxAeGnuJU9CRAgQIAAgQQEhJ8EmqgEAgQIECBAoLiA8FPcyp4ECBAgQIBAAgLCTwJNVAIBAgQIECBQXOC/U/KtiubLH3cAAAAASUVORK5CYII=','/9j/4AAQSkZJRgABAQAAAQABAAD/2wCEAAMCAgMCAgMDAwMEAwMEBQgFBQQEBQoHBwYIDAoMDAsKCwsNDhIQDQ4RDgsLEBYQERMUFRUVDA8XGBYUGBIUFRQBAwQEBQQFCQUFCRQNCw0UFBQUFBQUFBQUFBQUFBQUFBQUFBQUFBQUFBQUFBQUFBQUFBQUFBQUFBQUFBQUFBQUFP/AABEIAV4BLAMBEQACEQEDEQH/xAGiAAABBQEBAQEBAQAAAAAAAAAAAQIDBAUGBwgJCgsQAAIBAwMCBAMFBQQEAAABfQECAwAEEQUSITFBBhNRYQcicRQygZGhCCNCscEVUtHwJDNicoIJChYXGBkaJSYnKCkqNDU2Nzg5OkNERUZHSElKU1RVVldYWVpjZGVmZ2hpanN0dXZ3eHl6g4SFhoeIiYqSk5SVlpeYmZqio6Slpqeoqaqys7S1tre4ubrCw8TFxsfIycrS09TV1tfY2drh4uPk5ebn6Onq8fLz9PX29/j5+gEAAwEBAQEBAQEBAQAAAAAAAAECAwQFBgcICQoLEQACAQIEBAMEBwUEBAABAncAAQIDEQQFITEGEkFRB2FxEyIygQgUQpGhscEJIzNS8BVictEKFiQ04SXxFxgZGiYnKCkqNTY3ODk6Q0RFRkdISUpTVFVWV1hZWmNkZWZnaGlqc3R1dnd4eXqCg4SFhoeIiYqSk5SVlpeYmZqio6Slpqeoqaqys7S1tre4ubrCw8TFxsfIycrS09TV1tfY2dri4+Tl5ufo6ery8/T19vf4+fr/2gAMAwEAAhEDEQA/AJ1Jc8dBWLOZEinJOaa2KewhRSoJqjJjiSoAHSguMbq49SS3zbse1BXIPqyJDtmRQTEXpWLlqWKvWlzAGP8AapgLQA7YqVqyUHl/xVizZDqOe5pyAd3y59KXJ1DlHIcAn2pDDGOfWgBx4AO3pQQPREHzrwe4oGiRHBYA0FAM5O78KOXm0AVY9jfWnycoDv4qd7AOGO9HMAfX7tS5XAfzj2poAUkHircVJWY0rjwzMajljElqw4FlB4zWsWnsTzXFGXUZGMVZohyZQ8HGaymFS6tYQyHec/NQjG8iQSdOMVqOzluSZyaBcoj/AHhUPcVpLYcuc+1UjVQv8RKqB+BVON9RStB2R8Y/8FExg+AB/wBhD/22oeg07n0mYsVmZycrCrHzWb3IV2tSQJ1+bFaRM2IH2jGM+9UyY7kiHcAcY5/pWTOt7Cx9B96tVsZco/fiqDkDJ/vYrlfxMYqIxOa0Qx+yqGx+dlBixmKXOaj6XMAf7NcyidI5uDn1rZRADSehAH7q1m6vQEPVsjHrUqRY5Pl4raMlfUTdlcVunTNZS5WyOccvT7uK2hCK95DUrsd+GaHIsVevTFZcwmO7iqjIkVvvDnFbJ3GiRvrmpZYg6jPSoW4h527vl6VoZsfH16ZpXa2Kp9QlO09MUryBirlwMVUbvczJApUc1ZohR79O9DVy5DhtY4XpS5TCUOYkU/N9K0irIcKdkJzu4qy+UkClsk7vlGeKA5T4y/4KKNuHw9PP/MQ6/wDbtUsGrH0gR81ZmKkKeorOQnPWxMu7nHSppk25gCk4z1rd7kNWdh7LtOaQgR9pzWT3NVsOMu//AH+1IY4AqOeverMuo/OQKDZBTcR81hW+5WTiLmG72/iWkih3+9W6AN9QixxGQW9a2QCr938KxqRGwqFExJR90fLS5TRC4yKThdWNGroQNk59Kjk5TLkHLJzx1qlpoPltqSJM0jAHpTYx7dKmPxAKvSugBc/rUt2KjuHC/KTjNCdzQVcrxnIpyp8yEx69acYcpI4DPfFaNhd9BHAXBJzikZyciUMoVT60mrmWvUeWBAw2KOU0Qsf3+ueKqKsaNXJV7fSqFyDycSZ9qC0rIcr78mghjQSMnnGe1Kw4PSx8a/8ABRWQP/wr4DPH9odf+3ai4ONj6TGMcrmsYnA4gE5LYxWkhq6Q4KrHJ61jId5DgpUkhcimp2VivUWKQnGRg1k1cB5Kupz1p+zKGpH6U/ZjJMY/j2/7PrWyhoQA4BHTNPkAkX7oPpxRFWEo63G81lUqpGqnYE/3q50UO/jrdAOoQAa2iJ7CnoKpkKIfMKxe5py6EqPkfN1qjNC/pSZo9gJxyDk+hqQQm4Hqqg+1ZzV4s0vZC7ivI60QjoRzDw6hcN1NDhd2DmuPAZR83Q9K0jDlKRIq7krR3asjdCbhtw3TNZPmRQ9c49qlVHfUmWw5CQcinfmMxzRu3IPFNR5QE3FTgfjWqMmSpErEH0qpXtoTEkXgkL+Ncl5XOnoO+WuuLb3MluKuN3FaG72JN23jbmsZbmQud46YpoZIYtqiqYdT4v8A+Cigwfh//wBxD/22oQ59D6V2Bm54qeZnm8zFY84IP1p6mqd4j1YRjAUmgUQ6nipcvssUviBVUtuB+as2uTVFIeM5+aiEne5o3oBO08/L9KucmzJjydy8c8VlzOwK7HKGxyePSiye5qqdx33/AKCnyo020CnyDDPz+1ZXUNjEM01+8AceKSKED8jjit0AAoSRiokMXOw8BfrmuZtXAeMDkdT1rZACnBOOK03Wg0O3ms3puUG8mmlcB+/5SKp+6K1xOvTmp9r0BU1clAyD7VhKPM7lWURyMCuTwa3g+hSnd2EeTaARzzW7egmSocrmuSOkm2jO19xarkTd0PlRIBkqQRxW0nJpJ9A5bCuSSM0k0bdB6VozFtxJSxC8EZ9KRSs9wVQBuA+bvUybRoklsOAwc449ajmYyTdjnOT71rF6aksMYPI5PNWZpajlz9afQ0PjT/gosOfh9/3EP/bahEs+lfKJPH61mpXOEeyDjnNNtitqKV9Mmp57GkWJll6AfjUK0ne4mnccpAP3efUVrKKa0Ek31HFgTnIyPesttx+TF+Xqec80XRrGCkOUZPHSmx2sOrFi9pYQ8sCOABg01Id76i4OM4rdSGNbmotF7hyD/m29Bmlzxp7BygOOvNDcOhFwQHHPFY+9e6BbgF5NU5XNhKjk6gPHC5q0A8gqAwxzWsXYBCzEYwKGlLcBVIA54qFKzsgFJyKbbYCowUg1ny21BD1YtnnFMGPEir23E8VpC19SYqzF2DPTit/dNB+7IxjFHusmWwq81D8hxHbtpFSpNaMciTlhnFPlW5SHRdTUu7Ca5rEm3JznAqkSokiSBuB1FatcyZpaxIh3DAxiuR+6wFPK9Ofaq57iaYbnHGAa1UiRQGJyeKu9wPjb/got/wA0+5z/AMhD/wBtqpCZ9LoQQc5BrNKxyCY49qpja0F2grkNz6CsnBMyWm40dOf1rPk5TV6q6Hg8DmrjUa2OZSlF7DtmfSqlFy1N3doRxyKiMGi6em45FPPOK0ZpIkHAFZMxaYZGcZ5qEn2NFsKHJWtdtyiPY3rWbNCTB/vVm0xDsj1oSfYjkAgjqa1toHKGRjrUpMsaBWvQTasStyiioIiDZ249KTdka9Bo5NSncQvDDA5PrW8Yq4rocIjt6iteVDEMZAzxScVYE1cmjHr0xXO9CrgUPUH8ayU9bAySPjqavnJH7gPftVJtiY5cZwBWyTKQ8D1GamaegS6D859setJIaHIwPA4rQqT7Ei8ZGcfhQTdjgg3ghgx9KqLGmyUAAcd6HTuPmY9CCOtZezsw52B+9VKKQ7XHdqHuJxsfGX/BRYc/D7/uIf8AttWsSWfSwyBhjzUo5rocAcZ6irM3OzsN34kPYVkx8vMKnzmp12LtZWJSApAx0qHBx1Rk0wU5J9M1op6GqWguQSflz7iq5mMcMEZ9Kyad9ibSDBPPrUhaQmwHJ5zVxlY1V7Ck+WM1lUn2Cwzeflp3RZJRdAFaFC7i3Jpg2KGGen6UjnchxBweKiTVnqZ3bA9BWcTogmtxATnk1MjR7i5CnJ6VN7EsfkLjA61cKjuZ2uxC3Y5FdPMzpjFIVQCw5P41nOehjKPYeT2rK91qJJoVXO7aOnXNZRg+Z2KexINwIzjFX7OdxocmDke9bNOMbsctUTIAO/NbwloJJjxxS5k2aASOOadmImjVVBOQT6UWv1Gh4HmDpg+9Q031KDbsdT3zijlcdWSyTd5beq4xVqtfQkdHHhs5HPNa3QnuPdSPfms2Why/dFYO6kNtHxl/wUX6/D7/ALiH/ttXTF3Rkz6VWVXPG/8AA4FYcsjisL5nbnHvWqvbUOS+oo2n3qjRXQhxnjj8KxlKzK3HhiBjrVRqX2EIh8vPfJzik0r3NB4YA+xqfaKIC5ABFaOomgHAkLz17VhJtgMVz3p201HzIfklcEDNZNIoYhC9eapQIsS0ONtxXE3D/IqPaW3J5wzW6ldXKTbHAYIOKnmbFKFxxJPsKlxVrlRjyoSnDlHzMT+KpnZasObuLgNxmkkpbDuOycj2pOyLW4uM9etXGdi9hyg5ye1ZuV2CabsO471LkkJxbHhMDNbU3roSou5IMEV0czKsxRgEVlUu0gQ/BZgRTjoh3JVHBye9ZvcYuwNjFaqctgFZNu3jNaJJ7ibsPWTjAG2s1Fp6BdjlOTz1FaTu7Ji5u5NgNkNkHHFZciWo7odGhUjnIou0Jk3WrUxCZA4pu0hNanxl/wAFF/8Amn3/AHEP/batIqw5H0kflxgYFYcxxjs7BjqKE2zSMW1oOQknIP4VWqBprcUuSxJFYydxLVXHZzzSho9RXHiRQKtttlJoaTluDRy33KBlJaiwCjBbBNFgFwvPPT2rPVPUz6ipt7jFbRSZshC/sKiHMtyW0SKN3StmkzPfYNg6VhOC6EqLEQbODzUxkloaoXODz07VcnFF3QGRcHkD68Vg530QuZCbs/T1zxVw93cai3sAIJxkE+gNEmpaEyTW4B1DEAfMOwrHmtsERxZiBjn6c1srNXZukyXqD6irUb7A0IrHdzxj14o5bGS0YrNwMHmsnC7NOZsnTO3J6VomoLUd2OA38A1anF7EtsFXa3WiWuxKv1J0OKa7Fj8jFZyhPsNBnAFNRkVclXDcGt4J9TOWthzRnblTjFRKVirqxJExwowCTURnzbmai29BzAfjWppZx3Hxn5efWq5e4rqWxIvSlZIdhrfeFCa6CbsfGf8AwUWOf+Fff9xD/wBtq1RLPpMDDfNwO1YtI47oedpUVC0NIzsGdnfArRyTN24sXcG5ByPpUJIxbS0HKeMUWRm2OcLtyD9aBxdxpOdueBjrSbS3NbpbkgYYHNCknsPcacAZ703oAqSfKcjmuacieVhvXGc1rTuzRCxhD1Famcotg749qlzSFGLQpYhs0pGlmIG8zJJxiuV7glqPkQpG7TOtvGgyWk4H51aXMOTitzz3xT8c/Bfg12S51kXc69YbUb8H04FbfV3JGXuy0R51q37ZWiwIy6boVzdSdpJztX6460Rw1upEuaJy95+134hu4j9k0i0tyTxvZjx+ZrphTjF6lRi57lOD9pvxnlnL2W3+GLYePxqJ04yehp7N9C3bfta+J7Rt9zodlcL/AHYnwRWfsUluXCjUnLlNy1/a2vCRIfD9uU7xhm3CtI8q3NJYecDrtF/av8MXLLHqlrPpbcYaRty/pnFZzaa0OZuUdz1Xw74u0XxjC0+i6nBqCDGVjYblz6jrWOpceZ7G6gbJUgjHrSs5aM116igE5I7UcrWwCq2/j05zTXNcCZV29TXRzRSFcePWs4Tcm7juO3A9O1a8yAkGRS54lLUkDBgRnB7UXjIdkIvysO5FN03HUiTs1YlBBGelEWjS6aJUBKcHvVuSWjISsPDbRhjzWbLsLwaiLM5xdz4y/wCCjAx/wr3/ALiH/ttXTF3JasfSLuAQCeK55XW5z8jH4yOOlQncnlaY4EFcjmqehaFBJ9B7U01YHa4pz0P507hZMTG08c1Ckky4wsKx38HgVM/e2KlG43BA9vrUQTTDlaQqqSOT3reTM3JLclV1UEe9Yys1oK7Ym0Yx3pxuh+8CAinGN9mag4J6Vo047oBXwRxz9Ky5l1JU09jC8cePNJ+GuhtqepSIBglISfmkIGeK2jTUhOaR8Z/EP4++KviGZLZbj+ytJLMRbWrHDDsWJ5z7VsqcY7GMm5Hmy2qhzIcPKTkyEZJNVdo0jH7ydWJXqD26U7pl8j+0L9sEIw7AKKrlb2Ib5QbVI1U4JH4Goaa3N0pJXY5L5G/vn6KanccZ9ib+2YggUlkJ6AgjNDjcftGtxG1i2fKtsYjswB/nUezZlOrBqzL2jeI9Q8KXyal4evW0+5U7nSM4WX6io02NItON0fV3wf8A2o9N8YwQ6d4jAstSjGxZydqynj9at03a5iprmse7qw+zrJG6yQyDcsgYHIrBySdjdJvUVRhQe5q+RyQk1exKjk8YpcltStBwBH401JPRCdug8Y7VLTESqy96lNxHdIlQK3TrSSk2O6H7QqnP3j2rpSkRPoPAGzFNpIEODA/d5qUuZ3ZYMrHvitWk1YtaD1zjHX3rHlYpNHxl/wAFFxg/D7nP/IQ/9tq1grGcj6UXbjBHSuaVRSOC0u4h5PpUR0LTstR4Kr8oPSrbuO6E5Y8DIpLYlvUlDdscincpNIYG3Md3Aoa0NbsDjPHNYu62C7BcZOTgVpHzC7H8djxTk7kuNxrAjrWN9SOWQu47s44rVNGi5iTIrNz9maXDvitYVFUC5HdSwWqNLdTLbwKu4uTgAetOV5bIzm+XY+DvjP8AEC6+JHji/mW4eXSrWdobWNh8u1TjcPritYQa1ZxqPM73OFkcImegFb8yN7OO5Lp+malrMgSxtJZieNyjGPzrKdaEFds66dGVVpLqeiaF8Cbu5iSTVL1rYSDPlxj5h9a8yePTdktf68j16eVzv7z/AK+877Q/gz4Y050lls2vZV4zOxwfwrlqYqqerTyyK1f9fid5YeG9JgjKx6VZqF6fuh/OvLq4ir3/ACPcWGoqFrfmb2maZpW/bLptoc9igA/lXM8RVlHluaUcPTi9I6+p0I8PaDexeVcaLYyIeB+7XH8s1n7erD7X5Gk6EH0MDXvgV4E1SNg2jJbMw5kgxn8KuOPqXtf+vuOOpgISi77f15niPjz9lyXTALnwxevOhyWguOo9AK9/CZmvhkv6+48DE5M2uaH9fieH61oWoaBeeTqtlLYzqeHweD6g9K9ynV5nzI8Crhp0PiR7j+z3+0Jqnh3U7bQdYvJL3TXfbG7gFsenPapqU3LU5vf6I+x7S/tdSs47yylSWCTPRuV9qxSlF2FzJfEWUYMucfjjit9WtTVa7Dgc9KyS5Wxj1UirEPC881lLUTTew8jAGDzWsYsaiyVPc81tzJblONyYLz7VDaZSjYXCr0qdUDVhVyR0qeZiHqpo5upaVz4y/wCCjHH/AAr71/4mH/ttWlOXNczmrWPo7gDofwrKUV0OEVSAM1Ci7FK3UlAG4njmnysvlQoJxhTjFWtES7IE5ySxyanmQaC5HvT32LFyfaspaCbDjaSR0ra65UY3dxV+YZFc8k+hSTYitkkEE1Ka6m62HYOM8VsmigIIrHSe5lF82wk0iRqZJWEacck+tPSGxfLY+Xv2kPjcNQmk8K+HLohSdtxcwPtyv93jtXXGnLucXO5q58+3TR28SQx43enr7+9a83Lua0Wp6JHbfD74ZNrETX+pp+5P3FdODXFXrpaI9qhh7vU9gsNNtNKtvLtLaKLIGSiAdK8/SerZ9DSSpq1i9CJZSueo74zXHONpcx2xaNO3RxjIYiuarLm0TOlN20RegkZHYHj2rBwfcpN9i/HOiYz979KwcU3ymqlbc6jQpY7pNpUZHc0OlYuN29DoJdJW4Hyu6nH8NYJ+9ynoxbatLYzbzTHtwAJSxHqK6IRU3ZESimrHKeI/D1lrUTpqWn213GV582IOfwJFXGdSlO0WedWw8JJ6HzP8WvgvJ4Zd9X0UE2S/MYl58v3HpX0WFrykrSZ8ZjsvSbkv638jD8FePfEehxRnTvFWq2KKCfJS4cr9Nu4CvYjZ6nztXnS5LH0F8HP2i59Q1O10zxC088lyywJdOFwW9+c561hUlbY0pppH0qyCNyuc4JAJ71z2k3uWnqxGkwQADXdFWWpY9W5HfNZzsNpomY4Ax1pc+mgrMerZxnrURTe5UdNyZWBJFbqLLuIetD00E9SSM5HpUNX6isSKwHNOMGhN2PjD/goz/wA09/7iP/ttW0YpbGcnc+kGBJwMCuNTRg5RQCP5Tu6npitObyJ5XLVD1XjHpVWuWosG4TI/GqstirdxwGelZzSQWQoBOcDNONhsGUAZNEknsYsQHPB+7Ry6EqI9B3HQVLg2bKLHoeT0/GuXZtFgeExWqGG5pGCgcnp70400upgnyngf7TfxfTwpbDw7pcqvqMzK02058oDt9aUqfMRObex8nqshlUANPfzNk7Rlj9a71NR3JhT5VZnsfgL4PvbwJq2s+WXYArCw+YfpXLUmpaI9TC0VHc9DW3AQRIuI1GAvQCvOnSb3PfpQSJ4YlRBk/WuXlcXozobV0i7BPDEPvD6UqnM0dUJwizW0u+t2nVWx+NeRWhJJtPU9KFVW0J9RkhNyQmPwopcz3G6l9zFvtRS2n2luldSp63Zh7eKepq6b4qsbDDy3IjPuMj8qxnCo9Ipm6xMUdhp/xR0G2QLc3UY3cb92MfhWc8LUhB1H0+83hioydm0ac3i7RNQjC2t9E5bkDPX6VlSjUpPmkgliIJ2TuZt9JvjzkMuAcjn8K0acnz2Jm3KKaOQ1+2huLSaBk3RyoQynpW9Kc4vQ5a1OM4anzJ4p8Hp4d1+V7RmNvI2SoHC179Ku0tT5DFUFCV0jHkkl0+7t5IJfLlilV1k7Ag5rbWepxOndH3z8LfG9v8QvBthepKr3kcSR3Cjrvxyf0pvSxwuPI2daqkkDHJOPrXSpWRvHUnCrHjPWsubmHN8trjlIYng1XLcFqrjyOnBB96tQZO+xIowc+1Xqg1JU9qiS5ncWo4YVwW/ShRS6hqOYKCCua1Ww0mz4w/4KMEn/AIV7n/qI/wDttVoln0cXLdcVxctjBK48MoQc0/aJaGiVhd4bpR7SXQY4kEFfyrNzlzanNOT5rCr8vWtvjQk5MdGpwxGeaLpaG19BpbnnNVe5L1AHOcCquNIegwhNO5onYRM8msJ8sdRp3ELb/wD69Y819gbscN8afifH8KvBsk8LKdYuwI7eJuob/wCtW0YrozB27o+FNSvru+vZtRv53u7+4O4yScnd6VvzOPQycWe7/Bz4XJp+lprOqJ5l5cDKhxkpWXPzdDqSuek6htUrGxEQA/iPeuaUrM9Kk1Fq5yOpeLrCwBAxLICAOeck4ovKZtVxfJszkr/4owwNIgUF+cKvWs3Q+0YwxcpaszYviM1xLKxJiBxtD9R+VQqM6h0xxDezOm0jxW1wVZXycVzTw1n7x208Zy+6zft/ELM6lm+b1rldFp6HoQxUWjH1/V5HvHIP5V30qHNpI5a9VOD5XqcFrur3b3LKjuAvXBrvjDk0jE8iVWoupgSyzynMk8zNnILHIH4VE6KkrtHJKvW/m/M2dP8AEt1aXET+axReAoO3BxWNSmpRsonVh6809zv/AAp8R7uK4ZJJ2aMY3b3/AJVzul7nK0fQUcXLaex6lZavba3b70YMSOhcV5M4uEtj1Y1qc1Y4H4m+HJnsHnibb32ouexr0cPVjJ8rTPMxlG0ObfU8IuSGmYPkMeCMc/WvfpwTR8vVbTskd98EfiLefDrxlYyeaTp10wjnhzxnnJ5+tKUE3oc/J1Z94LJFcxRzRSb4pVDo6+hGf61LkloLYlVQF659zWTtEwnK7RIqqMEnGemKtSR0R2JVdT6nFbc6WhKFxTequUOVT2rCTsxWHBcv83pU8zFYUd8dM963pu6NIrQ+Mv8Agoz0+Hv/AHEf/batkZzR9GAAnniuZq5zcyQ84VeCfwrBwdy1JMWME9jj1NWoMdyQDJzUSg7nPJNyuIo3SMM9KEpIFoSdD1OK1UHuaWFIB5q1FoLCooAOe9VYuwpwFIyKLBYbGSB2rDq+YUXqLBEpkPmEKgG4k9APWk+VbIcmfFXx88cp8QfF97NFuNhpsjWtooGVJP3nJ/lXorDKHU8ynTb6nK/DTw1J4y8d6daRqXhhfe/HBPvWM79DvUeXc+vXsYNNjEIULHEuPl6VhOoqbsylCS6o8f8AH3itPtEkMBJIzhwen/16wnSV+a5sm+545qF7PMyqwJ2j5mHUnOa1hATgn3Ka2k07cIfXJHWtrxjuK0loi3b2MkXLoMU+ZW91GtNtaM6bRpPLYBRt47Vxzu2d3LdcxvpOQMbjmrjBdUax20IL2diwDdcc1m6vK9EYTc0c/cuJHYdz1NdtOopLVGF5MqtaRydSfwpSbTu9gcCaHR45B1PHSuKpWXQ1pxtsa9pZrEx2oOfUVgptnXdm7YyyWTq8aspHZTgUpRi1qjqo1bOzPRdA1FvEGmyWl2AS64UjmuCUlTd0j2I1FJWep4F8TfD8nhfW2XyX8pvmD4617mFq80TwMdBx9639anLyTZiVwCZIcyKB3x/+uuuT5dO55NO8j78+CHjC38afDXTLyIjzoU8qVAeVKhRXJVfI7sHFneRu6uRjcPWrVpoy5SypaRT8o9qlrsaPyHpkKOMGoV2yIprcl54zXTzK1ixwGKmyY7DtwxjvVcg7D1CscVUbJEt2Pi//AIKNAA/D3HI/4mH/ALbVqjOTufRe0k4IrnvY53G4ojXPKnHrQrPUaVlYnjYYKr09K0TSGKBgVDauVYbtyx4/GloFkSqm7A6UOVjPm1sGMHHpSU7lJ3DluCeKrmKuJtA96OYdxycE1hVTWqK5bK5wfxu8cSeAvhnqt7bxma8mCWkW3+EsQM/rV0bPc45yk9kfFV1bjTtPhjaRmkb55AT/ABNXq1U6fW5jRuz3n9kHwQsr6j4huV2xomELnAJrhT5jepU5TsfiB4nl1C7udO0yN/JUZkugvy/gamVJTd2C16nket6M8ZO+N1LHJLLXNWTvodcUlqc8bCJWywzg04XS3OlTv0CS1VFypx3rKcnc0WuljPnmwSO1bRqLZFOklsyewugky449zQ0/iC/KrHceH9El1meIB1hVm2B5eBzXHiK8qSuj18PhpVFdIm8c+Er7we4EpN1CerqnAHrnNcdLEOturCr0FGLTPPp5woMg6HpXsUjz/ZpdSul8WySAMe9bzXMrEyWht6VdrN8vGcgc15dSnZig1ex0CWpAXcFXvkGhJLY7XFKN0SeYVbbuOPYVra6MtUzoPC+pfYLsKGYZ7n61w1aZ3UKsuazN74ieFIPHOiFgoF5GmFYcZp0Zyi7HXioRrU9T5ekha2vLixddk8LMjDOehx/Svejqk2fH1L0pNJHt37KXjSfwt4/Hh5iX0/VgdoJ+4w6kDv1qaqVQyVZt7H2hEnlZBz1OKya0STOjcnjwo6mly+YDwny8k1SshPQlVeAQaUkK45mwaiEu5SYqAPyRXVfQdyRlAXA61kpWdjOT1Pi//goyu0fDwYx/yET/AOk1dMSGfSAIbIPB9a8936GKdw2gj7xxW8L2sx89tLCqBH05+tEoPuUpX6Duc9M+9c92nYdxy4DdKtahckB4OBVvVGfJre43uPeklYtRHEAjrg1UtBDM47VCdwF+8ueldDirIOaR5J+0zp6aj8PolZDJP9shUA8ArkE/y60JdjknWceh8leI4/M1CG0Cnz5HQcH+ldk7LqGHlz7qx9rfB7wSdP8Ah3badAp3S/MSO/tWGr2Rz4v3RviPRxPrw8P6PF5Vpaqsl3dEAoCeqe7D0zXRF33REah5940tzeTzWdlE97PASjxQrkpjjk1hUguh1wrapHkmvFdHneG6ZYZf7jHmvOqxknoj0VJHPXOtwyPsjkJ/CqhSc1qbKSM6W7ZmJGfxo9kobD57G78PNGufHfi630y1QvCAXllH3VABP9KmpN8jSOqm4vc+krHQbXQTHawoH2N99hnBr53FynJWPrcFVaVou39M3/E+nWfiTTRa3aqpCYVsYx+NebQqypuzPXqYanWj7258v/EnwPqPgk+ZDE1xYklt687a+owtVSPjcdhnRfu/1scHDdfasOGONuSOnPpXstXjoeCqkr2ZG17NGx8uV4znI5pcmnvaicrao3dI8W6rboBJMksQHCkc1w1FyaqP4lxxD2Oo0jxVbalIscjmGc9j0Na05J6NWOqFdnQxXRR0dDuCnJq5Uk1eL1OqNZt2SPS/CuriQxb/AJlzgr+FePVjKEr3O+KqTWx4Z8ePBc3hjxQdWgQizvDuJBztJOT/ADruwtR1E0+h5WMoyjaTVjC8FeKD4T8eeG9ZCgpb3IRiw4CtgE1tObjpY8uKUj9HYr2O7ihuYipinQSKyjqDWjg7Jowje7RZAyvr71FrbmhLGWIxVRaKWpJyOo49a3dpIqwbh9ay9nre40OzjoK1tpYZJuKkEVnKJDlZ2PjD/go5n/i3uTk/8THt/wBe1XTVrkt3Po5fu5I5rklJw2MUkuoig9O1aU53jzMLDvKJA5rVzuUmSZCqAetZO/Ylq7uBAwPfvWbFYcOFxVKXQ1QDgYpSny9CkhMHI5pQu3cze4/GSD6V1NWQhG5BA45rNyQkrnhP7THiOKM6LoqzSfaWkaVogONoxgk/jXTTk+xxVYeZ4H4M0lvFnxc06BB5n7wOVx2HaqlOL2KhHljdH6PaDpEOjadGECRLGMKRxirgpPY8mpJ1ZWZ4zr+qRW2o3dtZjdIszTSLjALHp9SPWo5m+p2RpRfU8P8AFHxgsvAGj3Oi6ERqPiG5Ym7uNpMcEpGTHnnkA/nxWqnFLbU6o0Ipp3PDtQ+36jetd30zyzSks3Peo5ufodajFD4baUSKSOByMDmspqSTsax5U0aVr4avNfvIrSBXEknU/wB0etYxcrbHVJRkfT/wo8D2/wANfDY2ogvZk5kI5OetcNduPvWNKME5pF2TUYreUmVztzy3bPrXh13Kex9VhFGO531ra+G9W0FEhuxJqGPmVXzmvEftHLla0PplycujOI1nTkNo9pd7mjYlQJMYxXo0KjpvYzqYaFWN2zwXxj8NH0meW6sl8y3Zs7F9zXvUa8rptnxOLwPK7p/195zDeG1kbldpHUjg13e3bZ5nsEnqaum/Di51opHbvuDdVZf65p1MQlHU3WGUtjq7H4I6gscLTWQSReVcHG0f1ryZ45J2t/X3HbTwDev9fmbdn8PrzTwsU5BB6HPWrjidLx3N/qFt/wCvxOy0bw+tkULfLlgMBs1xVK0pPVnVChydA+K3hOPxZ8PtQg2r9ohG6Ijqfb9K6sK7O9zDFQly2tc+RDA9zpLoNyvASrHqQwNfS+7Ujex8nJSpy1Pvb9mjxk3jP4Sac1wQ9zYs1s/PIxjrWDm1ojJrqj1iJgEApON+pNmSqD24rFRsawTH8k4zWi0NRuBuwKHILE3CpjrTuu47BjI+laxipLcwnufGP/BRw5Hw8P8A2Ef/AG2rRR5RH0aGJONprhcbkciHqQnBBzVJcqHaw4MrHuKSdwsKwHHcetOUnHQBxAOMdKyS52IO+Og9a2UVEmzFIxjHI6ZqJ6lJtAVOTjmnFWJchw+6fatnK5HP5ETuE96jkT2KU7I+Yf2hFktPFkFzNz5tsQC3BUHH+FbQk4bHLUlzFb9kDwyNZ8e6trUqFoLNNivjgGkkpbI2cuWNrH1X4w8cweGtEd3kDlf4Oua3VSVPZHnRpe9e584/8JRPeS39yXKvM+6Pnp7Z71jz3OmVG+xwd1oNvDPLJboA0rFmYjk5OTXLUna9melQw+1zJm0CIPlgMnrWUMRJHoOhFDrHQRNdbUTd6dq0dZtXJ9iuiPVvh54dtdPRpQiyOqku7H7tR7acY3RUKLlLleh0+ueLoNORgWGUAG5uhrDnddNT2OmeHVH3lL8DgbzxGb25dllITOcqa0jSh0NadWS6kkHie5s5RJbzkNwdvQH61jOmux6CxXLrY7XSfiPp2qQRJq1sS27AdOorz6lBvVI9ShjVLR/1+BfktdO1KLzbNt0UuQQRyPoK85ucHseklTq7mLffCWw1XDpMynqc/LzWsccoaSX9fcc1TAQqfC/6+8n0n4cjSXQrM5dW4Kmsq2IVWPusKOA9lLmb/r7zvLKKZlCSMWjAxtPpXA3d2PWhBRLrDTreHBg8x89CM8V0Qi1rcucVa5mS2sExLRxeWM5Az0rZRfc4ptIalu+HjXHzKRg966otpqx5tduS0PkPxTp/9geN9Ys5YniDP5uGHynJ5x+efwr6mhJqOx8Nim+bU+hf2LroDSfENoGLJ55fKjjdkgnHvx+VKVZyduX8TnjFWPpaLAUA9Rx+tHmxXJwxVSfyqXNdC0KT0I9KlTu7WAcBtHrVuN9QvYUnC8mmopBzEi8rW0djOWrPjD/go5934dj0/tH/ANta2Qj6MQNnJYk+1YPQzcrEpbA5OT71i3J7Iad1cVcNz3pRixc1hWOevA9KcmtieYXdyABSjJRdytGOPHHerckyrgP4VzgDrWLbC4u1WLYPf1q0/ITAnYMHoe9WvMjluIyq+B+tVFJvcORNbnyV+0o7XXj6ZVd5I4bTagByN3p7VvojlhBVHa56N+zBYf8ACPfCiS72skl7cksxOMgUOSXwo65QUupc8RWF34kmYZkNuvfs30rgqOtLYFRivtHL3+mw2p8tU+YdhziuKLqx3PUp04ow59OMrn5SD7U247s74wTasiJdAEmdyke5rN1odDrdJMvQaTHarvbadozwcVi6t9EQ6LWqOuTWLDwj8DG8ny7jW9WucblO/wAuPByD+H0rvpVLR5WjyasqntDwTXfiTKuouhthJGAAGDbgfwxxXTCClpbcyxFdqNmifTvFdtqEfAMUo/vfKK15eVbBSkpat2JNU8TjTbVzGouJMDC5x3rPWTsaVJrlstTjB4v1w3fmgIFZxmEg4xmtHDTcwpzmnsexeE/Fl1/Z0YbdAx4CL79689q0r2PqMPiOjR1ugePLlPNiuZVc5GNwwQOa8vERcuh6cMXyvQ6+z8TRuFIcfQGuF0n9lXZ6CxTmrM3LXxHCnX5ifeuSVOaexoqr7FhtUju8FTs/GtFBo09qmrMZIwUZ3DHtWqTMJtNXuIlwjYOCTg455rVOUXojzpTWqPnb4+WTWvjO2n2F454yGxyeAP8AGvosNObWp8rjIpu6PW/2Nyo0nxKnlrDi44HQkfLXZOTjax4KbR9HgAEYBxz1Puaw1e5pF2dyQfXIrWME1ojaU720FxVKnZkp3Hg7u1bpAxSB0607Ecw9cDiokao+Mf8Ago4CP+FeZ/6iP/ttVU3e5Mj6R3Iq5UE+3pUtXOeSXQDgyjAznvWEm07II7Dl6MSMAVneQNXEPBz1FS02ZuGoqkEg9PelysaTHdW9qiLlzWZtZWEbJzXalGxLaQ+NdqdBn3ojZMjmGmNm5I6VFW7RasNlRmi9D7VUUoRTTFdLQ+Rf2m51sfG0cMUWzFossrDq+WxxWi9454qMHdHv3wl8J3N/8MfC2mW/KTgyzyk7dqnp+PDfpVcr+yazconpeq+CotH0IpFE7uqZDNg4P4CuynCT3RipX3Z4/rHh0Qk3KAFmOGB7GvNnG/Q9SlV1OMu8W7uCMEHFeVOnc9+m00UzeLg88DpWCoxR0RbW5HNeqyY7mrVNJm3tYpHM3l6yWclqod1DhlReQpA6gV1w0PExE43ujh7jRbm/ndY7FoFznzJFxn8K6uaSV0eZzKrNcw+38LGPLStlvQVk5ze51RpU33JpPD63GAQAB6VHNyu7Z0Ro0+gTeE7hADCVQn++P5Vr7bT3TadBRV0dn8PPC93da2Pt4EtvGgPBxzXnV6k7M7cNCUt0dJ418JS6Ncx3dquYXHzKDnA9axpVU9JHbXw8qcVKJmWF9IQpySPY10yhFq6OWM5Je8zftNYJG0jkd81ySoJ6s74V3y6M2LPVcEBXYH60vZRBTnKWjNqDV5nj+/3xxUONtipVJx3L1pIVnD9mq6VteZHHOo2eVftG2rLY2GoKFBYBAe5JKj+or1qM+iPLxEW0dr+yPqNvd6dqKFBBcOEkbJ+9uGePyH512zW3MeFKNn7x9KkFfl75xioXKhWXQkXPANUp2eg7LqPArovpcashQDt4oTT3FKXQcY9o9zUvyEkSbDxgZ4pWvua9D4w/4KOggfDzJ5/4mP8A7a1UYqJk3c+jyBGSBjB64rNuxgrIcNuRtbGO1R7reppdNXAZDNznNKSS2IbfQa5IfpxWXM2CbHhS2RjFWrsLseEYgL2FFSOl0K7Y5Vboe1Z03K+o+VMChJJ3AEdBWyir3D2aFDEjAPNU9SuVDSD1J4rnqXQmfJf7UluZvGglOEDwBFyecA5rqoNPcwZ9g/BCztbHQtKBGSLeMfMc9P8AP6muqjFdzmrTkemalHHNCVKllPbtXfqtjy3UqdDxH4maJHo8b3ET7ULK20+przq0FHY+hwac1eZ8867eNJezYyELGvHkfQUproY73IXqelYWR0qp3ZJGJLpcqMD1qow1Ro6kbMdFp+JOOZG9O9dqpnmVXFjNZeDSrYPcSnPZDXQoPZGMYwXvHJT65btIdvI+lZTg+ptGpTRJDrVui5xzXHOKasjb20UtDTsfGGnySst4GVBgBx0FYcs47HoUq8Kmkz0Tw2tpDbyXFnMJA4zyeRWFSM5J3PdpxoqFoP8AI1pddtb61a2uRyAVBry+ScZaF1pKcOVs831CyOm3jpG37otlRXsUpNqzPn6tK3UfaXBR+p5rZxIhNx0Nm01AMQvIOazlA7oy6xep1OlPkbTySM8VnyGc5S6s6XS492xiflU5wafIjinUs0cn8atNS/8AB7O0ZlEB3Lt7cg8/lXTSp6hJxa3PL/AficeD4/tEBuIxhT+6YDp1zx9K76yVlZnFTpxm2pI+1PAHi2Dxx4Wi1OB90igiQE9MYx/WsFExxNL2Xwo6I/eFaqNmcNrq48cV0J3VhcoucCjlE0PDFiM/SqWg0yQtgjGavc0Tuj4t/wCCjrbv+Feev/Ex/wDbagiSsfRojLHPauKRxpNj2jP+yM1Kj1KtYkQbFGa0eprERjk5zQlG9jSw9Gyea0aS2IbsOUndQrvci3UMYJOTWE2olLQaTk5xQptmlhwO4+n0rRO5Ddile3JhVxgkDvRNcyIbR8p/Hl7XXfGVi8UhnI2oV7YNZxvDY5pTij6z8FXMmm6bpaqoKiFA3tXdTU4HPJc256Va6qot/NncInv1rvjVXUz9nE8x+IcrazZXF248uEY2rng4rOqk0dlJunoj5f1x/wDTJlBPDkV4c4rY+hocqizJt4ZdRvreCJSdzAMfQZrD2VtjOpKUDoNRePTVFuhUEL8xJ5rqhBbs5PbX6kCava+HrObULp974xGo6Z7V0k3kzynXPFkuu3rzTSsqEnag6U+axrq1ymeZbiUZSGR19VFJyT3D2b6E8cV06Z+zygfSs7RvdFKnUvoh1xDPCCsltKVx/dpPl6tGsYzWrLeg+NJ/C12sc0kwt37OOlRKmpLRo9Sli5R91ndXHiTz0jlhbdG/IZTzXHOh5EzxjvuLJqxvFUPjcO561FODjK4/rLmrCqSMEHBroJvcvWUu50HvmolsddKoovU73w3MpZiRuwuOfwrnblfRFTlz7HS20uCBjitoKL+I5fYtu7KvimBtQ8M30A6shOMelKpWdJ2ijX2UYngsGnSW8aqQGQ7kIPSuyChON2yYRTke8fsp6z9nm1zRJNwBVZEye/zZ/DpU3XQMdFcv9eR9EYz1I3Z5A7VTclax87bTQlRNwPtWsW+oaihRkA56Z4rW4ct9x0QBDegouPlQpyMY70czRaSR8Xf8FG8/8W9z1/4mP/ttVp3InbofSKZA5B4rCUEYIdwwBPWs7NbE7sdjcvPH0o1NEhqjaduCR61m1Z3KfYeBtPFWql9ETa48YHPNZqU0zFtp2FNbfFuhXkAY46CjkRcZt6MDgYPc81SVi5I4f4yePI/Afgue6SES3sz7YlPIPHp1o5mTTp87dz5lvdUuPFGtWEklvDaPJNGp8sEYB9Mk09HuaToqPQ+w7FhCsCIuAI0AArvPOklHY6FJmlg2ysrJ6GlZEKzOO8cagl/ZiCEqIw2CBSnUcjoSPnrxHZuNWuSBhN5P615lSMtz0acnEqWtwNL3zgqGCEc9Olb0lHk5mOreRxGs66ftjSsc7j2zWHO3KyMVGK1Zzer6jqniqaLT7NX2F1y56DnqfaumKk9xupFbHcWfw/0vw1pK3F9Ibm7wOCQVBP4VryK12KnWlzpWIhfW6rtiVYx6KKzaj0PThU7ocdX2YCtkfhWUlodSqryLo8WxEBXiLkjGSBiuCVLmYOSZU1CCx1yB4po0CkYywHHpXVCMYrTchqLOMvdLvvDbqiTmS2Y/LjtURbqS5WedUUr6I29EvXklRZDyRmlKPLKxrC6VzrIzv+mKk74Rurlm0+SYf1qZK+xrGyep2Hh6UxqTu61ooaHUkrXR2unjeoOc/Ws1GMZXkZTlJbGvBHvDxFVIdCvI9aiq4TMoybep4jqtso+3WrBRJDcFQR1AqIzdrI9CMU9Tsf2d2MHxICqwxJAwatotX1MMXFSjqfU5GWzjGfSupTi/hPmb2dhxwO5rRO4cwob5cDn60NtbBcmXp9aV2K4YOR02+9aRXMrsls+L/wDgo+Bt+HZHT/iY/wDtrWqVgZ9IGQHoOaylKL2MroF6Z71mh6bjicocdRTKQoU7Rk81jJ3dhNsOlEYpbCuKhBJBFaMGhSwzx0FZttGbJCVEeR6VetrlxityEkN1aueU5LqXueGftMnA8OgqWiExJHbrXVG6inI0otps8o0aza/1gPFG8i2XlO+B/F61olCRrVkz688OA3aRbSWXCDmumm3Lc8CpK+xv3dqIIGG7oufxrocUjOMZvZnm2vTLH5yquMHJrC56CPObq0S6nk3jcd3JNZySs7nQmzhPE+yK8kgDY29BWKkuW1jphqcJqNk88rAYKdxXHOfJflInBmho6jTUyi7DjkitaU2/iZCprsM1W+muid8jMp7E1s7t2Wxty2V0c9c3UkchIfAqlAhuRW+2yZz5uBWnIupCnNPcs21zI7kBsj61x1Go7HRBzl1Ol09Hz82Dmubm6nTBu+ps/Y47qArL8wx0NSm4u6Orli90ZQtUtLldo6cfhWifM9TGUUtjesphKNo45ps0hJmgU8tgV61k79DbTqa+k3TwyqD909q6E7RLU7bHpOinzUiPYiuSzk3cTk20dFbLtYMSARjr9RQ0o7ocnyvQ8e8V20dv4n1wqNqiUkKc8nArCpNK3LoetTjdJnpH7NPhF7S41LXbtACflgYjtzn+Yrppa7nl5jUdNWj/AFse+KucnoMnAr0FGPY+YTlux5U4+7u96qyRqiRY8MDtxxT06jYpPUKKLoQmSSKpPsNW6nxh/wAFHgAPh2O//Ex/9tatCl5H0fFndhjzXFyWOXlHuCGPNaWZadlYaoO485B7Ur23K5kSkZGalpPUV7iKRnk0ABXPU8VN3ci7FCgcYzmqSTLSTFGFGFFbaWsPYWsmohdnj/7RWlT3Hh2zvEjMkdtKSQBQ5c2jOrDw1bZ5r8P7l9M0HxlqEZDSxx2xBwDjPXrTiox2KxEH9k+o9BWS0uYk+TySqEYr0aVOSPCqNnQ3hSSAnoCMV1SiYxPJvEqiKabLZ3tiuK6OxKRxrvHEZnYADJJNJtWN4qV0eUeJ5fO1iaRW3Z4BxXM5dEd0dNjGjBLnIH5VhKLeputdyaSIumFXtWDbT0JlyrYpzWMso2hDXRBuSsVpymVJ4ekkcl5NvtisIylzWZCUWTw+HhwCAR64qqlVxdostU4S0sb1j4StSobYN59zWXPzfEddOlbY3YPDzRNxGTxwcU5cnLpudH1ZvVbj5dMkj6rWPNYv2UorUyL22KvytNT7HFNa2Qtg3lt6Ctou+4Q03NXzA2Oa15UtUdF09DV0xhvU96xe4WR6b4ebEMPGWxzWiSsS7RaOx0yAzOgxznrjOKiXN0JnP3jA1nw9YeNLzVba1Ro9Tiw/mIud2Tzx07Cueacrcx78KkadO7PY/Duhw+G9AsrGGIoAmX3DqxAyf0rppxPlsZVVSWv9bGkTubPQmu5I89JdSVFION/H0qrF6EqsR1O73osuoaMVCF6DFQ1FBYUfM3HWs+azshqK3Pi3/gpCBn4ef9xH/wBtq6lsTM+ikUZPtXL7xmPjAYc+tUpdGYSTuSKNrHFOSiTZiBmcnJ4+lSkraGidkKuRnipehV0KCGHNOy3J6jgygYFM1SEDEdKi+oaEgAIBNWopi0KWq6Zbaxp8+n3ODFKN2D61m4WKUmtj5v0jwx/wiHiPxd4Tv5So1O2RrSYZIBX7v1xRdI1u3ufR2jyn+zrAybTIIUZz6mvRhKR4tZPoXr69HkMM8CrncxpqS3PMfE9/ksdvIORXMepFnA3N2G+X165NJ6o6426nAa4hNy/TcTwBWHL2NHKKG6dos9zNFhGXd14pe+upDqpLQ6mPwkqIGPytjJ96pNvcyVXmKl7paWGCTnNaylaD5TaN5aGDdFWcgKPrXNGF9WbRg+pBkL24rCdO7udMUo6mpaXCrsz09KwlBnoUZo6ex1RDEBuG4+tck1Kx7EakbaFqQJcZxjAqYJoVRcyMDUbMFzgV1KT6njTpqLuY5gKMeOK64rQwaRIjAGrTafvbGV2tjY0kFnXJ4HSsnKN9i+d9T1bwzGDFEc54FdEeWSIqTWh3+jW7MCxxtA47c1fKjFyT1ZreD/BC6Jq13qj3P7yYldo9PT9aiULirYibSVzrVbILZLEnuauK5TgfK9WPWT24ra99gtfYfGWL56UWfcOUlBYd6du5WyHKMnLGlyohSdxyBUOSeaxlDXQ1ufFn/BSAg/8ACvMHP/IR/wDbWuiN7akSPozG01i5WIHKMDisnvch7jvm6gdaTkupSQseQTniqjNbIHFXFZypIBpz20FyoVI93JP4VF5W0FsIQCTgYoi5dR3HYUdzUc6uRbuKC2Ov0rojJdi1y9QVdwAbkninJ3D0MjxDpFvcXFtqMltC1zaR7UkKgkD+v41ztD5mR+FNUXWNFjuBsVxlCp44HQV6sJI5JXQ3Urv924Wqm2QmnueceI5C4c9BXMdKa6HCXdwRMewoNPetYq2kUdxfwFkD5bnj3obS2MpaHoWh6BBcyM4woQfKMd60jzM5ZVFtYpeKJI9LumDL8oA6UpPl3OqjC+559r+ri4bavT0rmk3JWPQinF6GAZS2eR9Kz95GjqS7i84os7kKo767CiXZg5wR3qZJmqrJbEseobGB31zyhob08Q3JI2LDWQu4ZJ6VjyHb7eW1zTj3XgzjAqo0XN2iT7RP4jO1G3EB6d67Yr2aszGTb2M4EE9KmUnPRC0Ok0KAvIvGc1nydzN2PVNEgeK3iz1wMYrop2ehyVLaWPSdCjMkCKx6Y7VrYh6I663UAZPJ6mk3ynJJu5Nnk+hrJu40OUkjGOKmKfU1TUSQZXAB5rdJFcxIG9s1oklsF+YGYMQMcUxcqHgD04qkN6I+Lf8AgpEoX/hXeO/9o/8AtrTMrtn0a5AY1x8rZlziKdwbHai1lYpNPUkB9Bx9axlFMrmQ5Bt+Zu9XCMUJzQu0HnFaTkktCdXsNPXvxWEZO+hHvDhh/rXSve3NEmKcqQKnlSE0xxHzCrTsRyXE3gSD1FS/e2LWgsgDK6kAhxhgR1qeVL4hmWsUWlqUhiEasSRhR3renymNSSZlX0g2PtyfwrolJHPHlZxPiSAvCcfdPesS4SPLtTZknZcHikz0ItWJ9IKxzKxBGOlQmn0Maluh0iau1tG3luyg8kZ610RbjrczjG5yviDxA9wzq5DZ9Sa5azlPY6oLl2OJvdRJJ+YdazgpxW5updWU1vMNknH41qubuDlF7Ew1EKudxNXqtzNp7ogk1Mdic1yTm10OiUeWNyD7cd/zNiiL5tGiabTjfqatjqisQuTz3pcmpre3W522kaxbxW21y3XjAro5OVXWhEp3WiIr+b7TKdhyvXmuSSnfc6qb0KYgYuBjvVybcUrAzrPDkDcMRyKqGm5yTk7no2kSktGgB4Az3rqVnsJq6PWPDcC/ZlkyRnGKtpJGbTOiHcVzW5mY8q6kgO0ccU1Cw7IexIIAYHNWo9wtcfGuzlhmrsFkPDY429eatIa0FwR/D+NFkO7JNoIAY1LdgPiv/gpH/wA075z/AMhH/wBtaadyGj6LIydx71mznsh0aAkkHGfSo5lsKzFCYPrWEk3sFmSEAjbzxQospdhCfTpWqjfcfLJ7CBjj8aUrLoUoslwFOR1pQkOzFxnBI5rSRQ3AUklqmIDSu9xionK2wm0S0RlfcycinqIZrcYGdlbRaJlEwJivPNdSa6nK422OZ1uNZIMFSB6VPKVE8w1ayAu3ODyaOU7Ihb24VeTz71VkXZEN3K0WQDkUmlYNjktakLK5BOayQ0cbO7ZY471bSsW9UVzMxOKyvYuMdCUu20VPtE9CNUyKQOCDxj2qWky25S0uQszFhxzSei0JjTlexo2AdZOvpism5HTGDW50dlK23G7oexrGU5W1N7I6LTwXXnk4610U2mhrTY0rey8yQdqcn2FJnXaXa+VswPwFNPyOaR3PhuHfcxqV+8etdENehnzWPXtKgWKNEA4UVEmxcxpE521gmxN3JF5BHrS5Z33JJQBsHAz61rFvYaFOSOp/Ot0QxUYqxB+bjvVkJ6kgcsveg6raAB8248jpzQQmr6nxb/wUjAA+HeOB/wATH/21oHUtpY+iWY5479vSuVQktzjHxxMqjn86HZlIcrMpxkUDJGbIGGwfak4vdGb3AIB1Oc1LqOHQ1ixdwXjjis9ZO7Fd3GknJINaxaRoh8ZJznmr3GxJPvUjFsXoeOKz5bsHG6HrWigZOIrouwjsetJqxocfco8EksbgZFd1JQe7JsjB1e4j8jL5B9K2c4voYS02OB1Yqzk5rB3OiBh3d8sG8fd6VndlmJfaspztbp3pNtK4HMajqiyowDD8KwVbyNY8vcxXdJD6+wrR1HJWSOi0baEXkrvDYI/GueVRx0aEppaEwi80cZppOWyM3TlLVDGiI46muhQa3NIQa3HJahfmYAn0NYX96x1qxYh2pknr6USN0lY1LCRc88Z71y1NjGWh0WmzbQFyetb09iOY6nS9hYEnJzRJNvQTdzrdOxuXHJ9q1hFrcxZ6L4Ts3keNgvTua6GrrQxZ6baIY4lz1rlc1sYdSyO3FOMerNiZI8c5zTbYiU4IHr/OlEByPgcit0AvDcjrWhDaTHIhUc/rWTYc49cMOlEWxqSPin/gpJ/zTv8A7iP/ALa1oht3Poofu2OQT71m7yORDkcFSxHFSlZ2NVKw9o1kbI4+lOemwcyAKMdKyg2WrPUXI385NOoMcOWGRgVgmQPMe48dBWqQXBPlyPWlZlgyYYZ5pWYWFwPStUQPxincQeXSeomc34otNkS3Kk5H3uOtBk2cDq0hZdzHI255rpjbuYKHdnnmv6mlosrySKgTJIz6VEua9kdMbbXPJ9f8aXtxqDrBhYQ5wfUY71duXcpw8zGfxFeOzb3XB7KMVlKLlsQou+5WkvXcA7sH61PIjoshEvnUgE0+W2o9XoX4LzK8kUmk90dUKSe7LsV0uMA9aavshyXLrcTzdrZ3An3qXVcdGawldA9ySD0qlr71glKxGJxzziuWrJrobwldFiC9Zcc5ArF3kjObudDp2pqVUg81vDQwZ1mlaiqlM9a3c1FaIUHZ6neeH2e5lQqMAntVRk30IlUVz3XwZp6w2cTkEsw5zRVbikJzjY61cAABfzrz+bUwbT2JcYHHNdcZpLUhNkq7io6CqumaoVY9x5PPbFJKxTHSEEjHYVvEQL0qzOW5IGO096VkUkh4+6OMcUWQ2lc+KP8AgpJ/zTv/ALiP/trTBn0ZuVvmycDrjpQc4gXJ2jpUPcpJWHgFOM0nqFkSIgxkn8KlpJaFrYcOeQM++azWr1GJ0OT+tXyrsSPyVXA4zTshCADjJ5rFS1ZY/PGDz6ZpykgFQBTzzSs7XIG7T6n86nnsBL/BmrZm4SW5Be2/2u3mRgOVyAe1ZNsjbc8f8YXdl4W0i4vdRfy44uoPSu6NNows5bHyJrfi3UPE2qXlzJO8cEkhZIgSFxnoBXT0NYx5dym9yzqAcGo5W9zZEfmVpyWRoktw8wn0qLIXMG7NJrQOYUTlOATWLiXGo+5agviODWbvHU2jJN6k320Ej196lu+6OmMoC/a/cVcW3oW3BrQaLrfkE/nSlC5i3bYel0UPB49M1MYpMUW23c0rPUihUDC1pZdjKbdzstCvWlK5O/mk4KWiKja2p7d4KgDxRncq5HrQqU1qYS5b7n0F4eUDToNvICAA/hzWda8kl2HZNGoAST1rl5Ash8aHnB/OtoJLcNET7CRg1rddg5kKqY47+tV8Ww73FEeM59KdmA5RhQO9WvMLDlGOKoY4UAfFP/BST/mnf/cR/wDbWgln0WisuQOlc95HIxBnPNQ1d3Y1sPwzNgVoolEqEwZz1NDiax2EQbiT60uQY8bm49OKrYgcI179aADyxQWPHA56UAH0rB++7ECUfAIfHVNyYzN8XeMNG+HujS6prd3HbFVpckmB8EfFj4p6h8V/Eb3cvmw6ej13nMqVjkC/yijY3Tsh6vkVXMNCHpTUtTXoNHUVozMdjNZdRMUfOaljQhGxs1n1NHsLvJ6UxITLNxyfpQbJ21JFVwOFOfegq/MWIbW5kJ2oOnepk0lqL2bexp2GiXUrby6rxWDrPZHQqU7F7XZLrQ9BSOC+2TyTgHZ1xtb/AOtRTdRS5mc84unqyfwf8X9a8MX1t9p82+tUOGT09/0/WtXKUjK/Mfanwi/aD8EeOtMt7T7aNM1BY1Ty5f8Alo3fH0x+tYtNbk+zueuMhQIyOkibQVdO9Uh8tgVSxyTitLJ7jvck8vpzmi0RjxGMc9aNOgmrjliOMmmLkHhUbr96qRSVhQMUxihc0EuN9T4o/wCCkg2/8K7H/YR/9taBPQ+igMDNYp3MBylWOTUy0Afx2pUxEqfdFbyLvZDl61hIzchFTyy3uc1PMUtR4GAKOcBrHDAetWgH+XWyATGKxe5RLDayz/dX5KQzzD4pftFeHPhfZvBZyRazreyun2FjJHxh478fa58SdXbUNZuWdKfLY2RzjyLH8qrVCFpAOV9ox60wHpxQgJN61XMQMZ8mjmvoNbkq9DUyNSSNRKfm6CsZDvYleGIYyMihRHzDGZEHyjb71pyhz2E+1v03ZFPkD2g6O9aNs0uUPbKOpZOt3B5RynHUUcp0LEtLQo3F3LdHMshc56GqScdUctTEVJ6MbGYlntzPu8jzBv2+lDcjD2kh+p21hHqbNpc8wj27kI/hOTWVnLcuNSSPQvh1+0J4t+H19ahrybULSMfKh/gA6/n/AEo5DdVebRn2N8EP2kvDfxdQ6ewOna0G43/8tSc/yx+tJxS3BwjHU9dlikikKSAb8/eHelaJNohtY4DdB0qWk9haXViQDGKaiaPYd6/Sm1ZkKVtAX7o+lWgtzD1XcKplxfIrHxP/AMFJ12/8K6/7iP8A7a0iXqfRK5cc9BXPyGQ9HXca0SsjKTdxyyg5G7ApmDch0Y2AnOc0uW5rCTtqORwp4+8aOQ6FIeaTiNjh0rJxMWL5dRz9C1sIqsSVVeTS5eYZzvjr4l+HPhjYLPrl/Cl03KIeoXsK2jtYSPlD4pftTeIvHfm2OjK2jaS9aqlc2R4vsZ5nlnlaaV63ZkJNJWLAjrQBUk4oAd97mgAHUUwJarlMxCdoJ549Kai09B+hsWekulnHcTbsS9M1lJSuVeRDeHyeFrVKXLZhdlTz2PBpcgyNpOaXLbUTE8ykSHmU0CdhDJWT3K5hN+e+K3iS5XEMmO+aTGgWducVCLYvnknmmIk0++vNG1GDUNLnMWoQuHjUfxY60r2JcnHRH3D8Av2u7DxpbW/h/wAXyi01NQI4mf8A5aHv+WB+dLluEYX1Z9Iy2pWKOWJxLaOoKFPSsp07WNfaRjohg7cEfWkolJ3H1fKVawq9atRES79vFOSsS9z4k/4KUHJ+HX/cR/8AbWpGz6IMhyMcCsInK5DmBdhhWJ9q1ZSd0TeWw+ViFx2brSIZVuNQsLJyk99aW5Xr5n3hS57aGLjJu6M+68ceG7A4m16zBPPFLl5jVQkRRfETwzcEGPX7FixxinGlY15DesdSsL8f6HqVrdY6qKmpoHIXY7dpJF37IIhklh0oUbq5UVY8O+M37Tem/D57jSPDjRz6tgxv/vjg/rmnyinUsj5A8SeJNW8cavLq+t3Ek96+QI16IMk7fwyavksHtU0Zrzrs2qy0+ewbkfnf7VMYm9f71AB8v95asgl+zs/tRe2oE0dm7kKCpJ4Apc1y4mja+FNRuz+7jwD3NLkuyZblxvAmrIgwYyW4A9atxjH7P4jURI/AusO6xm2UpkbiKybi9EjVK2p195piSWiWwXyzGAGx61zt8rOmK5kcZqemPa3DxkMQOhNdcauhk6V2ZxiZTiqVUhw5RCjY56Vpz30M2+hBIu3nOKkQzdj+LNS3YTGb+ajmJBm3DpmqUrjQ38MVZYVLE1cMc0ieUeH2Y4yDUsaVh5RHwyl43HR07GtIy5RntHwc/as8X/Cy8s7S9upNT8PqyrKrf8sUyM/mD+lKpL2lhpXTPtzwF8avA/xNs45dH1SKzumBLW0vVm65/UD8Kx5BwjqdyLdvL80BZF/vxdK1irI6GrEIHJ6/jVmLH7ttSwjsfFH/AAUnTaPhyfX+0T/6S1DGzv8AVPjzo1hGDZ2l1qFyR8sbKSi/lVRgpGTw8XszkL745eM9RWT7JaafpqHgN5bF8f8AfVaexgvUuOFh1Rxupaz4o1Vt11rVwxDZIhcIv4A9KwlGS+E64UqcejOfl0W4aWSWa6mmZz8xdgT+eKy/eM2tZWS0GQeDbi44t4HlcnI5o9lPqLlUupFe/D7VbjcXtRG+ex5/KuhXglqZThGH8PcyoPD/AIk0u4CWw1KBlbAeE5H8qrmlMxVWov4mvodVNqvxTuNGGiWF3eGxmJErXcu0fXOBin7JdjN3k72Ofsf2ftXlfzL7VLKGQ8sUYM2e+Tnk+9HJLoL2LZ0Fp8AdBgVH1LWr+4duog2kD6fL0roUKdvMcKNnqa1r8J/Cmmqyw6Y1wX6meUD+lS4di5UkSy+BvDsTKItEsgqdCYz/AI0nDlNfqqkUrnwX4dTpo1kT/wBcz/jS9pYPZez2M6X4e+HJfmbSVQ/7MlIlYcavw58OKysNP+6MYL0r2NVQRp2uiaRYKEh02Jcd/Ss5TkxrDlo2doBlYtv0NVGaWr3NfYJLUhnjhjUYU/h0roVWcvMn2cCuzIyEBcCsqsoyi4sfsoFGW3DKDnv0rh9lA0jBLYo6hpFveo4mVuRwyHkUOCh70dzbVIxpPBVt525Z5tm3kNgj+VClJ7oyaUtw/wCEKtAHAmY59FrWK1uYSoUn0KsngCBgcXUo9AQCP5VUjJ4WP2Smnw+YyYe8wvYhOahaPUj6q+pJL8PEDgf2gzL/ALKiq5olfVUSj4cWjDP2+5zjtgf0pOaWw44WDepLbfDW3ZwZLicL6gjP8qV+Y19glpEur8M9ODfNPdYOecj/AApONiZYWS17jH+FGmFeL67XJ4Bwf6VjHcFg2ytdfClUGbbUJJDwMSKDj9K6W3ZWLeBa2Ktz8KtVjk8q2njlGMgg4qeZnNLDziYF/wCEte01m+0aXM4PBaONjnH4UJts53TmjKjd9OuFZWubSVeuDgqfoRWr2Gpziem+Bv2nvH/gOBU0nXo7uJePIvYy4+mQRWXLfU1Va695HsXh3/goJrA2Q+J/CumywgDdcWAdXP4FjStF7Mi6nsz27wr+1v8ADHxJGizancaZO/Pl3hXjgdCccU7cuhSptLU+d/8Agod4n0TxRB8OrjRNVttTiUahvMDqShP2bGQDxn+h9KZMo8pQEiWygoAzfTmu72ajqOGm4j3csp4GM+1UocyudDTvdDRbyzjaZNuewFUqV9jRT5dzZ03RoLfBmlLjqdw61t9XtHmZNSsrWRpTa/Ek6R2sYj2jG4CuSVpaJkUXeWpIupPIwLHn1I61hKBcrczHm/k5YFRj/Zq6aS3J07FeS7djnf15OK6XNLqNJ9iNrtdp61m532NUn2Kkl6E7k1z87uZXdyu+qHfjJx61aqlpJ9RRqJCcjNOpJyOmMl3IGuQ43Ec1nGBnPXYha49qbaNCGVsplSR7Vg2iWyKL5iTk8VtBIjmmP84jjsaicbicpWK10zOMAgYojN09DFSZXi3AHdSb53c2i7uzHHk1JslYQpgcikattqwn2cNz09qdjOzI2hCHjp3NAh5RWTp+NALTciMBHIBNTJ2RNSaSQsdoHPOPxqowcuhcPeRYS1UkDIxVOkS1y6lhoQMAVFuUmMnctIq7QG5NCbkd100rkkcCE849q39mrXFzpEUoVXwOKziRKcnaxKrAEENg+optMFr8ReiucD74z1+Zc5qEmbKFKUW3+hBJbWFy5aaxtpi3UlADUtSOGdOnJ2sVNQ8C+G9VjxJpaK39+NttOEJPVvQpYeny2MC++C3h+dM20s1q+MbM7hn1z/npW81BR91anDPCcrvE5m4+BWoCZDb6hC0JJ5ZwHH4elcyjJ/GTGnNvc4j4peCrjwdDpK3N49285mADNkIF2dP++j+Qqx1ouKVz3TzkDH0r1J2tozPfYGlLOqxgsx/ujOKyhzS0Hz8uhtabYLGpeVsleTXZGEoamLq3Iry+812VF+Xsc1FSc5q1xqPN7xDDlcE8H1rzowcJXZqrouxzBQCzV1Xi9TXchkvC5KqTjPWsm4gQvebeMk4rCXkapsja+AU8mpiaqRVuL0kAKccVo5RMGk2M+0D1rJyXYOQi+0H+8armJukILjPTJo5g9rYX7SahtGntGxfNc98isWC1FEmwcHrxW1OTW5qKH5q3IhtbXIpSMZ7UNc25PKgyAnP5VC0dh8pFJKsaFjxim+XuaxIUvBPwpBx6GsnZanVsrsmSQeope0XczlJdyTAbryKtNsy31iOG0jAFMm/8w0zKhwRxSauJun1AzKOAK1VZxVkNVYrSKATge1Qpyb2KdpdR6zk8mnq9ydIliObIOauMOxUZ33HrKVPXNJxfcXUbMQzA559Ki1tzpimQmZl4wRW11YhifaJAR81Z2Zi3Ycl5IgPr6mgXMRnUJ8H5sc0tXsZub5tCSPUpQRls0veNHdrcuRa0yEZGRS9SYxa3PJ/2iLxLweHinb7Rn/yFQYYl/CekWtjJcAM+Y4zggNwTXqQpN6s402jpbDTlYqygqgH3tvX8a6lTUXch80nawzUb1EhaGI5YdW9aU6l9DRULamUF2AknNc0XFbnRHRWHvcKB3om4taFFaS/I6dK427E8zK7aiQcDj1rFyHdkL3RP8Y/OnubLYge6HqTQUOin3IWbn0qDJtIcZ3D4IGPWi4vaPoNeT5MUC5SHzdnTJouHIP8AONVyonmZMrMoyTRyjUncaZiWA/lUnSm7ajvMUHk/hQYTjrcrXdw7RhU9e1WtSVMnjYtGoJ+YDrUuz0NeZ20CSHeh+fH61PKilGT1Me/0nUwd1jdxj/ZfAFXGMW/e2LlUklyvYn062v0G26kRm77TUThD7Jc1GcNDVTMa4NKN9jnp80VYaZCBwcc1pyo0tcbjfjnNK1tjOpT0ugYndtzikYrTcdHGWbk1UXZm0WidAAcHpXQkpDbQ9H+cACtHFRJTJwnPXFYM64kcitG27rWEjpTsRu24A1SMZSGVqjC7YjHnHaokyWhQF2+tODViLELsFcYpM0imO3kVCcU9TZJ2PLPjg27+xf8Atv8A+06ubTtY4MR0PQf+Fv8AhSeVN+sCKNewtZj/AOyV6scRT2bOVM1Z/jf4Mit/Lg1fdx/z6zD/ANkqnXoW0l+f+QczTujAm+LnheSVmGqcH/p3l/8Aia4alWL+Fm6qX+Iib4s+Ge2p/wDkCX/4msPaCco30ZBL8VfDjA41P/yBL/8AE0e0FzIqv8T/AA+f+Yl/5Ak/+JrNybGpIY3xM8Pn/mIf+QZP/iaVkzRVI9yP/hY+gE86jj/thJ/8TV3SK9pDuOX4jeHQpH9o/wDkCT/4mi6JdZdCRPiX4dVMHUf/ACBJ/wDE1nuzGUlIl/4WZ4abrqX/AJAl/wDiatKPUIySGt8S/DZ/5iX/AJAk/wDialm0qkX1I/8AhZPhz/oI/wDkCT/4ms2mONSK6if8LJ8O/wDQQ/8AIEn/AMTVIylNMn/4Wd4c+X/iZdP+mEv/AMTWl1YcZxQ7/hZ/hn/oI/8AkCX/AOJqDZ1o9yP/AIWX4bZiTqX/AJAl/wDiaDJ1EyOT4k+Hc/LqOf8AthJ/8TVRsjBtNjk+Jnh1V/5CPP8A1wk/+JpNK90aqaSHD4neHc86j/5Ak/8AiaR0QrRS1Y4fE7w3kf8AEx/8gS//ABNASrRezHH4n+GiSf7Rx/2wk/8AiaCPaoVfij4bLktqPH/XCT/4mgFVj1Bvid4ZY/8AISx/27y//E0F+1h3Gj4m+GVII1L/AMl5f/iaLh7aC6kg+J3hdm3Nqf8A5Ly//E1as9zGUoS1uP8A+FpeFw3Gpf8AkvL/APE1VodzLnA/FPwwf+Yn/wCQJf8A4mrUoofOA+Kfhgf8xP8A8l5f/iabqJlKa6kg+LPhrjOpZH/XCX/4msW0XGtZkv8Awtrwsww2p4/7d5f/AImoOyNemupG/wAUvChBA1T/AMl5f/iaBOvT7kX/AAtHwuBxqf8A5Ly//E007GftodwPxQ8Lkc6n/wCS8v8A8TRo9w9tDuM/4Wf4ZA41T/yXl/8AiaFZD9rTe7In+Jvhs9NSyf8ArhL/APE07j9vBbMX/haPhzGP7R/8gSf/ABNJxT1Y/rELbnBfFDxPpviT+zP7PuPP8nzd/wAjLjOzHUD0NKyWxxVpqdrH/9k=','');

/*Table structure for table `status` */

DROP TABLE IF EXISTS `status`;

CREATE TABLE `status` (
  `status_id` int(11) NOT NULL AUTO_INCREMENT,
  `status` longtext,
  `tags` varchar(225) DEFAULT NULL,
  `teacher_id` int(11) NOT NULL,
  `admin_id` int(11) NOT NULL,
  `student_id` int(11) NOT NULL,
  `tanggal` varchar(20) DEFAULT NULL,
  PRIMARY KEY (`status_id`)
) ENGINE=InnoDB AUTO_INCREMENT=15 DEFAULT CHARSET=latin1;

/*Data for the table `status` */

insert  into `status`(`status_id`,`status`,`tags`,`teacher_id`,`admin_id`,`student_id`,`tanggal`) values (1,'hallo alika','Alika Najma Alex-151607002',16,0,0,'2017-07-20'),(2,'coba','Grade:7',0,0,28,'2017-07-20'),(3,'coba','Grade:7',0,0,28,'2017-07-20'),(4,'coba2','Ajeng Indah Utami,S.Pd[ajeng@starstudents.co.id]',0,0,28,'2017-07-20'),(5,'tes','',0,0,7,'2017-10-04'),(6,'first note','Grade:7, Grade:8, Grade:9',17,0,0,'2017-11-01'),(7,'first note for this week','',7,0,0,'2017-11-01'),(8,'tugas menggambar bebas','Amanda Annisah demo student-12345',20,0,0,'2017-11-01'),(9,'first tes note','Grade:7',7,0,0,'2017-11-02'),(10,'hello students','',7,0,0,'2017-11-08'),(11,'pagi semua','',7,0,0,'2017-11-13'),(12,'good morning class\r\n','',7,0,0,'2017-11-14'),(13,'selamat pagi semua','',0,0,4,'2017-11-14'),(14,'good morning.......','Grade:7',0,0,7,'2017-11-14');

/*Table structure for table `status_file` */

DROP TABLE IF EXISTS `status_file`;

CREATE TABLE `status_file` (
  `status_file_id` int(11) NOT NULL AUTO_INCREMENT,
  `status_id` int(11) NOT NULL,
  `status_file` varchar(255) NOT NULL,
  PRIMARY KEY (`status_file_id`)
) ENGINE=InnoDB AUTO_INCREMENT=2 DEFAULT CHARSET=latin1;

/*Data for the table `status_file` */

insert  into `status_file`(`status_file_id`,`status_id`,`status_file`) values (1,8,'M_6ZEWwPRIJv.jpg');

/*Table structure for table `status_tag` */

DROP TABLE IF EXISTS `status_tag`;

CREATE TABLE `status_tag` (
  `status_tag_id` int(11) NOT NULL AUTO_INCREMENT,
  `status_id` int(11) NOT NULL,
  `status_tag_name` varchar(255) NOT NULL,
  PRIMARY KEY (`status_tag_id`)
) ENGINE=InnoDB AUTO_INCREMENT=16 DEFAULT CHARSET=latin1;

/*Data for the table `status_tag` */

insert  into `status_tag`(`status_tag_id`,`status_id`,`status_tag_name`) values (1,1,'Student-151607002'),(2,3,'Grade:1'),(3,4,'Ajeng Indah Utami'),(4,4,'S.Pd[ajeng@starstudents.co.id]'),(5,6,'Grade:1'),(6,6,'Grade:2'),(7,6,'Grade:3'),(8,7,''),(9,8,'Student-12345'),(10,9,'Grade:1'),(11,10,''),(12,11,''),(13,12,''),(14,13,''),(15,14,'Grade:1');

/*Table structure for table `story_music_uploads` */

DROP TABLE IF EXISTS `story_music_uploads`;

CREATE TABLE `story_music_uploads` (
  `id` int(255) NOT NULL AUTO_INCREMENT,
  `story_id` int(255) NOT NULL,
  `url` varchar(255) NOT NULL,
  PRIMARY KEY (`id`)
) ENGINE=InnoDB DEFAULT CHARSET=utf8mb4;

/*Data for the table `story_music_uploads` */

/*Table structure for table `story_video_uploads` */

DROP TABLE IF EXISTS `story_video_uploads`;

CREATE TABLE `story_video_uploads` (
  `id` int(255) NOT NULL AUTO_INCREMENT,
  `story_id` int(255) NOT NULL,
  `url` varchar(255) NOT NULL,
  PRIMARY KEY (`id`)
) ENGINE=InnoDB DEFAULT CHARSET=utf8mb4;

/*Data for the table `story_video_uploads` */

/*Table structure for table `student` */

DROP TABLE IF EXISTS `student`;

CREATE TABLE `student` (
  `student_id` int(11) NOT NULL AUTO_INCREMENT,
  `student_code` longtext COLLATE utf8_unicode_ci NOT NULL,
  `nisn` varchar(255) COLLATE utf8_unicode_ci NOT NULL,
  `smartcard_id` bigint(13) NOT NULL,
  `un_number` varchar(255) COLLATE utf8_unicode_ci NOT NULL,
  `name` longtext COLLATE utf8_unicode_ci NOT NULL,
  `birthday` longtext COLLATE utf8_unicode_ci NOT NULL,
  `sex` longtext COLLATE utf8_unicode_ci NOT NULL,
  `religion` longtext COLLATE utf8_unicode_ci NOT NULL,
  `blood_group` text COLLATE utf8_unicode_ci NOT NULL,
  `address` longtext COLLATE utf8_unicode_ci NOT NULL,
  `phone` longtext COLLATE utf8_unicode_ci NOT NULL,
  `email` longtext COLLATE utf8_unicode_ci NOT NULL,
  `password` longtext COLLATE utf8_unicode_ci NOT NULL,
  `no_clothes` varchar(11) COLLATE utf8_unicode_ci NOT NULL,
  `no_pants` varchar(11) COLLATE utf8_unicode_ci NOT NULL,
  `medical_information` varchar(255) COLLATE utf8_unicode_ci NOT NULL,
  `parent_id` int(11) NOT NULL,
  `dormitory_id` int(11) NOT NULL,
  `transport_id` int(11) NOT NULL,
  `dormitory_room_number` longtext COLLATE utf8_unicode_ci NOT NULL,
  `authentication_key` longtext COLLATE utf8_unicode_ci NOT NULL,
  `finger_id` int(10) unsigned NOT NULL,
  `finger_data` text COLLATE utf8_unicode_ci NOT NULL,
  `userlevel` tinyint(1) NOT NULL,
  `log_time` timestamp NOT NULL DEFAULT CURRENT_TIMESTAMP ON UPDATE CURRENT_TIMESTAMP,
  `data` text COLLATE utf8_unicode_ci NOT NULL COMMENT 'sn + pc time',
  `date_login` varchar(20) COLLATE utf8_unicode_ci NOT NULL,
  `time_login` varchar(20) COLLATE utf8_unicode_ci NOT NULL,
  `date_logout` varchar(20) COLLATE utf8_unicode_ci NOT NULL,
  `time_logout` varchar(20) COLLATE utf8_unicode_ci NOT NULL,
  `login_status` varchar(11) COLLATE utf8_unicode_ci NOT NULL,
  `logout_status` varchar(11) COLLATE utf8_unicode_ci NOT NULL,
  `id` int(11) NOT NULL,
  `about` text COLLATE utf8_unicode_ci NOT NULL,
  `active` int(1) NOT NULL,
  `avatar_id` int(11) NOT NULL,
  `cover_id` int(11) NOT NULL,
  `cover_position` int(5) NOT NULL,
  `email_verification_key` varchar(100) COLLATE utf8_unicode_ci NOT NULL,
  `email_verified` int(1) NOT NULL,
  `language` varchar(50) COLLATE utf8_unicode_ci NOT NULL,
  `last_logged` int(12) NOT NULL,
  `time` int(12) NOT NULL,
  `timestamp` timestamp NOT NULL DEFAULT '0000-00-00 00:00:00',
  `timezone` varchar(80) COLLATE utf8_unicode_ci NOT NULL,
  `type` enum('user','page','group','event') COLLATE utf8_unicode_ci NOT NULL,
  `username` varchar(32) COLLATE utf8_unicode_ci NOT NULL,
  `verified` int(1) NOT NULL,
  `year` longtext COLLATE utf8_unicode_ci NOT NULL,
  `roll` int(11) NOT NULL,
  `class_id` int(11) NOT NULL,
  `section_id` int(11) NOT NULL,
  `class_routine_id` int(11) NOT NULL,
  `attendance_by` enum('Student','Admin') COLLATE utf8_unicode_ci DEFAULT 'Student',
  `images` varchar(225) COLLATE utf8_unicode_ci DEFAULT NULL,
  `token` text COLLATE utf8_unicode_ci,
  `id_session` text COLLATE utf8_unicode_ci,
  `image_for_mobile` text COLLATE utf8_unicode_ci NOT NULL,
  PRIMARY KEY (`student_id`)
) ENGINE=InnoDB AUTO_INCREMENT=15 DEFAULT CHARSET=utf8 COLLATE=utf8_unicode_ci;

/*Data for the table `student` */

insert  into `student`(`student_id`,`student_code`,`nisn`,`smartcard_id`,`un_number`,`name`,`birthday`,`sex`,`religion`,`blood_group`,`address`,`phone`,`email`,`password`,`no_clothes`,`no_pants`,`medical_information`,`parent_id`,`dormitory_id`,`transport_id`,`dormitory_room_number`,`authentication_key`,`finger_id`,`finger_data`,`userlevel`,`log_time`,`data`,`date_login`,`time_login`,`date_logout`,`time_logout`,`login_status`,`logout_status`,`id`,`about`,`active`,`avatar_id`,`cover_id`,`cover_position`,`email_verification_key`,`email_verified`,`language`,`last_logged`,`time`,`timestamp`,`timezone`,`type`,`username`,`verified`,`year`,`roll`,`class_id`,`section_id`,`class_routine_id`,`attendance_by`,`images`,`token`,`id_session`,`image_for_mobile`) values (1,'123456','654321',3139410717,'98765','Aang Wiadi Demo Student','02/22/2000','male','Islam','','Jakarta','021','aangwiadi_demo@email.com','f7c3bc1d808e04732adf679965ccc34ca7ae3441','32','34','',4,0,0,'','',1,'272236A3D5BD2C0A871CA1BAC4722900F87F01C82AE3735CC0413709AB71F046155592913CD061D659A503C0DC12BAA45D08BC3B446456DFA4BB3FBCCFD5D6480A5C9E8B52C084ADFE2313D57F10941DD7E7E724904589E5CCCA345DC5CE9E73DEB0EBC2B8B146F6039642CA9A48DB833C12CDAEFF8BC13A945258A86B8D3CA5CDD2610718CA55CDC8E4291C575A71FA4E613FAB650CFFD21830481482745A83F70E3ED9058E71613A0025121D3FF44CC5CF7C6818E5D3BBCD7BE13811DD059DCAC439F054DC36094F4A6425C32D1FF48FE9D7596A3D4EC5597B7FC39903D7D5F43972558132D16E07A246A1FD1E0EC5A4313AC695632E9443989FEFD87E142A759DB0313B5D9B65AE50FECCA7F2D511552EDE161A0FC3E5DC9E6285E8751E65F493E4DCA65F85D33CCB8EBF467520319C7FD74F7DEDB4072C44F9FDAB633A84B3553994E84D8525E0979696F0C4441102E67D9617E7DDD9E96918FD7DE9CB17532813F95071B7E26B7135B596E7FE9239A3E4F87B694FD7DDC66ECB8D15D86C24077A3A51F456BE75570619DDAFC45E86E1EBF14B40996ADFC2468E6F00F88101C82AE3735CC0413709AB71704E1555925D6789FD17B8D691E67A2193013525FD46ADE4E6617B1DAA048771E99141FB6FD8B2E4235CCE5BA56422A079E9D83B5840D27DD65A0B9CF0B97D2FA98FC4995AC9A6189F95C03FA86B2FC084C7926EB580D15B39D23EFFC1996E32C3968F1AFD0376130D4D37FE271A00F1544B5CC6B12523E4833FDBCE055BE19F79B656030D5D21E592F08177C1B77A567AFAAACBF74052D49288297455FD1615F938B28F0A786EBD8D9D15132EDAACEED3A4DC2C0D64902D190E69329B34DDFCBF539AEDE1EEE03FFBE657EEEC09805340D2DAA5F7547F4576EA676806A83E12AB878AEE825DAD86EE812F17BC73C77CA2244106B232379E677CD9A4C63748DB9F9940967DC73D2DDE0B889CB2E6709308A8A810F526FC1C78E33B8347E8076890B01DCBA9CCDB3AAC95BFD4031C5C9F81E877384DC3C3EA0A1C8D3026489A52EF714107154536FBD83CE2A9EEAF5925693479553952DA2A894B7B753DBD946CFE621D85C456AF6DF20BBE1950FE06B3C1873F32A5C46F00F87E01C82AE3735CC0413709AB71B04B155592F0C0EDAF4D8445C84515E7AFF3F5CBD1079113011ECEC5F7EC0383519467D85BDAE707FE5CEB17707F594A7B2BD0FA35E3BA99403F5039EADD198B3B6DEC755DC86EFBC3E02B2E1F615B9FF7CB637E6DC7E4135B3D5B17CC6C45111E28F701F171326E0D7807DE1852C488BC588C05162C81325BD597A77779BAEDB93150D41742D72B672044A339B63544C87053825C69418388E55719D72E9F5A9ADC582E8E7210D6E2E6CAAE75D78433B0CE86E025DECD478647C8C810D6E17D2D5DC328DCD33682CB6AB37009C61320A96DBBEB762DC8E07C154246803C8AD03ADF51084E4682DB60C2F3E39179FB0A1D7DE1E2342B5CAC3DBEE0E5B08FB2B64F03B092378120977CB2C61E6349D044260B97ADBC161000369D3CE34FD5EA312E067FC70356C7344E22E8FEAA42921831C3E0216B848059CFFF21F618CB2312FE53B8306748D901656D82A8F7EBFCCA1D0839903CB4B48F0C181C508E9E9367340EF0344AB29B71CC85DF61078767CFC050E96F00E88101C82AE3735CC0413709AB71304E155592A369A28DEDC8392B46E4F8C984B39ED678E1EEF75B083429B18B6DD80C32E57B5392969706336DC29C17DF3D347DEFB5340313366339921C9B1884D2E35EAA3C8452613E8F628E9F152CB9EE1F4C2540CB79297471A1600F57FD85DCA44B82B11812B99D5A8325BB7F0DB32FACD65FDEDAA3313BB04436D73A9EC81B047652E5BA1FD46CD0136C0A11F24B9E6E086F7D7D78C72ABB71BEE309D5997DAA4D87C1BA81114BEF2D4BF2A4E58264A2FB5D086C42542F22697231EA011B4E5AD801D6B1C3688089BD46AB236224EAED399E3CAA9EC511DF19DE6A87948B8FA2B4089631BCC55422AA91EF9E2609F8E1126C7113B43542A58694E44E79864CE95DE3D61EA9131C1A8BD07B6612B573807DA3BF6B2ED599945A98959CE716E38C888AF4F88D20C72441845AE3627C33DCA0F1B497A23D9E5553AE2B24C6ABE1911DDCD64E8E01D6AEDDC9739B9632A032807948E3E8B254595911012E1AAEB43C60DBA3E9782F06A46607058893C82929A4C0F6866F0000000000000000000000000000000000000000000000000000000000000000000000000000000000000000000000000000000000000000000000000000000000000000000000000000000000',0,'2017-11-14 09:16:47','','14-11-2017','09:16:47','','','1','',1,'',0,0,0,0,'',0,'',31,13,'2017-10-10 05:25:05','','user','',0,'2017-2018',2017,1,1,0,'','attendance_by_admin.jpg','d5omeRYOOys:APA91bE0SPG8EjU216z_sBvqCqGyxl7a-Q3yR6Dz6HGWR1sYPjSFXg5NZlRuHU4maH2GY-IlyZLK4xdCTd5u2LDfbt5SzMchaF8HjL50WST7gmv6KpPnX14NqY3Cx-CT2_bvWJYLTWOu','Wednesday, 8-Nov-2017, 4:57 PM','small_1017309102_1218016838319484_7595037759563223238_n.jpg'),(2,'12345','54321',3139427184,'123456','Nabil Demo Student','06/11/2002','male','Islam','','Cilengsi','021','nabil_demo@email.com','f7c3bc1d808e04732adf679965ccc34ca7ae3441','27','25','',3,0,0,'','',1,'272236A3D5BD2C0A871CA1BAC4722900F87F01C82AE3735CC0413709AB71F046155592913CD061D659A503C0DC12BAA45D08BC3B446456DFA4BB3FBCCFD5D6480A5C9E8B52C084ADFE2313D57F10941DD7E7E724904589E5CCCA345DC5CE9E73DEB0EBC2B8B146F6039642CA9A48DB833C12CDAEFF8BC13A945258A86B8D3CA5CDD2610718CA55CDC8E4291C575A71FA4E613FAB650CFFD21830481482745A83F70E3ED9058E71613A0025121D3FF44CC5CF7C6818E5D3BBCD7BE13811DD059DCAC439F054DC36094F4A6425C32D1FF48FE9D7596A3D4EC5597B7FC39903D7D5F43972558132D16E07A246A1FD1E0EC5A4313AC695632E9443989FEFD87E142A759DB0313B5D9B65AE50FECCA7F2D511552EDE161A0FC3E5DC9E6285E8751E65F493E4DCA65F85D33CCB8EBF467520319C7FD74F7DEDB4072C44F9FDAB633A84B3553994E84D8525E0979696F0C4441102E67D9617E7DDD9E96918FD7DE9CB17532813F95071B7E26B7135B596E7FE9239A3E4F87B694FD7DDC66ECB8D15D86C24077A3A51F456BE75570619DDAFC45E86E1EBF14B40996ADFC2468E6F00F88101C82AE3735CC0413709AB71704E1555925D6789FD17B8D691E67A2193013525FD46ADE4E6617B1DAA048771E99141FB6FD8B2E4235CCE5BA56422A079E9D83B5840D27DD65A0B9CF0B97D2FA98FC4995AC9A6189F95C03FA86B2FC084C7926EB580D15B39D23EFFC1996E32C3968F1AFD0376130D4D37FE271A00F1544B5CC6B12523E4833FDBCE055BE19F79B656030D5D21E592F08177C1B77A567AFAAACBF74052D49288297455FD1615F938B28F0A786EBD8D9D15132EDAACEED3A4DC2C0D64902D190E69329B34DDFCBF539AEDE1EEE03FFBE657EEEC09805340D2DAA5F7547F4576EA676806A83E12AB878AEE825DAD86EE812F17BC73C77CA2244106B232379E677CD9A4C63748DB9F9940967DC73D2DDE0B889CB2E6709308A8A810F526FC1C78E33B8347E8076890B01DCBA9CCDB3AAC95BFD4031C5C9F81E877384DC3C3EA0A1C8D3026489A52EF714107154536FBD83CE2A9EEAF5925693479553952DA2A894B7B753DBD946CFE621D85C456AF6DF20BBE1950FE06B3C1873F32A5C46F00F87E01C82AE3735CC0413709AB71B04B155592F0C0EDAF4D8445C84515E7AFF3F5CBD1079113011ECEC5F7EC0383519467D85BDAE707FE5CEB17707F594A7B2BD0FA35E3BA99403F5039EADD198B3B6DEC755DC86EFBC3E02B2E1F615B9FF7CB637E6DC7E4135B3D5B17CC6C45111E28F701F171326E0D7807DE1852C488BC588C05162C81325BD597A77779BAEDB93150D41742D72B672044A339B63544C87053825C69418388E55719D72E9F5A9ADC582E8E7210D6E2E6CAAE75D78433B0CE86E025DECD478647C8C810D6E17D2D5DC328DCD33682CB6AB37009C61320A96DBBEB762DC8E07C154246803C8AD03ADF51084E4682DB60C2F3E39179FB0A1D7DE1E2342B5CAC3DBEE0E5B08FB2B64F03B092378120977CB2C61E6349D044260B97ADBC161000369D3CE34FD5EA312E067FC70356C7344E22E8FEAA42921831C3E0216B848059CFFF21F618CB2312FE53B8306748D901656D82A8F7EBFCCA1D0839903CB4B48F0C181C508E9E9367340EF0344AB29B71CC85DF61078767CFC050E96F00E88101C82AE3735CC0413709AB71304E155592A369A28DEDC8392B46E4F8C984B39ED678E1EEF75B083429B18B6DD80C32E57B5392969706336DC29C17DF3D347DEFB5340313366339921C9B1884D2E35EAA3C8452613E8F628E9F152CB9EE1F4C2540CB79297471A1600F57FD85DCA44B82B11812B99D5A8325BB7F0DB32FACD65FDEDAA3313BB04436D73A9EC81B047652E5BA1FD46CD0136C0A11F24B9E6E086F7D7D78C72ABB71BEE309D5997DAA4D87C1BA81114BEF2D4BF2A4E58264A2FB5D086C42542F22697231EA011B4E5AD801D6B1C3688089BD46AB236224EAED399E3CAA9EC511DF19DE6A87948B8FA2B4089631BCC55422AA91EF9E2609F8E1126C7113B43542A58694E44E79864CE95DE3D61EA9131C1A8BD07B6612B573807DA3BF6B2ED599945A98959CE716E38C888AF4F88D20C72441845AE3627C33DCA0F1B497A23D9E5553AE2B24C6ABE1911DDCD64E8E01D6AEDDC9739B9632A032807948E3E8B254595911012E1AAEB43C60DBA3E9782F06A46607058893C82929A4C0F6866F0000000000000000000000000000000000000000000000000000000000000000000000000000000000000000000000000000000000000000000000000000000000000000000000000000000000',0,'2017-11-14 09:16:58','','14-11-2017','09:16:58','','','1','',2,'',0,0,0,0,'',0,'',10,7,'2017-10-10 05:25:58','','user','',0,'2017-2018',0,1,1,0,'','attendance_by_admin.jpg','',NULL,''),(3,'171807049','0055020753',3139387180,'0','Yosua Imanuel Demo Student','09/10/2005','male','Christian','','Jakarta','021','josua_demo@starstudents.co.id','f7c3bc1d808e04732adf679965ccc34ca7ae3441','','','',2,0,0,'','',1,'272236A3D5BD2C0A871CA1BAC4722900F87F01C82AE3735CC0413709AB71F046155592913CD061D659A503C0DC12BAA45D08BC3B446456DFA4BB3FBCCFD5D6480A5C9E8B52C084ADFE2313D57F10941DD7E7E724904589E5CCCA345DC5CE9E73DEB0EBC2B8B146F6039642CA9A48DB833C12CDAEFF8BC13A945258A86B8D3CA5CDD2610718CA55CDC8E4291C575A71FA4E613FAB650CFFD21830481482745A83F70E3ED9058E71613A0025121D3FF44CC5CF7C6818E5D3BBCD7BE13811DD059DCAC439F054DC36094F4A6425C32D1FF48FE9D7596A3D4EC5597B7FC39903D7D5F43972558132D16E07A246A1FD1E0EC5A4313AC695632E9443989FEFD87E142A759DB0313B5D9B65AE50FECCA7F2D511552EDE161A0FC3E5DC9E6285E8751E65F493E4DCA65F85D33CCB8EBF467520319C7FD74F7DEDB4072C44F9FDAB633A84B3553994E84D8525E0979696F0C4441102E67D9617E7DDD9E96918FD7DE9CB17532813F95071B7E26B7135B596E7FE9239A3E4F87B694FD7DDC66ECB8D15D86C24077A3A51F456BE75570619DDAFC45E86E1EBF14B40996ADFC2468E6F00F88101C82AE3735CC0413709AB71704E1555925D6789FD17B8D691E67A2193013525FD46ADE4E6617B1DAA048771E99141FB6FD8B2E4235CCE5BA56422A079E9D83B5840D27DD65A0B9CF0B97D2FA98FC4995AC9A6189F95C03FA86B2FC084C7926EB580D15B39D23EFFC1996E32C3968F1AFD0376130D4D37FE271A00F1544B5CC6B12523E4833FDBCE055BE19F79B656030D5D21E592F08177C1B77A567AFAAACBF74052D49288297455FD1615F938B28F0A786EBD8D9D15132EDAACEED3A4DC2C0D64902D190E69329B34DDFCBF539AEDE1EEE03FFBE657EEEC09805340D2DAA5F7547F4576EA676806A83E12AB878AEE825DAD86EE812F17BC73C77CA2244106B232379E677CD9A4C63748DB9F9940967DC73D2DDE0B889CB2E6709308A8A810F526FC1C78E33B8347E8076890B01DCBA9CCDB3AAC95BFD4031C5C9F81E877384DC3C3EA0A1C8D3026489A52EF714107154536FBD83CE2A9EEAF5925693479553952DA2A894B7B753DBD946CFE621D85C456AF6DF20BBE1950FE06B3C1873F32A5C46F00F87E01C82AE3735CC0413709AB71B04B155592F0C0EDAF4D8445C84515E7AFF3F5CBD1079113011ECEC5F7EC0383519467D85BDAE707FE5CEB17707F594A7B2BD0FA35E3BA99403F5039EADD198B3B6DEC755DC86EFBC3E02B2E1F615B9FF7CB637E6DC7E4135B3D5B17CC6C45111E28F701F171326E0D7807DE1852C488BC588C05162C81325BD597A77779BAEDB93150D41742D72B672044A339B63544C87053825C69418388E55719D72E9F5A9ADC582E8E7210D6E2E6CAAE75D78433B0CE86E025DECD478647C8C810D6E17D2D5DC328DCD33682CB6AB37009C61320A96DBBEB762DC8E07C154246803C8AD03ADF51084E4682DB60C2F3E39179FB0A1D7DE1E2342B5CAC3DBEE0E5B08FB2B64F03B092378120977CB2C61E6349D044260B97ADBC161000369D3CE34FD5EA312E067FC70356C7344E22E8FEAA42921831C3E0216B848059CFFF21F618CB2312FE53B8306748D901656D82A8F7EBFCCA1D0839903CB4B48F0C181C508E9E9367340EF0344AB29B71CC85DF61078767CFC050E96F00E88101C82AE3735CC0413709AB71304E155592A369A28DEDC8392B46E4F8C984B39ED678E1EEF75B083429B18B6DD80C32E57B5392969706336DC29C17DF3D347DEFB5340313366339921C9B1884D2E35EAA3C8452613E8F628E9F152CB9EE1F4C2540CB79297471A1600F57FD85DCA44B82B11812B99D5A8325BB7F0DB32FACD65FDEDAA3313BB04436D73A9EC81B047652E5BA1FD46CD0136C0A11F24B9E6E086F7D7D78C72ABB71BEE309D5997DAA4D87C1BA81114BEF2D4BF2A4E58264A2FB5D086C42542F22697231EA011B4E5AD801D6B1C3688089BD46AB236224EAED399E3CAA9EC511DF19DE6A87948B8FA2B4089631BCC55422AA91EF9E2609F8E1126C7113B43542A58694E44E79864CE95DE3D61EA9131C1A8BD07B6612B573807DA3BF6B2ED599945A98959CE716E38C888AF4F88D20C72441845AE3627C33DCA0F1B497A23D9E5553AE2B24C6ABE1911DDCD64E8E01D6AEDDC9739B9632A032807948E3E8B254595911012E1AAEB43C60DBA3E9782F06A46607058893C82929A4C0F6866F0000000000000000000000000000000000000000000000000000000000000000000000000000000000000000000000000000000000000000000000000000000000000000000000000000000000',0,'2017-11-14 09:17:20','','14-11-2017','09:17:20','','','1','',3,'',0,0,0,0,'',0,'',0,0,'2017-10-10 05:26:16','','user','',0,'2017-2018',2017,1,1,0,'','attendance_by_admin.jpg','','Wednesday, 9-Aug-2017, 10:30 AM',''),(4,'171807025','0079781654',3139404538,'0','Hana Arintia Demo Student','01/25/2007','female','Moslem','','Jakarta','021','hari_demo@starstudents.co.id','f7c3bc1d808e04732adf679965ccc34ca7ae3441','','','',1,0,0,'','',1,'272236A3D5BD2C0A871CA1BAC4722900F87F01C82AE3735CC0413709AB71F046155592913CD061D659A503C0DC12BAA45D08BC3B446456DFA4BB3FBCCFD5D6480A5C9E8B52C084ADFE2313D57F10941DD7E7E724904589E5CCCA345DC5CE9E73DEB0EBC2B8B146F6039642CA9A48DB833C12CDAEFF8BC13A945258A86B8D3CA5CDD2610718CA55CDC8E4291C575A71FA4E613FAB650CFFD21830481482745A83F70E3ED9058E71613A0025121D3FF44CC5CF7C6818E5D3BBCD7BE13811DD059DCAC439F054DC36094F4A6425C32D1FF48FE9D7596A3D4EC5597B7FC39903D7D5F43972558132D16E07A246A1FD1E0EC5A4313AC695632E9443989FEFD87E142A759DB0313B5D9B65AE50FECCA7F2D511552EDE161A0FC3E5DC9E6285E8751E65F493E4DCA65F85D33CCB8EBF467520319C7FD74F7DEDB4072C44F9FDAB633A84B3553994E84D8525E0979696F0C4441102E67D9617E7DDD9E96918FD7DE9CB17532813F95071B7E26B7135B596E7FE9239A3E4F87B694FD7DDC66ECB8D15D86C24077A3A51F456BE75570619DDAFC45E86E1EBF14B40996ADFC2468E6F00F88101C82AE3735CC0413709AB71704E1555925D6789FD17B8D691E67A2193013525FD46ADE4E6617B1DAA048771E99141FB6FD8B2E4235CCE5BA56422A079E9D83B5840D27DD65A0B9CF0B97D2FA98FC4995AC9A6189F95C03FA86B2FC084C7926EB580D15B39D23EFFC1996E32C3968F1AFD0376130D4D37FE271A00F1544B5CC6B12523E4833FDBCE055BE19F79B656030D5D21E592F08177C1B77A567AFAAACBF74052D49288297455FD1615F938B28F0A786EBD8D9D15132EDAACEED3A4DC2C0D64902D190E69329B34DDFCBF539AEDE1EEE03FFBE657EEEC09805340D2DAA5F7547F4576EA676806A83E12AB878AEE825DAD86EE812F17BC73C77CA2244106B232379E677CD9A4C63748DB9F9940967DC73D2DDE0B889CB2E6709308A8A810F526FC1C78E33B8347E8076890B01DCBA9CCDB3AAC95BFD4031C5C9F81E877384DC3C3EA0A1C8D3026489A52EF714107154536FBD83CE2A9EEAF5925693479553952DA2A894B7B753DBD946CFE621D85C456AF6DF20BBE1950FE06B3C1873F32A5C46F00F87E01C82AE3735CC0413709AB71B04B155592F0C0EDAF4D8445C84515E7AFF3F5CBD1079113011ECEC5F7EC0383519467D85BDAE707FE5CEB17707F594A7B2BD0FA35E3BA99403F5039EADD198B3B6DEC755DC86EFBC3E02B2E1F615B9FF7CB637E6DC7E4135B3D5B17CC6C45111E28F701F171326E0D7807DE1852C488BC588C05162C81325BD597A77779BAEDB93150D41742D72B672044A339B63544C87053825C69418388E55719D72E9F5A9ADC582E8E7210D6E2E6CAAE75D78433B0CE86E025DECD478647C8C810D6E17D2D5DC328DCD33682CB6AB37009C61320A96DBBEB762DC8E07C154246803C8AD03ADF51084E4682DB60C2F3E39179FB0A1D7DE1E2342B5CAC3DBEE0E5B08FB2B64F03B092378120977CB2C61E6349D044260B97ADBC161000369D3CE34FD5EA312E067FC70356C7344E22E8FEAA42921831C3E0216B848059CFFF21F618CB2312FE53B8306748D901656D82A8F7EBFCCA1D0839903CB4B48F0C181C508E9E9367340EF0344AB29B71CC85DF61078767CFC050E96F00E88101C82AE3735CC0413709AB71304E155592A369A28DEDC8392B46E4F8C984B39ED678E1EEF75B083429B18B6DD80C32E57B5392969706336DC29C17DF3D347DEFB5340313366339921C9B1884D2E35EAA3C8452613E8F628E9F152CB9EE1F4C2540CB79297471A1600F57FD85DCA44B82B11812B99D5A8325BB7F0DB32FACD65FDEDAA3313BB04436D73A9EC81B047652E5BA1FD46CD0136C0A11F24B9E6E086F7D7D78C72ABB71BEE309D5997DAA4D87C1BA81114BEF2D4BF2A4E58264A2FB5D086C42542F22697231EA011B4E5AD801D6B1C3688089BD46AB236224EAED399E3CAA9EC511DF19DE6A87948B8FA2B4089631BCC55422AA91EF9E2609F8E1126C7113B43542A58694E44E79864CE95DE3D61EA9131C1A8BD07B6612B573807DA3BF6B2ED599945A98959CE716E38C888AF4F88D20C72441845AE3627C33DCA0F1B497A23D9E5553AE2B24C6ABE1911DDCD64E8E01D6AEDDC9739B9632A032807948E3E8B254595911012E1AAEB43C60DBA3E9782F06A46607058893C82929A4C0F6866F0000000000000000000000000000000000000000000000000000000000000000000000000000000000000000000000000000000000000000000000000000000000000000000000000000000000',0,'2017-11-14 09:17:30','','14-11-2017','09:17:30','','','1','',4,'',0,0,0,0,'',0,'',0,0,'2017-10-10 05:25:41','','user','',0,'2017-2018',2017,1,1,0,'','attendance_by_admin.jpg',NULL,NULL,''),(5,'161707045','0043497689',70245450,'1-16-02-07-072-019-6','Ananta Kusuma Demo Student','09/23/2004','male','Hindu','','Jakarta','021','ananta_demo@starstudents.co.id','f7c3bc1d808e04732adf679965ccc34ca7ae3441','','','',5,0,0,'','',1,'272236A3D5BD2C0A871CA1BAC4722900F87F01C82AE3735CC0413709AB71F046155592913CD061D659A503C0DC12BAA45D08BC3B446456DFA4BB3FBCCFD5D6480A5C9E8B52C084ADFE2313D57F10941DD7E7E724904589E5CCCA345DC5CE9E73DEB0EBC2B8B146F6039642CA9A48DB833C12CDAEFF8BC13A945258A86B8D3CA5CDD2610718CA55CDC8E4291C575A71FA4E613FAB650CFFD21830481482745A83F70E3ED9058E71613A0025121D3FF44CC5CF7C6818E5D3BBCD7BE13811DD059DCAC439F054DC36094F4A6425C32D1FF48FE9D7596A3D4EC5597B7FC39903D7D5F43972558132D16E07A246A1FD1E0EC5A4313AC695632E9443989FEFD87E142A759DB0313B5D9B65AE50FECCA7F2D511552EDE161A0FC3E5DC9E6285E8751E65F493E4DCA65F85D33CCB8EBF467520319C7FD74F7DEDB4072C44F9FDAB633A84B3553994E84D8525E0979696F0C4441102E67D9617E7DDD9E96918FD7DE9CB17532813F95071B7E26B7135B596E7FE9239A3E4F87B694FD7DDC66ECB8D15D86C24077A3A51F456BE75570619DDAFC45E86E1EBF14B40996ADFC2468E6F00F88101C82AE3735CC0413709AB71704E1555925D6789FD17B8D691E67A2193013525FD46ADE4E6617B1DAA048771E99141FB6FD8B2E4235CCE5BA56422A079E9D83B5840D27DD65A0B9CF0B97D2FA98FC4995AC9A6189F95C03FA86B2FC084C7926EB580D15B39D23EFFC1996E32C3968F1AFD0376130D4D37FE271A00F1544B5CC6B12523E4833FDBCE055BE19F79B656030D5D21E592F08177C1B77A567AFAAACBF74052D49288297455FD1615F938B28F0A786EBD8D9D15132EDAACEED3A4DC2C0D64902D190E69329B34DDFCBF539AEDE1EEE03FFBE657EEEC09805340D2DAA5F7547F4576EA676806A83E12AB878AEE825DAD86EE812F17BC73C77CA2244106B232379E677CD9A4C63748DB9F9940967DC73D2DDE0B889CB2E6709308A8A810F526FC1C78E33B8347E8076890B01DCBA9CCDB3AAC95BFD4031C5C9F81E877384DC3C3EA0A1C8D3026489A52EF714107154536FBD83CE2A9EEAF5925693479553952DA2A894B7B753DBD946CFE621D85C456AF6DF20BBE1950FE06B3C1873F32A5C46F00F87E01C82AE3735CC0413709AB71B04B155592F0C0EDAF4D8445C84515E7AFF3F5CBD1079113011ECEC5F7EC0383519467D85BDAE707FE5CEB17707F594A7B2BD0FA35E3BA99403F5039EADD198B3B6DEC755DC86EFBC3E02B2E1F615B9FF7CB637E6DC7E4135B3D5B17CC6C45111E28F701F171326E0D7807DE1852C488BC588C05162C81325BD597A77779BAEDB93150D41742D72B672044A339B63544C87053825C69418388E55719D72E9F5A9ADC582E8E7210D6E2E6CAAE75D78433B0CE86E025DECD478647C8C810D6E17D2D5DC328DCD33682CB6AB37009C61320A96DBBEB762DC8E07C154246803C8AD03ADF51084E4682DB60C2F3E39179FB0A1D7DE1E2342B5CAC3DBEE0E5B08FB2B64F03B092378120977CB2C61E6349D044260B97ADBC161000369D3CE34FD5EA312E067FC70356C7344E22E8FEAA42921831C3E0216B848059CFFF21F618CB2312FE53B8306748D901656D82A8F7EBFCCA1D0839903CB4B48F0C181C508E9E9367340EF0344AB29B71CC85DF61078767CFC050E96F00E88101C82AE3735CC0413709AB71304E155592A369A28DEDC8392B46E4F8C984B39ED678E1EEF75B083429B18B6DD80C32E57B5392969706336DC29C17DF3D347DEFB5340313366339921C9B1884D2E35EAA3C8452613E8F628E9F152CB9EE1F4C2540CB79297471A1600F57FD85DCA44B82B11812B99D5A8325BB7F0DB32FACD65FDEDAA3313BB04436D73A9EC81B047652E5BA1FD46CD0136C0A11F24B9E6E086F7D7D78C72ABB71BEE309D5997DAA4D87C1BA81114BEF2D4BF2A4E58264A2FB5D086C42542F22697231EA011B4E5AD801D6B1C3688089BD46AB236224EAED399E3CAA9EC511DF19DE6A87948B8FA2B4089631BCC55422AA91EF9E2609F8E1126C7113B43542A58694E44E79864CE95DE3D61EA9131C1A8BD07B6612B573807DA3BF6B2ED599945A98959CE716E38C888AF4F88D20C72441845AE3627C33DCA0F1B497A23D9E5553AE2B24C6ABE1911DDCD64E8E01D6AEDDC9739B9632A032807948E3E8B254595911012E1AAEB43C60DBA3E9782F06A46607058893C82929A4C0F6866F0000000000000000000000000000000000000000000000000000000000000000000000000000000000000000000000000000000000000000000000000000000000000000000000000000000000',0,'2017-11-14 09:18:39','','14-11-2017','09:18:39','','','1','',5,'',0,0,0,0,'',0,'',8,7,'2017-10-10 05:25:21','','user','',0,'2017-2018',2016,2,2,0,'','attendance_by_admin.jpg','123','Sunday, 15-Oct-2017, 8:26 PM',''),(6,'12312331','088120465',0,'1-16-02-07-072-019-6','Daniel Demo Student','09/23/2004','male','Islam','','Jakarta','021','daniel_student@gmail.com','f7c3bc1d808e04732adf679965ccc34ca7ae3441','','','',6,0,0,'','',1,'272236A3D5BD2C0A871CA1BAC4722900F87F01C82AE3735CC0413709AB71F046155592913CD061D659A503C0DC12BAA45D08BC3B446456DFA4BB3FBCCFD5D6480A5C9E8B52C084ADFE2313D57F10941DD7E7E724904589E5CCCA345DC5CE9E73DEB0EBC2B8B146F6039642CA9A48DB833C12CDAEFF8BC13A945258A86B8D3CA5CDD2610718CA55CDC8E4291C575A71FA4E613FAB650CFFD21830481482745A83F70E3ED9058E71613A0025121D3FF44CC5CF7C6818E5D3BBCD7BE13811DD059DCAC439F054DC36094F4A6425C32D1FF48FE9D7596A3D4EC5597B7FC39903D7D5F43972558132D16E07A246A1FD1E0EC5A4313AC695632E9443989FEFD87E142A759DB0313B5D9B65AE50FECCA7F2D511552EDE161A0FC3E5DC9E6285E8751E65F493E4DCA65F85D33CCB8EBF467520319C7FD74F7DEDB4072C44F9FDAB633A84B3553994E84D8525E0979696F0C4441102E67D9617E7DDD9E96918FD7DE9CB17532813F95071B7E26B7135B596E7FE9239A3E4F87B694FD7DDC66ECB8D15D86C24077A3A51F456BE75570619DDAFC45E86E1EBF14B40996ADFC2468E6F00F88101C82AE3735CC0413709AB71704E1555925D6789FD17B8D691E67A2193013525FD46ADE4E6617B1DAA048771E99141FB6FD8B2E4235CCE5BA56422A079E9D83B5840D27DD65A0B9CF0B97D2FA98FC4995AC9A6189F95C03FA86B2FC084C7926EB580D15B39D23EFFC1996E32C3968F1AFD0376130D4D37FE271A00F1544B5CC6B12523E4833FDBCE055BE19F79B656030D5D21E592F08177C1B77A567AFAAACBF74052D49288297455FD1615F938B28F0A786EBD8D9D15132EDAACEED3A4DC2C0D64902D190E69329B34DDFCBF539AEDE1EEE03FFBE657EEEC09805340D2DAA5F7547F4576EA676806A83E12AB878AEE825DAD86EE812F17BC73C77CA2244106B232379E677CD9A4C63748DB9F9940967DC73D2DDE0B889CB2E6709308A8A810F526FC1C78E33B8347E8076890B01DCBA9CCDB3AAC95BFD4031C5C9F81E877384DC3C3EA0A1C8D3026489A52EF714107154536FBD83CE2A9EEAF5925693479553952DA2A894B7B753DBD946CFE621D85C456AF6DF20BBE1950FE06B3C1873F32A5C46F00F87E01C82AE3735CC0413709AB71B04B155592F0C0EDAF4D8445C84515E7AFF3F5CBD1079113011ECEC5F7EC0383519467D85BDAE707FE5CEB17707F594A7B2BD0FA35E3BA99403F5039EADD198B3B6DEC755DC86EFBC3E02B2E1F615B9FF7CB637E6DC7E4135B3D5B17CC6C45111E28F701F171326E0D7807DE1852C488BC588C05162C81325BD597A77779BAEDB93150D41742D72B672044A339B63544C87053825C69418388E55719D72E9F5A9ADC582E8E7210D6E2E6CAAE75D78433B0CE86E025DECD478647C8C810D6E17D2D5DC328DCD33682CB6AB37009C61320A96DBBEB762DC8E07C154246803C8AD03ADF51084E4682DB60C2F3E39179FB0A1D7DE1E2342B5CAC3DBEE0E5B08FB2B64F03B092378120977CB2C61E6349D044260B97ADBC161000369D3CE34FD5EA312E067FC70356C7344E22E8FEAA42921831C3E0216B848059CFFF21F618CB2312FE53B8306748D901656D82A8F7EBFCCA1D0839903CB4B48F0C181C508E9E9367340EF0344AB29B71CC85DF61078767CFC050E96F00E88101C82AE3735CC0413709AB71304E155592A369A28DEDC8392B46E4F8C984B39ED678E1EEF75B083429B18B6DD80C32E57B5392969706336DC29C17DF3D347DEFB5340313366339921C9B1884D2E35EAA3C8452613E8F628E9F152CB9EE1F4C2540CB79297471A1600F57FD85DCA44B82B11812B99D5A8325BB7F0DB32FACD65FDEDAA3313BB04436D73A9EC81B047652E5BA1FD46CD0136C0A11F24B9E6E086F7D7D78C72ABB71BEE309D5997DAA4D87C1BA81114BEF2D4BF2A4E58264A2FB5D086C42542F22697231EA011B4E5AD801D6B1C3688089BD46AB236224EAED399E3CAA9EC511DF19DE6A87948B8FA2B4089631BCC55422AA91EF9E2609F8E1126C7113B43542A58694E44E79864CE95DE3D61EA9131C1A8BD07B6612B573807DA3BF6B2ED599945A98959CE716E38C888AF4F88D20C72441845AE3627C33DCA0F1B497A23D9E5553AE2B24C6ABE1911DDCD64E8E01D6AEDDC9739B9632A032807948E3E8B254595911012E1AAEB43C60DBA3E9782F06A46607058893C82929A4C0F6866F0000000000000000000000000000000000000000000000000000000000000000000000000000000000000000000000000000000000000000000000000000000000000000000000000000000000',0,'2017-11-14 09:18:49','','14-11-2017','09:18:49','','','1','',6,'',0,0,0,0,'',0,'',0,0,'0000-00-00 00:00:00','','user','',0,'2017-2018',2017,2,2,0,'','attendance_by_admin.jpg','fbVl9PRhBcg:APA91bH0KY0-gwd1RspyCmjy1IUQ5bGm3fwJfIkCnWRmqEHYxQM76zVss99dF_q3CUUQXGhHL4zwM0b-c_EnC39stiTwa0XLMF6PA2jXsoR1SmWWTXNpR0TQmRHrrinGxX37s2s91iGr','Wednesday, 6-Sep-2017, 3:04 PM',''),(7,'12345','12345',0,'12345','Amanda Annisah demo student','02/10/2005','female','moslem','','jakarta','021','amanda_demo@starstudents.co.id','f7c3bc1d808e04732adf679965ccc34ca7ae3441','','','',7,0,0,'','',0,'',0,'2017-11-14 10:56:06','','14-11-2017','09:17:39','','','1','',7,'',0,0,0,0,'',0,'',0,0,'0000-00-00 00:00:00','','user','',0,'2017-2018',2017,1,8,0,'','attendance_by_admin.jpg','dj3_Hd0KklA:APA91bFxs-mmvsI0iG19oxAM1RB41p2vpX1Xq1FOCMm1O7vzIufC9p6VRwU7VwARq5th2-YsR5n9x27_An4uIMLJwCEsO-gM8aaMVGGK05d20V6M2_oTf8EThPy1vE02m8VbhlydkFcb','Tuesday, 14-Nov-2017, 10:56 AM',''),(8,'12346','12346',0,'12346','Andaramurti Anindita demo student','08/19/2005','female','moslem','','jakarta','021','anindita_demo@starstudents.co.id','f7c3bc1d808e04732adf679965ccc34ca7ae3441','','','',8,0,0,'','',0,'',0,'2017-11-14 09:17:49','','14-11-2017','09:17:49','','','1','',8,'',0,0,0,0,'',0,'',0,0,'0000-00-00 00:00:00','','user','',0,'2017-2018',2017,1,8,0,'','attendance_by_admin.jpg',NULL,NULL,''),(9,'12347','12347',0,'12347','Andrew Joshua demo student','11/12/2005','male','christian','','jakarta','021','andrew_demo@starstudents.co.id','f7c3bc1d808e04732adf679965ccc34ca7ae3441','','','',9,0,0,'','',0,'',0,'2017-11-14 09:17:59','','14-11-2017','09:17:59','','','1','',9,'',0,0,0,0,'',0,'',0,0,'0000-00-00 00:00:00','','user','',0,'2017-2018',0,1,8,0,'','attendance_by_admin.jpg',NULL,NULL,''),(10,'12348','12348',0,'12348','Azalia Cinta Zafirah Putri demo student','12/04/2004','female','moslem','','jakarta','021','azalia_demo@starstudents.co.id','f7c3bc1d808e04732adf679965ccc34ca7ae3441','','','',10,0,0,'','',0,'',0,'2017-11-14 09:18:11','','14-11-2017','09:18:11','','','1','',10,'',0,0,0,0,'',0,'',0,0,'0000-00-00 00:00:00','','user','',0,'2017-2018',0,1,8,0,'','attendance_by_admin.jpg',NULL,NULL,''),(11,'54321','54321',0,'54321','Azmalya Tatsbitha demo student','01/04/2005','female','moslem','','jakarta','021','azmalya_demo@starstudents.co.id','f7c3bc1d808e04732adf679965ccc34ca7ae3441','','','',11,0,0,'','',0,'',0,'2017-11-14 09:18:20','','14-11-2017','09:18:20','','','1','',11,'',0,0,0,0,'',0,'',0,0,'0000-00-00 00:00:00','','user','',0,'2017-2018',0,1,8,0,'','attendance_by_admin.jpg',NULL,NULL,''),(12,'65432','65432',0,'65432','Bianca Vallerie demo student','03/19/2005','female','christian','','jakarta','021','bianca_demo@starstudents.co.id','f7c3bc1d808e04732adf679965ccc34ca7ae3441','','','',12,0,0,'','',0,'',0,'2017-11-14 09:18:30','','14-11-2017','09:18:30','','','1','',12,'',0,0,0,0,'',0,'',0,0,'0000-00-00 00:00:00','','user','',0,'2017-2018',0,1,8,0,'','attendance_by_admin.jpg',NULL,NULL,''),(13,'310893248','5582234873785',9742403,'5582234873785','Aman Hakim','07/16/2003','male','Moslem','','Jl. Mawar Merah','08123456789','aman@email.com','f7c3bc1d808e04732adf679965ccc34ca7ae3441','M','M','N/A',13,0,0,'','',0,'',0,'2017-11-14 09:19:10','','14-11-2017','09:19:10','','','1','',13,'',0,0,0,0,'',0,'',0,0,'0000-00-00 00:00:00','','user','',0,'2017-2018',0,3,5,0,'','attendance_by_admin.jpg','dSleC1LaOfo:APA91bHZwzZIyYitZaSCvQmdR4YibVvfH0M6G6Ofx9QRQJ-dtaKV2f5UhRrtAQttVV0c10ZjiiZ6UoAyPKEqkDo9SrmkZ1F10jivDug36lBR5L1AIG5espKTTGGHCwo5rhDjolXjS-1F','Saturday, 21-Oct-2017, 6:22 PM',''),(14,'1209345','54321',0,'0','Rubhi aulia tirta','02/01/1990','male','moslem','','jakarta','021','rubhi@starstudents.co.id','f7c3bc1d808e04732adf679965ccc34ca7ae3441','','','',7,0,0,'','',0,'',0,'2017-11-14 09:18:58','','14-11-2017','09:18:58','','','1','',14,'',0,0,0,0,'',0,'',0,0,'0000-00-00 00:00:00','','user','',0,'2017-2018',0,2,2,0,'','attendance_by_admin.jpg',NULL,NULL,'');

/*Table structure for table `sub_topic` */

DROP TABLE IF EXISTS `sub_topic`;

CREATE TABLE `sub_topic` (
  `id` int(7) NOT NULL AUTO_INCREMENT,
  `kd_topic` varchar(8) NOT NULL,
  `name_subtopic` varchar(225) NOT NULL,
  `nomor` varchar(50) NOT NULL,
  PRIMARY KEY (`id`)
) ENGINE=InnoDB AUTO_INCREMENT=123 DEFAULT CHARSET=latin1;

/*Data for the table `sub_topic` */

insert  into `sub_topic`(`id`,`kd_topic`,`name_subtopic`,`nomor`) values (1,'1','Conf','1.1'),(2,'35','tes number2','0'),(3,'2','tes number','0'),(4,'1','Sub 1','0'),(5,'1','Sub 2','0'),(6,'1','Sub 3','0'),(7,'8','Mendata Pendapat dan Gagasan nara sumber','0'),(8,'35','Menyimpulkan Pendapat Nara sumber','0'),(9,'8','Menyimpulkan Hasil Wawancara ke dalam Kalimat Singkat','0'),(10,'8','Teknik Wawancara','0'),(11,'8','Menuliskan Hal Hal Penting Dalam Wawancara','0'),(12,'9','Mengenal Identitas Tokoh dalam Teks Biografi','0'),(13,'9','Menentukan Keunggulan Tokoh dengan Alasan','0'),(14,'9','Menuliskan Hal-Hal yang Bisa Diteladani dari Tokoh','0'),(15,'9','Menemukan Hal Istimewa dalam Diri Tokoh','0'),(16,'9','Menyarikan Riwayat Hidup tokoh','0'),(17,'10','Teknik Bertelepon yang Baik dan Benar','0'),(18,'10','Mendata Kesalahan dalam Bertelepon','0'),(19,'10','Bertelepon dengan Berbagai Mitra Bicara Sesuai Konteks','0'),(20,'41','Menentukan Gagasasn Utama dalam Teks',''),(21,'41','Menunjukan Kalimat Utama dalam Paragraf',''),(22,'35','coba','1.1.1'),(23,'35','coba2','1.1.2'),(24,'35','coba3','1.1.3'),(25,'200','Menulis pengalaman yang mengesankan ','4..'),(26,'201','Present Simple vs present continuous and question tags','3..'),(27,'202','Past Simple, irregular and regular verbs ','3..'),(28,'203','Ways to talk about future (WILL/BE GOING TO/Present Continues)','3..'),(29,'204','Countable/Uncountable, Some/Any','3..'),(30,'203','Gerund and Infinitive','3..'),(31,'212','Comparative and Superlative ','3.6'),(32,'210','Expanding and Simplifying Algebraic Expressions','1..'),(33,'205','Physical Quantity and SI Unit','13..'),(34,'205','Prefixes and Standard Form','13..'),(35,'205','all subtopics','13..'),(36,'205','Conversion of Units','13..'),(37,'35','Definition of Measurement, Non & Standard Units','13.1.0'),(38,'206','Measuring Length','13..'),(39,'206','Measuring Mass and Time','13..'),(40,'206','Measuring Volume','13..'),(41,'206','all subtopics','13..'),(42,'207','Definition of Density, Measuring Density, Application in Daily life','13..'),(43,'207','all subtopics','13..'),(44,'208','Definition of Temperature, Thermometer and making scale','13..'),(45,'208','Comparing a Celcius scale to Fahrenheit, Reamur & Kelvin','13..'),(46,'208','all subtopics','13..'),(47,'208','Various Thermometers in Daily Life','13..'),(48,'209','Definition, Characteristics and States of matter','13..'),(49,'209','Cohesion and Adhesion, Srface Tension, Capilarity, ','13..'),(50,'209','all subtopics','13..'),(51,'209','all topics','13..'),(52,'216','Elements','13..'),(53,'216','Compounds','13..'),(54,'216','Elements and Compounds','13..'),(55,'216','Mixtures','13..'),(56,'216','all subtopics','13..'),(57,'217','Physical and Chemical Properties of Matter','13..'),(58,'217','Physical and Chemical Changes','13..'),(59,'217','Separation of Mixture','13..'),(60,'217','all subtopics','13..'),(61,'218','acid, base, salt and the reaction','13..'),(62,'218','naming acid, base, and salt','13..'),(63,'218','naming and reaction ','13..'),(64,'218','identification and reaction of acid, base, and salt','13..'),(65,'218','measuring PH','13..'),(66,'218','all subtopics','13..'),(67,'219','definition of heat and heat transfer','13..'),(68,'219','specific heat and amount of heat, electrical energy','13..'),(69,'219','all subtopics','13..'),(70,'220','thermal expansion of solid and application','13..'),(71,'220','thermal expansion of liquid and application','13..'),(72,'220','thermal expansion of gas and application','13..'),(73,'220','all subtopics','13..'),(74,'221','Motion, Distance and Displacement','13..'),(75,'221','Speed and Velocity and Acceleration','13..'),(76,'35','all subtopics','13..'),(77,'221','Graph of Motion','13..'),(78,'221','all subtopics','13..'),(85,'230','Past Simple vs Present Perfect ','3.3'),(86,'234','Muatan Listrik','6..'),(87,'234','Gaya Elektrostatis','6..'),(88,'234','Muatan Listrik dan Gaya Elektrostatis','6..'),(89,'234','Gejala dan Penerapan Listrik','6..'),(90,'234','all subtopics','6..'),(91,'235','Muatan dan Arus Listrik','6..'),(92,'235','Sumber Arus Listrik','6..'),(93,'235','Muatan dan Arus Listrik & Sumber Arus Listrik','6..'),(94,'235','Rangkaian Listrik Sederhana, Hk Ohm, Daya hantar','6..'),(95,'235','Hukum I Kirchhoff','6..'),(96,'235','Rangkaian Hambatan Listrik','6..'),(97,'235','Hk I Kirchhoff, Rangkaian Hambatan Listrik','6..'),(98,'235','all subtopics','6..'),(99,'236','Energi Listrik','6..'),(100,'236','Daya Listrik','6..'),(101,'236','all subtopics','6..'),(102,'244','Gejala Kemagnetan (Pembuatan Magnet)','6..'),(103,'244','Gejala Kemagnetan (Medan magnet)','6..'),(104,'244','Gejala Kemagnetan','6..'),(105,'244','Medan Magnet di sekitar kawat penghantar','6..'),(106,'244','Gaya Magnet Pada Penghantar Berarus Listrik','6..'),(107,'244','All Subtopics','6..'),(108,'245','Gejala Induksi Elektromagnetik','6..'),(109,'245','Transformator','6..'),(110,'245','Gejala Induksi Elektromagnetik & Transformator','6..'),(111,'245','All Subtopics','6..'),(112,'246','Anggota Tata Surya','6..'),(113,'246','Matahari sebagai Bintang','6..'),(114,'246','Bumi sebagai Planet','6..'),(115,'246','Bulan sebagai Satelit Bumi','6..'),(116,'246','Penjelajahan Luar Angkasa','6..'),(117,'246','All Subtopics','6..'),(118,'247','Litosfer','6..'),(119,'247','Hidrosfer','6..'),(120,'247','Atmosfer','6..'),(121,'247','All Subtopics','6..'),(122,'230','Famous Actors ','1.4');

/*Table structure for table `sub_topic_copy` */

DROP TABLE IF EXISTS `sub_topic_copy`;

CREATE TABLE `sub_topic_copy` (
  `id` int(7) NOT NULL AUTO_INCREMENT,
  `kd_topic` varchar(8) NOT NULL,
  `kd_subtopic` varchar(12) NOT NULL,
  `name_subtopic` varchar(225) NOT NULL,
  `subject_id` int(11) NOT NULL,
  PRIMARY KEY (`id`)
) ENGINE=InnoDB AUTO_INCREMENT=2 DEFAULT CHARSET=latin1;

/*Data for the table `sub_topic_copy` */

insert  into `sub_topic_copy`(`id`,`kd_topic`,`kd_subtopic`,`name_subtopic`,`subject_id`) values (1,'81','81.1','Concept of fraction',8);

/*Table structure for table `subject` */

DROP TABLE IF EXISTS `subject`;

CREATE TABLE `subject` (
  `subject_id` int(11) NOT NULL AUTO_INCREMENT,
  `subject_utama_id` int(11) NOT NULL,
  `name` longtext COLLATE utf8_unicode_ci NOT NULL,
  `class_id` int(11) DEFAULT NULL,
  `teacher_id` int(11) DEFAULT NULL,
  `year` longtext COLLATE utf8_unicode_ci NOT NULL,
  PRIMARY KEY (`subject_id`)
) ENGINE=InnoDB AUTO_INCREMENT=89 DEFAULT CHARSET=utf8 COLLATE=utf8_unicode_ci;

/*Data for the table `subject` */

insert  into `subject`(`subject_id`,`subject_utama_id`,`name`,`class_id`,`teacher_id`,`year`) values (8,1,'Mathematics',1,1,'2017-2018'),(9,2,'Social Studies',1,18,'2016-2017'),(10,3,'English',1,6,'2017-2018'),(11,4,'Bahasa Indonesia',1,7,'2017-2018'),(14,4,'Bahasa Indonesia',2,13,'2016-2017'),(15,3,'English',2,16,'2016-2017'),(16,5,'Biology',2,17,'2016-2017'),(17,2,'Social Studies',2,7,'2017-2018'),(18,1,'Mathematics',2,11,'2017-2018'),(19,2,'Social Studies',3,9,'2017-2018'),(20,1,'Mathematics',3,2,'2017-2018'),(21,6,'Physics',3,18,'2016-2017'),(22,7,'Information & Communication technology',3,11,'2016-2017'),(23,3,'English',3,16,'2017-2018'),(24,4,'Bahasa Indonesia',3,6,'2017-2018'),(25,8,'Dance',1,16,'2016-2017'),(26,9,'Pendidikan Lingkungan Hidup',1,8,'2016-2017'),(27,10,'Caracter Building or Civic (CB/CV)',1,6,'2017-2018'),(28,7,'Information & Communication technology',1,18,'2016-2017'),(29,8,'Dance',2,16,'2016-2017'),(30,9,'Pendidikan Lingkungan Hidup',2,8,'2016-2017'),(31,10,'Caracter Building or Civic (CB/CV)',2,9,'2016-2017'),(32,7,'Information & Communication technology',2,18,'2016-2017'),(34,11,'Physical Education & Health Program',2,20,'2016-2017'),(35,12,'Religion ( Moslem )',2,13,'2017-2018'),(36,11,'Physical Education / Health Program',1,20,'2016-2017'),(37,24,'Religion ( Buddha )',1,19,'2017-2018'),(38,11,'Physical Education & Healt Program',3,20,'2016-2017'),(39,24,'Religion ( Buddha )',3,19,'2017-2018'),(40,0,'Caracter Building or Civic (CB/CV)',3,9,'2016-2017'),(41,0,'Pendidikan Lingkungan Hidup',3,8,'2016-2017'),(42,0,'Dance',3,16,'2016-2017'),(43,0,'English',4,16,'2016-2017'),(44,0,'Social Studies',4,6,'2016-2017'),(45,0,'Bahasa Indonesia',4,13,'2016-2017'),(46,0,'Mathematics',4,11,'2016-2017'),(47,0,'Caracter Building or Civic (CB/CV)',4,9,'2016-2017'),(48,0,'Physics',4,18,'2016-2017'),(49,0,'Information & Communication technology',4,16,'2016-2017'),(50,0,'Religion',4,19,'2016-2017'),(51,0,'Physical Education & Healt Program',4,20,'2016-2017'),(52,0,'Dance',4,16,'2016-2017'),(53,0,'Pendidikan Lingkungan Hidup',4,8,'2016-2017'),(54,0,'Science',5,10,'2016-2017'),(55,0,'English',5,6,'2016-2017'),(56,0,'Mathematics',5,2,'2016-2017'),(57,0,'Arts',5,12,'2016-2017'),(58,0,'Bahasa Indonesia',5,6,'2016-2017'),(59,0,'Pendidikan Lingkungan Hidup',5,9,'2016-2017'),(60,0,'Religion',5,10,'2016-2017'),(61,0,'Social Studies',5,9,'2016-2017'),(62,0,'Physical Education / Health Program',5,20,'2016-2017'),(63,0,'Caracter Building or Civic (CB/CV)',5,9,'2016-2017'),(64,0,'Information & Communication technology',5,16,'2016-2017'),(69,15,'Music',2,17,'2017-2018'),(71,16,'Biology',3,8,'2017-2018'),(72,13,'physics',1,10,'2017-2018'),(73,17,'music',3,17,'2017-2018'),(74,18,'Music',1,17,'2017-2018'),(75,19,'Basa Sunda',2,7,'2017-2018'),(77,1,'Mathematics',1,11,'2017-2018'),(78,23,'Religion (Christian)',2,10,'2017-2018'),(79,23,'Religion (Christian)',1,10,'2017-2018'),(80,12,'Religion ( Moslem )',1,13,'2017-2018'),(81,20,'Club',NULL,NULL,'2017-2018'),(82,21,'Science',NULL,NULL,'2017-2018'),(83,22,'Science',NULL,NULL,'2017-2018'),(84,21,'Science',1,17,'2017-2018'),(85,23,'Religion (Christian)',NULL,NULL,'2017-2018'),(86,24,'Religion ( Buddha )',NULL,NULL,'2017-2018'),(87,25,'Religion ( Hindu )',NULL,NULL,'2017-2018'),(88,12,'Religion ( Moslem )',3,9,'2017-2018');

/*Table structure for table `subject_utama` */

DROP TABLE IF EXISTS `subject_utama`;

CREATE TABLE `subject_utama` (
  `subject_utama_id` int(11) NOT NULL AUTO_INCREMENT,
  `subject_utama_name` varchar(255) NOT NULL,
  PRIMARY KEY (`subject_utama_id`)
) ENGINE=InnoDB AUTO_INCREMENT=26 DEFAULT CHARSET=latin1;

/*Data for the table `subject_utama` */

insert  into `subject_utama`(`subject_utama_id`,`subject_utama_name`) values (1,'Mathematics'),(2,'Social Studies'),(3,'English'),(4,'Bahasa Indonesia'),(5,'Biology'),(6,'Physics'),(7,'Information & Communication technology'),(8,'Dance'),(9,'Pendidikan Lingkungan Hidup'),(10,'Caracter Building or Civic (CB/CV)'),(11,'Physical Education & Health Program'),(12,'Religion ( Moslem )'),(13,'physics'),(15,'Music'),(16,'Biology'),(17,'Music'),(18,'Music'),(19,'Basa Sunda'),(20,'Club'),(21,'Science'),(22,'Science'),(23,'Religion (Christian)'),(24,'Religion ( Buddha )'),(25,'Religion ( Hindu )');

/*Table structure for table `tanswers` */

DROP TABLE IF EXISTS `tanswers`;

CREATE TABLE `tanswers` (
  `id` int(11) NOT NULL AUTO_INCREMENT,
  `tquestion` int(11) NOT NULL,
  `uid` int(11) NOT NULL,
  `answer` text NOT NULL,
  `correct` text NOT NULL,
  `marked` text NOT NULL,
  PRIMARY KEY (`id`)
) ENGINE=MyISAM AUTO_INCREMENT=383 DEFAULT CHARSET=latin1;

/*Data for the table `tanswers` */

insert  into `tanswers`(`id`,`tquestion`,`uid`,`answer`,`correct`,`marked`) values (339,251,5,'Answer 33333333333333','4','1'),(340,252,5,'Answer 22222222222','1','1'),(341,253,5,'hello world','hello world','ok'),(342,254,5,'1','1','1'),(343,255,5,'&lt;p class=&quot;MsoListParagraph&quot; style=&quot;margin-left: 35.7pt; text-indent: -17.85pt; line-height: 150%;&quot;&gt;&lt;span style=&quot;line-height: 150%;&quot;&gt;&lt;span style=&quot;font-variant-numeric: normal; font-stretch: normal; line-height: normal;&quot;&gt;&amp;nbsp;&lt;/span&gt;&lt;/span&gt;&lt;!--[endif]--&gt;&lt;span style=&quot;font-family: &amp;quot;Times New Roman&amp;quot;, serif; font-size: 12pt; line-height: 150%;&quot;&gt;16.804&lt;o:p&gt;&lt;/o:p&gt;&lt;/span&gt;&lt;/p&gt;','1','1'),(344,256,5,'12','4','0'),(345,257,5,'129','4','1'),(346,258,5,'&lt;span style=&quot;font-size:12.0pt;mso-bidi-font-size:11.0pt;\r\nline-height:115%;font-family:&amp;quot;Times New Roman&amp;quot;,serif;mso-fareast-font-family:\r\nCalibri;mso-ansi-language:EN-US;mso-fareast-language:EN-US;mso-bidi-language:\r\nAR-SA&quot;&gt;252.000&lt;/span&gt;','1','1'),(347,259,5,'&lt;p class=&quot;MsoListParagraph&quot; style=&quot;margin-left:35.7pt;mso-add-space:auto;\r\ntext-align:justify;text-indent:-17.85pt;line-height:150%;mso-list:l0 level1 lfo1;\r\ntab-stops:92.15pt 290.6pt 361.5pt&quot;&gt;&lt;span style=&quot;font-family: &amp;quot;Times New Roman&amp;quot;, serif; font-size: 16px; text-indent: -23.8px;&quot;&gt;2&lt;/span&gt;&lt;sup style=&quot;font-family: &amp;quot;Times New Roman&amp;quot;, serif; text-indent: -23.8px;&quot;&gt;3&lt;/sup&gt;&lt;span style=&quot;font-family: &amp;quot;Times New Roman&amp;quot;, serif; font-size: 16px; text-indent: -23.8px;&quot;&gt;&amp;nbsp;x 3&lt;/span&gt;&lt;sup style=&quot;font-family: &amp;quot;Times New Roman&amp;quot;, serif; text-indent: -23.8px;&quot;&gt;6&lt;/sup&gt;&lt;br&gt;&lt;/p&gt;','4','2'),(348,260,5,'&lt;span style=&quot;font-size:12.0pt;mso-bidi-font-size:11.0pt;\r\nline-height:115%;font-family:&amp;quot;Times New Roman&amp;quot;,serif;mso-fareast-font-family:\r\nCalibri;mso-ansi-language:EN-US;mso-fareast-language:EN-US;mso-bidi-language:\r\nAR-SA&quot;&gt;13 Mei 2015&lt;/span&gt;','4','1'),(349,261,5,'Answer 33333333333333','4','1'),(350,262,7,'Answer 33333333333333','4','1'),(351,263,7,'Answer 4444444444','0','1'),(352,263,7,'Answer 33333333333','0','1'),(353,264,7,'hello world','hello world','dsafkhaslkfaskl'),(354,265,7,'1','1','0'),(355,266,7,'&lt;span style=&quot;font-size:12.0pt;mso-bidi-font-size:11.0pt;\r\nline-height:115%;font-family:&amp;quot;Times New Roman&amp;quot;,serif;mso-fareast-font-family:\r\nCalibri;mso-ansi-language:EN-US;mso-fareast-language:EN-US;mso-bidi-language:\r\nAR-SA&quot;&gt;12.018&lt;/span&gt;','4','1'),(356,267,7,'&lt;span style=&quot;font-size:12.0pt;mso-bidi-font-size:11.0pt;\r\nline-height:115%;font-family:&amp;quot;Times New Roman&amp;quot;,serif;mso-fareast-font-family:\r\nCalibri;mso-ansi-language:EN-US;mso-fareast-language:EN-US;mso-bidi-language:\r\nAR-SA&quot;&gt;12.018&lt;/span&gt;','4','1'),(357,268,8,'&amp;nbsp;bahasa baku','1','1'),(358,269,8,'melihat gambar pada bacaan&amp;nbsp;','4','0'),(359,270,8,'&amp;nbsp;kegemaran&amp;nbsp;','1','1'),(360,271,8,'orang yang menulis&amp;nbsp;','1','1'),(361,272,8,'&amp;nbsp;telepon','4','0'),(362,273,8,'reporter','1','1'),(363,274,8,'narasumber','1','1'),(364,275,8,'Cita-cita','1','1'),(365,276,8,'bangga','4','0'),(366,277,8,'perenang','1','1'),(367,278,8,'membaca','1','1'),(368,279,8,'melawan','1','1'),(369,280,8,'kerugian','1','1'),(370,281,8,'tanaman yang ditanam di air','1','1'),(371,282,8,'wesel pos','1','1'),(372,283,8,'tempat tisu','1','1'),(373,284,8,'kantor pos','1','1'),(374,285,8,'bingkisan','4','0'),(375,286,8,'sedang melakukan tarian','1','1'),(376,287,8,'pendidikan','1','1'),(377,288,8,'sepuluh','4','1'),(378,289,8,'&amp;nbsp;bahasa daerah','4','0'),(379,290,8,'membuat kerangka laporan','1','1'),(380,291,1,'Answer 444444444444','4','0'),(381,293,1,'hello world','hello world',''),(382,295,1,'&lt;span style=&quot;font-size:12.0pt;mso-bidi-font-size:11.0pt;\r\nline-height:115%;font-family:&amp;quot;Times New Roman&amp;quot;,serif;mso-fareast-font-family:\r\nCalibri;mso-ansi-language:EN-US;mso-fareast-language:EN-US;mso-bidi-language:\r\nAR-SA&quot;&gt;12.018&lt;/span&gt;','4','1');

/*Table structure for table `teacher` */

DROP TABLE IF EXISTS `teacher`;

CREATE TABLE `teacher` (
  `teacher_id` int(11) NOT NULL AUTO_INCREMENT,
  `name` longtext COLLATE utf8_unicode_ci NOT NULL,
  `birthday` longtext COLLATE utf8_unicode_ci NOT NULL,
  `sex` longtext COLLATE utf8_unicode_ci NOT NULL,
  `religion` longtext COLLATE utf8_unicode_ci NOT NULL,
  `blood_group` longtext COLLATE utf8_unicode_ci NOT NULL,
  `last_education` varchar(100) COLLATE utf8_unicode_ci NOT NULL,
  `university_name` varchar(255) COLLATE utf8_unicode_ci NOT NULL,
  `majors` varchar(255) COLLATE utf8_unicode_ci NOT NULL,
  `address` longtext COLLATE utf8_unicode_ci NOT NULL,
  `phone` longtext COLLATE utf8_unicode_ci NOT NULL,
  `email` longtext COLLATE utf8_unicode_ci NOT NULL,
  `password` longtext COLLATE utf8_unicode_ci NOT NULL,
  `authentication_key` longtext COLLATE utf8_unicode_ci NOT NULL,
  `id_session` text COLLATE utf8_unicode_ci NOT NULL,
  `token` text COLLATE utf8_unicode_ci NOT NULL,
  PRIMARY KEY (`teacher_id`)
) ENGINE=InnoDB AUTO_INCREMENT=21 DEFAULT CHARSET=utf8 COLLATE=utf8_unicode_ci;

/*Data for the table `teacher` */

insert  into `teacher`(`teacher_id`,`name`,`birthday`,`sex`,`religion`,`blood_group`,`last_education`,`university_name`,`majors`,`address`,`phone`,`email`,`password`,`authentication_key`,`id_session`,`token`) values (1,'Bambang Pamungkas','01/16/1979','male','','','S3','Harvard University','Art','Pancoran Jakarta','081252545212','bambang@starstudents.co.id','f7c3bc1d808e04732adf679965ccc34ca7ae3441','','Thursday, 2-Nov-2017, 5:23 AM','123'),(2,'Eagen Widi Nugroho, S.Sos','05/19/1984','male','','','S1',' Universitas Diponegoro','Ilmu Komunikasi','Harvest City, Cluster Orchid A, Blok OA 1 No.12, Ragemangunggal, Setu - Kab. Bekasi','085780146530','eagenwidi@starstudents.co.id','f7c3bc1d808e04732adf679965ccc34ca7ae3441','','Thursday, 9-Nov-2017, 10:53 AM','dq9L1y9pS9I:APA91bGTwN6YD-wzJwTTNkIynV2lWhmONc6uZO23Ow_TW4lRbOA-DBssk-_brNjWiqLFWjQfSZ2MLE0l8CNQUWZcPTG4fbBE1SwqMiwFxC8OgH0GQk29HY0NbDSvYhvb64D9aaOSNqW5'),(3,'Trinita Hestiana.MM.Pd','03/15/1975','female','','','S2','','','Perumahan Pondok Sukatani Permai,Jl. Salak 5 No.16 Tapos, Depok','08128188861','nita@starstudents.co.id','f7c3bc1d808e04732adf679965ccc34ca7ae3441','','',''),(4,'Frengki Napitupulu.S.S','10/11/1982','male','','','S1','STIBA IEC','Sastra Inggris','Perumahan Permata Cibubur Cluster Crystal Blok F 1 No 25,Ciluengsi.','08569821245','frengki@starstudents.co.id','f7c3bc1d808e04732adf679965ccc34ca7ae3441','','',''),(5,'Yudhiana Pratiwi.S.Pd','11/05/1980','female','','','S1','Unika Atmajaya Jakarta','Bahasa Inggris','Cililitan Besar, Gang damai Rt 005,Rw 009 No 25, Cililitan Besar, Jakarta timur 13640','085100790002,0817714035','anna@starstudents.co.id','f7c3bc1d808e04732adf679965ccc34ca7ae3441','','Thursday, 10-Aug-2017, 3:01 PM','egpXxmqzhyQ:APA91bEytkbaOz495mswjSjdi1Vt2c1Qx_hIBoXXYmVE_tzIFJ4EMCCMlgwQBHvHJ43QIuxfZjEocPum8MwqbkY9mOLMrd-ldX2bcFNqfggDI65Ku3bC3kzW_LmwuI38uYFJPa_Joxs2'),(6,'Triani Septianti,S.S','09/15/1981','female','','','S1','Universitas Diponegoro','Sastra Inggris','Jl. Delima 5 Gang 11 RT 015, RW 005 No 198, Duren sawit,Jakarta timur','087876965210,081388098505','antin@starstudents.co.id','f7c3bc1d808e04732adf679965ccc34ca7ae3441','','',''),(7,'Muadzini Rosyadi,S.S','01/26/1983','female','','','S1','Universitas Gunadarma','Sastra Inggris','Perumahan Citra Indah Cluster Agave Blok 17 No 38, Jonggol, Kab.Bogor. 16830','081317574007','dini@starstudents.co.id','f7c3bc1d808e04732adf679965ccc34ca7ae3441','','Friday, 10-Nov-2017, 6:05 PM','123'),(8,'Galih Tri Hastuti Pamungkas,S.Pd','07/17/1986','female','','','S1','Universitas Negeri Jakarta','Pendidikan Biologi','Perumahan Jaka Kencana, Jl Kencana,IIIA no. 92, Bekasi Selatan','085719864300','aih@starstudents.co.id','f7c3bc1d808e04732adf679965ccc34ca7ae3441','','Thursday, 10-Aug-2017, 3:42 PM','eXe4_T7IX4g:APA91bH33KsJa4NsZzhogwHLKYR8UuPvreiqziqrRRgp8T_B1aD7P-mG31WR44u3OUZIUgzus_qYAMOYoLOg0cHIHrZxHWti8kvLyWCyb9bJuOttLVbBI--FQz-7UeGiB7_sZsn9C-37'),(9,'Muhammad Zakie Walad,S.Pd','01/18/1987','male','','','S1','Universitas Negeri Jakarta','Psikologi Pendidikan','Jl.SPG VII RT 006/009 No.2, Cipayung, Jakarta timur','085694267821','zakie@starstudents.co.id','f7c3bc1d808e04732adf679965ccc34ca7ae3441','','',''),(10,'Nova Susiana S, S.Si,M.Pd','11/04/1982','female','','','S2','Universitas Pelita Harapan ','Teknologi Pendidikan','perumahan cibubur country blok LS2 No. 33, Gunung Putri,Bogor','08128529002,082114391112','nova@starstudents.co.id','f7c3bc1d808e04732adf679965ccc34ca7ae3441','','',''),(11,'Nur Indah Setiawati,S.Pd','05/04/1992','female','','','S1','Universitas Negeri Jakarta','Pendidikan Tehnik','Jl. Rajawali V, No 18, RT007/012,Pondok Cikunir indah, jatibening bekasi','085695113567','indah@starstudents.co.id','f7c3bc1d808e04732adf679965ccc34ca7ae3441','','',''),(12,'Christiyono Soedjarwo','06/16/1971','male','','','Senior High School','SMA NEGERI 8','IPA','Gang Hassanudin 2 Kampung, Bojong Rt 02/26 No.78, Sukmajaya, Depok.','08159178232','chris@starstudents.co.id','f7c3bc1d808e04732adf679965ccc34ca7ae3441','','',''),(13,'Dewo Restoe Poetro Satrio,S.S','01/04/1995','male','','','S1','Universitas Brawijaya','Sastra Inggris','Perumahan Reni Jaya, blok H8 No.7, Bojongsari, depok','085649601073','dewo@starstudents.co.id','f7c3bc1d808e04732adf679965ccc34ca7ae3441','','',''),(16,'Ajeng Indah Utami,S.Pd','11/07/1992','female','','','S1','Unindra','Pendidikan Bahasa Inggris','Jl. Cagar alam, Rt 05/ 07 No 5, Pancoran Mas Depok','08567094425','ajeng@starstudents.co.id','f7c3bc1d808e04732adf679965ccc34ca7ae3441','','Thursday, 2-Nov-2017, 1:00 PM','eLVm68GJCdc:APA91bG9iUnlQ_2yyby6AJXDBtKp7AmaIQGFsJRZE-y6X53sBssWYrgHk1MlmrrnvOIsKm9YE9smkkiJlU8GhHT70nNPq6dDJ6jssFg_lcfCZrWrHPKskmD7Z6pZg3HmaGXkOdueovDL'),(17,'Fanty Eka Pratiwi Syaepudin,S.Si','02/17/1994','female','','','S1','Universitas Indonesia','Kimia','Perumahan Bukit Cengkeh 1 Blok E3 No1.','081585444410','fanty@starstudents.co.id','f7c3bc1d808e04732adf679965ccc34ca7ae3441','','',''),(18,'Viska Amelia Larasati,S.T','06/14/1993','female','','','S1','Universitas Pendidikan Nasional','Teknik Geofisika','Perumahan Sukatani Permai,Jl Sawo Raya blok EE3 No.5, Tapos,Depok','081286226421','viska@starstudents.co.id','f7c3bc1d808e04732adf679965ccc34ca7ae3441','','Wednesday, 9-Aug-2017, 7:32 PM','dVbLPJtAQkI:APA91bFv7b5cmm7MdVI_T9ZPfiC_yNjv5vTGY4yAypABourgvzesBwgfXUkc8QY4U32gE5dcyzZfXK0CLEoNhZUeUpAGPTL620m9P0i223L4wnRhgSjfHJ6PQo3JgKd1Ko3vGNX7EUP_'),(19,'Sayu Aryani Dwi Astiti,S.E','11/05/1980','female','','','S1','Universitas Persada Indonesia','Management','Pondok Sukatani Permai Jl Belimbing 7, No.2','081289115225','arya@starstudents.co.id','f7c3bc1d808e04732adf679965ccc34ca7ae3441','','',''),(20,'Daniel Teacher Demo','08/20/1984','male','','','Elementary School','Universitas Negeri Jakarta','Ilmu Keolahragaan','Jl.Pertanian Rt 009/002, Klender,Jakarta Timur','085717222225,082298314164','daniel_teacher@gmail.com','f7c3bc1d808e04732adf679965ccc34ca7ae3441','','Sunday, 15-Oct-2017, 8:26 PM','123');

/*Table structure for table `timeline` */

DROP TABLE IF EXISTS `timeline`;

CREATE TABLE `timeline` (
  `timeline_id` int(11) NOT NULL AUTO_INCREMENT,
  `noticeboard_id` int(11) NOT NULL,
  `status_id` int(11) NOT NULL,
  `assigment_id` int(11) NOT NULL,
  `teacher_id` int(11) NOT NULL,
  `student_id` int(11) NOT NULL,
  `admin_id` int(11) NOT NULL,
  `parent_id` int(11) NOT NULL,
  PRIMARY KEY (`timeline_id`)
) ENGINE=InnoDB AUTO_INCREMENT=81 DEFAULT CHARSET=latin1;

/*Data for the table `timeline` */

insert  into `timeline`(`timeline_id`,`noticeboard_id`,`status_id`,`assigment_id`,`teacher_id`,`student_id`,`admin_id`,`parent_id`) values (1,0,1,0,16,0,0,0),(2,0,3,0,0,28,0,0),(3,0,4,0,0,28,0,0),(4,116,0,0,18,0,0,0),(5,117,0,0,2,0,0,0),(6,118,0,0,10,0,0,0),(7,119,0,0,10,0,0,0),(8,120,0,0,10,0,0,0),(9,121,0,0,1,0,0,0),(10,0,0,11,1,0,0,0),(11,122,0,0,7,0,0,0),(12,0,0,12,7,0,0,0),(13,0,0,13,7,0,0,0),(14,0,0,14,7,0,0,0),(15,0,0,15,1,0,0,0),(16,123,0,0,7,0,0,0),(17,0,5,0,0,7,0,0),(18,124,0,0,7,0,0,0),(19,0,0,16,7,0,0,0),(20,0,6,0,17,0,0,0),(21,125,0,0,17,0,0,0),(22,0,0,17,17,0,0,0),(23,0,7,0,7,0,0,0),(24,126,0,0,7,0,0,0),(25,0,0,18,7,0,0,0),(26,0,8,0,20,0,0,0),(27,127,0,0,20,0,0,0),(44,144,0,0,16,0,0,0),(45,145,0,0,16,0,0,0),(46,146,0,0,16,0,0,0),(47,147,0,0,16,0,0,0),(48,0,9,0,7,0,0,0),(49,148,0,0,7,0,0,0),(50,0,0,19,7,0,0,0),(51,149,0,0,16,0,0,0),(52,0,0,20,16,0,0,0),(53,150,0,0,7,0,0,0),(54,151,0,0,16,0,0,0),(55,152,0,0,16,0,0,0),(56,153,0,0,16,0,0,0),(57,154,0,0,7,0,0,0),(58,155,0,0,7,0,0,0),(59,0,0,21,7,0,0,0),(60,156,0,0,7,0,0,0),(61,158,0,0,7,0,0,0),(62,0,10,0,7,0,0,0),(63,159,0,0,7,0,0,0),(64,160,0,0,7,0,0,0),(65,0,0,22,7,0,0,0),(66,161,0,0,7,0,0,0),(67,0,0,23,7,0,0,0),(68,162,0,0,7,0,0,0),(69,0,11,0,7,0,0,0),(70,163,0,0,7,0,0,0),(71,0,0,24,7,0,0,0),(72,0,12,0,7,0,0,0),(73,0,13,0,0,4,0,0),(74,0,14,0,0,7,0,0),(75,164,0,0,7,0,0,0),(76,0,0,25,7,0,0,0),(77,165,0,0,7,0,0,0),(78,0,0,26,7,0,0,0),(79,0,0,27,7,0,0,0),(80,0,0,28,7,0,0,0);

/*Table structure for table `timeline_komentar` */

DROP TABLE IF EXISTS `timeline_komentar`;

CREATE TABLE `timeline_komentar` (
  `timline_komentar_id` int(11) NOT NULL AUTO_INCREMENT,
  `komentar` text NOT NULL,
  `timeline_id` int(11) NOT NULL,
  `teacher_id` int(11) NOT NULL,
  `student_id` int(11) NOT NULL,
  `parent_id` int(11) NOT NULL,
  `admin_id` int(11) NOT NULL,
  PRIMARY KEY (`timline_komentar_id`)
) ENGINE=InnoDB AUTO_INCREMENT=40 DEFAULT CHARSET=latin1;

/*Data for the table `timeline_komentar` */

insert  into `timeline_komentar`(`timline_komentar_id`,`komentar`,`timeline_id`,`teacher_id`,`student_id`,`parent_id`,`admin_id`) values (1,'iya bu',1,0,28,0,0),(2,'1. a',12,0,7,0,0),(3,'no 1-10= abcdabcdab, no 10-20= dcabdcbadc, no 20-30 = adcdadcdcd',12,0,7,0,0),(4,'bahasa dayak, bahasa osing ( banyuwangi), bahasa jawa, bahsa sunda, bahasa betawi',11,0,7,0,0),(5,'urang teu ngarti bu, hartina naon....',14,0,7,0,0),(6,'b.5/8',15,0,7,0,0),(7,'selamat siang Ms. dini, maohon panduan berapa menit maksimal durasi video yang harus dibuat, terimakasih',16,0,7,0,0),(8,'video maksimal durasi 3 menit, format mp4',16,7,0,0,0),(9,'lebih baik mencoba tapi salah, daripada menyerah,',14,7,0,0,0),(10,'okay Ms.dini, terimaksih',16,0,7,0,0),(11,'a',16,7,0,0,0),(12,'Homework ',18,0,7,0,0),(13,'yess....',18,7,0,0,0),(14,'baiklah ms.dini',18,0,7,0,0),(15,'up up up....',19,0,7,0,0),(16,'recovery',19,7,0,0,0),(17,'baik Ms.dini, apa tugas untuk saya ?',25,0,7,0,0),(18,'ready Ms.Dini',24,0,7,0,0),(19,'ready Ms.fanty',22,0,7,0,0),(20,'ini tugas appan yah?',26,0,7,0,0),(21,'tugas menggambar non!',26,20,0,0,0),(22,'baik ms dini',50,0,7,0,0),(23,'dikumpulka besok siang jam 11.00',50,7,0,0,0),(24,'selamat siang Ms. Ajeng. segera selasai tugas nya Ms.',51,0,7,0,0),(25,'test reply',57,7,0,0,0),(26,'oke ',58,0,1,0,0),(27,'balas lagi',59,0,1,0,0),(28,'saya sudah mengerjakan ya ms dini, mohon diperiksa',65,0,7,0,0),(29,'okay amanda segera saya koreksi...',65,7,0,0,0),(30,'siap ms dini',64,0,7,0,0),(31,'yess....',64,7,0,0,0),(32,'ok ms',66,0,0,7,0),(33,'horeeeeeee.....',66,0,7,0,0),(34,'hore',67,0,7,0,0),(35,'baik ms dini',68,0,7,0,0),(36,'siap bu',70,0,0,7,0),(37,'ok ms',71,0,0,7,0),(38,'okay ms. dini....',75,0,7,0,0),(39,'siap ms dini',75,0,4,0,0);

/*Table structure for table `to_do_list` */

DROP TABLE IF EXISTS `to_do_list`;

CREATE TABLE `to_do_list` (
  `to_do_list_id` int(11) NOT NULL AUTO_INCREMENT,
  `student_id` int(11) NOT NULL,
  `class_id` int(11) NOT NULL,
  `section_id` int(11) NOT NULL,
  `year` varchar(100) NOT NULL,
  `title` text NOT NULL,
  `description` text NOT NULL,
  `date` varchar(100) NOT NULL,
  `active` enum('1','0') NOT NULL DEFAULT '1' COMMENT '1 active, 0 nonactive',
  PRIMARY KEY (`to_do_list_id`)
) ENGINE=InnoDB AUTO_INCREMENT=2 DEFAULT CHARSET=latin1;

/*Data for the table `to_do_list` */

insert  into `to_do_list`(`to_do_list_id`,`student_id`,`class_id`,`section_id`,`year`,`title`,`description`,`date`,`active`) values (1,97,1,1,'2016-2017','Jumat Ujian yaak','Ujian Math','06/12/2017','1');

/*Table structure for table `topic` */

DROP TABLE IF EXISTS `topic`;

CREATE TABLE `topic` (
  `id` int(7) NOT NULL AUTO_INCREMENT,
  `name_topic` varchar(100) NOT NULL,
  `kd_subject` int(11) NOT NULL,
  `class_id` int(12) NOT NULL,
  `semester` int(11) NOT NULL,
  `quarter` int(11) NOT NULL,
  `nomor` varchar(255) NOT NULL,
  PRIMARY KEY (`id`)
) ENGINE=InnoDB AUTO_INCREMENT=249 DEFAULT CHARSET=latin1;

/*Data for the table `topic` */

insert  into `topic`(`id`,`name_topic`,`kd_subject`,`class_id`,`semester`,`quarter`,`nomor`) values (35,'Wawancara',11,1,2,1,'11'),(36,'Wawancara',14,2,2,1,'11'),(37,'Biografi',11,1,2,1,'11'),(38,'Biografi',14,2,2,1,'11'),(39,'Bertelepon dan Etikanya',11,1,2,1,'11'),(40,'Bertelepon dan Etikanya',14,2,2,1,'11'),(41,'Gagasan Utama',11,1,2,1,'11'),(42,'Gagasan Utama',14,2,2,1,'11'),(43,'Membaca Tabel/Digram',11,1,2,1,'11'),(44,'Membaca Tabel/Digram',14,2,2,1,'11'),(45,'Teks Wawancara',11,1,2,1,'11'),(46,'Teks Wawancara',14,2,2,1,'11'),(47,'Pesan Singkat',11,1,2,1,'11'),(48,'Pesan Singkat',14,2,2,1,'11'),(49,'Membaca Puisi',11,1,2,1,'11'),(50,'Membaca Puisi',14,2,2,1,'11'),(51,'Cerita Pendek',11,1,2,1,'11'),(52,'Cerita Pendek',14,2,2,1,'11'),(53,'Refleksi dalam Cerita Anak',11,1,2,1,'11'),(54,'Refleksi dalam Cerita Anak',14,2,2,1,'11'),(55,'Menulis Kreatif Puisi',11,1,2,1,'11'),(56,'Menulis Kreatif Puisi',14,2,2,1,'11'),(57,'Teks Berita',11,1,2,1,'11'),(58,'Teks Berita',14,2,2,1,'11'),(59,'Cerita Pengalaman',11,1,2,1,'11'),(60,'Cerita Pengalaman',14,2,2,1,'11'),(61,'Teks Pengumuman',11,1,2,2,'11'),(62,'Teks Pengumuman',14,2,2,2,'11'),(63,'Membaca Memindai',11,1,2,1,'11'),(64,'Membaca Memindai',14,2,2,1,'11'),(65,'Menyimpulkan Isi Bacaan',11,1,2,1,'11'),(66,'Menyimpulkan Isi Bacaan',14,2,2,1,'11'),(67,'Teks Perangkat Upacara',11,1,2,1,'11'),(68,'Teks Perangkat Upacara',14,2,2,1,'11'),(69,'Cerita Anak',11,1,2,1,'11'),(70,'Cerita Anak',14,2,2,1,'11'),(71,'Menulis Surat Pribadi',11,1,2,1,'11'),(72,'Menulis Surat Pribadi',14,2,2,1,'11'),(73,'Teks Dongeng',11,1,2,1,'11'),(74,'Teks Dongeng',14,2,2,1,'11'),(75,'bercerita',11,1,2,1,'11'),(76,'bercerita',14,2,2,1,'11'),(77,'Pantun',11,1,2,1,'11'),(78,'Pantun',14,2,2,1,'11'),(81,'Berita Radio/Televisi',24,3,2,1,'12'),(82,'Berita Radio/Televisi',45,4,2,1,'12'),(83,'Diskusi dan Protokoler',24,3,2,1,'12'),(84,'Diskusi dan Protokoler',45,4,2,1,'12'),(85,'Teknik Membaca',24,3,2,1,'12'),(86,'Teknik Membaca',45,4,2,1,'12'),(87,'Teks Berita',24,3,2,1,'12'),(88,'Teks Berita',45,4,2,1,'12'),(89,'Slogan/Poster',24,3,2,1,'12'),(90,'Slogan/Poster',45,4,2,1,'12'),(91,'Rangkuman',24,3,2,1,'12'),(92,'Rangkuman',45,4,2,1,'12'),(93,'Novel',24,3,2,1,'12'),(94,'Novel',45,4,2,1,'12'),(95,'Puisi',24,3,2,1,'12'),(96,'Puisi',45,4,2,1,'12'),(97,'Laporan Perjalanan',24,3,2,1,'12'),(98,'Laporan Perjalanan',45,4,2,1,'12'),(99,'Wawancara',24,3,2,1,'12'),(100,'Wawancara',45,4,2,1,'12'),(101,'Membaca Cepat',24,3,2,1,'12'),(102,'Membaca Cepat',45,4,2,1,'12'),(103,'Membaca Memindai',24,3,2,1,'12'),(104,'Membaca Memindai',45,4,2,1,'12'),(105,'Surat Dinas',24,3,2,1,'12'),(106,'Surat Dinas',45,4,2,1,'12'),(107,'Petunjuk',24,3,2,1,'12'),(108,'Petunjuk',45,4,2,1,'12'),(109,'Pementasan Drama',24,3,2,1,'12'),(110,'Pementasan Drama',45,4,2,1,'12'),(111,'Teks Drama',24,3,2,1,'12'),(112,'Teks Drama',45,4,2,1,'12'),(113,'Sinopsis',24,3,2,1,'12'),(114,'Sinopsis',45,4,2,1,'12'),(115,'Pidato',58,5,2,1,'13'),(116,'Membaca Extensif',58,5,2,1,'13'),(117,'Diskusi',58,5,2,1,'13'),(118,'Membaca Intensif',58,5,2,1,'13'),(119,'Membaca Cepat',58,5,2,1,'13'),(120,'Karya Ilmiah Sederhana',58,5,2,1,'13'),(121,'Surat Pembaca',58,5,2,1,'13'),(122,'Sinopsis/Kutipan Novel',58,5,2,1,'13'),(123,'Drama',58,5,2,1,'13'),(124,'Novel',58,5,2,1,'13'),(125,'Dialog Interaktfif',58,5,2,1,'13'),(126,'Komentar dan Laporan',58,5,2,1,'13'),(127,'Membaca Intensif Fakta dan Opini',58,5,2,1,'13'),(128,'Membaca Memindai',58,5,2,1,'13'),(129,'Iklan Baris',58,5,2,1,'13'),(130,'Resensi',58,5,2,1,'13'),(131,'Karangan',58,5,2,1,'13'),(132,'Syair',58,5,2,1,'13'),(133,'Cerita Pendek',58,5,2,1,'13'),(134,'Puisi',58,5,2,1,'13'),(135,'Things Around',10,1,2,1,'21'),(136,'Things Around',15,2,2,1,'21'),(137,'My School',10,1,2,1,'21'),(138,'My School',15,2,2,1,'21'),(139,'My Home',10,1,2,1,'21'),(140,'My Home',15,2,2,1,'21'),(141,'People and Professions',10,1,2,1,'21'),(142,'People and Professions',15,2,2,1,'21'),(143,'Hobbies and Interests',10,1,2,1,'21'),(144,'Hobbies and Interests',15,2,2,1,'21'),(145,'Can You Help Me?',10,1,2,1,'21'),(146,'Can You Help Me?',15,2,2,1,'21'),(147,'Interaction',10,1,2,1,'21'),(148,'Interaction',15,2,2,1,'21'),(149,'Appreciating Others',10,1,2,1,'21'),(150,'Appreciating Others',15,2,2,1,'21'),(151,'Command and Prohibition',10,1,2,1,'21'),(152,'Command and Prohibition',15,2,2,1,'21'),(153,'Shopping and Advertisement',10,1,2,1,'21'),(154,'Shopping and Advertisement',15,2,2,1,'21'),(155,'Opinions',23,3,2,1,'22'),(156,'Opinions',43,4,2,1,'22'),(157,'Expressing Agreement',23,3,2,1,'22'),(158,'Expressing Agreement',43,4,2,1,'22'),(159,'Offers and Responses',23,3,2,1,'22'),(160,'Offers and Responses',43,4,2,1,'22'),(161,'Brochures',23,3,2,1,'22'),(162,'Brochures',43,4,2,1,'22'),(163,'Legends and Fables',23,3,2,1,'22'),(164,'Legends and Fables',43,4,2,1,'22'),(165,'My Experience',23,3,2,1,'22'),(166,'My Experience',43,4,2,1,'22'),(167,'Letters and Diaries',23,3,2,1,'22'),(168,'Letters and Diaries',43,4,2,1,'22'),(169,'Telephoning',23,3,2,1,'22'),(170,'Telephoning',43,4,2,1,'22'),(171,'Information',23,3,2,1,'22'),(172,'Information',43,4,2,1,'22'),(173,'Advertisements',23,3,2,1,'22'),(174,'Advertisements',43,4,2,1,'22'),(175,'Charts',23,3,2,1,'22'),(176,'Charts',43,4,2,1,'22'),(177,'Asking and Denying Facts',23,3,2,1,'22'),(178,'Asking and Denying Facts',43,4,2,1,'22'),(179,'Vacation',23,3,2,1,'22'),(180,'Vacation',43,4,2,1,'22'),(181,'Regulation',23,3,2,1,'22'),(182,'Regulation',43,4,2,1,'22'),(183,'Steps and Procedures',55,5,2,1,'0'),(184,'Certainty and Uncertainty',55,5,2,1,'0'),(185,'Doubt and Hesitation',55,5,2,1,'0'),(186,'Doubt and Hesitation',55,5,2,1,'0'),(187,'Adoring and Admiring',55,5,2,1,'0'),(188,'Good News and Bad News',55,5,2,1,'0'),(189,'Covering News',55,5,2,1,'0'),(190,'Help me, please.',55,5,2,1,'0'),(191,'Preferences and Opinios',55,5,2,1,'0'),(192,'Permission and Advice',55,5,2,1,'0'),(193,'Reporting',55,5,2,1,'0'),(194,'Review: Diaries and Letter',55,5,2,1,'0'),(195,'Review: Story Telling',55,5,2,1,'0'),(196,'Review: Advertisement',55,5,2,1,'0'),(197,'Repetition',55,5,2,1,'0'),(200,'Menceritakan pengalaman yang mengesankan ',11,1,1,1,'4.'),(201,'Welcome Section A',23,3,1,1,'3.'),(202,'Welcome Section A',15,2,1,1,'3.'),(203,'Welcome section B ',23,3,1,1,'3.'),(204,'Welcome section B ',15,2,1,1,'3.'),(205,'QUANTITY & UNIT',72,1,1,1,'13.'),(206,'MEASUREMENT',72,1,1,1,'13.'),(207,'DENSITY',72,1,1,1,'13.'),(208,'TEMPERATURE',72,1,1,1,'13.'),(209,'STATES OF MATTER',72,1,1,1,'13.'),(210,'Expanding and Factorising Algebraic Expressions',18,2,1,1,'1.'),(211,'Welcome section B ',23,3,1,1,'3.'),(212,'Welcome section B ',15,2,1,1,'3.'),(216,'CLASSIFICATION OF MATTER',72,1,1,2,'13.'),(217,'TYPES OF CHANGES',72,1,1,2,'13.'),(218,'ACID, BASE & SALT',72,1,1,2,'13.'),(219,'HEAT',72,1,1,2,'13.'),(220,'THERMAL EXPANSION',72,1,1,2,'13.'),(221,'MOTION',72,1,2,2,'13.'),(223,'human environment',9,1,1,1,'2.'),(224,'human social life',9,1,1,1,'2.'),(230,'Communication',23,3,1,1,'3.'),(231,'Great Idea',15,2,1,1,'3.'),(234,'LISTRIK STATIS',21,3,1,2,'6.'),(235,'LISTRIK DINAMIS',21,3,1,2,'6.'),(236,'ENERGI DAN DAYA LISTRIK',21,3,1,2,'6.'),(237,'SIFAT ZAT & PERUBAHANNYA',21,3,1,2,'6.'),(238,'ZAT ADITIF, ADIKTIF, PSIKOTROPIKA',21,3,1,2,'6.'),(239,'ATOM, ION DAN MOLEKUL',21,3,1,2,'6.'),(240,'UNSUR, SENYAWA, CAMPURAN',21,3,1,2,'6.'),(241,'PEMISAHAN CAMPURAN',21,3,1,2,'6.'),(242,'LARUTAN ASAM, BASA, GARAM',21,3,1,2,'6.'),(243,'ALL TOPICS',21,3,1,2,'6.'),(244,'KEMAGNETAN',21,3,2,1,'6.'),(245,'INDUKSI ELEKTROMAGNETIK',21,3,2,1,'6.'),(246,'TATA SURYA',21,3,2,1,'6.'),(247,'STRUKTUR PERMUKAAN BUMI',21,3,2,1,'6.'),(248,'Kesebangunan dan Kekongruenan',20,3,1,1,'1.1');

/*Table structure for table `tquestions` */

DROP TABLE IF EXISTS `tquestions`;

CREATE TABLE `tquestions` (
  `id` int(11) NOT NULL AUTO_INCREMENT,
  `uid` int(11) NOT NULL,
  `token` varchar(20) NOT NULL,
  `qid` int(11) NOT NULL,
  `type` int(11) NOT NULL,
  `exam` int(11) NOT NULL,
  `description` text NOT NULL,
  `marks` float(10,2) NOT NULL,
  PRIMARY KEY (`id`)
) ENGINE=MyISAM AUTO_INCREMENT=296 DEFAULT CHARSET=latin1;

/*Data for the table `tquestions` */

insert  into `tquestions`(`id`,`uid`,`token`,`qid`,`type`,`exam`,`description`,`marks`) values (251,5,'6698976978997148',12,2,3,'This is a MCQ Question (Single Answer) dsfsdfsd',5.00),(252,5,'6698976978997148',15,3,3,'This is MCQ (Multi Answer) fdsss',10.00),(253,5,'6698976978997148',16,4,3,'This is a writing question ihdfilsdbflsil',10.00),(254,5,'6698976978997148',13,1,3,'This is True / False Question 1sefsfsdfsd &amp;nbsp; sadsafdddddd',5.00),(255,5,'6698976978997148',17,2,3,'&lt;span style=&quot;font-size:12.0pt;mso-bidi-font-size:11.0pt;\r\nline-height:115%;font-family:&amp;quot;Times New Roman&amp;quot;,serif;mso-fareast-font-family:\r\nCalibri;mso-ansi-language:EN-US;mso-fareast-language:EN-US;mso-bidi-language:\r\nAR-SA&quot;&gt;Hasil dari 12.304  286 + 4.786 adalah.&lt;/span&gt;',10.00),(256,5,'6698976978997148',18,2,3,'&lt;span style=&quot;font-size:12.0pt;mso-bidi-font-size:11.0pt;\r\nline-height:115%;font-family:&amp;quot;Times New Roman&amp;quot;,serif;mso-fareast-font-family:\r\nCalibri;mso-ansi-language:EN-US;mso-fareast-language:EN-US;mso-bidi-language:\r\nAR-SA&quot;&gt;Hasil dari 288 : 24 x 8 adalah .&lt;/span&gt;',10.00),(257,5,'6698976978997148',19,2,3,'&lt;span style=&quot;font-size:12.0pt;mso-bidi-font-size:11.0pt;\r\nline-height:115%;font-family:&amp;quot;Times New Roman&amp;quot;,serif;mso-fareast-font-family:\r\nCalibri;mso-ansi-language:EN-US;mso-fareast-language:EN-US;mso-bidi-language:\r\nAR-SA&quot;&gt;Hasil dari 218 + (-23) - 112 adalah.&lt;/span&gt;',10.00),(258,5,'6698976978997148',20,2,3,'&lt;span style=&quot;font-size:12.0pt;line-height:115%;\r\nfont-family:&amp;quot;Times New Roman&amp;quot;,serif;mso-fareast-font-family:Calibri;mso-ansi-language:\r\nEN-US;mso-fareast-language:EN-US;mso-bidi-language:AR-SA&quot;&gt;Keluarga Andi\r\nmemerlukan air minum kemasan botol sebanyak 18 botol untuk 3 hari. Harga 1\r\nbotol air minum tersebut Rp1.400,00. Uang yang harus dikeluarkan keluarga Andi\r\nselama 30 hari sebesar.&lt;/span&gt;',10.00),(259,5,'6698976978997148',21,2,3,'&lt;span style=&quot;font-size:12.0pt;mso-bidi-font-size:11.0pt;\r\nline-height:115%;font-family:&amp;quot;Times New Roman&amp;quot;,serif;mso-fareast-font-family:\r\nCalibri;mso-ansi-language:EN-US;mso-fareast-language:EN-US;mso-bidi-language:\r\nAR-SA&quot;&gt;KPK dari 24, 54, dan 64 adalah&lt;/span&gt;',10.00),(260,5,'6698976978997148',22,2,3,'&lt;span style=&quot;font-size:12.0pt;mso-bidi-font-size:11.0pt;\r\nline-height:115%;font-family:&amp;quot;Times New Roman&amp;quot;,serif;mso-fareast-font-family:\r\nCalibri;mso-ansi-language:EN-US;mso-fareast-language:EN-US;mso-bidi-language:\r\nAR-SA&quot;&gt;Indra les Matematika setiap 6 hari sekali, Budi les Matematika setiap 4\r\nhari sekali, sedangkan Romi les Matematika setiap 8 hari sekali. Pada tanggal 1\r\nMei 2016 mereka les Matematika bersama-sama. Mereka akan les bersama-sama\r\nlagi&amp;nbsp; pada tanggal.&lt;/span&gt;',10.00),(261,5,'1628146481611415',12,2,3,'This is a MCQ Question (Single Answer) dsfsdfsd',5.00),(262,7,'6774698469474176',12,2,3,'This is a MCQ Question (Single Answer) dsfsdfsd',5.00),(263,7,'6774698469474176',15,3,3,'This is MCQ (Multi Answer) fdsss',10.00),(264,7,'6774698469474176',16,4,3,'This is a writing question ihdfilsdbflsil',10.00),(265,7,'6774698469474176',13,1,3,'This is True / False Question 1sefsfsdfsd &amp;nbsp; sadsafdddddd',5.00),(266,7,'6774698469474176',17,2,3,'&lt;span style=&quot;font-size:12.0pt;mso-bidi-font-size:11.0pt;\r\nline-height:115%;font-family:&amp;quot;Times New Roman&amp;quot;,serif;mso-fareast-font-family:\r\nCalibri;mso-ansi-language:EN-US;mso-fareast-language:EN-US;mso-bidi-language:\r\nAR-SA&quot;&gt;Hasil dari 12.304  286 + 4.786 adalah.&lt;/span&gt;',10.00),(267,7,'6774698469474176',17,2,3,'&lt;span style=&quot;font-size:12.0pt;mso-bidi-font-size:11.0pt;\r\nline-height:115%;font-family:&amp;quot;Times New Roman&amp;quot;,serif;mso-fareast-font-family:\r\nCalibri;mso-ansi-language:EN-US;mso-fareast-language:EN-US;mso-bidi-language:\r\nAR-SA&quot;&gt;Hasil dari 12.304  286 + 4.786 adalah.&lt;/span&gt;',10.00),(268,8,'3014443264410344',28,2,1,'&lt;div&gt;&lt;font color=&quot;#9fa8b0&quot; face=&quot;Arial, Tahoma&quot;&gt;&lt;span style=&quot;font-size: 13px;&quot;&gt;Dalam pembuatan laporan , bahasa yang digunakan adalah ....&lt;/span&gt;&lt;/font&gt;&lt;/div&gt;',10.00),(269,8,'3014443264410344',29,2,1,'&lt;font color=&quot;#9fa8b0&quot; face=&quot;Arial, Tahoma&quot;&gt;&lt;span style=&quot;font-size: 13px;&quot;&gt;Langkah pertama membuat laporan bacaan adalah ....&lt;/span&gt;&lt;/font&gt;',10.00),(270,8,'3014443264410344',30,2,1,'&lt;div&gt;&lt;font color=&quot;#9fa8b0&quot; face=&quot;Arial, Tahoma&quot;&gt;&lt;span style=&quot;font-size: 13px;&quot;&gt;Pada daftar riwayat hidup , menari , dan berenang ditulis pada ....&lt;/span&gt;&lt;/font&gt;&lt;/div&gt;',10.00),(271,8,'3014443264410344',31,2,1,'&lt;font color=&quot;#9fa8b0&quot; face=&quot;Arial, Tahoma&quot;&gt;&lt;span style=&quot;font-size: 13px;&quot;&gt;Dalam menyusun cerita seri , hal-hal yang perlu diperhatikan seperti berikut , kecuali ....&lt;/span&gt;&lt;/font&gt;',10.00),(272,8,'3014443264410344',32,2,1,'&lt;div&gt;&lt;font color=&quot;#9fa8b0&quot; face=&quot;Arial, Tahoma&quot;&gt;&lt;span style=&quot;font-size: 13px;&quot;&gt;.Pesan biasa disampaikan secara lisan , contoh pesan secara lisan berikut ini , kecuali ....&lt;/span&gt;&lt;/font&gt;&lt;/div&gt;&lt;div style=&quot;color: rgb(159, 168, 176); font-family: Arial, Tahoma; font-size: 13px;&quot;&gt;&lt;br&gt;&lt;/div&gt;',10.00),(273,8,'3014443264410344',33,2,1,'&lt;div&gt;&lt;font color=&quot;#9fa8b0&quot; face=&quot;Arial, Tahoma&quot;&gt;&lt;span style=&quot;font-size: 13px;&quot;&gt;Orang yang bekerja untuk membuat atau menyusun laporan berita adalah....&lt;/span&gt;&lt;/font&gt;&lt;/div&gt;',10.00),(274,8,'3014443264410344',34,2,1,'&lt;font color=&quot;#9fa8b0&quot; face=&quot;Arial, Tahoma&quot;&gt;&lt;span style=&quot;font-size: 13px;&quot;&gt;Untuk mendapatkan informasi , kita mewawancarai ....&lt;/span&gt;&lt;/font&gt;',10.00),(275,8,'3014443264410344',35,2,1,'&lt;div&gt;&lt;font color=&quot;#9fa8b0&quot; face=&quot;Arial, Tahoma&quot;&gt;&lt;span style=&quot;font-size: 13px;&quot;&gt;Perhatikan penggalan wawancara berikut!&lt;/span&gt;&lt;/font&gt;&lt;/div&gt;&lt;div&gt;&lt;font color=&quot;#9fa8b0&quot; face=&quot;Arial, Tahoma&quot;&gt;&lt;span style=&quot;font-size: 13px;&quot;&gt;Wartawan : &quot;Setelah memenangkan lomba renang ini , bagaimana perasaan Anda?&quot;&lt;/span&gt;&lt;/font&gt;&lt;/div&gt;&lt;div&gt;&lt;font color=&quot;#9fa8b0&quot; face=&quot;Arial, Tahoma&quot;&gt;&lt;span style=&quot;font-size: 13px;&quot;&gt;Dina : &quot;Senang pastinya?&quot;&lt;/span&gt;&lt;/font&gt;&lt;/div&gt;&lt;div&gt;&lt;font color=&quot;#9fa8b0&quot; face=&quot;Arial, Tahoma&quot;&gt;&lt;span style=&quot;font-size: 13px;&quot;&gt;Wartawan : &quot;Apa obsesi Anda setelah ini?&quot;&lt;/span&gt;&lt;/font&gt;&lt;/div&gt;&lt;div&gt;&lt;font color=&quot;#9fa8b0&quot; face=&quot;Arial, Tahoma&quot;&gt;&lt;span style=&quot;font-size: 13px;&quot;&gt;Dina : &quot;Menjuarai lomba renang tingkat nasional bulan depan.&quot;&lt;/span&gt;&lt;/font&gt;&lt;/div&gt;&lt;div&gt;&lt;font color=&quot;#9fa8b0&quot; face=&quot;Arial, Tahoma&quot;&gt;&lt;span style=&quot;font-size: 13px;&quot;&gt;&lt;br&gt;&lt;/span&gt;&lt;/font&gt;&lt;/div&gt;&lt;div&gt;Apa yang dimaksud dengan obsesi?&lt;font color=&quot;#9fa8b0&quot; face=&quot;Arial, Tahoma&quot;&gt;&lt;span style=&quot;font-size: 13px;&quot;&gt;&lt;br&gt;&lt;/span&gt;&lt;/font&gt;&lt;/div&gt;',10.00),(276,8,'3014443264410344',36,2,1,'Berdasarkan penggalan wawancara\r\ntersebut , perasaan Dina adalah ....',10.00),(277,8,'3014443264410344',37,2,1,'&lt;div&gt;&lt;font color=&quot;#9fa8b0&quot; face=&quot;Arial, Tahoma&quot;&gt;&lt;span style=&quot;font-size: 13px;&quot;&gt;Orang yang menekuni olahraga renang disebut ....&lt;/span&gt;&lt;/font&gt;&lt;/div&gt;&lt;div style=&quot;color: rgb(159, 168, 176); font-family: Arial, Tahoma; font-size: 13px;&quot;&gt;&lt;br&gt;&lt;/div&gt;',10.00),(278,8,'3014443264410344',38,2,1,'&lt;font color=&quot;#9fa8b0&quot; face=&quot;Arial, Tahoma&quot;&gt;&lt;span style=&quot;font-size: 13px;&quot;&gt;Contoh olahraga adalah seperti berikut , kecuali ....&lt;/span&gt;&lt;/font&gt;',10.00),(279,8,'3014443264410344',39,2,1,'&lt;font color=&quot;#9fa8b0&quot; face=&quot;Arial, Tahoma&quot;&gt;&lt;span style=&quot;font-size: 13px;&quot;&gt;Pagi ini , kesebelasan Sukasari ... kesebelasan Maju Bersama.&lt;/span&gt;&lt;/font&gt;',10.00),(280,8,'3014443264410344',40,2,1,'&lt;div&gt;&lt;font color=&quot;#9fa8b0&quot; face=&quot;Arial, Tahoma&quot;&gt;&lt;span style=&quot;font-size: 13px;&quot;&gt;Petani melon di Baki mengalami (rugi). Kata di dalam kurung seharusnya ....&lt;/span&gt;&lt;/font&gt;&lt;/div&gt;',10.00),(281,8,'3014443264410344',41,2,1,'&lt;font color=&quot;#9fa8b0&quot; face=&quot;Arial, Tahoma&quot;&gt;&lt;span style=&quot;font-size: 13px;&quot;&gt;Tanaman hidroponik adalah ....&lt;/span&gt;&lt;/font&gt;',10.00),(282,8,'3014443264410344',42,2,1,'&lt;font color=&quot;#9fa8b0&quot; face=&quot;Arial, Tahoma&quot;&gt;&lt;span style=&quot;font-size: 13px;&quot;&gt;Ibu sering mengirim uang padaku. Uang tersebut dikirim melalui kantor pos dengan ....&lt;/span&gt;&lt;/font&gt;',10.00),(283,8,'3014443264410344',43,2,1,'&lt;div&gt;&lt;font color=&quot;#9fa8b0&quot; face=&quot;Arial, Tahoma&quot;&gt;&lt;span style=&quot;font-size: 13px;&quot;&gt;Semen selain sebagai perekat batu bata , juga dapat dipakai sebagai barang berikut , kecuali ....&lt;/span&gt;&lt;/font&gt;&lt;/div&gt;',10.00),(284,8,'3014443264410344',44,2,1,'Wesel pos biasanya dibeli di ....',10.00),(285,8,'3014443264410344',45,2,1,'&lt;div&gt;&lt;font color=&quot;#9fa8b0&quot; face=&quot;Arial, Tahoma&quot;&gt;&lt;span style=&quot;font-size: 13px;&quot;&gt;Saat berlibur , ibu membeli cinderamata. Sinonim kata cinderamata ialah ....&lt;/span&gt;&lt;/font&gt;&lt;/div&gt;&lt;div style=&quot;color: rgb(159, 168, 176); font-family: Arial, Tahoma; font-size: 13px;&quot;&gt;&lt;br&gt;&lt;/div&gt;',10.00),(286,8,'3014443264410344',46,2,1,'&lt;font color=&quot;#9fa8b0&quot; face=&quot;Arial, Tahoma&quot;&gt;&lt;span style=&quot;font-size: 13px;&quot;&gt;Kakak menari tari bali. Arti kata menari adalah ....&lt;/span&gt;&lt;/font&gt;',10.00),(287,8,'3014443264410344',47,2,1,'&lt;font color=&quot;#9fa8b0&quot; face=&quot;Arial, Tahoma&quot;&gt;&lt;span style=&quot;font-size: 13px;&quot;&gt;Ki Hajar Dewantara adalah tokoh ....&lt;/span&gt;&lt;/font&gt;',10.00),(288,8,'3014443264410344',48,2,1,'&lt;font color=&quot;#9fa8b0&quot; face=&quot;Arial, Tahoma&quot;&gt;&lt;span style=&quot;font-size: 13px;&quot;&gt;Piagam Jakarta disusun oleh panitia...&lt;/span&gt;&lt;/font&gt;',10.00),(289,8,'6459415681185841',28,2,1,'&lt;div&gt;&lt;font color=&quot;#9fa8b0&quot; face=&quot;Arial, Tahoma&quot;&gt;&lt;span style=&quot;font-size: 13px;&quot;&gt;Dalam pembuatan laporan , bahasa yang digunakan adalah ....&lt;/span&gt;&lt;/font&gt;&lt;/div&gt;',10.00),(290,8,'6459415681185841',29,2,1,'&lt;font color=&quot;#9fa8b0&quot; face=&quot;Arial, Tahoma&quot;&gt;&lt;span style=&quot;font-size: 13px;&quot;&gt;Langkah pertama membuat laporan bacaan adalah ....&lt;/span&gt;&lt;/font&gt;',10.00),(291,1,'4839422484191282',12,2,3,'This is a MCQ Question (Single Answer) dsfsdfsd',5.00),(292,1,'4839422484191282',15,3,3,'This is MCQ (Multi Answer) fdsss',10.00),(293,1,'4839422484191282',16,4,3,'This is a writing question ihdfilsdbflsil',10.00),(294,1,'4839422484191282',13,1,3,'This is True / False Question 1sefsfsdfsd &amp;nbsp; sadsafdddddd',5.00),(295,1,'4839422484191282',17,2,3,'&lt;span style=&quot;font-size:12.0pt;mso-bidi-font-size:11.0pt;\r\nline-height:115%;font-family:&amp;quot;Times New Roman&amp;quot;,serif;mso-fareast-font-family:\r\nCalibri;mso-ansi-language:EN-US;mso-fareast-language:EN-US;mso-bidi-language:\r\nAR-SA&quot;&gt;Hasil dari 12.304  286 + 4.786 adalah.&lt;/span&gt;',10.00);

/*Table structure for table `tracker` */

DROP TABLE IF EXISTS `tracker`;

CREATE TABLE `tracker` (
  `id` int(11) NOT NULL AUTO_INCREMENT,
  `created` date NOT NULL,
  `time` time NOT NULL,
  `ip` text NOT NULL,
  `country` text NOT NULL,
  `city` text NOT NULL,
  `query_string` text NOT NULL,
  `http_referer` text NOT NULL,
  `http_user_agent` text NOT NULL,
  `isbot` int(11) NOT NULL,
  PRIMARY KEY (`id`)
) ENGINE=MyISAM AUTO_INCREMENT=1616 DEFAULT CHARSET=latin1;

/*Data for the table `tracker` */

insert  into `tracker`(`id`,`created`,`time`,`ip`,`country`,`city`,`query_string`,`http_referer`,`http_user_agent`,`isbot`) values (1,'2014-12-04','08:12:43','::1','','','','http://localhost/eb/admin/login.php','Mozilla/5.0 (Windows NT 6.3; WOW64) AppleWebKit/537.36 (KHTML, like Gecko) Chrome/39.0.2171.71 Safari/537.36',0),(561,'2016-10-10','22:49:55','139.228.143.216','','','undefined','undefined','Mozilla/5.0 (Windows NT 10.0; WOW64; rv:49.0) Gecko/20100101 Firefox/49.0',0),(562,'2016-10-10','22:51:14','139.228.143.216','','','undefined','undefined','Mozilla/5.0 (Windows NT 10.0; WOW64; rv:49.0) Gecko/20100101 Firefox/49.0',0),(563,'2016-10-10','22:51:50','139.228.143.216','','','undefined','http://labpupil.com/onlinetest/','Mozilla/5.0 (Windows NT 10.0; WOW64; rv:49.0) Gecko/20100101 Firefox/49.0',0),(564,'2016-10-11','09:59:06','139.228.143.216','','','undefined','http://labpupil.com/onlinetest/','Mozilla/5.0 (Windows NT 10.0; WOW64; rv:49.0) Gecko/20100101 Firefox/49.0',0),(565,'2016-10-11','09:59:09','139.228.143.216','','','undefined','http://labpupil.com/onlinetest/account.php','Mozilla/5.0 (Windows NT 10.0; WOW64; rv:49.0) Gecko/20100101 Firefox/49.0',0),(566,'2016-10-11','09:59:14','139.228.143.216','','','undefined','http://labpupil.com/onlinetest/account.php','Mozilla/5.0 (Windows NT 10.0; WOW64; rv:49.0) Gecko/20100101 Firefox/49.0',0),(567,'2016-10-11','09:59:17','139.228.143.216','','','undefined','http://labpupil.com/onlinetest/account.php','Mozilla/5.0 (Windows NT 10.0; WOW64; rv:49.0) Gecko/20100101 Firefox/49.0',0),(568,'2016-10-11','09:59:19','139.228.143.216','','','undefined','http://labpupil.com/onlinetest/index.php','Mozilla/5.0 (Windows NT 10.0; WOW64; rv:49.0) Gecko/20100101 Firefox/49.0',0),(569,'2016-10-11','09:59:31','139.228.143.216','','','undefined','http://labpupil.com/onlinetest/index.php','Mozilla/5.0 (Windows NT 10.0; WOW64; rv:49.0) Gecko/20100101 Firefox/49.0',0),(570,'2016-10-11','09:59:37','139.228.143.216','','','undefined','http://labpupil.com/onlinetest/index.php','Mozilla/5.0 (Windows NT 10.0; WOW64; rv:49.0) Gecko/20100101 Firefox/49.0',0),(571,'2016-10-11','10:00:21','139.228.143.216','','','undefined','http://labpupil.com/onlinetest/contact.php','Mozilla/5.0 (Windows NT 10.0; WOW64; rv:49.0) Gecko/20100101 Firefox/49.0',0),(572,'2016-10-11','10:00:26','139.228.143.216','','','undefined','http://labpupil.com/onlinetest/index.php','Mozilla/5.0 (Windows NT 10.0; WOW64; rv:49.0) Gecko/20100101 Firefox/49.0',0),(573,'2016-10-11','10:00:31','139.228.143.216','','','undefined','http://labpupil.com/onlinetest/index.php','Mozilla/5.0 (Windows NT 10.0; WOW64; rv:49.0) Gecko/20100101 Firefox/49.0',0),(574,'2016-10-11','10:08:21','139.228.143.216','','','undefined','http://labpupil.com/onlinetest/index.php','Mozilla/5.0 (Windows NT 10.0; WOW64; rv:49.0) Gecko/20100101 Firefox/49.0',0),(575,'2016-10-11','10:08:29','139.228.143.216','','','sort=3','http://labpupil.com/onlinetest/courses.php','Mozilla/5.0 (Windows NT 10.0; WOW64; rv:49.0) Gecko/20100101 Firefox/49.0',0),(576,'2016-10-11','10:09:29','139.228.143.216','','','undefined','http://labpupil.com/onlinetest/exams.php?sort=3','Mozilla/5.0 (Windows NT 10.0; WOW64; rv:49.0) Gecko/20100101 Firefox/49.0',0),(577,'2016-10-11','10:09:34','139.228.143.216','','','undefined','http://labpupil.com/onlinetest/account.php','Mozilla/5.0 (Windows NT 10.0; WOW64; rv:49.0) Gecko/20100101 Firefox/49.0',0),(578,'2016-10-11','10:09:34','139.228.143.216','','','undefined','http://labpupil.com/onlinetest/account.php','Mozilla/5.0 (Windows NT 10.0; WOW64; rv:49.0) Gecko/20100101 Firefox/49.0',0),(579,'2016-10-11','10:09:37','139.228.143.216','','','undefined','http://labpupil.com/onlinetest/courses.php','Mozilla/5.0 (Windows NT 10.0; WOW64; rv:49.0) Gecko/20100101 Firefox/49.0',0),(580,'2016-10-11','10:09:42','139.228.143.216','','','undefined','http://labpupil.com/onlinetest/account.php','Mozilla/5.0 (Windows NT 10.0; WOW64; rv:49.0) Gecko/20100101 Firefox/49.0',0),(581,'2016-10-11','10:12:31','149.154.167.162','','','undefined','undefined','TelegramBot (like TwitterBot)',0),(582,'2016-10-11','10:13:50','139.228.143.216','','','undefined','http://labpupil.com/onlinetest/courses.php','Mozilla/5.0 (Windows NT 10.0; WOW64; rv:49.0) Gecko/20100101 Firefox/49.0',0),(583,'2016-10-11','10:14:29','139.228.143.216','','','action=category&amp;sort=8','http://labpupil.com/onlinetest/resources.php','Mozilla/5.0 (Windows NT 10.0; WOW64; rv:49.0) Gecko/20100101 Firefox/49.0',0),(584,'2016-10-11','10:14:31','139.228.143.216','','','action=category&amp;sort=9','http://labpupil.com/onlinetest/resources.php?action=category&amp;sort=8','Mozilla/5.0 (Windows NT 10.0; WOW64; rv:49.0) Gecko/20100101 Firefox/49.0',0),(585,'2016-10-11','10:14:39','139.228.143.216','','','undefined','http://labpupil.com/onlinetest/resources.php?action=category&amp;sort=9','Mozilla/5.0 (Windows NT 10.0; WOW64; rv:49.0) Gecko/20100101 Firefox/49.0',0),(586,'2016-10-11','10:14:58','139.228.143.216','','','undefined','http://labpupil.com/onlinetest/faqs.php','Mozilla/5.0 (Windows NT 10.0; WOW64; rv:49.0) Gecko/20100101 Firefox/49.0',0),(587,'2016-10-11','10:15:35','139.228.143.216','','','undefined','http://labpupil.com/onlinetest/contact.php','Mozilla/5.0 (Windows NT 10.0; WOW64; rv:49.0) Gecko/20100101 Firefox/49.0',0),(588,'2016-10-11','10:16:00','139.228.143.216','','','undefined','http://labpupil.com/onlinetest/account.php','Mozilla/5.0 (Windows NT 10.0; WOW64; rv:49.0) Gecko/20100101 Firefox/49.0',0),(589,'2016-10-11','10:16:49','139.228.143.216','','','undefined','http://labpupil.com/onlinetest/account.php','Mozilla/5.0 (Windows NT 10.0; WOW64; rv:49.0) Gecko/20100101 Firefox/49.0',0),(590,'2016-10-11','10:21:21','139.228.143.216','','','sort=3','http://labpupil.com/onlinetest/courses.php','Mozilla/5.0 (Windows NT 10.0; WOW64; rv:49.0) Gecko/20100101 Firefox/49.0',0),(591,'2016-10-11','10:50:55','139.228.143.216','','','undefined','http://labpupil.com/onlinetest/exams.php?sort=3','Mozilla/5.0 (Windows NT 10.0; WOW64; rv:49.0) Gecko/20100101 Firefox/49.0',0),(592,'2016-10-11','10:50:59','139.228.143.216','','','undefined','http://labpupil.com/onlinetest/account.php','Mozilla/5.0 (Windows NT 10.0; WOW64; rv:49.0) Gecko/20100101 Firefox/49.0',0),(593,'2016-10-11','10:51:05','139.228.143.216','','','sort=3','http://labpupil.com/onlinetest/courses.php','Mozilla/5.0 (Windows NT 10.0; WOW64; rv:49.0) Gecko/20100101 Firefox/49.0',0),(594,'2016-10-11','10:51:09','139.228.143.216','','','sort=3','http://labpupil.com/onlinetest/exams.php?sort=3','Mozilla/5.0 (Windows NT 10.0; WOW64; rv:49.0) Gecko/20100101 Firefox/49.0',0),(595,'2016-10-11','10:51:16','139.228.143.216','','','do=enrolment&amp;id=3','http://labpupil.com/onlinetest/exams.php?sort=3','Mozilla/5.0 (Windows NT 10.0; WOW64; rv:49.0) Gecko/20100101 Firefox/49.0',0),(596,'2016-10-11','10:51:27','139.228.143.216','','','sort=3','http://labpupil.com/onlinetest/account.php?do=enrolment&amp;id=3','Mozilla/5.0 (Windows NT 10.0; WOW64; rv:49.0) Gecko/20100101 Firefox/49.0',0),(597,'2016-10-11','10:51:35','139.228.143.216','','','do=details&amp;id=3','http://labpupil.com/onlinetest/exams.php?sort=3','Mozilla/5.0 (Windows NT 10.0; WOW64; rv:49.0) Gecko/20100101 Firefox/49.0',0),(598,'2016-10-11','10:51:38','139.228.143.216','','','do=quize','http://labpupil.com/onlinetest/exams.php?do=details&amp;id=3','Mozilla/5.0 (Windows NT 10.0; WOW64; rv:49.0) Gecko/20100101 Firefox/49.0',0),(599,'2016-10-11','10:51:52','139.228.143.216','','','do=quize','http://labpupil.com/onlinetest/account.php?do=quize','Mozilla/5.0 (Windows NT 10.0; WOW64; rv:49.0) Gecko/20100101 Firefox/49.0',0),(600,'2016-10-11','10:52:01','139.228.143.216','','','do=quize','http://labpupil.com/onlinetest/account.php?do=quize','Mozilla/5.0 (Windows NT 10.0; WOW64; rv:49.0) Gecko/20100101 Firefox/49.0',0),(601,'2016-10-11','10:52:19','139.228.143.216','','','do=quize','http://labpupil.com/onlinetest/account.php?do=quize','Mozilla/5.0 (Windows NT 10.0; WOW64; rv:49.0) Gecko/20100101 Firefox/49.0',0),(602,'2016-10-11','10:52:40','139.228.143.216','','','do=quize','http://labpupil.com/onlinetest/account.php?do=quize','Mozilla/5.0 (Windows NT 10.0; WOW64; rv:49.0) Gecko/20100101 Firefox/49.0',0),(603,'2016-10-11','10:52:49','139.228.143.216','','','do=quize','http://labpupil.com/onlinetest/account.php?do=quize','Mozilla/5.0 (Windows NT 10.0; WOW64; rv:49.0) Gecko/20100101 Firefox/49.0',0),(604,'2016-10-11','10:52:54','139.228.143.216','','','do=quize','http://labpupil.com/onlinetest/account.php?do=quize','Mozilla/5.0 (Windows NT 10.0; WOW64; rv:49.0) Gecko/20100101 Firefox/49.0',0),(605,'2016-10-11','10:53:01','139.228.143.216','','','do=quize','http://labpupil.com/onlinetest/account.php?do=quize','Mozilla/5.0 (Windows NT 10.0; WOW64; rv:49.0) Gecko/20100101 Firefox/49.0',0),(606,'2016-10-11','10:53:26','139.228.143.216','','','do=quize','http://labpupil.com/onlinetest/account.php?do=quize','Mozilla/5.0 (Windows NT 10.0; WOW64; rv:49.0) Gecko/20100101 Firefox/49.0',0),(607,'2016-10-11','10:53:34','139.228.143.216','','','do=quize','http://labpupil.com/onlinetest/account.php?do=quize','Mozilla/5.0 (Windows NT 10.0; WOW64; rv:49.0) Gecko/20100101 Firefox/49.0',0),(608,'2016-10-11','10:53:41','139.228.143.216','','','do=quize','http://labpupil.com/onlinetest/account.php?do=quize','Mozilla/5.0 (Windows NT 10.0; WOW64; rv:49.0) Gecko/20100101 Firefox/49.0',0),(609,'2016-10-11','10:56:39','139.228.143.216','','','do=result','http://labpupil.com/onlinetest/account.php?do=quize','Mozilla/5.0 (Windows NT 10.0; WOW64; rv:49.0) Gecko/20100101 Firefox/49.0',0),(610,'2016-10-11','10:56:49','139.228.143.216','','','undefined','http://labpupil.com/onlinetest/account.php','Mozilla/5.0 (Windows NT 10.0; WOW64; rv:49.0) Gecko/20100101 Firefox/49.0',0),(611,'2016-10-11','10:57:22','139.228.143.216','','','undefined','http://labpupil.com/onlinetest/account.php','Mozilla/5.0 (Windows NT 10.0; WOW64; rv:49.0) Gecko/20100101 Firefox/49.0',0),(612,'2016-10-11','10:57:28','139.228.143.216','','','undefined','http://labpupil.com/onlinetest/account.php','Mozilla/5.0 (Windows NT 10.0; WOW64; rv:49.0) Gecko/20100101 Firefox/49.0',0),(613,'2016-10-11','10:57:35','139.228.143.216','','','sort=3','http://labpupil.com/onlinetest/courses.php','Mozilla/5.0 (Windows NT 10.0; WOW64; rv:49.0) Gecko/20100101 Firefox/49.0',0),(614,'2016-10-11','10:57:43','139.228.143.216','','','do=details&amp;id=3','http://labpupil.com/onlinetest/exams.php?sort=3','Mozilla/5.0 (Windows NT 10.0; WOW64; rv:49.0) Gecko/20100101 Firefox/49.0',0),(615,'2016-10-11','10:58:01','139.228.143.216','','','do=quize','http://labpupil.com/onlinetest/exams.php?do=details&amp;id=3','Mozilla/5.0 (Windows NT 10.0; WOW64; rv:49.0) Gecko/20100101 Firefox/49.0',0),(616,'2016-10-11','10:58:11','139.228.143.216','','','do=quize','http://labpupil.com/onlinetest/account.php?do=quize','Mozilla/5.0 (Windows NT 10.0; WOW64; rv:49.0) Gecko/20100101 Firefox/49.0',0),(617,'2016-10-11','10:58:19','139.228.143.216','','','undefined','http://labpupil.com/onlinetest/account.php?do=quize','Mozilla/5.0 (Windows NT 10.0; WOW64; rv:49.0) Gecko/20100101 Firefox/49.0',0),(618,'2016-10-11','10:58:22','139.228.143.216','','','undefined','http://labpupil.com/onlinetest/resources.php','Mozilla/5.0 (Windows NT 10.0; WOW64; rv:49.0) Gecko/20100101 Firefox/49.0',0),(619,'2016-10-11','10:58:24','139.228.143.216','','','undefined','http://labpupil.com/onlinetest/exams.php','Mozilla/5.0 (Windows NT 10.0; WOW64; rv:49.0) Gecko/20100101 Firefox/49.0',0),(620,'2016-10-11','10:58:28','139.228.143.216','','','sort=3','http://labpupil.com/onlinetest/courses.php','Mozilla/5.0 (Windows NT 10.0; WOW64; rv:49.0) Gecko/20100101 Firefox/49.0',0),(621,'2016-10-11','10:58:33','139.228.143.216','','','sort=3','http://labpupil.com/onlinetest/exams.php?sort=3','Mozilla/5.0 (Windows NT 10.0; WOW64; rv:49.0) Gecko/20100101 Firefox/49.0',0),(622,'2016-10-11','10:58:36','139.228.143.216','','','do=details&amp;id=3','http://labpupil.com/onlinetest/exams.php?sort=3','Mozilla/5.0 (Windows NT 10.0; WOW64; rv:49.0) Gecko/20100101 Firefox/49.0',0),(623,'2016-10-11','10:59:07','139.228.143.216','','','undefined','http://labpupil.com/onlinetest/exams.php?do=details&amp;id=3','Mozilla/5.0 (Windows NT 10.0; WOW64; rv:49.0) Gecko/20100101 Firefox/49.0',0),(624,'2016-10-11','10:59:29','139.228.143.216','','','undefined','http://labpupil.com/onlinetest/account.php?do=result','Mozilla/5.0 (Windows NT 10.0; WOW64; rv:49.0) Gecko/20100101 Firefox/49.0',0),(625,'2016-10-11','10:59:37','139.228.143.216','','','sort=3','http://labpupil.com/onlinetest/courses.php','Mozilla/5.0 (Windows NT 10.0; WOW64; rv:49.0) Gecko/20100101 Firefox/49.0',0),(626,'2016-10-11','10:59:42','139.228.143.216','','','undefined','http://labpupil.com/onlinetest/account.php?do=result','Mozilla/5.0 (Windows NT 10.0; WOW64; rv:49.0) Gecko/20100101 Firefox/49.0',0),(627,'2016-10-11','10:59:44','139.228.143.216','','','undefined','http://labpupil.com/onlinetest/account.php?do=result','Mozilla/5.0 (Windows NT 10.0; WOW64; rv:49.0) Gecko/20100101 Firefox/49.0',0),(628,'2016-10-11','10:59:49','139.228.143.216','','','sort=3','http://labpupil.com/onlinetest/courses.php','Mozilla/5.0 (Windows NT 10.0; WOW64; rv:49.0) Gecko/20100101 Firefox/49.0',0),(629,'2016-10-11','11:44:06','139.228.143.216','','','undefined','undefined','Mozilla/5.0 (Windows NT 10.0; WOW64; rv:49.0) Gecko/20100101 Firefox/49.0',0),(630,'2016-10-11','13:03:13','110.138.158.104','','','undefined','undefined','Mozilla/5.0 (Windows NT 6.1; WOW64; rv:49.0) Gecko/20100101 Firefox/49.0',0),(631,'2016-10-11','13:04:07','110.138.158.104','','','undefined','http://labpupil.com/onlinetest/','Mozilla/5.0 (Windows NT 6.1; WOW64; rv:49.0) Gecko/20100101 Firefox/49.0',0),(632,'2016-10-11','13:04:10','110.138.158.104','','','undefined','http://labpupil.com/onlinetest/courses.php','Mozilla/5.0 (Windows NT 6.1; WOW64; rv:49.0) Gecko/20100101 Firefox/49.0',0),(633,'2016-10-11','13:04:12','110.138.158.104','','','undefined','http://labpupil.com/onlinetest/exams.php','Mozilla/5.0 (Windows NT 6.1; WOW64; rv:49.0) Gecko/20100101 Firefox/49.0',0),(634,'2016-10-11','13:04:13','110.138.158.104','','','undefined','http://labpupil.com/onlinetest/resources.php','Mozilla/5.0 (Windows NT 6.1; WOW64; rv:49.0) Gecko/20100101 Firefox/49.0',0),(635,'2016-10-11','13:04:15','110.138.158.104','','','undefined','http://labpupil.com/onlinetest/faqs.php','Mozilla/5.0 (Windows NT 6.1; WOW64; rv:49.0) Gecko/20100101 Firefox/49.0',0),(636,'2016-10-11','13:04:16','110.138.158.104','','','undefined','http://labpupil.com/onlinetest/contact.php','Mozilla/5.0 (Windows NT 6.1; WOW64; rv:49.0) Gecko/20100101 Firefox/49.0',0),(637,'2016-10-11','13:04:30','110.138.158.104','','','undefined','http://labpupil.com/onlinetest/faqs.php','Mozilla/5.0 (Windows NT 6.1; WOW64; rv:49.0) Gecko/20100101 Firefox/49.0',0),(638,'2016-10-11','13:05:53','110.138.158.104','','','undefined','http://labpupil.com/onlinetest/index.php','Mozilla/5.0 (Windows NT 6.1; WOW64; rv:49.0) Gecko/20100101 Firefox/49.0',0),(639,'2016-10-11','13:24:04','139.228.143.216','','','undefined','undefined','Mozilla/5.0 (Windows NT 10.0; WOW64; rv:49.0) Gecko/20100101 Firefox/49.0',0),(640,'2016-10-11','13:24:51','139.228.143.216','','','undefined','undefined','Mozilla/5.0 (Windows NT 10.0; WOW64; rv:49.0) Gecko/20100101 Firefox/49.0',0),(641,'2016-10-11','13:25:14','139.228.143.216','','','undefined','undefined','Mozilla/5.0 (Windows NT 10.0; WOW64; rv:49.0) Gecko/20100101 Firefox/49.0',0),(642,'2016-10-11','13:25:23','139.228.143.216','','','undefined','undefined','Mozilla/5.0 (Windows NT 10.0; WOW64; rv:49.0) Gecko/20100101 Firefox/49.0',0),(643,'2016-10-11','13:25:50','139.228.143.216','','','undefined','undefined','Mozilla/5.0 (Windows NT 10.0; WOW64; rv:49.0) Gecko/20100101 Firefox/49.0',0),(644,'2016-10-11','13:27:32','139.228.143.216','','','undefined','undefined','Mozilla/5.0 (Windows NT 10.0; WOW64; rv:49.0) Gecko/20100101 Firefox/49.0',0),(645,'2016-10-11','13:29:17','139.228.143.216','','','undefined','undefined','Mozilla/5.0 (Windows NT 10.0; WOW64; rv:49.0) Gecko/20100101 Firefox/49.0',0),(646,'2016-10-11','13:31:11','110.138.158.104','','','undefined','undefined','Mozilla/5.0 (Windows NT 6.1; WOW64; rv:49.0) Gecko/20100101 Firefox/49.0',0),(647,'2016-10-11','13:32:13','110.138.158.104','','','undefined','undefined','Mozilla/5.0 (Windows NT 6.1; Win64; x64) AppleWebKit/537.36 (KHTML, like Gecko) Chrome/53.0.2785.143 Safari/537.36',0),(648,'2016-10-11','13:36:14','110.138.158.104','','','undefined','http://labpupil.com/onlinetest/','Mozilla/5.0 (Windows NT 6.1; WOW64; rv:49.0) Gecko/20100101 Firefox/49.0',0),(649,'2016-10-11','13:39:13','110.138.158.104','','','undefined','undefined','Mozilla/5.0 (Windows NT 6.1; Win64; x64) AppleWebKit/537.36 (KHTML, like Gecko) Chrome/53.0.2785.143 Safari/537.36',0),(650,'2016-10-11','13:39:18','110.138.158.104','','','undefined','http://labpupil.com/onlinetest/','Mozilla/5.0 (Windows NT 6.1; Win64; x64) AppleWebKit/537.36 (KHTML, like Gecko) Chrome/53.0.2785.143 Safari/537.36',0),(651,'2016-10-11','13:39:39','110.138.158.104','','','undefined','http://labpupil.com/onlinetest/admin/login.php','Mozilla/5.0 (Windows NT 6.1; Win64; x64) AppleWebKit/537.36 (KHTML, like Gecko) Chrome/53.0.2785.143 Safari/537.36',0),(652,'2016-10-11','13:39:43','110.138.158.104','','','undefined','http://labpupil.com/onlinetest/index.php','Mozilla/5.0 (Windows NT 6.1; Win64; x64) AppleWebKit/537.36 (KHTML, like Gecko) Chrome/53.0.2785.143 Safari/537.36',0),(653,'2016-10-11','13:39:49','110.138.158.104','','','undefined','undefined','Mozilla/5.0 (Windows NT 6.1; Win64; x64) AppleWebKit/537.36 (KHTML, like Gecko) Chrome/53.0.2785.143 Safari/537.36',0),(654,'2016-10-11','13:39:52','110.138.158.104','','','undefined','http://labpupil.com/onlinetest/','Mozilla/5.0 (Windows NT 6.1; Win64; x64) AppleWebKit/537.36 (KHTML, like Gecko) Chrome/53.0.2785.143 Safari/537.36',0),(655,'2016-10-11','13:39:54','110.138.158.104','','','undefined','http://labpupil.com/onlinetest/index.php','Mozilla/5.0 (Windows NT 6.1; Win64; x64) AppleWebKit/537.36 (KHTML, like Gecko) Chrome/53.0.2785.143 Safari/537.36',0),(656,'2016-10-11','13:40:57','110.138.158.104','','','undefined','http://labpupil.com/onlinetest/','Mozilla/5.0 (Windows NT 6.1; WOW64; rv:49.0) Gecko/20100101 Firefox/49.0',0),(657,'2016-10-11','13:40:58','110.138.158.104','','','undefined','http://labpupil.com/onlinetest/courses.php','Mozilla/5.0 (Windows NT 6.1; WOW64; rv:49.0) Gecko/20100101 Firefox/49.0',0),(658,'2016-10-11','13:41:01','110.138.158.104','','','undefined','http://labpupil.com/onlinetest/exams.php','Mozilla/5.0 (Windows NT 6.1; WOW64; rv:49.0) Gecko/20100101 Firefox/49.0',0),(659,'2016-10-11','13:41:03','110.138.158.104','','','undefined','http://labpupil.com/onlinetest/index.php','Mozilla/5.0 (Windows NT 6.1; WOW64; rv:49.0) Gecko/20100101 Firefox/49.0',0),(660,'2016-10-11','13:42:05','110.138.158.104','','','undefined','http://labpupil.com/onlinetest/index.php','Mozilla/5.0 (Windows NT 6.1; WOW64; rv:49.0) Gecko/20100101 Firefox/49.0',0),(661,'2016-10-11','13:42:42','110.138.158.104','','','undefined','http://labpupil.com/onlinetest/index.php','Mozilla/5.0 (Windows NT 6.1; WOW64; rv:49.0) Gecko/20100101 Firefox/49.0',0),(662,'2016-10-11','13:42:49','110.138.158.104','','','undefined','http://labpupil.com/onlinetest/index.php','Mozilla/5.0 (Windows NT 6.1; WOW64; rv:49.0) Gecko/20100101 Firefox/49.0',0),(663,'2016-10-11','13:42:51','110.138.158.104','','','undefined','http://labpupil.com/onlinetest/index.php','Mozilla/5.0 (Windows NT 6.1; WOW64; rv:49.0) Gecko/20100101 Firefox/49.0',0),(664,'2016-10-11','13:42:53','110.138.158.104','','','undefined','http://labpupil.com/onlinetest/index.php','Mozilla/5.0 (Windows NT 6.1; WOW64; rv:49.0) Gecko/20100101 Firefox/49.0',0),(665,'2016-10-11','13:42:57','110.138.158.104','','','undefined','http://labpupil.com/onlinetest/index.php','Mozilla/5.0 (Windows NT 6.1; WOW64; rv:49.0) Gecko/20100101 Firefox/49.0',0),(666,'2016-10-11','13:43:05','110.138.158.104','','','undefined','undefined','Mozilla/5.0 (Windows NT 6.1; WOW64; rv:49.0) Gecko/20100101 Firefox/49.0',0),(667,'2016-10-11','13:45:14','110.138.158.104','','','undefined','undefined','Mozilla/5.0 (Windows NT 6.1; WOW64; rv:49.0) Gecko/20100101 Firefox/49.0',0),(668,'2016-10-11','13:45:23','110.138.158.104','','','undefined','http://labpupil.com/onlinetest/','Mozilla/5.0 (Windows NT 6.1; WOW64; rv:49.0) Gecko/20100101 Firefox/49.0',0),(669,'2016-10-11','13:45:31','110.138.158.104','','','undefined','http://labpupil.com/onlinetest/','Mozilla/5.0 (Windows NT 6.1; WOW64; rv:49.0) Gecko/20100101 Firefox/49.0',0),(670,'2016-10-11','13:46:49','110.138.158.104','','','undefined','http://labpupil.com/onlinetest/','Mozilla/5.0 (Windows NT 6.1; WOW64; rv:49.0) Gecko/20100101 Firefox/49.0',0),(671,'2016-10-11','13:50:11','110.138.158.104','','','undefined','http://labpupil.com/onlinetest/','Mozilla/5.0 (Windows NT 6.1; WOW64; rv:49.0) Gecko/20100101 Firefox/49.0',0),(672,'2016-10-11','13:50:34','110.138.158.104','','','undefined','http://labpupil.com/onlinetest/index.php','Mozilla/5.0 (Windows NT 6.1; WOW64; rv:49.0) Gecko/20100101 Firefox/49.0',0),(673,'2016-10-11','13:50:39','110.138.158.104','','','undefined','http://labpupil.com/onlinetest/index.php','Mozilla/5.0 (Windows NT 6.1; WOW64; rv:49.0) Gecko/20100101 Firefox/49.0',0),(674,'2016-10-11','13:50:49','110.138.158.104','','','undefined','http://labpupil.com/onlinetest/index.php','Mozilla/5.0 (Windows NT 6.1; WOW64; rv:49.0) Gecko/20100101 Firefox/49.0',0),(675,'2016-10-11','13:53:29','110.138.158.104','','','undefined','undefined','Mozilla/5.0 (Windows NT 6.1; Win64; x64) AppleWebKit/537.36 (KHTML, like Gecko) Chrome/53.0.2785.143 Safari/537.36',0),(676,'2016-10-11','13:53:37','110.138.158.104','','','undefined','http://labpupil.com/onlinetest/','Mozilla/5.0 (Windows NT 6.1; Win64; x64) AppleWebKit/537.36 (KHTML, like Gecko) Chrome/53.0.2785.143 Safari/537.36',0),(677,'2016-10-11','13:53:40','110.138.158.104','','','undefined','http://labpupil.com/onlinetest/','Mozilla/5.0 (Windows NT 6.1; Win64; x64) AppleWebKit/537.36 (KHTML, like Gecko) Chrome/53.0.2785.143 Safari/537.36',0),(678,'2016-10-11','13:53:55','110.138.158.104','','','undefined','http://labpupil.com/onlinetest/account.php','Mozilla/5.0 (Windows NT 6.1; Win64; x64) AppleWebKit/537.36 (KHTML, like Gecko) Chrome/53.0.2785.143 Safari/537.36',0),(679,'2016-10-11','13:53:59','110.138.158.104','','','sort=3','http://labpupil.com/onlinetest/courses.php','Mozilla/5.0 (Windows NT 6.1; Win64; x64) AppleWebKit/537.36 (KHTML, like Gecko) Chrome/53.0.2785.143 Safari/537.36',0),(680,'2016-10-11','13:54:16','110.138.158.104','','','undefined','http://labpupil.com/onlinetest/exams.php?sort=3','Mozilla/5.0 (Windows NT 6.1; Win64; x64) AppleWebKit/537.36 (KHTML, like Gecko) Chrome/53.0.2785.143 Safari/537.36',0),(681,'2016-10-11','13:54:21','110.138.158.104','','','undefined','http://labpupil.com/onlinetest/resources.php','Mozilla/5.0 (Windows NT 6.1; Win64; x64) AppleWebKit/537.36 (KHTML, like Gecko) Chrome/53.0.2785.143 Safari/537.36',0),(682,'2016-10-11','13:54:23','110.138.158.104','','','undefined','http://labpupil.com/onlinetest/contact.php','Mozilla/5.0 (Windows NT 6.1; Win64; x64) AppleWebKit/537.36 (KHTML, like Gecko) Chrome/53.0.2785.143 Safari/537.36',0),(683,'2016-10-11','13:54:28','110.138.158.104','','','undefined','http://labpupil.com/onlinetest/account.php','Mozilla/5.0 (Windows NT 6.1; Win64; x64) AppleWebKit/537.36 (KHTML, like Gecko) Chrome/53.0.2785.143 Safari/537.36',0),(684,'2016-10-11','13:54:30','110.138.158.104','','','sort=4','http://labpupil.com/onlinetest/courses.php','Mozilla/5.0 (Windows NT 6.1; Win64; x64) AppleWebKit/537.36 (KHTML, like Gecko) Chrome/53.0.2785.143 Safari/537.36',0),(685,'2016-10-11','13:54:33','110.138.158.104','','','sort=4','http://labpupil.com/onlinetest/exams.php?sort=4','Mozilla/5.0 (Windows NT 6.1; Win64; x64) AppleWebKit/537.36 (KHTML, like Gecko) Chrome/53.0.2785.143 Safari/537.36',0),(686,'2016-10-11','13:54:35','110.138.158.104','','','undefined','http://labpupil.com/onlinetest/exams.php?sort=4','Mozilla/5.0 (Windows NT 6.1; Win64; x64) AppleWebKit/537.36 (KHTML, like Gecko) Chrome/53.0.2785.143 Safari/537.36',0),(687,'2016-10-11','13:56:58','110.138.158.104','','','undefined','undefined','Mozilla/5.0 (Windows NT 6.1; WOW64; rv:49.0) Gecko/20100101 Firefox/49.0',0),(688,'2016-10-11','13:57:09','110.138.158.104','','','undefined','undefined','Mozilla/5.0 (Windows NT 6.1; Win64; x64) AppleWebKit/537.36 (KHTML, like Gecko) Chrome/53.0.2785.143 Safari/537.36',0),(689,'2016-10-11','13:57:10','110.138.158.104','','','undefined','http://labpupil.com/onlinetest/','Mozilla/5.0 (Windows NT 6.1; WOW64; rv:49.0) Gecko/20100101 Firefox/49.0',0),(690,'2016-10-11','13:57:13','110.138.158.104','','','undefined','http://labpupil.com/onlinetest/account.php','Mozilla/5.0 (Windows NT 6.1; Win64; x64) AppleWebKit/537.36 (KHTML, like Gecko) Chrome/53.0.2785.143 Safari/537.36',0),(691,'2016-10-11','13:57:25','110.138.158.104','','','undefined','http://labpupil.com/onlinetest/','Mozilla/5.0 (Windows NT 6.1; WOW64; rv:49.0) Gecko/20100101 Firefox/49.0',0),(692,'2016-10-11','13:57:27','110.138.158.104','','','undefined','http://labpupil.com/onlinetest/account.php','Mozilla/5.0 (Windows NT 6.1; WOW64; rv:49.0) Gecko/20100101 Firefox/49.0',0),(693,'2016-10-11','13:57:30','110.138.158.104','','','undefined','http://labpupil.com/onlinetest/courses.php','Mozilla/5.0 (Windows NT 6.1; WOW64; rv:49.0) Gecko/20100101 Firefox/49.0',0),(694,'2016-10-11','13:57:31','110.138.158.104','','','undefined','http://labpupil.com/onlinetest/exams.php','Mozilla/5.0 (Windows NT 6.1; WOW64; rv:49.0) Gecko/20100101 Firefox/49.0',0),(695,'2016-10-11','13:57:33','110.138.158.104','','','undefined','http://labpupil.com/onlinetest/resources.php','Mozilla/5.0 (Windows NT 6.1; WOW64; rv:49.0) Gecko/20100101 Firefox/49.0',0),(696,'2016-10-11','13:57:34','110.138.158.104','','','undefined','http://labpupil.com/onlinetest/faqs.php','Mozilla/5.0 (Windows NT 6.1; WOW64; rv:49.0) Gecko/20100101 Firefox/49.0',0),(697,'2016-10-11','13:57:38','110.138.158.104','','','undefined','http://labpupil.com/onlinetest/contact.php','Mozilla/5.0 (Windows NT 6.1; WOW64; rv:49.0) Gecko/20100101 Firefox/49.0',0),(698,'2016-10-11','13:57:42','110.138.158.104','','','undefined','http://labpupil.com/onlinetest/account.php','Mozilla/5.0 (Windows NT 6.1; WOW64; rv:49.0) Gecko/20100101 Firefox/49.0',0),(699,'2016-10-11','13:57:48','110.138.158.104','','','undefined','http://labpupil.com/onlinetest/account.php','Mozilla/5.0 (Windows NT 6.1; WOW64; rv:49.0) Gecko/20100101 Firefox/49.0',0),(700,'2016-10-11','13:57:52','110.138.158.104','','','sort=3','http://labpupil.com/onlinetest/courses.php','Mozilla/5.0 (Windows NT 6.1; WOW64; rv:49.0) Gecko/20100101 Firefox/49.0',0),(701,'2016-10-11','13:57:57','110.138.158.104','','','do=details&amp;id=3','http://labpupil.com/onlinetest/exams.php?sort=3','Mozilla/5.0 (Windows NT 6.1; WOW64; rv:49.0) Gecko/20100101 Firefox/49.0',0),(702,'2016-10-11','13:58:02','110.138.158.104','','','undefined','http://labpupil.com/onlinetest/exams.php?do=details&amp;id=3','Mozilla/5.0 (Windows NT 6.1; WOW64; rv:49.0) Gecko/20100101 Firefox/49.0',0),(703,'2016-10-11','13:58:15','110.138.158.104','','','undefined','http://labpupil.com/onlinetest/index.php','Mozilla/5.0 (Windows NT 6.1; WOW64; rv:49.0) Gecko/20100101 Firefox/49.0',0),(704,'2016-10-11','13:58:34','110.138.158.104','','','undefined','http://labpupil.com/onlinetest/index.php','Mozilla/5.0 (Windows NT 6.1; WOW64; rv:49.0) Gecko/20100101 Firefox/49.0',0),(705,'2016-10-11','14:19:07','110.138.158.104','','','undefined','http://labpupil.com/onlinetest/index.php','Mozilla/5.0 (Windows NT 6.1; WOW64; rv:49.0) Gecko/20100101 Firefox/49.0',0),(706,'2016-10-11','14:27:34','110.138.158.104','','','undefined','undefined','Mozilla/5.0 (Windows NT 6.1; Win64; x64) AppleWebKit/537.36 (KHTML, like Gecko) Chrome/53.0.2785.143 Safari/537.36',0),(707,'2016-10-11','14:29:51','110.138.158.104','','','undefined','undefined','Mozilla/5.0 (Windows NT 6.1; Win64; x64) AppleWebKit/537.36 (KHTML, like Gecko) Chrome/53.0.2785.143 Safari/537.36',0),(708,'2016-10-11','14:29:58','110.138.158.104','','','undefined','http://labpupil.com/onlinetest/','Mozilla/5.0 (Windows NT 6.1; Win64; x64) AppleWebKit/537.36 (KHTML, like Gecko) Chrome/53.0.2785.143 Safari/537.36',0),(709,'2016-10-11','14:30:02','110.138.158.104','','','undefined','http://labpupil.com/onlinetest/account.php','Mozilla/5.0 (Windows NT 6.1; Win64; x64) AppleWebKit/537.36 (KHTML, like Gecko) Chrome/53.0.2785.143 Safari/537.36',0),(710,'2016-10-11','14:30:08','110.138.158.104','','','undefined','http://labpupil.com/onlinetest/account.php','Mozilla/5.0 (Windows NT 6.1; Win64; x64) AppleWebKit/537.36 (KHTML, like Gecko) Chrome/53.0.2785.143 Safari/537.36',0),(711,'2016-10-11','16:09:38','114.124.33.215','','','undefined','undefined','Mozilla/5.0 (Windows NT 10.0; WOW64) AppleWebKit/537.36 (KHTML, like Gecko) Chrome/53.0.2785.116 Safari/537.36 OPR/40.0.2308.81',0),(712,'2016-10-11','16:35:43','120.188.2.98','','','undefined','undefined','Mozilla/5.0 (Windows NT 10.0; WOW64) AppleWebKit/537.36 (KHTML, like Gecko) Chrome/53.0.2785.116 Safari/537.36 OPR/40.0.2308.81',0),(713,'2016-10-11','16:40:38','120.188.2.98','','','undefined','http://labpupil.com/onlinetest/','Mozilla/5.0 (Windows NT 10.0; WOW64) AppleWebKit/537.36 (KHTML, like Gecko) Chrome/53.0.2785.116 Safari/537.36 OPR/40.0.2308.81',0),(714,'2016-10-11','16:40:46','120.188.2.98','','','undefined','http://labpupil.com/onlinetest/account.php','Mozilla/5.0 (Windows NT 10.0; WOW64) AppleWebKit/537.36 (KHTML, like Gecko) Chrome/53.0.2785.116 Safari/537.36 OPR/40.0.2308.81',0),(715,'2016-10-11','16:42:10','120.188.2.98','','','undefined','http://labpupil.com/onlinetest/account.php','Mozilla/5.0 (Windows NT 10.0; WOW64) AppleWebKit/537.36 (KHTML, like Gecko) Chrome/53.0.2785.116 Safari/537.36 OPR/40.0.2308.81',0),(716,'2016-10-11','16:42:15','120.188.2.98','','','do=enrolment&amp;id=3','http://labpupil.com/onlinetest/courses.php','Mozilla/5.0 (Windows NT 10.0; WOW64) AppleWebKit/537.36 (KHTML, like Gecko) Chrome/53.0.2785.116 Safari/537.36 OPR/40.0.2308.81',0),(717,'2016-10-11','16:42:20','120.188.2.98','','','undefined','http://labpupil.com/onlinetest/account.php?do=enrolment&amp;id=3','Mozilla/5.0 (Windows NT 10.0; WOW64) AppleWebKit/537.36 (KHTML, like Gecko) Chrome/53.0.2785.116 Safari/537.36 OPR/40.0.2308.81',0),(718,'2016-10-11','16:42:22','120.188.2.98','','','do=details&amp;id=1','http://labpupil.com/onlinetest/exams.php','Mozilla/5.0 (Windows NT 10.0; WOW64) AppleWebKit/537.36 (KHTML, like Gecko) Chrome/53.0.2785.116 Safari/537.36 OPR/40.0.2308.81',0),(719,'2016-10-11','16:42:24','120.188.2.98','','','do=start&amp;id=1','http://labpupil.com/onlinetest/exams.php?do=details&amp;id=1','Mozilla/5.0 (Windows NT 10.0; WOW64) AppleWebKit/537.36 (KHTML, like Gecko) Chrome/53.0.2785.116 Safari/537.36 OPR/40.0.2308.81',0),(720,'2016-10-11','16:42:27','120.188.2.98','','','do=enrolment&amp;id=4','http://labpupil.com/onlinetest/account.php?do=start&amp;id=1','Mozilla/5.0 (Windows NT 10.0; WOW64) AppleWebKit/537.36 (KHTML, like Gecko) Chrome/53.0.2785.116 Safari/537.36 OPR/40.0.2308.81',0),(721,'2016-10-11','16:42:31','120.188.2.98','','','undefined','http://labpupil.com/onlinetest/account.php?do=enrolment&amp;id=4','Mozilla/5.0 (Windows NT 10.0; WOW64) AppleWebKit/537.36 (KHTML, like Gecko) Chrome/53.0.2785.116 Safari/537.36 OPR/40.0.2308.81',0),(722,'2016-10-11','16:42:34','120.188.2.98','','','do=details&amp;id=3','http://labpupil.com/onlinetest/exams.php','Mozilla/5.0 (Windows NT 10.0; WOW64) AppleWebKit/537.36 (KHTML, like Gecko) Chrome/53.0.2785.116 Safari/537.36 OPR/40.0.2308.81',0),(723,'2016-10-11','16:42:40','120.188.2.98','','','undefined','http://labpupil.com/onlinetest/exams.php?do=details&amp;id=3','Mozilla/5.0 (Windows NT 10.0; WOW64) AppleWebKit/537.36 (KHTML, like Gecko) Chrome/53.0.2785.116 Safari/537.36 OPR/40.0.2308.81',0),(724,'2016-10-11','16:42:43','120.188.2.98','','','do=details&amp;id=3','http://labpupil.com/onlinetest/exams.php','Mozilla/5.0 (Windows NT 10.0; WOW64) AppleWebKit/537.36 (KHTML, like Gecko) Chrome/53.0.2785.116 Safari/537.36 OPR/40.0.2308.81',0),(725,'2016-10-11','16:42:45','120.188.2.98','','','do=quize','http://labpupil.com/onlinetest/exams.php?do=details&amp;id=3','Mozilla/5.0 (Windows NT 10.0; WOW64) AppleWebKit/537.36 (KHTML, like Gecko) Chrome/53.0.2785.116 Safari/537.36 OPR/40.0.2308.81',0),(726,'2016-10-11','16:43:16','120.188.2.98','','','do=quize','http://labpupil.com/onlinetest/account.php?do=quize','Mozilla/5.0 (Windows NT 10.0; WOW64) AppleWebKit/537.36 (KHTML, like Gecko) Chrome/53.0.2785.116 Safari/537.36 OPR/40.0.2308.81',0),(727,'2016-10-11','16:43:25','120.188.2.98','','','do=quize','http://labpupil.com/onlinetest/account.php?do=quize','Mozilla/5.0 (Windows NT 10.0; WOW64) AppleWebKit/537.36 (KHTML, like Gecko) Chrome/53.0.2785.116 Safari/537.36 OPR/40.0.2308.81',0),(728,'2016-10-11','16:43:32','120.188.2.98','','','do=quize','http://labpupil.com/onlinetest/account.php?do=quize','Mozilla/5.0 (Windows NT 10.0; WOW64) AppleWebKit/537.36 (KHTML, like Gecko) Chrome/53.0.2785.116 Safari/537.36 OPR/40.0.2308.81',0),(729,'2016-10-11','16:45:06','120.188.2.98','','','do=quize','http://labpupil.com/onlinetest/account.php?do=quize','Mozilla/5.0 (Windows NT 10.0; WOW64) AppleWebKit/537.36 (KHTML, like Gecko) Chrome/53.0.2785.116 Safari/537.36 OPR/40.0.2308.81',0),(730,'2016-10-11','16:45:13','120.188.2.98','','','do=quize','http://labpupil.com/onlinetest/account.php?do=quize','Mozilla/5.0 (Windows NT 10.0; WOW64) AppleWebKit/537.36 (KHTML, like Gecko) Chrome/53.0.2785.116 Safari/537.36 OPR/40.0.2308.81',0),(731,'2016-10-11','16:55:21','120.188.2.98','','','do=quize','http://labpupil.com/onlinetest/account.php?do=quize','Mozilla/5.0 (Windows NT 10.0; WOW64) AppleWebKit/537.36 (KHTML, like Gecko) Chrome/53.0.2785.116 Safari/537.36 OPR/40.0.2308.81',0),(732,'2016-10-11','16:55:36','120.188.2.98','','','do=quize','undefined','Mozilla/5.0 (Windows NT 10.0; WOW64) AppleWebKit/537.36 (KHTML, like Gecko) Chrome/53.0.2785.116 Safari/537.36 OPR/40.0.2308.81',0),(733,'2016-10-11','16:56:08','120.188.2.98','','','do=quize','undefined','Mozilla/5.0 (Windows NT 10.0; WOW64) AppleWebKit/537.36 (KHTML, like Gecko) Chrome/53.0.2785.116 Safari/537.36 OPR/40.0.2308.81',0),(734,'2016-10-11','16:57:06','120.188.2.98','','','undefined','undefined','Mozilla/5.0 (Windows NT 10.0; WOW64) AppleWebKit/537.36 (KHTML, like Gecko) Chrome/53.0.2785.116 Safari/537.36 OPR/40.0.2308.81',0),(735,'2016-10-11','16:57:18','120.188.2.98','','','undefined','http://labpupil.com/onlinetest/index.php','Mozilla/5.0 (Windows NT 10.0; WOW64) AppleWebKit/537.36 (KHTML, like Gecko) Chrome/53.0.2785.116 Safari/537.36 OPR/40.0.2308.81',0),(736,'2016-10-11','16:57:25','120.188.2.98','','','undefined','undefined','Mozilla/5.0 (Windows NT 10.0; WOW64) AppleWebKit/537.36 (KHTML, like Gecko) Chrome/53.0.2785.116 Safari/537.36 OPR/40.0.2308.81',0),(737,'2016-10-11','16:57:28','120.188.2.98','','','undefined','http://labpupil.com/onlinetest/index.php','Mozilla/5.0 (Windows NT 10.0; WOW64) AppleWebKit/537.36 (KHTML, like Gecko) Chrome/53.0.2785.116 Safari/537.36 OPR/40.0.2308.81',0),(738,'2016-10-11','16:57:31','120.188.2.98','','','undefined','undefined','Mozilla/5.0 (Windows NT 10.0; WOW64) AppleWebKit/537.36 (KHTML, like Gecko) Chrome/53.0.2785.116 Safari/537.36 OPR/40.0.2308.81',0),(739,'2016-10-11','16:57:35','120.188.2.98','','','sort=3','http://labpupil.com/onlinetest/courses.php','Mozilla/5.0 (Windows NT 10.0; WOW64) AppleWebKit/537.36 (KHTML, like Gecko) Chrome/53.0.2785.116 Safari/537.36 OPR/40.0.2308.81',0),(740,'2016-10-11','16:57:37','120.188.2.98','','','sort=3','http://labpupil.com/onlinetest/exams.php?sort=3','Mozilla/5.0 (Windows NT 10.0; WOW64) AppleWebKit/537.36 (KHTML, like Gecko) Chrome/53.0.2785.116 Safari/537.36 OPR/40.0.2308.81',0),(741,'2016-10-11','16:57:42','120.188.2.98','','','do=details&amp;id=3','http://labpupil.com/onlinetest/exams.php?sort=3','Mozilla/5.0 (Windows NT 10.0; WOW64) AppleWebKit/537.36 (KHTML, like Gecko) Chrome/53.0.2785.116 Safari/537.36 OPR/40.0.2308.81',0),(742,'2016-10-11','16:57:50','120.188.2.98','','','do=quize','http://labpupil.com/onlinetest/exams.php?do=details&amp;id=3','Mozilla/5.0 (Windows NT 10.0; WOW64) AppleWebKit/537.36 (KHTML, like Gecko) Chrome/53.0.2785.116 Safari/537.36 OPR/40.0.2308.81',0),(743,'2016-10-12','11:32:50','110.138.158.104','','','undefined','undefined','Mozilla/5.0 (Windows NT 6.1; WOW64; rv:49.0) Gecko/20100101 Firefox/49.0',0),(744,'2016-10-12','11:33:31','110.138.158.104','','','undefined','http://www.labpupil.com/onlinetest/','Mozilla/5.0 (Windows NT 6.1; WOW64; rv:49.0) Gecko/20100101 Firefox/49.0',0),(745,'2016-10-12','11:34:52','110.138.158.104','','','undefined','http://www.labpupil.com/onlinetest/','Mozilla/5.0 (Windows NT 6.1; WOW64; rv:49.0) Gecko/20100101 Firefox/49.0',0),(746,'2016-10-12','11:35:05','110.138.158.104','','','undefined','http://www.labpupil.com/onlinetest/account.php','Mozilla/5.0 (Windows NT 6.1; WOW64; rv:49.0) Gecko/20100101 Firefox/49.0',0),(747,'2016-10-12','11:35:12','110.138.158.104','','','undefined','http://www.labpupil.com/onlinetest/index.php','Mozilla/5.0 (Windows NT 6.1; WOW64; rv:49.0) Gecko/20100101 Firefox/49.0',0),(748,'2016-10-12','11:35:37','110.138.158.104','','','undefined','http://www.labpupil.com/onlinetest/index.php','Mozilla/5.0 (Windows NT 6.1; WOW64; rv:49.0) Gecko/20100101 Firefox/49.0',0),(749,'2016-10-12','11:35:46','110.138.158.104','','','undefined','http://www.labpupil.com/onlinetest/index.php','Mozilla/5.0 (Windows NT 6.1; WOW64; rv:49.0) Gecko/20100101 Firefox/49.0',0),(750,'2016-10-12','11:35:50','110.138.158.104','','','undefined','http://www.labpupil.com/onlinetest/account.php','Mozilla/5.0 (Windows NT 6.1; WOW64; rv:49.0) Gecko/20100101 Firefox/49.0',0),(751,'2016-10-12','11:41:35','110.138.158.104','','','undefined','http://www.labpupil.com/onlinetest/account.php','Mozilla/5.0 (Windows NT 6.1; WOW64; rv:49.0) Gecko/20100101 Firefox/49.0',0),(752,'2016-10-12','11:49:27','110.138.158.104','','','undefined','http://www.labpupil.com/onlinetest/account.php','Mozilla/5.0 (Windows NT 6.1; WOW64; rv:49.0) Gecko/20100101 Firefox/49.0',0),(753,'2016-10-12','12:06:24','110.138.158.104','','','undefined','undefined','Mozilla/5.0 (Windows NT 6.1; WOW64; rv:49.0) Gecko/20100101 Firefox/49.0',0),(754,'2016-10-12','12:06:27','110.138.158.104','','','undefined','undefined','Mozilla/5.0 (Windows NT 6.1; WOW64; rv:49.0) Gecko/20100101 Firefox/49.0',0),(755,'2016-10-12','12:06:39','110.138.158.104','','','undefined','http://www.labpupil.com/onlinetest/index.php','Mozilla/5.0 (Windows NT 6.1; WOW64; rv:49.0) Gecko/20100101 Firefox/49.0',0),(756,'2016-10-12','12:06:45','110.138.158.104','','','undefined','http://www.labpupil.com/onlinetest/account.php','Mozilla/5.0 (Windows NT 6.1; WOW64; rv:49.0) Gecko/20100101 Firefox/49.0',0),(757,'2016-10-12','12:06:52','110.138.158.104','','','undefined','http://www.labpupil.com/onlinetest/index.php','Mozilla/5.0 (Windows NT 6.1; WOW64; rv:49.0) Gecko/20100101 Firefox/49.0',0),(758,'2016-10-12','12:06:56','110.138.158.104','','','undefined','http://www.labpupil.com/onlinetest/account.php','Mozilla/5.0 (Windows NT 6.1; WOW64; rv:49.0) Gecko/20100101 Firefox/49.0',0),(759,'2016-10-12','12:31:04','110.138.158.104','','','undefined','undefined','Mozilla/5.0 (Windows NT 6.1; WOW64; rv:49.0) Gecko/20100101 Firefox/49.0',0),(760,'2016-10-12','12:31:12','110.138.158.104','','','undefined','http://www.labpupil.com/onlinetest/','Mozilla/5.0 (Windows NT 6.1; WOW64; rv:49.0) Gecko/20100101 Firefox/49.0',0),(761,'2016-10-12','12:31:13','110.138.158.104','','','undefined','http://www.labpupil.com/onlinetest/courses.php','Mozilla/5.0 (Windows NT 6.1; WOW64; rv:49.0) Gecko/20100101 Firefox/49.0',0),(762,'2016-10-12','12:31:17','110.138.158.104','','','undefined','http://www.labpupil.com/onlinetest/exams.php','Mozilla/5.0 (Windows NT 6.1; WOW64; rv:49.0) Gecko/20100101 Firefox/49.0',0),(763,'2016-10-12','12:31:20','110.138.158.104','','','undefined','http://www.labpupil.com/onlinetest/resources.php','Mozilla/5.0 (Windows NT 6.1; WOW64; rv:49.0) Gecko/20100101 Firefox/49.0',0),(764,'2016-10-12','12:31:22','110.138.158.104','','','undefined','http://www.labpupil.com/onlinetest/faqs.php','Mozilla/5.0 (Windows NT 6.1; WOW64; rv:49.0) Gecko/20100101 Firefox/49.0',0),(765,'2016-10-12','12:31:24','110.138.158.104','','','undefined','http://www.labpupil.com/onlinetest/contact.php','Mozilla/5.0 (Windows NT 6.1; WOW64; rv:49.0) Gecko/20100101 Firefox/49.0',0),(766,'2016-10-12','12:31:35','110.138.158.104','','','undefined','undefined','Mozilla/5.0 (Windows NT 6.1; WOW64; rv:49.0) Gecko/20100101 Firefox/49.0',0),(767,'2016-10-12','12:32:04','110.138.158.104','','','undefined','undefined','Mozilla/5.0 (Windows NT 6.1; WOW64; rv:49.0) Gecko/20100101 Firefox/49.0',0),(768,'2016-10-12','12:37:41','110.138.158.104','','','undefined','undefined','Mozilla/5.0 (Windows NT 6.1; WOW64; rv:49.0) Gecko/20100101 Firefox/49.0',0),(769,'2016-10-12','12:37:53','110.138.158.104','','','undefined','undefined','Mozilla/5.0 (Windows NT 6.1; WOW64; rv:49.0) Gecko/20100101 Firefox/49.0',0),(770,'2016-10-12','12:41:32','110.138.158.104','','','undefined','http://www.labpupil.com/onlinetest/index.php','Mozilla/5.0 (Windows NT 6.1; WOW64; rv:49.0) Gecko/20100101 Firefox/49.0',0),(771,'2016-10-12','12:41:40','110.138.158.104','','','undefined','http://www.labpupil.com/onlinetest/index.php','Mozilla/5.0 (Windows NT 6.1; WOW64; rv:49.0) Gecko/20100101 Firefox/49.0',0),(772,'2016-10-12','12:41:44','110.138.158.104','','','undefined','http://www.labpupil.com/onlinetest/contact.php','Mozilla/5.0 (Windows NT 6.1; WOW64; rv:49.0) Gecko/20100101 Firefox/49.0',0),(773,'2016-10-12','12:42:18','110.138.158.104','','','undefined','http://www.labpupil.com/onlinetest/faqs.php','Mozilla/5.0 (Windows NT 6.1; WOW64; rv:49.0) Gecko/20100101 Firefox/49.0',0),(774,'2016-10-12','12:42:22','110.138.158.104','','','action=details&amp;id=13','http://www.labpupil.com/onlinetest/resources.php','Mozilla/5.0 (Windows NT 6.1; WOW64; rv:49.0) Gecko/20100101 Firefox/49.0',0),(775,'2016-10-12','12:42:28','110.138.158.104','','','undefined','http://www.labpupil.com/onlinetest/resources.php?action=details&amp;id=13','Mozilla/5.0 (Windows NT 6.1; WOW64; rv:49.0) Gecko/20100101 Firefox/49.0',0),(776,'2016-10-12','12:42:31','110.138.158.104','','','do=details&amp;id=1','http://www.labpupil.com/onlinetest/exams.php','Mozilla/5.0 (Windows NT 6.1; WOW64; rv:49.0) Gecko/20100101 Firefox/49.0',0),(777,'2016-10-12','12:42:37','110.138.158.104','','','undefined','http://www.labpupil.com/onlinetest/exams.php?do=details&amp;id=1','Mozilla/5.0 (Windows NT 6.1; WOW64; rv:49.0) Gecko/20100101 Firefox/49.0',0),(778,'2016-10-12','12:42:42','110.138.158.104','','','sort=3','http://www.labpupil.com/onlinetest/exams.php','Mozilla/5.0 (Windows NT 6.1; WOW64; rv:49.0) Gecko/20100101 Firefox/49.0',0),(779,'2016-10-12','12:42:48','110.138.158.104','','','do=details&amp;id=3','http://www.labpupil.com/onlinetest/exams.php?sort=3','Mozilla/5.0 (Windows NT 6.1; WOW64; rv:49.0) Gecko/20100101 Firefox/49.0',0),(780,'2016-10-12','12:42:50','110.138.158.104','','','undefined','http://www.labpupil.com/onlinetest/exams.php?do=details&amp;id=3','Mozilla/5.0 (Windows NT 6.1; WOW64; rv:49.0) Gecko/20100101 Firefox/49.0',0),(781,'2016-10-12','12:42:52','110.138.158.104','','','sort=3','http://www.labpupil.com/onlinetest/courses.php','Mozilla/5.0 (Windows NT 6.1; WOW64; rv:49.0) Gecko/20100101 Firefox/49.0',0),(782,'2016-10-12','12:42:55','110.138.158.104','','','do=details&amp;id=3','http://www.labpupil.com/onlinetest/exams.php?sort=3','Mozilla/5.0 (Windows NT 6.1; WOW64; rv:49.0) Gecko/20100101 Firefox/49.0',0),(783,'2016-10-12','12:43:02','110.138.158.104','','','undefined','http://www.labpupil.com/onlinetest/exams.php?do=details&amp;id=3','Mozilla/5.0 (Windows NT 6.1; WOW64; rv:49.0) Gecko/20100101 Firefox/49.0',0),(784,'2016-10-12','12:43:03','110.138.158.104','','','undefined','http://www.labpupil.com/onlinetest/courses.php','Mozilla/5.0 (Windows NT 6.1; WOW64; rv:49.0) Gecko/20100101 Firefox/49.0',0),(785,'2016-10-12','12:45:36','110.138.158.104','','','undefined','http://www.labpupil.com/onlinetest/courses.php','Mozilla/5.0 (Windows NT 6.1; WOW64; rv:49.0) Gecko/20100101 Firefox/49.0',0),(786,'2016-10-12','13:02:06','110.138.158.104','','','undefined','undefined','Mozilla/5.0 (Windows NT 6.1; WOW64; rv:49.0) Gecko/20100101 Firefox/49.0',0),(787,'2017-01-11','16:55:28','110.138.92.28','','','undefined','undefined','Mozilla/5.0 (Windows NT 10.0; WOW64; rv:50.0) Gecko/20100101 Firefox/50.0',0),(788,'2017-01-11','16:56:38','110.138.92.28','','','undefined','http://starstudents.co.id/onlinetest/','Mozilla/5.0 (Windows NT 10.0; WOW64; rv:50.0) Gecko/20100101 Firefox/50.0',0),(789,'2017-01-11','16:56:40','110.138.92.28','','','undefined','http://starstudents.co.id/onlinetest/courses.php','Mozilla/5.0 (Windows NT 10.0; WOW64; rv:50.0) Gecko/20100101 Firefox/50.0',0),(790,'2017-01-11','16:56:42','110.138.92.28','','','undefined','http://starstudents.co.id/onlinetest/exams.php','Mozilla/5.0 (Windows NT 10.0; WOW64; rv:50.0) Gecko/20100101 Firefox/50.0',0),(791,'2017-01-11','16:56:44','110.138.92.28','','','undefined','http://starstudents.co.id/onlinetest/resources.php','Mozilla/5.0 (Windows NT 10.0; WOW64; rv:50.0) Gecko/20100101 Firefox/50.0',0),(792,'2017-01-11','16:56:45','110.138.92.28','','','undefined','http://starstudents.co.id/onlinetest/faqs.php','Mozilla/5.0 (Windows NT 10.0; WOW64; rv:50.0) Gecko/20100101 Firefox/50.0',0),(793,'2017-01-11','16:56:47','110.138.92.28','','','undefined','http://starstudents.co.id/onlinetest/contact.php','Mozilla/5.0 (Windows NT 10.0; WOW64; rv:50.0) Gecko/20100101 Firefox/50.0',0),(794,'2017-01-11','16:56:48','110.138.92.28','','','sort=3','http://starstudents.co.id/onlinetest/courses.php','Mozilla/5.0 (Windows NT 10.0; WOW64; rv:50.0) Gecko/20100101 Firefox/50.0',0),(795,'2017-01-11','16:56:56','110.138.92.28','','','do=details&amp;id=3','http://starstudents.co.id/onlinetest/exams.php?sort=3','Mozilla/5.0 (Windows NT 10.0; WOW64; rv:50.0) Gecko/20100101 Firefox/50.0',0),(796,'2017-01-11','16:56:59','110.138.92.28','','','undefined','http://starstudents.co.id/onlinetest/exams.php?do=details&amp;id=3','Mozilla/5.0 (Windows NT 10.0; WOW64; rv:50.0) Gecko/20100101 Firefox/50.0',0),(797,'2017-01-11','16:59:37','110.138.92.28','','','undefined','http://starstudents.co.id/onlinetest/account.php','Mozilla/5.0 (Windows NT 10.0; WOW64; rv:50.0) Gecko/20100101 Firefox/50.0',0),(798,'2017-01-11','16:59:40','110.138.92.28','','','undefined','http://starstudents.co.id/onlinetest/account.php','Mozilla/5.0 (Windows NT 10.0; WOW64; rv:50.0) Gecko/20100101 Firefox/50.0',0),(799,'2017-01-11','16:59:44','110.138.92.28','','','undefined','http://starstudents.co.id/onlinetest/exams.php','Mozilla/5.0 (Windows NT 10.0; WOW64; rv:50.0) Gecko/20100101 Firefox/50.0',0),(800,'2017-01-11','17:02:29','110.138.92.28','','','undefined','http://starstudents.co.id/onlinetest/index.php','Mozilla/5.0 (Windows NT 10.0; WOW64; rv:50.0) Gecko/20100101 Firefox/50.0',0),(801,'2017-01-11','17:22:58','110.138.92.28','','','undefined','http://starstudents.co.id/onlinetest/account.php','Mozilla/5.0 (Windows NT 10.0; WOW64; rv:50.0) Gecko/20100101 Firefox/50.0',0),(802,'2017-01-11','17:23:12','110.138.92.28','','','undefined','http://starstudents.co.id/onlinetest/account.php','Mozilla/5.0 (Windows NT 10.0; WOW64; rv:50.0) Gecko/20100101 Firefox/50.0',0),(803,'2017-01-11','17:23:14','110.138.92.28','','','undefined','http://starstudents.co.id/onlinetest/courses.php','Mozilla/5.0 (Windows NT 10.0; WOW64; rv:50.0) Gecko/20100101 Firefox/50.0',0),(804,'2017-01-11','17:23:16','110.138.92.28','','','undefined','http://starstudents.co.id/onlinetest/exams.php','Mozilla/5.0 (Windows NT 10.0; WOW64; rv:50.0) Gecko/20100101 Firefox/50.0',0),(805,'2017-01-11','17:23:18','110.138.92.28','','','undefined','http://starstudents.co.id/onlinetest/resources.php','Mozilla/5.0 (Windows NT 10.0; WOW64; rv:50.0) Gecko/20100101 Firefox/50.0',0),(806,'2017-01-11','17:23:19','110.138.92.28','','','undefined','http://starstudents.co.id/onlinetest/faqs.php','Mozilla/5.0 (Windows NT 10.0; WOW64; rv:50.0) Gecko/20100101 Firefox/50.0',0),(807,'2017-01-11','17:28:02','110.138.92.28','','','undefined','http://starstudents.co.id/onlinetest/account.php','Mozilla/5.0 (Windows NT 10.0; WOW64; rv:50.0) Gecko/20100101 Firefox/50.0',0),(808,'2017-01-11','17:28:04','110.138.92.28','','','undefined','http://starstudents.co.id/onlinetest/account.php','Mozilla/5.0 (Windows NT 10.0; WOW64; rv:50.0) Gecko/20100101 Firefox/50.0',0),(809,'2017-01-11','17:28:06','110.138.92.28','','','undefined','http://starstudents.co.id/onlinetest/courses.php','Mozilla/5.0 (Windows NT 10.0; WOW64; rv:50.0) Gecko/20100101 Firefox/50.0',0),(810,'2017-01-11','17:28:07','110.138.92.28','','','undefined','http://starstudents.co.id/onlinetest/exams.php','Mozilla/5.0 (Windows NT 10.0; WOW64; rv:50.0) Gecko/20100101 Firefox/50.0',0),(811,'2017-01-11','17:28:08','110.138.92.28','','','undefined','http://starstudents.co.id/onlinetest/resources.php','Mozilla/5.0 (Windows NT 10.0; WOW64; rv:50.0) Gecko/20100101 Firefox/50.0',0),(812,'2017-01-11','17:28:09','110.138.92.28','','','undefined','http://starstudents.co.id/onlinetest/faqs.php','Mozilla/5.0 (Windows NT 10.0; WOW64; rv:50.0) Gecko/20100101 Firefox/50.0',0),(813,'2017-01-11','17:28:19','110.138.92.28','','','undefined','http://starstudents.co.id/onlinetest/faqs.php','Mozilla/5.0 (Windows NT 10.0; WOW64; rv:50.0) Gecko/20100101 Firefox/50.0',0),(814,'2017-01-11','17:28:21','110.138.92.28','','','undefined','http://starstudents.co.id/onlinetest/account.php','Mozilla/5.0 (Windows NT 10.0; WOW64; rv:50.0) Gecko/20100101 Firefox/50.0',0),(815,'2017-01-11','17:28:26','110.138.92.28','','','undefined','http://starstudents.co.id/onlinetest/contact.php','Mozilla/5.0 (Windows NT 10.0; WOW64; rv:50.0) Gecko/20100101 Firefox/50.0',0),(816,'2017-01-11','17:28:29','110.138.92.28','','','do=details&amp;id=1','http://starstudents.co.id/onlinetest/exams.php','Mozilla/5.0 (Windows NT 10.0; WOW64; rv:50.0) Gecko/20100101 Firefox/50.0',0),(817,'2017-01-11','17:28:31','110.138.92.28','','','do=start&amp;id=1','http://starstudents.co.id/onlinetest/exams.php?do=details&amp;id=1','Mozilla/5.0 (Windows NT 10.0; WOW64; rv:50.0) Gecko/20100101 Firefox/50.0',0),(818,'2017-01-11','17:28:33','110.138.92.28','','','do=enrolment&amp;id=4','http://starstudents.co.id/onlinetest/account.php?do=start&amp;id=1','Mozilla/5.0 (Windows NT 10.0; WOW64; rv:50.0) Gecko/20100101 Firefox/50.0',0),(819,'2017-01-11','17:28:42','110.138.92.28','','','sort=4','http://starstudents.co.id/onlinetest/account.php?do=enrolment&amp;id=4','Mozilla/5.0 (Windows NT 10.0; WOW64; rv:50.0) Gecko/20100101 Firefox/50.0',0),(820,'2017-01-11','17:28:45','110.138.92.28','','','do=details&amp;id=1','http://starstudents.co.id/onlinetest/exams.php?sort=4','Mozilla/5.0 (Windows NT 10.0; WOW64; rv:50.0) Gecko/20100101 Firefox/50.0',0),(821,'2017-01-11','17:28:46','110.138.92.28','','','do=quize','http://starstudents.co.id/onlinetest/exams.php?do=details&amp;id=1','Mozilla/5.0 (Windows NT 10.0; WOW64; rv:50.0) Gecko/20100101 Firefox/50.0',0),(822,'2017-01-11','17:28:54','110.138.92.28','','','do=quize','http://starstudents.co.id/onlinetest/account.php?do=quize','Mozilla/5.0 (Windows NT 10.0; WOW64; rv:50.0) Gecko/20100101 Firefox/50.0',0),(823,'2017-01-11','17:28:57','110.138.92.28','','','do=quize','http://starstudents.co.id/onlinetest/account.php?do=quize','Mozilla/5.0 (Windows NT 10.0; WOW64; rv:50.0) Gecko/20100101 Firefox/50.0',0),(824,'2017-01-11','17:29:07','110.138.92.28','','','do=quize','http://starstudents.co.id/onlinetest/account.php?do=quize','Mozilla/5.0 (Windows NT 10.0; WOW64; rv:50.0) Gecko/20100101 Firefox/50.0',0),(825,'2017-01-11','17:29:21','110.138.92.28','','','do=quize','http://starstudents.co.id/onlinetest/account.php?do=quize','Mozilla/5.0 (Windows NT 10.0; WOW64; rv:50.0) Gecko/20100101 Firefox/50.0',0),(826,'2017-01-11','17:29:33','110.138.92.28','','','do=quize','http://starstudents.co.id/onlinetest/account.php?do=quize','Mozilla/5.0 (Windows NT 10.0; WOW64; rv:50.0) Gecko/20100101 Firefox/50.0',0),(827,'2017-01-11','17:29:50','110.138.92.28','','','do=quize','http://starstudents.co.id/onlinetest/account.php?do=quize','Mozilla/5.0 (Windows NT 10.0; WOW64; rv:50.0) Gecko/20100101 Firefox/50.0',0),(828,'2017-01-11','17:29:56','110.138.92.28','','','do=quize','http://starstudents.co.id/onlinetest/account.php?do=quize','Mozilla/5.0 (Windows NT 10.0; WOW64; rv:50.0) Gecko/20100101 Firefox/50.0',0),(829,'2017-01-11','17:30:09','110.138.92.28','','','do=quize','http://starstudents.co.id/onlinetest/account.php?do=quize','Mozilla/5.0 (Windows NT 10.0; WOW64; rv:50.0) Gecko/20100101 Firefox/50.0',0),(830,'2017-01-11','17:30:17','110.138.92.28','','','do=quize','http://starstudents.co.id/onlinetest/account.php?do=quize','Mozilla/5.0 (Windows NT 10.0; WOW64; rv:50.0) Gecko/20100101 Firefox/50.0',0),(831,'2017-01-11','17:30:22','110.138.92.28','','','do=quize','http://starstudents.co.id/onlinetest/account.php?do=quize','Mozilla/5.0 (Windows NT 10.0; WOW64; rv:50.0) Gecko/20100101 Firefox/50.0',0),(832,'2017-01-11','17:30:26','110.138.92.28','','','do=quize','http://starstudents.co.id/onlinetest/account.php?do=quize','Mozilla/5.0 (Windows NT 10.0; WOW64; rv:50.0) Gecko/20100101 Firefox/50.0',0),(833,'2017-01-11','17:30:47','110.138.92.28','','','do=quize','http://starstudents.co.id/onlinetest/account.php?do=quize','Mozilla/5.0 (Windows NT 10.0; WOW64; rv:50.0) Gecko/20100101 Firefox/50.0',0),(834,'2017-01-11','17:30:58','110.138.92.28','','','do=quize','http://starstudents.co.id/onlinetest/account.php?do=quize','Mozilla/5.0 (Windows NT 10.0; WOW64; rv:50.0) Gecko/20100101 Firefox/50.0',0),(835,'2017-01-11','17:31:05','110.138.92.28','','','do=quize','http://starstudents.co.id/onlinetest/account.php?do=quize','Mozilla/5.0 (Windows NT 10.0; WOW64; rv:50.0) Gecko/20100101 Firefox/50.0',0),(836,'2017-01-11','17:31:12','110.138.92.28','','','do=quize','http://starstudents.co.id/onlinetest/account.php?do=quize','Mozilla/5.0 (Windows NT 10.0; WOW64; rv:50.0) Gecko/20100101 Firefox/50.0',0),(837,'2017-01-11','17:31:27','110.138.92.28','','','do=quize','http://starstudents.co.id/onlinetest/account.php?do=quize','Mozilla/5.0 (Windows NT 10.0; WOW64; rv:50.0) Gecko/20100101 Firefox/50.0',0),(838,'2017-01-11','17:31:33','110.138.92.28','','','do=quize','http://starstudents.co.id/onlinetest/account.php?do=quize','Mozilla/5.0 (Windows NT 10.0; WOW64; rv:50.0) Gecko/20100101 Firefox/50.0',0),(839,'2017-01-11','17:31:45','110.138.92.28','','','do=quize','http://starstudents.co.id/onlinetest/account.php?do=quize','Mozilla/5.0 (Windows NT 10.0; WOW64; rv:50.0) Gecko/20100101 Firefox/50.0',0),(840,'2017-01-11','17:31:55','110.138.92.28','','','do=quize','http://starstudents.co.id/onlinetest/account.php?do=quize','Mozilla/5.0 (Windows NT 10.0; WOW64; rv:50.0) Gecko/20100101 Firefox/50.0',0),(841,'2017-01-11','17:32:01','110.138.92.28','','','do=quize','http://starstudents.co.id/onlinetest/account.php?do=quize','Mozilla/5.0 (Windows NT 10.0; WOW64; rv:50.0) Gecko/20100101 Firefox/50.0',0),(842,'2017-01-11','17:32:09','110.138.92.28','','','do=result','http://starstudents.co.id/onlinetest/account.php?do=quize','Mozilla/5.0 (Windows NT 10.0; WOW64; rv:50.0) Gecko/20100101 Firefox/50.0',0),(843,'2017-01-11','17:32:46','110.138.92.28','','','do=review','http://starstudents.co.id/onlinetest/account.php?do=result','Mozilla/5.0 (Windows NT 10.0; WOW64; rv:50.0) Gecko/20100101 Firefox/50.0',0),(844,'2017-01-11','17:32:52','110.138.92.28','','','do=review','http://starstudents.co.id/onlinetest/account.php?do=review','Mozilla/5.0 (Windows NT 10.0; WOW64; rv:50.0) Gecko/20100101 Firefox/50.0',0),(845,'2017-01-11','17:32:58','110.138.92.28','','','do=review','http://starstudents.co.id/onlinetest/account.php?do=review','Mozilla/5.0 (Windows NT 10.0; WOW64; rv:50.0) Gecko/20100101 Firefox/50.0',0),(846,'2017-01-11','17:33:00','110.138.92.28','','','do=review','http://starstudents.co.id/onlinetest/account.php?do=review','Mozilla/5.0 (Windows NT 10.0; WOW64; rv:50.0) Gecko/20100101 Firefox/50.0',0),(847,'2017-01-11','17:33:02','110.138.92.28','','','do=review','http://starstudents.co.id/onlinetest/account.php?do=review','Mozilla/5.0 (Windows NT 10.0; WOW64; rv:50.0) Gecko/20100101 Firefox/50.0',0),(848,'2017-01-11','17:33:07','110.138.92.28','','','do=review','http://starstudents.co.id/onlinetest/account.php?do=review','Mozilla/5.0 (Windows NT 10.0; WOW64; rv:50.0) Gecko/20100101 Firefox/50.0',0),(849,'2017-01-11','17:33:09','110.138.92.28','','','do=review','http://starstudents.co.id/onlinetest/account.php?do=review','Mozilla/5.0 (Windows NT 10.0; WOW64; rv:50.0) Gecko/20100101 Firefox/50.0',0),(850,'2017-01-11','17:33:11','110.138.92.28','','','do=review','http://starstudents.co.id/onlinetest/account.php?do=review','Mozilla/5.0 (Windows NT 10.0; WOW64; rv:50.0) Gecko/20100101 Firefox/50.0',0),(851,'2017-01-11','17:33:14','110.138.92.28','','','do=review','http://starstudents.co.id/onlinetest/account.php?do=review','Mozilla/5.0 (Windows NT 10.0; WOW64; rv:50.0) Gecko/20100101 Firefox/50.0',0),(852,'2017-01-11','17:33:18','110.138.92.28','','','do=review','http://starstudents.co.id/onlinetest/account.php?do=review','Mozilla/5.0 (Windows NT 10.0; WOW64; rv:50.0) Gecko/20100101 Firefox/50.0',0),(853,'2017-01-11','17:33:20','110.138.92.28','','','do=review','http://starstudents.co.id/onlinetest/account.php?do=review','Mozilla/5.0 (Windows NT 10.0; WOW64; rv:50.0) Gecko/20100101 Firefox/50.0',0),(854,'2017-01-11','17:33:23','110.138.92.28','','','do=review','http://starstudents.co.id/onlinetest/account.php?do=review','Mozilla/5.0 (Windows NT 10.0; WOW64; rv:50.0) Gecko/20100101 Firefox/50.0',0),(855,'2017-01-11','17:33:27','110.138.92.28','','','do=review','http://starstudents.co.id/onlinetest/account.php?do=review','Mozilla/5.0 (Windows NT 10.0; WOW64; rv:50.0) Gecko/20100101 Firefox/50.0',0),(856,'2017-01-11','17:33:29','110.138.92.28','','','do=review','http://starstudents.co.id/onlinetest/account.php?do=review','Mozilla/5.0 (Windows NT 10.0; WOW64; rv:50.0) Gecko/20100101 Firefox/50.0',0),(857,'2017-01-11','17:33:31','110.138.92.28','','','do=review','http://starstudents.co.id/onlinetest/account.php?do=review','Mozilla/5.0 (Windows NT 10.0; WOW64; rv:50.0) Gecko/20100101 Firefox/50.0',0),(858,'2017-01-11','17:33:33','110.138.92.28','','','do=review','http://starstudents.co.id/onlinetest/account.php?do=review','Mozilla/5.0 (Windows NT 10.0; WOW64; rv:50.0) Gecko/20100101 Firefox/50.0',0),(859,'2017-01-11','17:33:35','110.138.92.28','','','do=review','http://starstudents.co.id/onlinetest/account.php?do=review','Mozilla/5.0 (Windows NT 10.0; WOW64; rv:50.0) Gecko/20100101 Firefox/50.0',0),(860,'2017-01-11','17:33:39','110.138.92.28','','','do=review','http://starstudents.co.id/onlinetest/account.php?do=review','Mozilla/5.0 (Windows NT 10.0; WOW64; rv:50.0) Gecko/20100101 Firefox/50.0',0),(861,'2017-01-11','17:33:47','110.138.92.28','','','do=review','http://starstudents.co.id/onlinetest/account.php?do=review','Mozilla/5.0 (Windows NT 10.0; WOW64; rv:50.0) Gecko/20100101 Firefox/50.0',0),(862,'2017-01-11','17:33:51','110.138.92.28','','','do=review','http://starstudents.co.id/onlinetest/account.php?do=review','Mozilla/5.0 (Windows NT 10.0; WOW64; rv:50.0) Gecko/20100101 Firefox/50.0',0),(863,'2017-01-11','17:33:53','110.138.92.28','','','do=review','http://starstudents.co.id/onlinetest/account.php?do=review','Mozilla/5.0 (Windows NT 10.0; WOW64; rv:50.0) Gecko/20100101 Firefox/50.0',0),(864,'2017-01-11','17:33:58','110.138.92.28','','','undefined','http://starstudents.co.id/onlinetest/account.php?do=review','Mozilla/5.0 (Windows NT 10.0; WOW64; rv:50.0) Gecko/20100101 Firefox/50.0',0),(865,'2017-01-11','17:34:02','110.138.92.28','','','sort=4','http://starstudents.co.id/onlinetest/courses.php','Mozilla/5.0 (Windows NT 10.0; WOW64; rv:50.0) Gecko/20100101 Firefox/50.0',0),(866,'2017-01-11','17:34:04','110.138.92.28','','','do=details&amp;id=1','http://starstudents.co.id/onlinetest/exams.php?sort=4','Mozilla/5.0 (Windows NT 10.0; WOW64; rv:50.0) Gecko/20100101 Firefox/50.0',0),(867,'2017-01-11','17:34:07','110.138.92.28','','','undefined','http://starstudents.co.id/onlinetest/exams.php?do=details&amp;id=1','Mozilla/5.0 (Windows NT 10.0; WOW64; rv:50.0) Gecko/20100101 Firefox/50.0',0),(868,'2017-01-11','17:35:17','110.138.92.28','','','undefined','http://starstudents.co.id/onlinetest/account.php','Mozilla/5.0 (Windows NT 10.0; WOW64; rv:50.0) Gecko/20100101 Firefox/50.0',0),(869,'2017-01-11','17:35:21','110.138.92.28','','','undefined','http://starstudents.co.id/onlinetest/courses.php','Mozilla/5.0 (Windows NT 10.0; WOW64; rv:50.0) Gecko/20100101 Firefox/50.0',0),(870,'2017-01-11','17:35:24','110.138.92.28','','','undefined','http://starstudents.co.id/onlinetest/exams.php','Mozilla/5.0 (Windows NT 10.0; WOW64; rv:50.0) Gecko/20100101 Firefox/50.0',0),(871,'2017-01-11','17:35:27','110.138.92.28','','','action=details&amp;id=14','http://starstudents.co.id/onlinetest/resources.php','Mozilla/5.0 (Windows NT 10.0; WOW64; rv:50.0) Gecko/20100101 Firefox/50.0',0),(872,'2017-01-11','17:35:29','110.138.92.28','','','undefined','http://starstudents.co.id/onlinetest/resources.php?action=details&amp;id=14','Mozilla/5.0 (Windows NT 10.0; WOW64; rv:50.0) Gecko/20100101 Firefox/50.0',0),(873,'2017-01-11','17:35:33','110.138.92.28','','','undefined','http://starstudents.co.id/onlinetest/faqs.php','Mozilla/5.0 (Windows NT 10.0; WOW64; rv:50.0) Gecko/20100101 Firefox/50.0',0),(874,'2017-01-11','17:35:37','110.138.92.28','','','undefined','http://starstudents.co.id/onlinetest/contact.php','Mozilla/5.0 (Windows NT 10.0; WOW64; rv:50.0) Gecko/20100101 Firefox/50.0',0),(875,'2017-01-11','17:35:51','110.138.92.28','','','undefined','http://starstudents.co.id/onlinetest/index.php','Mozilla/5.0 (Windows NT 10.0; WOW64; rv:50.0) Gecko/20100101 Firefox/50.0',0),(876,'2017-01-11','17:35:56','110.138.92.28','','','undefined','http://starstudents.co.id/onlinetest/account.php','Mozilla/5.0 (Windows NT 10.0; WOW64; rv:50.0) Gecko/20100101 Firefox/50.0',0),(877,'2017-01-11','17:36:08','110.138.92.28','','','undefined','http://starstudents.co.id/onlinetest/index.php','Mozilla/5.0 (Windows NT 10.0; WOW64; rv:50.0) Gecko/20100101 Firefox/50.0',0),(878,'2017-01-11','17:36:16','110.138.92.28','','','undefined','http://starstudents.co.id/onlinetest/account.php','Mozilla/5.0 (Windows NT 10.0; WOW64; rv:50.0) Gecko/20100101 Firefox/50.0',0),(879,'2017-01-11','17:36:18','110.138.92.28','','','undefined','http://starstudents.co.id/onlinetest/courses.php','Mozilla/5.0 (Windows NT 10.0; WOW64; rv:50.0) Gecko/20100101 Firefox/50.0',0),(880,'2017-01-11','17:36:19','110.138.92.28','','','undefined','http://starstudents.co.id/onlinetest/exams.php','Mozilla/5.0 (Windows NT 10.0; WOW64; rv:50.0) Gecko/20100101 Firefox/50.0',0),(881,'2017-01-11','17:36:21','110.138.92.28','','','undefined','http://starstudents.co.id/onlinetest/resources.php','Mozilla/5.0 (Windows NT 10.0; WOW64; rv:50.0) Gecko/20100101 Firefox/50.0',0),(882,'2017-01-11','17:36:24','110.138.92.28','','','undefined','http://starstudents.co.id/onlinetest/courses.php','Mozilla/5.0 (Windows NT 10.0; WOW64; rv:50.0) Gecko/20100101 Firefox/50.0',0),(883,'2017-01-11','17:36:26','110.138.92.28','','','undefined','http://starstudents.co.id/onlinetest/resources.php','Mozilla/5.0 (Windows NT 10.0; WOW64; rv:50.0) Gecko/20100101 Firefox/50.0',0),(884,'2017-01-11','17:36:29','110.138.92.28','','','undefined','http://starstudents.co.id/onlinetest/contact.php','Mozilla/5.0 (Windows NT 10.0; WOW64; rv:50.0) Gecko/20100101 Firefox/50.0',0),(885,'2017-01-11','17:36:32','110.138.92.28','','','undefined','http://starstudents.co.id/onlinetest/account.php','Mozilla/5.0 (Windows NT 10.0; WOW64; rv:50.0) Gecko/20100101 Firefox/50.0',0),(886,'2017-01-11','17:36:45','110.138.92.28','','','undefined','http://starstudents.co.id/onlinetest/index.php','Mozilla/5.0 (Windows NT 10.0; WOW64; rv:50.0) Gecko/20100101 Firefox/50.0',0),(887,'2017-01-11','17:36:51','110.138.92.28','','','undefined','http://starstudents.co.id/onlinetest/index.php','Mozilla/5.0 (Windows NT 10.0; WOW64; rv:50.0) Gecko/20100101 Firefox/50.0',0),(888,'2017-01-11','17:37:00','110.138.92.28','','','undefined','http://starstudents.co.id/onlinetest/index.php','Mozilla/5.0 (Windows NT 10.0; WOW64; rv:50.0) Gecko/20100101 Firefox/50.0',0),(889,'2017-01-11','17:37:06','110.138.92.28','','','undefined','http://starstudents.co.id/onlinetest/account.php','Mozilla/5.0 (Windows NT 10.0; WOW64; rv:50.0) Gecko/20100101 Firefox/50.0',0),(890,'2017-01-11','17:37:09','110.138.92.28','','','undefined','http://starstudents.co.id/onlinetest/account.php','Mozilla/5.0 (Windows NT 10.0; WOW64; rv:50.0) Gecko/20100101 Firefox/50.0',0),(891,'2017-01-11','17:37:15','110.138.92.28','','','undefined','http://starstudents.co.id/onlinetest/index.php','Mozilla/5.0 (Windows NT 10.0; WOW64; rv:50.0) Gecko/20100101 Firefox/50.0',0),(892,'2017-01-11','17:37:19','110.138.92.28','','','undefined','http://starstudents.co.id/onlinetest/account.php','Mozilla/5.0 (Windows NT 10.0; WOW64; rv:50.0) Gecko/20100101 Firefox/50.0',0),(893,'2017-01-11','17:37:25','110.138.92.28','','','undefined','http://starstudents.co.id/onlinetest/account.php','Mozilla/5.0 (Windows NT 10.0; WOW64; rv:50.0) Gecko/20100101 Firefox/50.0',0),(894,'2017-01-11','17:37:27','110.138.92.28','','','undefined','http://starstudents.co.id/onlinetest/account.php','Mozilla/5.0 (Windows NT 10.0; WOW64; rv:50.0) Gecko/20100101 Firefox/50.0',0),(895,'2017-01-11','17:55:54','110.138.92.28','','','undefined','undefined','Mozilla/5.0 (Windows NT 10.0; WOW64; rv:50.0) Gecko/20100101 Firefox/50.0',0),(896,'2017-01-11','17:56:07','110.138.92.28','','','undefined','undefined','Mozilla/5.0 (Windows NT 6.1; WOW64; rv:50.0) Gecko/20100101 Firefox/50.0',0),(897,'2017-01-11','17:56:25','110.138.92.28','','','undefined','http://starstudents.co.id/onlinetest/account.php','Mozilla/5.0 (Windows NT 10.0; WOW64; rv:50.0) Gecko/20100101 Firefox/50.0',0),(898,'2017-01-11','17:57:16','110.138.92.28','','','undefined','http://starstudents.co.id/onlinetest/account.php','Mozilla/5.0 (Windows NT 10.0; WOW64; rv:50.0) Gecko/20100101 Firefox/50.0',0),(899,'2017-01-11','17:57:30','110.138.92.28','','','undefined','http://starstudents.co.id/onlinetest/index.php','Mozilla/5.0 (Windows NT 10.0; WOW64; rv:50.0) Gecko/20100101 Firefox/50.0',0),(900,'2017-01-11','17:57:33','110.138.92.28','','','sort=3','http://starstudents.co.id/onlinetest/courses.php','Mozilla/5.0 (Windows NT 10.0; WOW64; rv:50.0) Gecko/20100101 Firefox/50.0',0),(901,'2017-01-11','17:57:36','110.138.92.28','','','sort=6','http://starstudents.co.id/onlinetest/exams.php?sort=3','Mozilla/5.0 (Windows NT 10.0; WOW64; rv:50.0) Gecko/20100101 Firefox/50.0',0),(902,'2017-01-11','17:57:39','110.138.92.28','','','pg=1&amp;ipp=100&amp;sort=6','http://starstudents.co.id/onlinetest/exams.php?sort=6','Mozilla/5.0 (Windows NT 10.0; WOW64; rv:50.0) Gecko/20100101 Firefox/50.0',0),(903,'2017-01-11','17:57:41','110.138.92.28','','','pg=1&amp;ipp=100&amp;sort=6','http://starstudents.co.id/onlinetest/exams.php?pg=1&amp;ipp=100&amp;sort=6','Mozilla/5.0 (Windows NT 10.0; WOW64; rv:50.0) Gecko/20100101 Firefox/50.0',0),(904,'2017-01-11','17:57:44','110.138.92.28','','','do=details&amp;id=4','http://starstudents.co.id/onlinetest/exams.php?pg=1&amp;ipp=100&amp;sort=6','Mozilla/5.0 (Windows NT 10.0; WOW64; rv:50.0) Gecko/20100101 Firefox/50.0',0),(905,'2017-01-11','17:57:47','110.138.92.28','','','undefined','http://starstudents.co.id/onlinetest/exams.php?do=details&amp;id=4','Mozilla/5.0 (Windows NT 10.0; WOW64; rv:50.0) Gecko/20100101 Firefox/50.0',0),(906,'2017-01-11','17:58:23','110.138.92.28','','','undefined','http://starstudents.co.id/onlinetest/exams.php?do=details&amp;id=4','Mozilla/5.0 (Windows NT 10.0; WOW64; rv:50.0) Gecko/20100101 Firefox/50.0',0),(907,'2017-01-11','17:59:15','110.138.92.28','','','undefined','http://starstudents.co.id/onlinetest/account.php','Mozilla/5.0 (Windows NT 6.1; WOW64; rv:50.0) Gecko/20100101 Firefox/50.0',0),(908,'2017-01-11','18:01:01','110.138.92.28','','','undefined','http://starstudents.co.id/onlinetest/index.php','Mozilla/5.0 (Windows NT 10.0; WOW64; rv:50.0) Gecko/20100101 Firefox/50.0',0),(909,'2017-01-11','18:01:13','110.138.92.28','','','undefined','http://starstudents.co.id/onlinetest/contact.php','Mozilla/5.0 (Windows NT 10.0; WOW64; rv:50.0) Gecko/20100101 Firefox/50.0',0),(910,'2017-01-11','18:01:15','110.138.92.28','','','undefined','http://starstudents.co.id/onlinetest/index.php','Mozilla/5.0 (Windows NT 10.0; WOW64; rv:50.0) Gecko/20100101 Firefox/50.0',0),(911,'2017-01-11','18:01:17','110.138.92.28','','','undefined','http://starstudents.co.id/onlinetest/index.php','Mozilla/5.0 (Windows NT 10.0; WOW64; rv:50.0) Gecko/20100101 Firefox/50.0',0),(912,'2017-01-11','18:02:55','110.138.92.28','','','undefined','http://starstudents.co.id/onlinetest/index.php','Mozilla/5.0 (Windows NT 10.0; WOW64; rv:50.0) Gecko/20100101 Firefox/50.0',0),(913,'2017-01-11','18:03:23','110.138.92.28','','','undefined','http://starstudents.co.id/onlinetest/index.php','Mozilla/5.0 (Windows NT 10.0; WOW64; rv:50.0) Gecko/20100101 Firefox/50.0',0),(914,'2017-01-11','18:03:49','110.138.92.28','','','undefined','http://starstudents.co.id/onlinetest/index.php','Mozilla/5.0 (Windows NT 10.0; WOW64; rv:50.0) Gecko/20100101 Firefox/50.0',0),(915,'2017-01-11','18:03:50','110.138.92.28','','','undefined','http://starstudents.co.id/onlinetest/index.php','Mozilla/5.0 (Windows NT 10.0; WOW64; rv:50.0) Gecko/20100101 Firefox/50.0',0),(916,'2017-01-11','18:04:07','110.138.92.28','','','undefined','http://starstudents.co.id/onlinetest/index.php','Mozilla/5.0 (Windows NT 10.0; WOW64; rv:50.0) Gecko/20100101 Firefox/50.0',0),(917,'2017-01-11','18:04:27','110.138.92.28','','','undefined','http://starstudents.co.id/onlinetest/index.php','Mozilla/5.0 (Windows NT 10.0; WOW64; rv:50.0) Gecko/20100101 Firefox/50.0',0),(918,'2017-01-11','18:06:47','110.138.92.28','','','undefined','http://starstudents.co.id/onlinetest/index.php','Mozilla/5.0 (Windows NT 10.0; WOW64; rv:50.0) Gecko/20100101 Firefox/50.0',0),(919,'2017-01-11','18:06:49','110.138.92.28','','','undefined','http://starstudents.co.id/onlinetest/index.php','Mozilla/5.0 (Windows NT 10.0; WOW64; rv:50.0) Gecko/20100101 Firefox/50.0',0),(920,'2017-01-11','18:07:29','110.138.92.28','','','undefined','http://starstudents.co.id/onlinetest/index.php','Mozilla/5.0 (Windows NT 10.0; WOW64; rv:50.0) Gecko/20100101 Firefox/50.0',0),(921,'2017-01-11','18:07:44','110.138.92.28','','','undefined','http://starstudents.co.id/onlinetest/index.php','Mozilla/5.0 (Windows NT 10.0; WOW64; rv:50.0) Gecko/20100101 Firefox/50.0',0),(922,'2017-01-11','18:08:04','110.138.92.28','','','undefined','undefined','Mozilla/5.0 (Windows NT 10.0; WOW64; rv:50.0) Gecko/20100101 Firefox/50.0',0),(923,'2017-01-11','18:08:10','110.138.92.28','','','undefined','http://starstudents.co.id/onlinetest/index.php','Mozilla/5.0 (Windows NT 10.0; WOW64; rv:50.0) Gecko/20100101 Firefox/50.0',0),(924,'2017-01-11','18:08:12','110.138.92.28','','','undefined','http://starstudents.co.id/onlinetest/courses.php','Mozilla/5.0 (Windows NT 10.0; WOW64; rv:50.0) Gecko/20100101 Firefox/50.0',0),(925,'2017-01-11','18:08:21','110.138.92.28','','','undefined','http://starstudents.co.id/onlinetest/courses.php','Mozilla/5.0 (Windows NT 10.0; WOW64; rv:50.0) Gecko/20100101 Firefox/50.0',0),(926,'2017-01-11','18:08:23','110.138.92.28','','','undefined','http://starstudents.co.id/onlinetest/index.php','Mozilla/5.0 (Windows NT 10.0; WOW64; rv:50.0) Gecko/20100101 Firefox/50.0',0),(927,'2017-01-11','18:08:25','110.138.92.28','','','undefined','http://starstudents.co.id/onlinetest/exams.php','Mozilla/5.0 (Windows NT 10.0; WOW64; rv:50.0) Gecko/20100101 Firefox/50.0',0),(928,'2017-01-11','18:08:26','110.138.92.28','','','undefined','http://starstudents.co.id/onlinetest/resources.php','Mozilla/5.0 (Windows NT 10.0; WOW64; rv:50.0) Gecko/20100101 Firefox/50.0',0),(929,'2017-01-11','18:08:29','110.138.92.28','','','undefined','http://starstudents.co.id/onlinetest/index.php','Mozilla/5.0 (Windows NT 10.0; WOW64; rv:50.0) Gecko/20100101 Firefox/50.0',0),(930,'2017-01-11','18:08:32','110.138.92.28','','','undefined','http://starstudents.co.id/onlinetest/resources.php','Mozilla/5.0 (Windows NT 10.0; WOW64; rv:50.0) Gecko/20100101 Firefox/50.0',0),(931,'2017-01-11','18:08:34','110.138.92.28','','','undefined','http://starstudents.co.id/onlinetest/index.php','Mozilla/5.0 (Windows NT 10.0; WOW64; rv:50.0) Gecko/20100101 Firefox/50.0',0),(932,'2017-01-11','18:08:36','110.138.92.28','','','undefined','http://starstudents.co.id/onlinetest/contact.php','Mozilla/5.0 (Windows NT 10.0; WOW64; rv:50.0) Gecko/20100101 Firefox/50.0',0),(933,'2017-01-11','18:08:38','110.138.92.28','','','undefined','http://starstudents.co.id/onlinetest/index.php','Mozilla/5.0 (Windows NT 10.0; WOW64; rv:50.0) Gecko/20100101 Firefox/50.0',0),(934,'2017-01-11','18:08:40','110.138.92.28','','','undefined','http://starstudents.co.id/onlinetest/faqs.php','Mozilla/5.0 (Windows NT 10.0; WOW64; rv:50.0) Gecko/20100101 Firefox/50.0',0),(935,'2017-01-11','18:08:41','110.138.92.28','','','undefined','http://starstudents.co.id/onlinetest/index.php','Mozilla/5.0 (Windows NT 10.0; WOW64; rv:50.0) Gecko/20100101 Firefox/50.0',0),(936,'2017-01-11','18:08:42','110.138.92.28','','','undefined','http://starstudents.co.id/onlinetest/contact.php','Mozilla/5.0 (Windows NT 10.0; WOW64; rv:50.0) Gecko/20100101 Firefox/50.0',0),(937,'2017-01-11','18:08:46','110.138.92.28','','','undefined','http://starstudents.co.id/onlinetest/index.php','Mozilla/5.0 (Windows NT 10.0; WOW64; rv:50.0) Gecko/20100101 Firefox/50.0',0),(938,'2017-01-11','18:08:48','110.138.92.28','','','undefined','http://starstudents.co.id/onlinetest/faqs.php','Mozilla/5.0 (Windows NT 10.0; WOW64; rv:50.0) Gecko/20100101 Firefox/50.0',0),(939,'2017-01-11','18:09:07','110.138.92.28','','','undefined','http://starstudents.co.id/onlinetest/index.php','Mozilla/5.0 (Windows NT 10.0; WOW64; rv:50.0) Gecko/20100101 Firefox/50.0',0),(940,'2017-01-11','18:09:08','110.138.92.28','','','undefined','http://starstudents.co.id/onlinetest/courses.php','Mozilla/5.0 (Windows NT 10.0; WOW64; rv:50.0) Gecko/20100101 Firefox/50.0',0),(941,'2017-01-11','18:09:10','110.138.92.28','','','undefined','http://starstudents.co.id/onlinetest/exams.php','Mozilla/5.0 (Windows NT 10.0; WOW64; rv:50.0) Gecko/20100101 Firefox/50.0',0),(942,'2017-01-11','18:09:11','110.138.92.28','','','undefined','http://starstudents.co.id/onlinetest/resources.php','Mozilla/5.0 (Windows NT 10.0; WOW64; rv:50.0) Gecko/20100101 Firefox/50.0',0),(943,'2017-01-11','18:09:12','110.138.92.28','','','undefined','http://starstudents.co.id/onlinetest/faqs.php','Mozilla/5.0 (Windows NT 10.0; WOW64; rv:50.0) Gecko/20100101 Firefox/50.0',0),(944,'2017-01-11','18:09:14','110.138.92.28','','','undefined','http://starstudents.co.id/onlinetest/contact.php','Mozilla/5.0 (Windows NT 10.0; WOW64; rv:50.0) Gecko/20100101 Firefox/50.0',0),(945,'2017-01-11','18:09:15','110.138.92.28','','','undefined','http://starstudents.co.id/onlinetest/faqs.php','Mozilla/5.0 (Windows NT 10.0; WOW64; rv:50.0) Gecko/20100101 Firefox/50.0',0),(946,'2017-01-11','18:09:17','110.138.92.28','','','undefined','http://starstudents.co.id/onlinetest/resources.php','Mozilla/5.0 (Windows NT 10.0; WOW64; rv:50.0) Gecko/20100101 Firefox/50.0',0),(947,'2017-01-11','18:09:18','110.138.92.28','','','undefined','http://starstudents.co.id/onlinetest/exams.php','Mozilla/5.0 (Windows NT 10.0; WOW64; rv:50.0) Gecko/20100101 Firefox/50.0',0),(948,'2017-01-11','18:09:21','110.138.92.28','','','undefined','http://starstudents.co.id/onlinetest/courses.php','Mozilla/5.0 (Windows NT 10.0; WOW64; rv:50.0) Gecko/20100101 Firefox/50.0',0),(949,'2017-01-11','18:09:22','110.138.92.28','','','undefined','http://starstudents.co.id/onlinetest/index.php','Mozilla/5.0 (Windows NT 10.0; WOW64; rv:50.0) Gecko/20100101 Firefox/50.0',0),(950,'2017-01-11','18:09:24','110.138.92.28','','','undefined','http://starstudents.co.id/onlinetest/courses.php','Mozilla/5.0 (Windows NT 10.0; WOW64; rv:50.0) Gecko/20100101 Firefox/50.0',0),(951,'2017-01-11','18:09:26','110.138.92.28','','','undefined','http://starstudents.co.id/onlinetest/exams.php','Mozilla/5.0 (Windows NT 10.0; WOW64; rv:50.0) Gecko/20100101 Firefox/50.0',0),(952,'2017-01-11','18:09:27','110.138.92.28','','','undefined','http://starstudents.co.id/onlinetest/courses.php','Mozilla/5.0 (Windows NT 10.0; WOW64; rv:50.0) Gecko/20100101 Firefox/50.0',0),(953,'2017-01-11','18:10:43','110.138.92.28','','','undefined','http://starstudents.co.id/onlinetest/exams.php','Mozilla/5.0 (Windows NT 10.0; WOW64; rv:50.0) Gecko/20100101 Firefox/50.0',0),(954,'2017-01-11','18:10:58','110.138.92.28','','','undefined','http://starstudents.co.id/onlinetest/exams.php','Mozilla/5.0 (Windows NT 10.0; WOW64; rv:50.0) Gecko/20100101 Firefox/50.0',0),(955,'2017-01-11','18:11:05','110.138.92.28','','','undefined','http://starstudents.co.id/onlinetest/exams.php','Mozilla/5.0 (Windows NT 10.0; WOW64; rv:50.0) Gecko/20100101 Firefox/50.0',0),(956,'2017-01-11','18:11:43','110.138.92.28','','','undefined','http://starstudents.co.id/onlinetest/courses.php','Mozilla/5.0 (Windows NT 10.0; WOW64; rv:50.0) Gecko/20100101 Firefox/50.0',0),(957,'2017-01-11','18:12:04','110.138.92.28','','','undefined','http://starstudents.co.id/onlinetest/exams.php','Mozilla/5.0 (Windows NT 10.0; WOW64; rv:50.0) Gecko/20100101 Firefox/50.0',0),(958,'2017-01-11','18:12:08','110.138.92.28','','','undefined','http://starstudents.co.id/onlinetest/exams.php','Mozilla/5.0 (Windows NT 10.0; WOW64; rv:50.0) Gecko/20100101 Firefox/50.0',0),(959,'2017-01-11','18:12:10','110.138.92.28','','','undefined','http://starstudents.co.id/onlinetest/resources.php','Mozilla/5.0 (Windows NT 10.0; WOW64; rv:50.0) Gecko/20100101 Firefox/50.0',0),(960,'2017-01-11','18:12:27','110.138.92.28','','','undefined','http://starstudents.co.id/onlinetest/faqs.php','Mozilla/5.0 (Windows NT 10.0; WOW64; rv:50.0) Gecko/20100101 Firefox/50.0',0),(961,'2017-01-11','18:12:50','110.138.92.28','','','undefined','http://starstudents.co.id/onlinetest/resources.php','Mozilla/5.0 (Windows NT 10.0; WOW64; rv:50.0) Gecko/20100101 Firefox/50.0',0),(962,'2017-01-11','18:12:53','110.138.92.28','','','undefined','http://starstudents.co.id/onlinetest/index.php','Mozilla/5.0 (Windows NT 10.0; WOW64; rv:50.0) Gecko/20100101 Firefox/50.0',0),(963,'2017-01-11','18:44:29','110.138.92.28','','','undefined','http://starstudents.co.id/onlinetest/courses.php','Mozilla/5.0 (Windows NT 6.1; WOW64; rv:50.0) Gecko/20100101 Firefox/50.0',0),(964,'2017-01-11','18:56:05','110.138.92.28','','','undefined','http://starstudents.co.id/onlinetest/index.php','Mozilla/5.0 (Windows NT 6.1; WOW64; rv:50.0) Gecko/20100101 Firefox/50.0',0),(965,'2017-01-11','21:24:33','110.138.92.28','','','undefined','http://starstudents.co.id/onlinetest/index.php','Mozilla/5.0 (Windows NT 6.1; WOW64; rv:50.0) Gecko/20100101 Firefox/50.0',0),(966,'2017-01-11','21:24:40','110.138.92.28','','','undefined','http://starstudents.co.id/onlinetest/index.php','Mozilla/5.0 (Windows NT 6.1; WOW64; rv:50.0) Gecko/20100101 Firefox/50.0',0),(967,'2017-01-11','21:24:45','110.138.92.28','','','undefined','undefined','Mozilla/5.0 (Windows NT 6.1; WOW64; rv:50.0) Gecko/20100101 Firefox/50.0',0),(968,'2017-01-11','21:24:48','110.138.92.28','','','undefined','http://starstudents.co.id/onlinetest/','Mozilla/5.0 (Windows NT 6.1; WOW64; rv:50.0) Gecko/20100101 Firefox/50.0',0),(969,'2017-01-11','21:24:50','110.138.92.28','','','undefined','http://starstudents.co.id/onlinetest/courses.php','Mozilla/5.0 (Windows NT 6.1; WOW64; rv:50.0) Gecko/20100101 Firefox/50.0',0),(970,'2017-01-11','21:24:55','110.138.92.28','','','undefined','http://starstudents.co.id/onlinetest/index.php','Mozilla/5.0 (Windows NT 6.1; WOW64; rv:50.0) Gecko/20100101 Firefox/50.0',0),(971,'2017-01-11','21:24:57','110.138.92.28','','','undefined','http://starstudents.co.id/onlinetest/courses.php','Mozilla/5.0 (Windows NT 6.1; WOW64; rv:50.0) Gecko/20100101 Firefox/50.0',0),(972,'2017-01-11','21:25:05','110.138.92.28','','','undefined','http://starstudents.co.id/onlinetest/exams.php','Mozilla/5.0 (Windows NT 6.1; WOW64; rv:50.0) Gecko/20100101 Firefox/50.0',0),(973,'2017-01-11','21:25:09','110.138.92.28','','','action=details&amp;id=9','http://starstudents.co.id/onlinetest/resources.php','Mozilla/5.0 (Windows NT 6.1; WOW64; rv:50.0) Gecko/20100101 Firefox/50.0',0),(974,'2017-01-11','21:25:14','110.138.92.28','','','undefined','http://starstudents.co.id/onlinetest/resources.php?action=details&amp;id=9','Mozilla/5.0 (Windows NT 6.1; WOW64; rv:50.0) Gecko/20100101 Firefox/50.0',0),(975,'2017-01-11','21:25:19','110.138.92.28','','','undefined','http://starstudents.co.id/onlinetest/faqs.php','Mozilla/5.0 (Windows NT 6.1; WOW64; rv:50.0) Gecko/20100101 Firefox/50.0',0),(976,'2017-01-12','07:56:52','110.138.92.28','','','undefined','undefined','Mozilla/5.0 (Windows NT 6.1; WOW64; rv:50.0) Gecko/20100101 Firefox/50.0',0),(977,'2017-01-12','07:57:16','110.138.92.28','','','undefined','http://starstudents.co.id/onlinetest/','Mozilla/5.0 (Windows NT 6.1; WOW64; rv:50.0) Gecko/20100101 Firefox/50.0',0),(978,'2017-01-12','07:57:28','110.138.92.28','','','undefined','undefined','Mozilla/5.0 (Windows NT 6.1; WOW64; rv:50.0) Gecko/20100101 Firefox/50.0',0),(979,'2017-01-12','09:22:18','110.138.92.28','','','undefined','http://starstudents.co.id/onlinetest/account.php','Mozilla/5.0 (Windows NT 6.1; WOW64; rv:50.0) Gecko/20100101 Firefox/50.0',0),(980,'2017-01-12','09:22:21','110.138.92.28','','','undefined','undefined','Mozilla/5.0 (Windows NT 6.1; WOW64; rv:50.0) Gecko/20100101 Firefox/50.0',0),(981,'2017-01-12','09:22:22','110.138.92.28','','','undefined','undefined','Mozilla/5.0 (Windows NT 6.1; WOW64; rv:50.0) Gecko/20100101 Firefox/50.0',0),(982,'2017-01-12','09:23:12','110.138.92.28','','','undefined','undefined','Mozilla/5.0 (Windows NT 6.1; WOW64; rv:50.0) Gecko/20100101 Firefox/50.0',0),(983,'2017-01-12','09:39:06','110.138.92.28','','','undefined','undefined','Mozilla/5.0 (Windows NT 6.1; WOW64; rv:50.0) Gecko/20100101 Firefox/50.0',0),(984,'2017-01-12','09:39:08','110.138.92.28','','','undefined','undefined','Mozilla/5.0 (Windows NT 6.1; WOW64; rv:50.0) Gecko/20100101 Firefox/50.0',0),(985,'2017-01-12','09:39:08','110.138.92.28','','','undefined','undefined','Mozilla/5.0 (Windows NT 6.1; WOW64; rv:50.0) Gecko/20100101 Firefox/50.0',0),(986,'2017-01-12','09:39:08','110.138.92.28','','','undefined','undefined','Mozilla/5.0 (Windows NT 6.1; WOW64; rv:50.0) Gecko/20100101 Firefox/50.0',0),(987,'2017-01-12','09:39:08','110.138.92.28','','','undefined','undefined','Mozilla/5.0 (Windows NT 6.1; WOW64; rv:50.0) Gecko/20100101 Firefox/50.0',0),(988,'2017-01-12','09:39:08','110.138.92.28','','','undefined','undefined','Mozilla/5.0 (Windows NT 6.1; WOW64; rv:50.0) Gecko/20100101 Firefox/50.0',0),(989,'2017-01-12','09:39:08','110.138.92.28','','','undefined','undefined','Mozilla/5.0 (Windows NT 6.1; WOW64; rv:50.0) Gecko/20100101 Firefox/50.0',0),(990,'2017-01-12','09:39:09','110.138.92.28','','','undefined','undefined','Mozilla/5.0 (Windows NT 6.1; WOW64; rv:50.0) Gecko/20100101 Firefox/50.0',0),(991,'2017-01-12','09:39:09','110.138.92.28','','','undefined','undefined','Mozilla/5.0 (Windows NT 6.1; WOW64; rv:50.0) Gecko/20100101 Firefox/50.0',0),(992,'2017-01-12','09:39:09','110.138.92.28','','','undefined','undefined','Mozilla/5.0 (Windows NT 6.1; WOW64; rv:50.0) Gecko/20100101 Firefox/50.0',0),(993,'2017-01-12','09:39:09','110.138.92.28','','','undefined','undefined','Mozilla/5.0 (Windows NT 6.1; WOW64; rv:50.0) Gecko/20100101 Firefox/50.0',0),(994,'2017-01-12','09:39:09','110.138.92.28','','','undefined','undefined','Mozilla/5.0 (Windows NT 6.1; WOW64; rv:50.0) Gecko/20100101 Firefox/50.0',0),(995,'2017-01-12','09:39:09','110.138.92.28','','','undefined','undefined','Mozilla/5.0 (Windows NT 6.1; WOW64; rv:50.0) Gecko/20100101 Firefox/50.0',0),(996,'2017-01-12','09:39:09','110.138.92.28','','','undefined','undefined','Mozilla/5.0 (Windows NT 6.1; WOW64; rv:50.0) Gecko/20100101 Firefox/50.0',0),(997,'2017-01-12','09:39:09','110.138.92.28','','','undefined','undefined','Mozilla/5.0 (Windows NT 6.1; WOW64; rv:50.0) Gecko/20100101 Firefox/50.0',0),(998,'2017-01-12','09:39:09','110.138.92.28','','','undefined','undefined','Mozilla/5.0 (Windows NT 6.1; WOW64; rv:50.0) Gecko/20100101 Firefox/50.0',0),(999,'2017-01-12','09:39:09','110.138.92.28','','','undefined','undefined','Mozilla/5.0 (Windows NT 6.1; WOW64; rv:50.0) Gecko/20100101 Firefox/50.0',0),(1000,'2017-01-12','09:39:09','110.138.92.28','','','undefined','undefined','Mozilla/5.0 (Windows NT 6.1; WOW64; rv:50.0) Gecko/20100101 Firefox/50.0',0),(1001,'2017-01-12','09:39:09','110.138.92.28','','','undefined','undefined','Mozilla/5.0 (Windows NT 6.1; WOW64; rv:50.0) Gecko/20100101 Firefox/50.0',0),(1002,'2017-01-12','09:39:09','110.138.92.28','','','undefined','undefined','Mozilla/5.0 (Windows NT 6.1; WOW64; rv:50.0) Gecko/20100101 Firefox/50.0',0),(1003,'2017-01-12','09:39:09','110.138.92.28','','','undefined','undefined','Mozilla/5.0 (Windows NT 6.1; WOW64; rv:50.0) Gecko/20100101 Firefox/50.0',0),(1004,'2017-01-12','09:39:09','110.138.92.28','','','undefined','undefined','Mozilla/5.0 (Windows NT 6.1; WOW64; rv:50.0) Gecko/20100101 Firefox/50.0',0),(1005,'2017-01-12','09:39:09','110.138.92.28','','','undefined','undefined','Mozilla/5.0 (Windows NT 6.1; WOW64; rv:50.0) Gecko/20100101 Firefox/50.0',0),(1006,'2017-01-12','09:39:09','110.138.92.28','','','undefined','undefined','Mozilla/5.0 (Windows NT 6.1; WOW64; rv:50.0) Gecko/20100101 Firefox/50.0',0),(1007,'2017-01-12','09:39:09','110.138.92.28','','','undefined','undefined','Mozilla/5.0 (Windows NT 6.1; WOW64; rv:50.0) Gecko/20100101 Firefox/50.0',0),(1008,'2017-01-12','09:39:09','110.138.92.28','','','undefined','undefined','Mozilla/5.0 (Windows NT 6.1; WOW64; rv:50.0) Gecko/20100101 Firefox/50.0',0),(1009,'2017-01-12','09:39:09','110.138.92.28','','','undefined','undefined','Mozilla/5.0 (Windows NT 6.1; WOW64; rv:50.0) Gecko/20100101 Firefox/50.0',0),(1010,'2017-01-12','09:41:20','110.138.92.28','','','undefined','undefined','Mozilla/5.0 (Windows NT 6.1; WOW64; rv:50.0) Gecko/20100101 Firefox/50.0',0),(1011,'2017-01-12','09:42:39','110.138.92.28','','','undefined','undefined','Mozilla/5.0 (Windows NT 6.1; WOW64; rv:50.0) Gecko/20100101 Firefox/50.0',0),(1012,'2017-01-12','09:44:54','110.138.92.28','','','undefined','undefined','Mozilla/5.0 (Windows NT 6.1; WOW64; rv:50.0) Gecko/20100101 Firefox/50.0',0),(1013,'2017-01-12','09:45:12','110.138.92.28','','','undefined','http://starstudents.co.id/onlinetest/','Mozilla/5.0 (Windows NT 6.1; WOW64; rv:50.0) Gecko/20100101 Firefox/50.0',0),(1014,'2017-01-12','09:45:21','110.138.92.28','','','undefined','http://starstudents.co.id/onlinetest/','Mozilla/5.0 (Windows NT 6.1; WOW64; rv:50.0) Gecko/20100101 Firefox/50.0',0),(1015,'2017-01-12','09:46:48','110.138.92.28','','','undefined','http://starstudents.co.id/onlinetest/','Mozilla/5.0 (Windows NT 6.1; WOW64; rv:50.0) Gecko/20100101 Firefox/50.0',0),(1016,'2017-01-12','09:46:58','110.138.92.28','','','undefined','undefined','Mozilla/5.0 (Windows NT 6.1; WOW64; rv:50.0) Gecko/20100101 Firefox/50.0',0),(1017,'2017-01-12','09:52:53','110.138.92.28','','','undefined','undefined','Mozilla/5.0 (Windows NT 6.1; WOW64; rv:50.0) Gecko/20100101 Firefox/50.0',0),(1018,'2017-01-12','09:53:43','110.138.92.28','','','undefined','undefined','Mozilla/5.0 (Windows NT 6.1; WOW64; rv:50.0) Gecko/20100101 Firefox/50.0',0),(1019,'2017-01-12','09:56:38','110.138.92.28','','','undefined','undefined','Mozilla/5.0 (Windows NT 6.1; WOW64; rv:50.0) Gecko/20100101 Firefox/50.0',0),(1020,'2017-01-12','09:57:33','110.138.92.28','','','undefined','undefined','Mozilla/5.0 (Windows NT 6.1; WOW64; rv:50.0) Gecko/20100101 Firefox/50.0',0),(1021,'2017-01-12','09:57:42','110.138.92.28','','','undefined','undefined','Mozilla/5.0 (Windows NT 6.1; WOW64; rv:50.0) Gecko/20100101 Firefox/50.0',0),(1022,'2017-01-12','09:58:34','110.138.92.28','','','undefined','undefined','Mozilla/5.0 (Windows NT 6.1; WOW64; rv:50.0) Gecko/20100101 Firefox/50.0',0),(1023,'2017-01-12','09:58:40','110.138.92.28','','','undefined','undefined','Mozilla/5.0 (Windows NT 6.1; WOW64; rv:50.0) Gecko/20100101 Firefox/50.0',0),(1024,'2017-01-12','10:00:24','110.138.92.28','','','undefined','undefined','Mozilla/5.0 (Windows NT 6.1; WOW64; rv:50.0) Gecko/20100101 Firefox/50.0',0),(1025,'2017-01-12','10:01:31','110.138.92.28','','','undefined','undefined','Mozilla/5.0 (Windows NT 6.1; WOW64; rv:50.0) Gecko/20100101 Firefox/50.0',0),(1026,'2017-01-12','10:01:34','110.138.92.28','','','undefined','undefined','Mozilla/5.0 (Windows NT 6.1; WOW64; rv:50.0) Gecko/20100101 Firefox/50.0',0),(1027,'2017-01-12','10:02:51','110.138.92.28','','','undefined','undefined','Mozilla/5.0 (Windows NT 6.1; WOW64; rv:50.0) Gecko/20100101 Firefox/50.0',0),(1028,'2017-01-12','10:03:02','110.138.92.28','','','undefined','undefined','Mozilla/5.0 (Windows NT 6.1; WOW64; rv:50.0) Gecko/20100101 Firefox/50.0',0),(1029,'2017-01-12','10:04:48','110.138.92.28','','','undefined','undefined','Mozilla/5.0 (Windows NT 6.1; WOW64; rv:50.0) Gecko/20100101 Firefox/50.0',0),(1030,'2017-01-12','10:07:36','110.138.92.28','','','undefined','undefined','Mozilla/5.0 (Windows NT 10.0; WOW64; rv:50.0) Gecko/20100101 Firefox/50.0',0),(1031,'2017-01-12','10:07:56','110.138.92.28','','','undefined','undefined','Mozilla/5.0 (Windows NT 6.1; WOW64; rv:50.0) Gecko/20100101 Firefox/50.0',0),(1032,'2017-01-12','10:08:05','110.138.92.28','','','undefined','http://starstudents.co.id/onlinetest/','Mozilla/5.0 (Windows NT 10.0; WOW64; rv:50.0) Gecko/20100101 Firefox/50.0',0),(1033,'2017-01-12','10:08:16','110.138.92.28','','','undefined','http://starstudents.co.id/onlinetest/','Mozilla/5.0 (Windows NT 10.0; WOW64; rv:50.0) Gecko/20100101 Firefox/50.0',0),(1034,'2017-01-12','10:18:49','110.138.92.28','','','undefined','undefined','Mozilla/5.0 (Windows NT 6.1; WOW64; rv:50.0) Gecko/20100101 Firefox/50.0',0),(1035,'2017-01-12','10:19:09','110.138.92.28','','','undefined','undefined','Mozilla/5.0 (Windows NT 6.1; WOW64; rv:50.0) Gecko/20100101 Firefox/50.0',0),(1036,'2017-01-12','10:20:17','110.138.92.28','','','undefined','undefined','Mozilla/5.0 (Windows NT 6.1; WOW64; rv:50.0) Gecko/20100101 Firefox/50.0',0),(1037,'2017-01-12','10:20:42','110.138.92.28','','','undefined','undefined','Mozilla/5.0 (Windows NT 6.1; WOW64; rv:50.0) Gecko/20100101 Firefox/50.0',0),(1038,'2017-01-12','10:21:09','110.138.92.28','','','undefined','undefined','Mozilla/5.0 (Windows NT 6.1; WOW64; rv:50.0) Gecko/20100101 Firefox/50.0',0),(1039,'2017-01-12','10:21:55','110.138.92.28','','','undefined','undefined','Mozilla/5.0 (Windows NT 6.1; WOW64; rv:50.0) Gecko/20100101 Firefox/50.0',0),(1040,'2017-01-12','10:22:15','110.138.92.28','','','undefined','undefined','Mozilla/5.0 (Windows NT 6.1; WOW64; rv:50.0) Gecko/20100101 Firefox/50.0',0),(1041,'2017-01-12','10:22:25','110.138.92.28','','','undefined','undefined','Mozilla/5.0 (Windows NT 6.1; WOW64; rv:50.0) Gecko/20100101 Firefox/50.0',0),(1042,'2017-01-12','10:29:13','110.138.92.28','','','undefined','undefined','Mozilla/5.0 (Windows NT 6.1; WOW64; rv:50.0) Gecko/20100101 Firefox/50.0',0),(1043,'2017-01-12','10:29:27','110.138.92.28','','','undefined','undefined','Mozilla/5.0 (Windows NT 6.1; WOW64; rv:50.0) Gecko/20100101 Firefox/50.0',0),(1044,'2017-01-12','10:32:21','110.138.92.28','','','undefined','undefined','Mozilla/5.0 (Windows NT 6.1; WOW64; rv:50.0) Gecko/20100101 Firefox/50.0',0),(1045,'2017-01-12','10:32:26','110.138.92.28','','','undefined','undefined','Mozilla/5.0 (Windows NT 6.1; WOW64; rv:50.0) Gecko/20100101 Firefox/50.0',0),(1046,'2017-01-12','10:32:40','110.138.92.28','','','undefined','undefined','Mozilla/5.0 (Windows NT 6.1; WOW64; rv:50.0) Gecko/20100101 Firefox/50.0',0),(1047,'2017-01-12','10:33:34','110.138.92.28','','','undefined','undefined','Mozilla/5.0 (Windows NT 6.1; WOW64; rv:50.0) Gecko/20100101 Firefox/50.0',0),(1048,'2017-01-12','10:33:44','110.138.92.28','','','undefined','undefined','Mozilla/5.0 (Windows NT 6.1; WOW64; rv:50.0) Gecko/20100101 Firefox/50.0',0),(1049,'2017-01-12','10:33:51','110.138.92.28','','','undefined','undefined','Mozilla/5.0 (Windows NT 6.1; WOW64; rv:50.0) Gecko/20100101 Firefox/50.0',0),(1050,'2017-01-12','10:34:03','110.138.92.28','','','undefined','undefined','Mozilla/5.0 (Windows NT 6.1; WOW64; rv:50.0) Gecko/20100101 Firefox/50.0',0),(1051,'2017-01-12','10:34:08','110.138.92.28','','','undefined','undefined','Mozilla/5.0 (Windows NT 6.1; WOW64; rv:50.0) Gecko/20100101 Firefox/50.0',0),(1052,'2017-01-12','10:34:36','110.138.92.28','','','undefined','undefined','Mozilla/5.0 (Windows NT 6.1; WOW64; rv:50.0) Gecko/20100101 Firefox/50.0',0),(1053,'2017-01-12','10:37:43','110.138.92.28','','','undefined','undefined','Mozilla/5.0 (Windows NT 6.1; WOW64; rv:50.0) Gecko/20100101 Firefox/50.0',0),(1054,'2017-01-12','10:37:57','110.138.92.28','','','undefined','undefined','Mozilla/5.0 (Windows NT 6.1; WOW64; rv:50.0) Gecko/20100101 Firefox/50.0',0),(1055,'2017-01-12','10:38:20','110.138.92.28','','','undefined','undefined','Mozilla/5.0 (Windows NT 6.1; WOW64; rv:50.0) Gecko/20100101 Firefox/50.0',0),(1056,'2017-01-12','10:38:43','110.138.92.28','','','undefined','undefined','Mozilla/5.0 (Windows NT 6.1; WOW64; rv:50.0) Gecko/20100101 Firefox/50.0',0),(1057,'2017-01-12','10:39:30','110.138.92.28','','','undefined','undefined','Mozilla/5.0 (Windows NT 6.1; WOW64; rv:50.0) Gecko/20100101 Firefox/50.0',0),(1058,'2017-01-12','10:39:40','110.138.92.28','','','undefined','undefined','Mozilla/5.0 (Windows NT 6.1; WOW64; rv:50.0) Gecko/20100101 Firefox/50.0',0),(1059,'2017-01-12','10:39:51','110.138.92.28','','','undefined','undefined','Mozilla/5.0 (Windows NT 6.1; WOW64; rv:50.0) Gecko/20100101 Firefox/50.0',0),(1060,'2017-01-12','10:41:27','110.138.92.28','','','undefined','undefined','Mozilla/5.0 (Windows NT 6.1; WOW64; rv:50.0) Gecko/20100101 Firefox/50.0',0),(1061,'2017-01-12','10:41:48','110.138.92.28','','','undefined','undefined','Mozilla/5.0 (Windows NT 6.1; WOW64; rv:50.0) Gecko/20100101 Firefox/50.0',0),(1062,'2017-01-12','10:42:07','110.138.92.28','','','undefined','http://starstudents.co.id/onlinetest/','Mozilla/5.0 (Windows NT 6.1; WOW64; rv:50.0) Gecko/20100101 Firefox/50.0',0),(1063,'2017-01-12','10:44:03','110.138.92.28','','','undefined','http://starstudents.co.id/onlinetest/','Mozilla/5.0 (Windows NT 6.1; WOW64; rv:50.0) Gecko/20100101 Firefox/50.0',0),(1064,'2017-01-12','10:44:06','110.138.92.28','','','undefined','undefined','Mozilla/5.0 (Windows NT 6.1; WOW64; rv:50.0) Gecko/20100101 Firefox/50.0',0),(1065,'2017-01-12','10:44:15','110.138.92.28','','','undefined','http://starstudents.co.id/onlinetest/','Mozilla/5.0 (Windows NT 6.1; WOW64; rv:50.0) Gecko/20100101 Firefox/50.0',0),(1066,'2017-01-12','10:47:21','110.138.92.28','','','undefined','undefined','Mozilla/5.0 (Windows NT 6.1; WOW64; rv:50.0) Gecko/20100101 Firefox/50.0',0),(1067,'2017-01-12','10:51:00','110.138.92.28','','','undefined','undefined','Mozilla/5.0 (Windows NT 6.1; WOW64; rv:50.0) Gecko/20100101 Firefox/50.0',0),(1068,'2017-01-12','10:51:41','110.138.92.28','','','undefined','undefined','Mozilla/5.0 (Windows NT 6.1; WOW64; rv:50.0) Gecko/20100101 Firefox/50.0',0),(1069,'2017-01-12','10:51:49','110.138.92.28','','','undefined','undefined','Mozilla/5.0 (Windows NT 6.1; WOW64; rv:50.0) Gecko/20100101 Firefox/50.0',0),(1070,'2017-01-12','10:52:42','110.138.92.28','','','undefined','undefined','Mozilla/5.0 (Windows NT 6.1; WOW64; rv:50.0) Gecko/20100101 Firefox/50.0',0),(1071,'2017-01-12','10:52:49','110.138.92.28','','','undefined','undefined','Mozilla/5.0 (Windows NT 6.1; WOW64; rv:50.0) Gecko/20100101 Firefox/50.0',0),(1072,'2017-01-12','10:52:55','110.138.92.28','','','undefined','undefined','Mozilla/5.0 (Windows NT 6.1; WOW64; rv:50.0) Gecko/20100101 Firefox/50.0',0),(1073,'2017-01-12','10:53:59','110.138.92.28','','','undefined','undefined','Mozilla/5.0 (Windows NT 6.1; WOW64; rv:50.0) Gecko/20100101 Firefox/50.0',0),(1074,'2017-01-12','10:54:31','110.138.92.28','','','undefined','undefined','Mozilla/5.0 (Windows NT 6.1; WOW64; rv:50.0) Gecko/20100101 Firefox/50.0',0),(1075,'2017-01-12','10:55:57','110.138.92.28','','','undefined','http://starstudents.co.id/onlinetest/','Mozilla/5.0 (Windows NT 6.1; WOW64; rv:50.0) Gecko/20100101 Firefox/50.0',0),(1076,'2017-01-12','10:56:09','110.138.92.28','','','undefined','http://starstudents.co.id/onlinetest/account.php','Mozilla/5.0 (Windows NT 6.1; WOW64; rv:50.0) Gecko/20100101 Firefox/50.0',0),(1077,'2017-01-12','10:58:23','110.138.92.28','','','undefined','http://starstudents.co.id/onlinetest/account.php','Mozilla/5.0 (Windows NT 6.1; WOW64; rv:50.0) Gecko/20100101 Firefox/50.0',0),(1078,'2017-01-12','10:58:25','110.138.92.28','','','undefined','http://starstudents.co.id/onlinetest/account.php','Mozilla/5.0 (Windows NT 6.1; WOW64; rv:50.0) Gecko/20100101 Firefox/50.0',0),(1079,'2017-01-12','11:05:16','110.138.92.28','','','undefined','http://starstudents.co.id/onlinetest/account.php','Mozilla/5.0 (Windows NT 6.1; WOW64; rv:50.0) Gecko/20100101 Firefox/50.0',0),(1080,'2017-01-12','11:05:53','110.138.92.28','','','undefined','http://starstudents.co.id/onlinetest/account.php','Mozilla/5.0 (Windows NT 6.1; WOW64; rv:50.0) Gecko/20100101 Firefox/50.0',0),(1081,'2017-01-12','11:05:56','110.138.92.28','','','undefined','http://starstudents.co.id/onlinetest/account.php','Mozilla/5.0 (Windows NT 6.1; WOW64; rv:50.0) Gecko/20100101 Firefox/50.0',0),(1082,'2017-01-12','11:06:27','110.138.92.28','','','undefined','http://starstudents.co.id/onlinetest/account.php','Mozilla/5.0 (Windows NT 6.1; WOW64; rv:50.0) Gecko/20100101 Firefox/50.0',0),(1083,'2017-01-12','11:06:34','110.138.92.28','','','undefined','http://starstudents.co.id/onlinetest/account.php','Mozilla/5.0 (Windows NT 6.1; WOW64; rv:50.0) Gecko/20100101 Firefox/50.0',0),(1084,'2017-01-12','11:07:18','110.138.92.28','','','undefined','undefined','Mozilla/5.0 (Windows NT 6.1; WOW64; rv:50.0) Gecko/20100101 Firefox/50.0',0),(1085,'2017-01-12','11:34:04','110.138.92.28','','','undefined','undefined','Mozilla/5.0 (Windows NT 6.1; WOW64; rv:50.0) Gecko/20100101 Firefox/50.0',0),(1086,'2017-01-12','11:34:07','110.138.92.28','','','undefined','http://starstudents.co.id/onlinetest/courses.php','Mozilla/5.0 (Windows NT 6.1; WOW64; rv:50.0) Gecko/20100101 Firefox/50.0',0),(1087,'2017-01-12','11:34:20','110.138.92.28','','','undefined','http://starstudents.co.id/onlinetest/courses.php','Mozilla/5.0 (Windows NT 6.1; WOW64; rv:50.0) Gecko/20100101 Firefox/50.0',0),(1088,'2017-01-12','11:34:32','110.138.92.28','','','sort=4','http://starstudents.co.id/onlinetest/account.php','Mozilla/5.0 (Windows NT 6.1; WOW64; rv:50.0) Gecko/20100101 Firefox/50.0',0),(1089,'2017-01-12','11:34:38','110.138.92.28','','','pg=1&amp;ipp=50&amp;sort=4','http://starstudents.co.id/onlinetest/exams.php?sort=4','Mozilla/5.0 (Windows NT 6.1; WOW64; rv:50.0) Gecko/20100101 Firefox/50.0',0),(1090,'2017-01-12','11:34:41','110.138.92.28','','','do=details&amp;id=1','http://starstudents.co.id/onlinetest/exams.php?pg=1&amp;ipp=50&amp;sort=4','Mozilla/5.0 (Windows NT 6.1; WOW64; rv:50.0) Gecko/20100101 Firefox/50.0',0),(1091,'2017-01-12','11:34:44','110.138.92.28','','','do=quize','http://starstudents.co.id/onlinetest/exams.php?do=details&amp;id=1','Mozilla/5.0 (Windows NT 6.1; WOW64; rv:50.0) Gecko/20100101 Firefox/50.0',0),(1092,'2017-01-12','11:34:47','110.138.92.28','','','do=quize','http://starstudents.co.id/onlinetest/account.php?do=quize','Mozilla/5.0 (Windows NT 6.1; WOW64; rv:50.0) Gecko/20100101 Firefox/50.0',0),(1093,'2017-01-12','11:34:52','110.138.92.28','','','do=quize','http://starstudents.co.id/onlinetest/account.php?do=quize','Mozilla/5.0 (Windows NT 6.1; WOW64; rv:50.0) Gecko/20100101 Firefox/50.0',0),(1094,'2017-01-12','11:34:55','110.138.92.28','','','undefined','http://starstudents.co.id/onlinetest/account.php?do=quize','Mozilla/5.0 (Windows NT 6.1; WOW64; rv:50.0) Gecko/20100101 Firefox/50.0',0),(1095,'2017-01-12','11:35:04','110.138.92.28','','','undefined','http://starstudents.co.id/onlinetest/account.php','Mozilla/5.0 (Windows NT 6.1; WOW64; rv:50.0) Gecko/20100101 Firefox/50.0',0),(1096,'2017-01-12','11:35:07','110.138.92.28','','','undefined','undefined','Mozilla/5.0 (Windows NT 6.1; WOW64; rv:50.0) Gecko/20100101 Firefox/50.0',0),(1097,'2017-01-12','11:38:03','110.138.92.28','','','undefined','undefined','Mozilla/5.0 (Windows NT 6.1; WOW64; rv:50.0) Gecko/20100101 Firefox/50.0',0),(1098,'2017-01-12','11:38:10','110.138.92.28','','','undefined','http://starstudents.co.id/onlinetest/account.php','Mozilla/5.0 (Windows NT 6.1; WOW64; rv:50.0) Gecko/20100101 Firefox/50.0',0),(1099,'2017-01-12','11:38:18','110.138.92.28','','','undefined','undefined','Mozilla/5.0 (Windows NT 6.1; WOW64; rv:50.0) Gecko/20100101 Firefox/50.0',0),(1100,'2017-01-12','11:38:23','110.138.92.28','','','undefined','http://starstudents.co.id/onlinetest/','Mozilla/5.0 (Windows NT 6.1; WOW64; rv:50.0) Gecko/20100101 Firefox/50.0',0),(1101,'2017-01-12','11:38:38','110.138.92.28','','','undefined','http://starstudents.co.id/onlinetest/','Mozilla/5.0 (Windows NT 6.1; WOW64; rv:50.0) Gecko/20100101 Firefox/50.0',0),(1102,'2017-01-12','11:38:43','110.138.92.28','','','undefined','undefined','Mozilla/5.0 (Windows NT 6.1; WOW64; rv:50.0) Gecko/20100101 Firefox/50.0',0),(1103,'2017-01-12','11:41:02','110.138.92.28','','','undefined','undefined','Mozilla/5.0 (Windows NT 6.1; WOW64; rv:50.0) Gecko/20100101 Firefox/50.0',0),(1104,'2017-01-12','11:41:09','110.138.92.28','','','undefined','http://starstudents.co.id/onlinetest/','Mozilla/5.0 (Windows NT 6.1; WOW64; rv:50.0) Gecko/20100101 Firefox/50.0',0),(1105,'2017-01-12','11:41:36','110.138.92.28','','','undefined','http://starstudents.co.id/onlinetest/','Mozilla/5.0 (Windows NT 6.1; WOW64; rv:50.0) Gecko/20100101 Firefox/50.0',0),(1106,'2017-01-12','11:42:36','110.138.92.28','','','undefined','http://starstudents.co.id/onlinetest/','Mozilla/5.0 (Windows NT 6.1; WOW64; rv:50.0) Gecko/20100101 Firefox/50.0',0),(1107,'2017-01-12','11:42:47','110.138.92.28','','','undefined','http://starstudents.co.id/onlinetest/','Mozilla/5.0 (Windows NT 6.1; WOW64; rv:50.0) Gecko/20100101 Firefox/50.0',0),(1108,'2017-01-12','11:43:06','110.138.92.28','','','undefined','http://starstudents.co.id/onlinetest/','Mozilla/5.0 (Windows NT 6.1; WOW64; rv:50.0) Gecko/20100101 Firefox/50.0',0),(1109,'2017-01-12','11:43:43','110.138.92.28','','','undefined','http://starstudents.co.id/onlinetest/','Mozilla/5.0 (Windows NT 6.1; WOW64; rv:50.0) Gecko/20100101 Firefox/50.0',0),(1110,'2017-01-12','11:44:02','110.138.92.28','','','undefined','http://starstudents.co.id/onlinetest/','Mozilla/5.0 (Windows NT 6.1; WOW64; rv:50.0) Gecko/20100101 Firefox/50.0',0),(1111,'2017-01-12','11:44:21','110.138.92.28','','','undefined','http://starstudents.co.id/onlinetest/','Mozilla/5.0 (Windows NT 6.1; WOW64; rv:50.0) Gecko/20100101 Firefox/50.0',0),(1112,'2017-01-12','11:44:31','110.138.92.28','','','undefined','http://starstudents.co.id/onlinetest/','Mozilla/5.0 (Windows NT 6.1; WOW64; rv:50.0) Gecko/20100101 Firefox/50.0',0),(1113,'2017-01-12','11:46:33','110.138.92.28','','','undefined','http://starstudents.co.id/onlinetest/','Mozilla/5.0 (Windows NT 6.1; WOW64; rv:50.0) Gecko/20100101 Firefox/50.0',0),(1114,'2017-01-12','11:46:59','110.138.92.28','','','undefined','http://starstudents.co.id/onlinetest/','Mozilla/5.0 (Windows NT 6.1; WOW64; rv:50.0) Gecko/20100101 Firefox/50.0',0),(1115,'2017-01-12','11:47:35','110.138.92.28','','','undefined','http://starstudents.co.id/onlinetest/','Mozilla/5.0 (Windows NT 6.1; WOW64; rv:50.0) Gecko/20100101 Firefox/50.0',0),(1116,'2017-01-12','11:47:45','110.138.92.28','','','undefined','http://starstudents.co.id/onlinetest/','Mozilla/5.0 (Windows NT 6.1; WOW64; rv:50.0) Gecko/20100101 Firefox/50.0',0),(1117,'2017-01-12','11:48:03','110.138.92.28','','','undefined','http://starstudents.co.id/onlinetest/','Mozilla/5.0 (Windows NT 6.1; WOW64; rv:50.0) Gecko/20100101 Firefox/50.0',0),(1118,'2017-01-12','11:48:11','110.138.92.28','','','undefined','http://starstudents.co.id/onlinetest/','Mozilla/5.0 (Windows NT 6.1; WOW64; rv:50.0) Gecko/20100101 Firefox/50.0',0),(1119,'2017-01-12','11:48:31','110.138.92.28','','','undefined','http://starstudents.co.id/onlinetest/','Mozilla/5.0 (Windows NT 6.1; WOW64; rv:50.0) Gecko/20100101 Firefox/50.0',0),(1120,'2017-01-12','11:49:03','110.138.92.28','','','undefined','http://starstudents.co.id/onlinetest/','Mozilla/5.0 (Windows NT 6.1; WOW64; rv:50.0) Gecko/20100101 Firefox/50.0',0),(1121,'2017-01-12','11:49:22','110.138.92.28','','','undefined','http://starstudents.co.id/onlinetest/','Mozilla/5.0 (Windows NT 6.1; WOW64; rv:50.0) Gecko/20100101 Firefox/50.0',0),(1122,'2017-01-12','11:49:56','110.138.92.28','','','undefined','http://starstudents.co.id/onlinetest/','Mozilla/5.0 (Windows NT 6.1; WOW64; rv:50.0) Gecko/20100101 Firefox/50.0',0),(1123,'2017-01-12','11:50:02','110.138.92.28','','','undefined','http://starstudents.co.id/onlinetest/account.php','Mozilla/5.0 (Windows NT 6.1; WOW64; rv:50.0) Gecko/20100101 Firefox/50.0',0),(1124,'2017-01-12','11:50:27','110.138.92.28','','','undefined','http://starstudents.co.id/onlinetest/account.php','Mozilla/5.0 (Windows NT 6.1; WOW64; rv:50.0) Gecko/20100101 Firefox/50.0',0),(1125,'2017-01-12','11:50:42','110.138.92.28','','','undefined','http://starstudents.co.id/onlinetest/account.php','Mozilla/5.0 (Windows NT 6.1; WOW64; rv:50.0) Gecko/20100101 Firefox/50.0',0),(1126,'2017-01-12','11:52:40','110.138.92.28','','','undefined','http://starstudents.co.id/onlinetest/account.php','Mozilla/5.0 (Windows NT 6.1; WOW64; rv:50.0) Gecko/20100101 Firefox/50.0',0),(1127,'2017-01-12','11:58:50','110.138.92.28','','','undefined','http://starstudents.co.id/onlinetest/account.php','Mozilla/5.0 (Windows NT 6.1; WOW64; rv:50.0) Gecko/20100101 Firefox/50.0',0),(1128,'2017-01-12','11:58:56','110.138.92.28','','','sort=3','http://starstudents.co.id/onlinetest/courses.php','Mozilla/5.0 (Windows NT 6.1; WOW64; rv:50.0) Gecko/20100101 Firefox/50.0',0),(1129,'2017-01-12','11:58:59','110.138.92.28','','','undefined','http://starstudents.co.id/onlinetest/account.php','Mozilla/5.0 (Windows NT 6.1; WOW64; rv:50.0) Gecko/20100101 Firefox/50.0',0),(1130,'2017-01-12','12:01:38','110.138.92.28','','','undefined','http://starstudents.co.id/onlinetest/courses.php','Mozilla/5.0 (Windows NT 6.1; WOW64; rv:50.0) Gecko/20100101 Firefox/50.0',0),(1131,'2017-01-12','12:01:43','110.138.92.28','','','undefined','http://starstudents.co.id/onlinetest/exams.php','Mozilla/5.0 (Windows NT 6.1; WOW64; rv:50.0) Gecko/20100101 Firefox/50.0',0),(1132,'2017-01-12','12:01:51','110.138.92.28','','','sort=3','http://starstudents.co.id/onlinetest/courses.php','Mozilla/5.0 (Windows NT 6.1; WOW64; rv:50.0) Gecko/20100101 Firefox/50.0',0),(1133,'2017-01-12','12:03:43','110.138.92.28','','','undefined','http://starstudents.co.id/onlinetest/exams.php?sort=3','Mozilla/5.0 (Windows NT 6.1; WOW64; rv:50.0) Gecko/20100101 Firefox/50.0',0),(1134,'2017-01-12','12:03:44','110.138.92.28','','','undefined','http://starstudents.co.id/onlinetest/exams.php','Mozilla/5.0 (Windows NT 6.1; WOW64; rv:50.0) Gecko/20100101 Firefox/50.0',0),(1135,'2017-01-12','12:03:50','110.138.92.28','','','undefined','http://starstudents.co.id/onlinetest/exams.php','Mozilla/5.0 (Windows NT 6.1; WOW64; rv:50.0) Gecko/20100101 Firefox/50.0',0),(1136,'2017-01-12','12:04:32','110.138.92.28','','','undefined','http://starstudents.co.id/onlinetest/exams.php','Mozilla/5.0 (Windows NT 6.1; WOW64; rv:50.0) Gecko/20100101 Firefox/50.0',0),(1137,'2017-01-12','12:20:42','110.138.92.28','','','undefined','http://starstudents.co.id/onlinetest/courses.php','Mozilla/5.0 (Windows NT 6.1; WOW64; rv:50.0) Gecko/20100101 Firefox/50.0',0),(1138,'2017-01-12','12:20:48','110.138.92.28','','','undefined','http://starstudents.co.id/onlinetest/faqs.php','Mozilla/5.0 (Windows NT 6.1; WOW64; rv:50.0) Gecko/20100101 Firefox/50.0',0),(1139,'2017-01-12','12:20:51','110.138.92.28','','','sort=4','http://starstudents.co.id/onlinetest/courses.php','Mozilla/5.0 (Windows NT 6.1; WOW64; rv:50.0) Gecko/20100101 Firefox/50.0',0),(1140,'2017-01-12','12:48:02','110.138.92.28','','','undefined','undefined','Mozilla/5.0 (Windows NT 10.0; WOW64; rv:50.0) Gecko/20100101 Firefox/50.0',0),(1141,'2017-01-12','12:48:21','110.138.92.28','','','undefined','http://starstudents.co.id/onlinetest/','Mozilla/5.0 (Windows NT 10.0; WOW64; rv:50.0) Gecko/20100101 Firefox/50.0',0),(1142,'2017-01-12','12:48:50','110.138.92.28','','','undefined','http://starstudents.co.id/onlinetest/account.php','Mozilla/5.0 (Windows NT 10.0; WOW64; rv:50.0) Gecko/20100101 Firefox/50.0',0),(1143,'2017-01-12','12:48:53','110.138.92.28','','','undefined','http://starstudents.co.id/onlinetest/account.php','Mozilla/5.0 (Windows NT 10.0; WOW64; rv:50.0) Gecko/20100101 Firefox/50.0',0),(1144,'2017-01-12','12:49:05','110.138.92.28','','','undefined','http://starstudents.co.id/onlinetest/index.php','Mozilla/5.0 (Windows NT 10.0; WOW64; rv:50.0) Gecko/20100101 Firefox/50.0',0),(1145,'2017-01-12','12:49:08','110.138.92.28','','','undefined','http://starstudents.co.id/onlinetest/contact.php','Mozilla/5.0 (Windows NT 10.0; WOW64; rv:50.0) Gecko/20100101 Firefox/50.0',0),(1146,'2017-01-12','12:49:36','110.138.92.28','','','undefined','http://starstudents.co.id/onlinetest/contact.php','Mozilla/5.0 (Windows NT 10.0; WOW64; rv:50.0) Gecko/20100101 Firefox/50.0',0),(1147,'2017-01-12','13:19:10','110.138.92.28','','','undefined','http://starstudents.co.id/onlinetest/exams.php?sort=4','Mozilla/5.0 (Windows NT 6.1; WOW64; rv:50.0) Gecko/20100101 Firefox/50.0',0),(1148,'2017-01-12','14:20:07','125.161.208.123','','','undefined','http://starstudents.co.id/onlinetest/exams.php?sort=4','Mozilla/5.0 (Windows NT 6.1; WOW64; rv:50.0) Gecko/20100101 Firefox/50.0',0),(1149,'2017-01-12','14:20:10','125.161.208.123','','','undefined','http://starstudents.co.id/onlinetest/','Mozilla/5.0 (Windows NT 6.1; WOW64; rv:50.0) Gecko/20100101 Firefox/50.0',0),(1150,'2017-01-13','08:02:25','125.161.208.123','','','undefined','http://starstudents.co.id/onlinetest/','Mozilla/5.0 (Windows NT 6.1; WOW64; rv:50.0) Gecko/20100101 Firefox/50.0',0),(1151,'2017-01-13','10:08:48','125.161.208.123','','','undefined','undefined','Mozilla/5.0 (Windows NT 10.0; WOW64; rv:50.0) Gecko/20100101 Firefox/50.0',0),(1152,'2017-01-13','10:10:05','125.161.208.123','','','undefined','undefined','Mozilla/5.0 (Windows NT 10.0; WOW64; rv:50.0) Gecko/20100101 Firefox/50.0',0),(1153,'2017-01-13','10:10:09','125.161.208.123','','','undefined','undefined','Mozilla/5.0 (Windows NT 10.0; WOW64; rv:50.0) Gecko/20100101 Firefox/50.0',0),(1154,'2017-01-13','10:10:12','125.161.208.123','','','undefined','undefined','Mozilla/5.0 (Windows NT 10.0; WOW64; rv:50.0) Gecko/20100101 Firefox/50.0',0),(1155,'2017-01-13','10:10:15','125.161.208.123','','','undefined','undefined','Mozilla/5.0 (Windows NT 10.0; WOW64; rv:50.0) Gecko/20100101 Firefox/50.0',0),(1156,'2017-01-13','10:10:26','125.161.208.123','','','undefined','undefined','Mozilla/5.0 (Windows NT 6.1; WOW64; rv:50.0) Gecko/20100101 Firefox/50.0',0),(1157,'2017-01-13','10:10:49','125.161.208.123','','','undefined','undefined','Mozilla/5.0 (Windows NT 10.0; WOW64; rv:50.0) Gecko/20100101 Firefox/50.0',0),(1158,'2017-01-13','10:10:52','125.161.208.123','','','undefined','undefined','Mozilla/5.0 (Windows NT 10.0; WOW64; rv:50.0) Gecko/20100101 Firefox/50.0',0),(1159,'2017-01-13','10:10:53','125.161.208.123','','','undefined','undefined','Mozilla/5.0 (Windows NT 6.1; WOW64; rv:50.0) Gecko/20100101 Firefox/50.0',0),(1160,'2017-01-13','10:11:10','125.161.208.123','','','undefined','undefined','Mozilla/5.0 (Windows NT 10.0; WOW64; rv:50.0) Gecko/20100101 Firefox/50.0',0),(1161,'2017-01-13','10:11:35','125.161.208.123','','','undefined','http://starstudents.co.id/onlinetest/','Mozilla/5.0 (Windows NT 10.0; WOW64; rv:50.0) Gecko/20100101 Firefox/50.0',0),(1162,'2017-01-13','10:12:56','125.161.208.123','','','undefined','http://starstudents.co.id/onlinetest/','Mozilla/5.0 (Windows NT 10.0; WOW64; rv:50.0) Gecko/20100101 Firefox/50.0',0),(1163,'2017-01-13','10:13:04','125.161.208.123','','','undefined','http://starstudents.co.id/onlinetest/account.php','Mozilla/5.0 (Windows NT 10.0; WOW64; rv:50.0) Gecko/20100101 Firefox/50.0',0),(1164,'2017-01-13','10:13:08','125.161.208.123','','','undefined','http://starstudents.co.id/onlinetest/courses.php','Mozilla/5.0 (Windows NT 10.0; WOW64; rv:50.0) Gecko/20100101 Firefox/50.0',0),(1165,'2017-01-13','10:13:12','125.161.208.123','','','undefined','http://starstudents.co.id/onlinetest/account.php','Mozilla/5.0 (Windows NT 10.0; WOW64; rv:50.0) Gecko/20100101 Firefox/50.0',0),(1166,'2017-01-13','10:13:13','125.161.208.123','','','undefined','http://starstudents.co.id/onlinetest/courses.php','Mozilla/5.0 (Windows NT 10.0; WOW64; rv:50.0) Gecko/20100101 Firefox/50.0',0),(1167,'2017-01-13','10:13:15','125.161.208.123','','','undefined','http://starstudents.co.id/onlinetest/exams.php','Mozilla/5.0 (Windows NT 10.0; WOW64; rv:50.0) Gecko/20100101 Firefox/50.0',0),(1168,'2017-01-13','10:13:16','125.161.208.123','','','undefined','http://starstudents.co.id/onlinetest/resources.php','Mozilla/5.0 (Windows NT 10.0; WOW64; rv:50.0) Gecko/20100101 Firefox/50.0',0),(1169,'2017-01-13','10:13:18','125.161.208.123','','','undefined','http://starstudents.co.id/onlinetest/faqs.php','Mozilla/5.0 (Windows NT 10.0; WOW64; rv:50.0) Gecko/20100101 Firefox/50.0',0),(1170,'2017-01-13','10:13:20','125.161.208.123','','','undefined','http://starstudents.co.id/onlinetest/contact.php','Mozilla/5.0 (Windows NT 10.0; WOW64; rv:50.0) Gecko/20100101 Firefox/50.0',0),(1171,'2017-01-13','10:26:27','125.161.208.123','','','undefined','http://starstudents.co.id/onlinetest/','Mozilla/5.0 (Windows NT 6.1; WOW64; rv:50.0) Gecko/20100101 Firefox/50.0',0),(1172,'2017-01-13','10:26:46','125.161.208.123','','','undefined','http://starstudents.co.id/onlinetest/','Mozilla/5.0 (Windows NT 6.1; WOW64; rv:50.0) Gecko/20100101 Firefox/50.0',0),(1173,'2017-01-13','10:27:03','125.161.208.123','','','undefined','http://starstudents.co.id/onlinetest/','Mozilla/5.0 (Windows NT 6.1; WOW64; rv:50.0) Gecko/20100101 Firefox/50.0',0),(1174,'2017-01-13','10:27:07','125.161.208.123','','','undefined','http://starstudents.co.id/onlinetest/account.php','Mozilla/5.0 (Windows NT 6.1; WOW64; rv:50.0) Gecko/20100101 Firefox/50.0',0),(1175,'2017-01-13','10:27:52','125.161.208.123','','','undefined','http://starstudents.co.id/onlinetest/account.php','Mozilla/5.0 (Windows NT 10.0; WOW64; rv:50.0) Gecko/20100101 Firefox/50.0',0),(1176,'2017-01-13','10:27:54','125.161.208.123','','','undefined','http://starstudents.co.id/onlinetest/account.php','Mozilla/5.0 (Windows NT 6.1; WOW64; rv:50.0) Gecko/20100101 Firefox/50.0',0),(1177,'2017-01-13','10:27:56','125.161.208.123','','','sort=3','http://starstudents.co.id/onlinetest/courses.php','Mozilla/5.0 (Windows NT 6.1; WOW64; rv:50.0) Gecko/20100101 Firefox/50.0',0),(1178,'2017-01-13','10:27:58','125.161.208.123','','','undefined','http://starstudents.co.id/onlinetest/index.php','Mozilla/5.0 (Windows NT 10.0; WOW64; rv:50.0) Gecko/20100101 Firefox/50.0',0),(1179,'2017-01-13','10:28:39','125.161.208.123','','','undefined','http://starstudents.co.id/onlinetest/account.php','Mozilla/5.0 (Windows NT 10.0; WOW64; rv:50.0) Gecko/20100101 Firefox/50.0',0),(1180,'2017-01-13','10:28:41','125.161.208.123','','','undefined','http://starstudents.co.id/onlinetest/courses.php','Mozilla/5.0 (Windows NT 10.0; WOW64; rv:50.0) Gecko/20100101 Firefox/50.0',0),(1181,'2017-01-13','10:28:44','125.161.208.123','','','undefined','http://starstudents.co.id/onlinetest/exams.php','Mozilla/5.0 (Windows NT 10.0; WOW64; rv:50.0) Gecko/20100101 Firefox/50.0',0),(1182,'2017-01-13','10:28:47','125.161.208.123','','','undefined','http://starstudents.co.id/onlinetest/courses.php','Mozilla/5.0 (Windows NT 10.0; WOW64; rv:50.0) Gecko/20100101 Firefox/50.0',0),(1183,'2017-01-13','10:29:14','125.161.208.123','','','sort=3','http://starstudents.co.id/onlinetest/courses.php','Mozilla/5.0 (Windows NT 6.1; WOW64; rv:50.0) Gecko/20100101 Firefox/50.0',0),(1184,'2017-01-13','10:29:16','125.161.208.123','','','undefined','http://starstudents.co.id/onlinetest/exams.php?sort=3','Mozilla/5.0 (Windows NT 6.1; WOW64; rv:50.0) Gecko/20100101 Firefox/50.0',0),(1185,'2017-01-13','10:29:18','125.161.208.123','','','undefined','http://starstudents.co.id/onlinetest/account.php','Mozilla/5.0 (Windows NT 6.1; WOW64; rv:50.0) Gecko/20100101 Firefox/50.0',0),(1186,'2017-01-13','10:37:27','125.161.208.123','','','undefined','http://starstudents.co.id/onlinetest/account.php','Mozilla/5.0 (Windows NT 6.1; WOW64; rv:50.0) Gecko/20100101 Firefox/50.0',0),(1187,'2017-01-13','15:57:36','125.161.208.123','','','undefined','http://starstudents.co.id/onlinetest/account.php','Mozilla/5.0 (Windows NT 6.1; WOW64; rv:50.0) Gecko/20100101 Firefox/50.0',0),(1188,'2017-01-13','15:57:42','125.161.208.123','','','sort=4','http://starstudents.co.id/onlinetest/courses.php','Mozilla/5.0 (Windows NT 6.1; WOW64; rv:50.0) Gecko/20100101 Firefox/50.0',0),(1189,'2017-01-13','16:20:30','125.161.208.123','','','undefined','undefined','Mozilla/5.0 (Windows NT 6.1; WOW64; rv:50.0) Gecko/20100101 Firefox/50.0',0),(1190,'2017-01-13','16:20:38','125.161.208.123','','','undefined','http://starstudents.co.id/onlinetest/account.php','Mozilla/5.0 (Windows NT 6.1; WOW64; rv:50.0) Gecko/20100101 Firefox/50.0',0),(1191,'2017-01-13','16:20:43','125.161.208.123','','','sort=3','http://starstudents.co.id/onlinetest/courses.php','Mozilla/5.0 (Windows NT 6.1; WOW64; rv:50.0) Gecko/20100101 Firefox/50.0',0),(1192,'2017-01-13','16:21:06','125.161.208.123','','','sort=3','http://starstudents.co.id/onlinetest/courses.php','Mozilla/5.0 (Windows NT 6.1; WOW64; rv:50.0) Gecko/20100101 Firefox/50.0',0),(1193,'2017-01-13','16:24:43','125.161.208.123','','','pg=1&amp;ipp=100&amp;sort=3','http://starstudents.co.id/onlinetest/exams.php?sort=3','Mozilla/5.0 (Windows NT 6.1; WOW64; rv:50.0) Gecko/20100101 Firefox/50.0',0),(1194,'2017-01-13','16:24:48','125.161.208.123','','','do=details&amp;id=3','http://starstudents.co.id/onlinetest/exams.php?pg=1&amp;ipp=100&amp;sort=3','Mozilla/5.0 (Windows NT 6.1; WOW64; rv:50.0) Gecko/20100101 Firefox/50.0',0),(1195,'2017-01-13','16:24:57','125.161.208.123','','','pg=1&amp;ipp=100&amp;sort=3','http://starstudents.co.id/onlinetest/exams.php?sort=3','Mozilla/5.0 (Windows NT 6.1; WOW64; rv:50.0) Gecko/20100101 Firefox/50.0',0),(1196,'2017-01-13','16:25:00','125.161.208.123','','','do=details&amp;id=3','http://starstudents.co.id/onlinetest/exams.php?pg=1&amp;ipp=100&amp;sort=3','Mozilla/5.0 (Windows NT 6.1; WOW64; rv:50.0) Gecko/20100101 Firefox/50.0',0),(1197,'2017-01-13','16:25:04','125.161.208.123','','','do=start&amp;id=3','http://starstudents.co.id/onlinetest/exams.php?do=details&amp;id=3','Mozilla/5.0 (Windows NT 6.1; WOW64; rv:50.0) Gecko/20100101 Firefox/50.0',0),(1198,'2017-01-13','16:25:07','125.161.208.123','','','do=details&amp;id=3','http://starstudents.co.id/onlinetest/exams.php?pg=1&amp;ipp=100&amp;sort=3','Mozilla/5.0 (Windows NT 6.1; WOW64; rv:50.0) Gecko/20100101 Firefox/50.0',0),(1199,'2017-01-13','16:25:10','125.161.208.123','','','pg=1&amp;ipp=100&amp;sort=3','http://starstudents.co.id/onlinetest/exams.php?sort=3','Mozilla/5.0 (Windows NT 6.1; WOW64; rv:50.0) Gecko/20100101 Firefox/50.0',0),(1200,'2017-01-13','16:25:34','125.161.208.123','','','do=details&amp;id=3','http://starstudents.co.id/onlinetest/exams.php?pg=1&amp;ipp=100&amp;sort=3','Mozilla/5.0 (Windows NT 6.1; WOW64; rv:50.0) Gecko/20100101 Firefox/50.0',0),(1201,'2017-01-14','10:58:03','114.124.36.110','','','undefined','undefined','Mozilla/5.0 (Windows NT 6.1; WOW64; rv:50.0) Gecko/20100101 Firefox/50.0',0),(1202,'2017-01-14','10:59:45','36.71.200.125','','','undefined','undefined','Mozilla/5.0 (Windows NT 6.1; WOW64; rv:50.0) Gecko/20100101 Firefox/50.0',0),(1203,'2017-01-14','10:59:50','36.71.200.125','','','undefined','undefined','Mozilla/5.0 (Windows NT 6.1; WOW64; rv:50.0) Gecko/20100101 Firefox/50.0',0),(1204,'2017-01-14','11:00:19','125.161.208.123','','','undefined','undefined','Mozilla/5.0 (Windows NT 10.0; WOW64; rv:50.0) Gecko/20100101 Firefox/50.0',0),(1205,'2017-01-14','11:00:26','125.161.208.123','','','undefined','http://starstudents.co.id/onlinetest/','Mozilla/5.0 (Windows NT 10.0; WOW64; rv:50.0) Gecko/20100101 Firefox/50.0',0),(1206,'2017-01-14','11:00:45','125.161.208.123','','','undefined','http://starstudents.co.id/onlinetest/courses.php','Mozilla/5.0 (Windows NT 10.0; WOW64; rv:50.0) Gecko/20100101 Firefox/50.0',0),(1207,'2017-01-14','11:00:48','36.71.200.125','','','undefined','undefined','Mozilla/5.0 (Windows NT 6.1; WOW64; rv:50.0) Gecko/20100101 Firefox/50.0',0),(1208,'2017-01-14','11:00:53','125.161.208.123','','','undefined','http://starstudents.co.id/onlinetest/courses.php','Mozilla/5.0 (Windows NT 10.0; WOW64; rv:50.0) Gecko/20100101 Firefox/50.0',0),(1209,'2017-01-14','11:00:58','125.161.208.123','','','undefined','http://starstudents.co.id/onlinetest/courses.php','Mozilla/5.0 (Windows NT 10.0; WOW64; rv:50.0) Gecko/20100101 Firefox/50.0',0),(1210,'2017-01-14','11:01:17','36.71.200.125','','','undefined','http://starstudents.co.id/onlinetest/index.php','Mozilla/5.0 (Windows NT 6.1; WOW64; rv:50.0) Gecko/20100101 Firefox/50.0',0),(1211,'2017-01-14','11:01:19','36.71.200.125','','','sort=3','http://starstudents.co.id/onlinetest/courses.php','Mozilla/5.0 (Windows NT 6.1; WOW64; rv:50.0) Gecko/20100101 Firefox/50.0',0),(1212,'2017-01-14','11:02:05','36.71.200.125','','','undefined','http://starstudents.co.id/onlinetest/exams.php?sort=3','Mozilla/5.0 (Windows NT 6.1; WOW64; rv:50.0) Gecko/20100101 Firefox/50.0',0),(1213,'2017-01-14','11:02:08','36.71.200.125','','','sort=3','http://starstudents.co.id/onlinetest/courses.php','Mozilla/5.0 (Windows NT 6.1; WOW64; rv:50.0) Gecko/20100101 Firefox/50.0',0),(1214,'2017-01-14','11:03:01','36.71.200.125','','','do=details&amp;id=3','http://starstudents.co.id/onlinetest/exams.php?sort=3','Mozilla/5.0 (Windows NT 6.1; WOW64; rv:50.0) Gecko/20100101 Firefox/50.0',0),(1215,'2017-01-14','11:03:22','36.71.200.125','','','undefined','http://starstudents.co.id/onlinetest/exams.php?do=details&amp;id=3','Mozilla/5.0 (Windows NT 6.1; WOW64; rv:50.0) Gecko/20100101 Firefox/50.0',0),(1216,'2017-01-14','11:03:48','36.71.200.125','','','undefined','http://starstudents.co.id/onlinetest/exams.php?do=details&amp;id=3','Mozilla/5.0 (Windows NT 6.1; WOW64; rv:50.0) Gecko/20100101 Firefox/50.0',0),(1217,'2017-01-14','11:04:18','36.71.200.125','','','undefined','http://starstudents.co.id/onlinetest/index.php','Mozilla/5.0 (Windows NT 6.1; WOW64; rv:50.0) Gecko/20100101 Firefox/50.0',0),(1218,'2017-01-14','11:04:21','36.71.200.125','','','undefined','http://starstudents.co.id/onlinetest/account.php','Mozilla/5.0 (Windows NT 6.1; WOW64; rv:50.0) Gecko/20100101 Firefox/50.0',0),(1219,'2017-01-14','11:04:25','36.71.200.125','','','sort=3','http://starstudents.co.id/onlinetest/courses.php','Mozilla/5.0 (Windows NT 6.1; WOW64; rv:50.0) Gecko/20100101 Firefox/50.0',0),(1220,'2017-01-14','11:05:19','36.71.200.125','','','undefined','http://starstudents.co.id/onlinetest/exams.php?sort=3','Mozilla/5.0 (Windows NT 6.1; WOW64; rv:50.0) Gecko/20100101 Firefox/50.0',0),(1221,'2017-01-14','11:05:22','36.71.200.125','','','sort=3','http://starstudents.co.id/onlinetest/courses.php','Mozilla/5.0 (Windows NT 6.1; WOW64; rv:50.0) Gecko/20100101 Firefox/50.0',0),(1222,'2017-01-14','11:05:30','36.71.200.125','','','do=enrolment&amp;id=3','http://starstudents.co.id/onlinetest/exams.php?sort=3','Mozilla/5.0 (Windows NT 6.1; WOW64; rv:50.0) Gecko/20100101 Firefox/50.0',0),(1223,'2017-01-14','11:05:38','36.71.200.125','','','undefined','http://starstudents.co.id/onlinetest/account.php?do=enrolment&amp;id=3','Mozilla/5.0 (Windows NT 6.1; WOW64; rv:50.0) Gecko/20100101 Firefox/50.0',0),(1224,'2017-01-14','11:05:41','36.71.200.125','','','undefined','http://starstudents.co.id/onlinetest/account.php','Mozilla/5.0 (Windows NT 6.1; WOW64; rv:50.0) Gecko/20100101 Firefox/50.0',0),(1225,'2017-01-14','11:05:43','36.71.200.125','','','sort=4','http://starstudents.co.id/onlinetest/courses.php','Mozilla/5.0 (Windows NT 6.1; WOW64; rv:50.0) Gecko/20100101 Firefox/50.0',0),(1226,'2017-01-14','11:06:03','36.71.200.125','','','undefined','http://starstudents.co.id/onlinetest/exams.php?sort=4','Mozilla/5.0 (Windows NT 6.1; WOW64; rv:50.0) Gecko/20100101 Firefox/50.0',0),(1227,'2017-01-14','11:06:19','36.71.200.125','','','sort=3','http://starstudents.co.id/onlinetest/courses.php','Mozilla/5.0 (Windows NT 6.1; WOW64; rv:50.0) Gecko/20100101 Firefox/50.0',0),(1228,'2017-01-14','11:07:05','36.71.200.125','','','sort=3','http://starstudents.co.id/onlinetest/exams.php?sort=3','Mozilla/5.0 (Windows NT 6.1; WOW64; rv:50.0) Gecko/20100101 Firefox/50.0',0),(1229,'2017-01-14','11:07:08','36.71.200.125','','','do=details&amp;id=3','http://starstudents.co.id/onlinetest/exams.php?sort=3','Mozilla/5.0 (Windows NT 6.1; WOW64; rv:50.0) Gecko/20100101 Firefox/50.0',0),(1230,'2017-01-14','11:07:13','36.71.200.125','','','do=start&amp;id=3','http://starstudents.co.id/onlinetest/exams.php?do=details&amp;id=3','Mozilla/5.0 (Windows NT 6.1; WOW64; rv:50.0) Gecko/20100101 Firefox/50.0',0),(1231,'2017-01-14','11:07:17','36.71.200.125','','','do=enrolment&amp;id=3','http://starstudents.co.id/onlinetest/account.php?do=start&amp;id=3','Mozilla/5.0 (Windows NT 6.1; WOW64; rv:50.0) Gecko/20100101 Firefox/50.0',0),(1232,'2017-01-14','11:10:39','125.161.208.123','','','undefined','http://starstudents.co.id/onlinetest/admin/login.php','Mozilla/5.0 (Windows NT 10.0; WOW64; rv:50.0) Gecko/20100101 Firefox/50.0',0),(1233,'2017-01-14','11:10:46','125.161.208.123','','','undefined','http://starstudents.co.id/onlinetest/admin/login.php','Mozilla/5.0 (Windows NT 10.0; WOW64; rv:50.0) Gecko/20100101 Firefox/50.0',0),(1234,'2017-01-14','11:11:25','125.161.208.123','','','undefined','http://starstudents.co.id/onlinetest/admin/login.php','Mozilla/5.0 (Windows NT 10.0; WOW64; rv:50.0) Gecko/20100101 Firefox/50.0',0),(1235,'2017-01-14','11:14:58','125.161.208.123','','','undefined','http://starstudents.co.id/onlinetest/admin/login.php','Mozilla/5.0 (Windows NT 10.0; WOW64; rv:50.0) Gecko/20100101 Firefox/50.0',0),(1236,'2017-01-14','11:15:10','125.161.208.123','','','undefined','http://starstudents.co.id/onlinetest/admin/login.php','Mozilla/5.0 (Windows NT 10.0; WOW64; rv:50.0) Gecko/20100101 Firefox/50.0',0),(1237,'2017-01-14','11:15:15','125.161.208.123','','','undefined','http://starstudents.co.id/onlinetest/index.php','Mozilla/5.0 (Windows NT 10.0; WOW64; rv:50.0) Gecko/20100101 Firefox/50.0',0),(1238,'2017-01-14','11:15:19','125.161.208.123','','','undefined','http://starstudents.co.id/onlinetest/account.php','Mozilla/5.0 (Windows NT 10.0; WOW64; rv:50.0) Gecko/20100101 Firefox/50.0',0),(1239,'2017-01-14','11:15:42','125.161.208.123','','','undefined','http://starstudents.co.id/onlinetest/admin/login.php','Mozilla/5.0 (Windows NT 10.0; WOW64; rv:50.0) Gecko/20100101 Firefox/50.0',0),(1240,'2017-01-14','11:19:49','36.71.200.125','','','do=enrolment&amp;id=3','http://starstudents.co.id/onlinetest/account.php?do=start&amp;id=3','Mozilla/5.0 (Windows NT 6.1; WOW64; rv:50.0) Gecko/20100101 Firefox/50.0',0),(1241,'2017-01-14','11:26:18','36.71.200.125','','','undefined','undefined','Mozilla/5.0 (Windows NT 6.1; WOW64; rv:50.0) Gecko/20100101 Firefox/50.0',0),(1242,'2017-01-14','11:27:34','36.71.200.125','','','undefined','http://starstudents.co.id/onlinetest/account.php','Mozilla/5.0 (Windows NT 6.1; WOW64; rv:50.0) Gecko/20100101 Firefox/50.0',0),(1243,'2017-01-14','11:32:25','36.71.200.125','','','undefined','http://starstudents.co.id/onlinetest/account.php','Mozilla/5.0 (Windows NT 6.1; WOW64; rv:50.0) Gecko/20100101 Firefox/50.0',0),(1244,'2017-01-14','11:32:41','36.71.200.125','','','undefined','http://starstudents.co.id/onlinetest/account.php','Mozilla/5.0 (Windows NT 6.1; WOW64; rv:50.0) Gecko/20100101 Firefox/50.0',0),(1245,'2017-01-14','11:33:01','36.71.200.125','','','undefined','http://starstudents.co.id/onlinetest/contact.php','Mozilla/5.0 (Windows NT 6.1; WOW64; rv:50.0) Gecko/20100101 Firefox/50.0',0),(1246,'2017-01-14','11:39:15','36.71.200.125','','','undefined','http://starstudents.co.id/onlinetest/contact.php','Mozilla/5.0 (Windows NT 6.1; WOW64; rv:50.0) Gecko/20100101 Firefox/50.0',0),(1247,'2017-01-14','11:39:56','36.71.200.125','','','undefined','http://starstudents.co.id/onlinetest/contact.php','Mozilla/5.0 (Windows NT 6.1; WOW64; rv:50.0) Gecko/20100101 Firefox/50.0',0),(1248,'2017-01-14','11:40:34','36.71.200.125','','','undefined','http://starstudents.co.id/onlinetest/contact.php','Mozilla/5.0 (Windows NT 6.1; WOW64; rv:50.0) Gecko/20100101 Firefox/50.0',0),(1249,'2017-01-14','11:45:01','36.71.200.125','','','undefined','http://starstudents.co.id/onlinetest/contact.php','Mozilla/5.0 (Windows NT 6.1; WOW64; rv:50.0) Gecko/20100101 Firefox/50.0',0),(1250,'2017-01-14','11:45:21','36.71.200.125','','','undefined','http://starstudents.co.id/onlinetest/contact.php','Mozilla/5.0 (Windows NT 6.1; WOW64; rv:50.0) Gecko/20100101 Firefox/50.0',0),(1251,'2017-01-14','11:45:44','36.71.200.125','','','undefined','http://starstudents.co.id/onlinetest/contact.php','Mozilla/5.0 (Windows NT 6.1; WOW64; rv:50.0) Gecko/20100101 Firefox/50.0',0),(1252,'2017-01-14','11:46:24','36.71.200.125','','','undefined','http://starstudents.co.id/onlinetest/contact.php','Mozilla/5.0 (Windows NT 6.1; WOW64; rv:50.0) Gecko/20100101 Firefox/50.0',0),(1253,'2017-01-14','11:46:57','36.71.200.125','','','undefined','http://starstudents.co.id/onlinetest/faqs.php','Mozilla/5.0 (Windows NT 6.1; WOW64; rv:50.0) Gecko/20100101 Firefox/50.0',0),(1254,'2017-01-14','11:48:48','36.71.200.125','','','undefined','http://starstudents.co.id/onlinetest/account.php','Mozilla/5.0 (Windows NT 6.1; WOW64; rv:50.0) Gecko/20100101 Firefox/50.0',0),(1255,'2017-01-14','11:49:03','36.71.200.125','','','do=users&amp;action=edit&amp;id=1','http://starstudents.co.id/onlinetest/index.php','Mozilla/5.0 (Windows NT 6.1; WOW64; rv:50.0) Gecko/20100101 Firefox/50.0',0),(1256,'2017-01-14','11:49:14','36.71.200.125','','','do=users&amp;action=edit&amp;id=1','http://starstudents.co.id/onlinetest/index.php?do=users&amp;action=edit&amp;id=1','Mozilla/5.0 (Windows NT 6.1; WOW64; rv:50.0) Gecko/20100101 Firefox/50.0',0),(1257,'2017-01-14','11:50:02','36.71.200.125','','','undefined','http://starstudents.co.id/onlinetest/index.php?do=users&amp;action=edit&amp;id=1','Mozilla/5.0 (Windows NT 6.1; WOW64; rv:50.0) Gecko/20100101 Firefox/50.0',0),(1258,'2017-01-14','11:50:05','36.71.200.125','','','undefined','http://starstudents.co.id/onlinetest/index.php','Mozilla/5.0 (Windows NT 6.1; WOW64; rv:50.0) Gecko/20100101 Firefox/50.0',0),(1259,'2017-01-14','11:50:11','36.71.200.125','','','undefined','http://starstudents.co.id/onlinetest/account.php','Mozilla/5.0 (Windows NT 6.1; WOW64; rv:50.0) Gecko/20100101 Firefox/50.0',0),(1260,'2017-01-14','11:51:47','36.71.200.125','','','undefined','http://starstudents.co.id/onlinetest/','Mozilla/5.0 (Windows NT 6.1; WOW64; rv:50.0) Gecko/20100101 Firefox/50.0',0),(1261,'2017-01-14','11:51:52','36.71.200.125','','','undefined','http://starstudents.co.id/onlinetest/account.php','Mozilla/5.0 (Windows NT 6.1; WOW64; rv:50.0) Gecko/20100101 Firefox/50.0',0),(1262,'2017-01-14','11:52:02','36.71.200.125','','','sort=3','http://starstudents.co.id/onlinetest/courses.php','Mozilla/5.0 (Windows NT 6.1; WOW64; rv:50.0) Gecko/20100101 Firefox/50.0',0),(1263,'2017-01-14','11:52:09','36.71.200.125','','','undefined','http://starstudents.co.id/onlinetest/exams.php?sort=3','Mozilla/5.0 (Windows NT 6.1; WOW64; rv:50.0) Gecko/20100101 Firefox/50.0',0),(1264,'2017-01-14','12:00:57','36.71.200.125','','','undefined','http://starstudents.co.id/onlinetest/','Mozilla/5.0 (Windows NT 6.1; WOW64; rv:50.0) Gecko/20100101 Firefox/50.0',0),(1265,'2017-01-14','12:10:39','36.71.200.125','','','undefined','undefined','Mozilla/5.0 (Windows NT 6.1; WOW64; rv:50.0) Gecko/20100101 Firefox/50.0',0),(1266,'2017-01-14','12:13:42','36.71.200.125','','','undefined','undefined','Mozilla/5.0 (Windows NT 6.1; WOW64; rv:50.0) Gecko/20100101 Firefox/50.0',0),(1267,'2017-01-14','12:14:02','36.71.200.125','','','undefined','undefined','Mozilla/5.0 (Windows NT 6.1; WOW64; rv:50.0) Gecko/20100101 Firefox/50.0',0),(1268,'2017-01-14','12:17:40','36.71.200.125','','','undefined','undefined','Mozilla/5.0 (Windows NT 6.1; WOW64; rv:50.0) Gecko/20100101 Firefox/50.0',0),(1269,'2017-01-14','12:18:27','36.71.200.125','','','undefined','undefined','Mozilla/5.0 (Windows NT 6.1; WOW64; rv:50.0) Gecko/20100101 Firefox/50.0',0),(1270,'2017-01-14','12:18:39','36.71.200.125','','','undefined','undefined','Mozilla/5.0 (Windows NT 6.1; WOW64; rv:50.0) Gecko/20100101 Firefox/50.0',0),(1271,'2017-01-14','12:18:48','36.71.200.125','','','undefined','undefined','Mozilla/5.0 (Windows NT 6.1; WOW64; rv:50.0) Gecko/20100101 Firefox/50.0',0),(1272,'2017-01-14','12:23:30','36.71.200.125','','','undefined','undefined','Mozilla/5.0 (Windows NT 6.1; WOW64; rv:50.0) Gecko/20100101 Firefox/50.0',0),(1273,'2017-01-14','12:23:44','36.71.200.125','','','undefined','http://starstudents.co.id/onlinetest/login.php','Mozilla/5.0 (Windows NT 6.1; WOW64; rv:50.0) Gecko/20100101 Firefox/50.0',0),(1274,'2017-01-14','12:23:52','36.71.200.125','','','undefined','http://starstudents.co.id/onlinetest/account.php','Mozilla/5.0 (Windows NT 6.1; WOW64; rv:50.0) Gecko/20100101 Firefox/50.0',0),(1275,'2017-01-14','12:24:18','36.71.200.125','','','undefined','http://starstudents.co.id/onlinetest/account.php','Mozilla/5.0 (Windows NT 6.1; WOW64; rv:50.0) Gecko/20100101 Firefox/50.0',0),(1276,'2017-01-14','12:24:35','36.71.200.125','','','undefined','http://starstudents.co.id/onlinetest/account.php','Mozilla/5.0 (Windows NT 6.1; WOW64; rv:50.0) Gecko/20100101 Firefox/50.0',0),(1277,'2017-01-14','12:24:50','36.71.200.125','','','undefined','http://starstudents.co.id/onlinetest/account.php','Mozilla/5.0 (Windows NT 6.1; WOW64; rv:50.0) Gecko/20100101 Firefox/50.0',0),(1278,'2017-01-14','12:25:00','36.71.200.125','','','undefined','http://starstudents.co.id/onlinetest/account.php','Mozilla/5.0 (Windows NT 6.1; WOW64; rv:50.0) Gecko/20100101 Firefox/50.0',0),(1279,'2017-01-14','12:25:15','36.71.200.125','','','undefined','http://starstudents.co.id/onlinetest/account.php','Mozilla/5.0 (Windows NT 6.1; WOW64; rv:50.0) Gecko/20100101 Firefox/50.0',0),(1280,'2017-01-14','12:25:25','36.71.200.125','','','undefined','http://starstudents.co.id/onlinetest/account.php','Mozilla/5.0 (Windows NT 6.1; WOW64; rv:50.0) Gecko/20100101 Firefox/50.0',0),(1281,'2017-01-14','12:25:37','36.71.200.125','','','undefined','http://starstudents.co.id/onlinetest/account.php','Mozilla/5.0 (Windows NT 6.1; WOW64; rv:50.0) Gecko/20100101 Firefox/50.0',0),(1282,'2017-01-14','12:25:50','36.71.200.125','','','undefined','http://starstudents.co.id/onlinetest/account.php','Mozilla/5.0 (Windows NT 6.1; WOW64; rv:50.0) Gecko/20100101 Firefox/50.0',0),(1283,'2017-01-14','12:26:46','36.71.200.125','','','undefined','http://starstudents.co.id/onlinetest/account.php','Mozilla/5.0 (Windows NT 6.1; WOW64; rv:50.0) Gecko/20100101 Firefox/50.0',0),(1284,'2017-01-14','12:27:05','36.71.200.125','','','undefined','http://starstudents.co.id/onlinetest/account.php','Mozilla/5.0 (Windows NT 6.1; WOW64; rv:50.0) Gecko/20100101 Firefox/50.0',0),(1285,'2017-01-14','12:27:12','36.71.200.125','','','undefined','undefined','Mozilla/5.0 (Windows NT 6.1; WOW64; rv:50.0) Gecko/20100101 Firefox/50.0',0),(1286,'2017-01-14','12:27:38','36.71.200.125','','','undefined','undefined','Mozilla/5.0 (Windows NT 6.1; WOW64; rv:50.0) Gecko/20100101 Firefox/50.0',0),(1287,'2017-01-14','12:27:48','36.71.200.125','','','undefined','http://starstudents.co.id/onlinetest/','Mozilla/5.0 (Windows NT 6.1; WOW64; rv:50.0) Gecko/20100101 Firefox/50.0',0),(1288,'2017-01-14','12:27:51','36.71.200.125','','','undefined','http://starstudents.co.id/onlinetest/account.php','Mozilla/5.0 (Windows NT 6.1; WOW64; rv:50.0) Gecko/20100101 Firefox/50.0',0),(1289,'2017-01-14','12:28:07','36.71.200.125','','','undefined','http://starstudents.co.id/onlinetest/login.php','Mozilla/5.0 (Windows NT 6.1; WOW64; rv:50.0) Gecko/20100101 Firefox/50.0',0),(1290,'2017-01-14','12:28:09','36.71.200.125','','','undefined','http://starstudents.co.id/onlinetest/account.php','Mozilla/5.0 (Windows NT 6.1; WOW64; rv:50.0) Gecko/20100101 Firefox/50.0',0),(1291,'2017-01-14','12:37:17','36.71.200.125','','','undefined','http://starstudents.co.id/onlinetest/','Mozilla/5.0 (Windows NT 6.1; WOW64; rv:50.0) Gecko/20100101 Firefox/50.0',0),(1292,'2017-01-14','12:37:26','36.71.200.125','','','undefined','http://starstudents.co.id/onlinetest/','Mozilla/5.0 (Windows NT 6.1; WOW64; rv:50.0) Gecko/20100101 Firefox/50.0',0),(1293,'2017-01-14','12:37:33','36.71.200.125','','','undefined','http://starstudents.co.id/onlinetest/account.php','Mozilla/5.0 (Windows NT 6.1; WOW64; rv:50.0) Gecko/20100101 Firefox/50.0',0),(1294,'2017-01-14','12:37:36','36.71.200.125','','','undefined','http://starstudents.co.id/onlinetest/account.php','Mozilla/5.0 (Windows NT 6.1; WOW64; rv:50.0) Gecko/20100101 Firefox/50.0',0),(1295,'2017-01-14','12:37:39','36.71.200.125','','','undefined','http://starstudents.co.id/onlinetest/courses.php','Mozilla/5.0 (Windows NT 6.1; WOW64; rv:50.0) Gecko/20100101 Firefox/50.0',0),(1296,'2017-01-14','13:11:35','125.161.208.123','','','undefined','undefined','Mozilla/5.0 (Windows NT 10.0; WOW64; rv:50.0) Gecko/20100101 Firefox/50.0',0),(1297,'2017-01-14','13:11:49','125.161.208.123','','','undefined','http://starstudents.co.id/onlinetest/login.php','Mozilla/5.0 (Windows NT 10.0; WOW64; rv:50.0) Gecko/20100101 Firefox/50.0',0),(1298,'2017-01-14','13:11:59','125.161.208.123','','','undefined','http://starstudents.co.id/onlinetest/account.php','Mozilla/5.0 (Windows NT 10.0; WOW64; rv:50.0) Gecko/20100101 Firefox/50.0',0),(1299,'2017-01-14','13:12:20','36.71.200.125','','','undefined','undefined','Mozilla/5.0 (Windows NT 6.1; WOW64; rv:50.0) Gecko/20100101 Firefox/50.0',0),(1300,'2017-01-14','13:12:30','36.71.200.125','','','undefined','http://starstudents.co.id/onlinetest/login.php','Mozilla/5.0 (Windows NT 6.1; WOW64; rv:50.0) Gecko/20100101 Firefox/50.0',0),(1301,'2017-01-14','13:12:34','36.71.200.125','','','undefined','http://starstudents.co.id/onlinetest/account.php','Mozilla/5.0 (Windows NT 6.1; WOW64; rv:50.0) Gecko/20100101 Firefox/50.0',0),(1302,'2017-01-14','13:12:39','36.71.200.125','','','sort=7','http://starstudents.co.id/onlinetest/courses.php','Mozilla/5.0 (Windows NT 6.1; WOW64; rv:50.0) Gecko/20100101 Firefox/50.0',0),(1303,'2017-01-14','13:12:46','36.71.200.125','','','undefined','http://starstudents.co.id/onlinetest/account.php','Mozilla/5.0 (Windows NT 6.1; WOW64; rv:50.0) Gecko/20100101 Firefox/50.0',0),(1304,'2017-01-14','13:12:48','36.71.200.125','','','sort=3','http://starstudents.co.id/onlinetest/courses.php','Mozilla/5.0 (Windows NT 6.1; WOW64; rv:50.0) Gecko/20100101 Firefox/50.0',0),(1305,'2017-01-14','13:13:36','36.71.200.125','','','do=enrolment&amp;id=3','http://starstudents.co.id/onlinetest/exams.php?sort=3','Mozilla/5.0 (Windows NT 6.1; WOW64; rv:50.0) Gecko/20100101 Firefox/50.0',0),(1306,'2017-01-14','13:13:41','36.71.200.125','','','do=courses','http://starstudents.co.id/onlinetest/account.php?do=enrolment&amp;id=3','Mozilla/5.0 (Windows NT 6.1; WOW64; rv:50.0) Gecko/20100101 Firefox/50.0',0),(1307,'2017-01-14','13:13:45','36.71.200.125','','','undefined','http://starstudents.co.id/onlinetest/index.php?do=courses','Mozilla/5.0 (Windows NT 6.1; WOW64; rv:50.0) Gecko/20100101 Firefox/50.0',0),(1308,'2017-01-14','13:13:47','36.71.200.125','','','sort=3','http://starstudents.co.id/onlinetest/courses.php','Mozilla/5.0 (Windows NT 6.1; WOW64; rv:50.0) Gecko/20100101 Firefox/50.0',0),(1309,'2017-01-14','13:15:48','36.71.200.125','','','do=details&amp;id=3','http://starstudents.co.id/onlinetest/exams.php?sort=3','Mozilla/5.0 (Windows NT 6.1; WOW64; rv:50.0) Gecko/20100101 Firefox/50.0',0),(1310,'2017-01-14','13:20:13','125.161.208.123','','','undefined','undefined','Mozilla/5.0 (Windows NT 10.0; WOW64; rv:50.0) Gecko/20100101 Firefox/50.0',0),(1311,'2017-01-14','13:21:29','125.161.208.123','','','undefined','http://starstudents.co.id/intranet/index.php?student/study_material','Mozilla/5.0 (Windows NT 10.0; WOW64; rv:50.0) Gecko/20100101 Firefox/50.0',0),(1312,'2017-01-14','13:22:34','125.161.208.123','','','undefined','http://starstudents.co.id/onlinetest/login.php','Mozilla/5.0 (Windows NT 10.0; WOW64; rv:50.0) Gecko/20100101 Firefox/50.0',0),(1313,'2017-01-14','13:22:47','125.161.208.123','','','undefined','http://starstudents.co.id/onlinetest/account.php','Mozilla/5.0 (Windows NT 10.0; WOW64; rv:50.0) Gecko/20100101 Firefox/50.0',0),(1314,'2017-01-14','13:22:51','125.161.208.123','','','undefined','http://starstudents.co.id/onlinetest/account.php','Mozilla/5.0 (Windows NT 10.0; WOW64; rv:50.0) Gecko/20100101 Firefox/50.0',0),(1315,'2017-01-14','13:23:07','125.161.208.123','','','undefined','http://starstudents.co.id/onlinetest/courses.php','Mozilla/5.0 (Windows NT 10.0; WOW64; rv:50.0) Gecko/20100101 Firefox/50.0',0),(1316,'2017-01-14','13:23:11','125.161.208.123','','','undefined','http://starstudents.co.id/onlinetest/exams.php','Mozilla/5.0 (Windows NT 10.0; WOW64; rv:50.0) Gecko/20100101 Firefox/50.0',0),(1317,'2017-01-14','13:36:18','36.71.200.125','','','sort=3','http://starstudents.co.id/onlinetest/courses.php','Mozilla/5.0 (Windows NT 6.1; WOW64; rv:50.0) Gecko/20100101 Firefox/50.0',0),(1318,'2017-01-14','13:37:34','36.71.200.125','','','sort=3','http://starstudents.co.id/onlinetest/courses.php','Mozilla/5.0 (Windows NT 6.1; WOW64; rv:50.0) Gecko/20100101 Firefox/50.0',0),(1319,'2017-01-14','13:38:05','36.71.200.125','','','sort=3','http://starstudents.co.id/onlinetest/courses.php','Mozilla/5.0 (Windows NT 6.1; WOW64; rv:50.0) Gecko/20100101 Firefox/50.0',0),(1320,'2017-01-14','13:38:45','36.71.200.125','','','sort=3','http://starstudents.co.id/onlinetest/courses.php','Mozilla/5.0 (Windows NT 6.1; WOW64; rv:50.0) Gecko/20100101 Firefox/50.0',0),(1321,'2017-01-14','13:38:50','125.161.208.123','','','undefined','http://starstudents.co.id/onlinetest/index.php','Mozilla/5.0 (Windows NT 10.0; WOW64; rv:50.0) Gecko/20100101 Firefox/50.0',0),(1322,'2017-01-14','13:38:59','36.71.200.125','','','sort=3','http://starstudents.co.id/onlinetest/courses.php','Mozilla/5.0 (Windows NT 6.1; WOW64; rv:50.0) Gecko/20100101 Firefox/50.0',0),(1323,'2017-01-14','13:39:02','125.161.208.123','','','undefined','http://starstudents.co.id/intranet/index.php?student/dashboard','Mozilla/5.0 (Windows NT 10.0; WOW64; rv:50.0) Gecko/20100101 Firefox/50.0',0),(1324,'2017-01-14','13:39:10','125.161.208.123','','','undefined','http://starstudents.co.id/onlinetest/login.php','Mozilla/5.0 (Windows NT 10.0; WOW64; rv:50.0) Gecko/20100101 Firefox/50.0',0),(1325,'2017-01-14','13:39:34','125.161.208.123','','','undefined','http://starstudents.co.id/onlinetest/account.php','Mozilla/5.0 (Windows NT 10.0; WOW64; rv:50.0) Gecko/20100101 Firefox/50.0',0),(1326,'2017-01-14','13:39:38','125.161.208.123','','','undefined','http://starstudents.co.id/onlinetest/account.php','Mozilla/5.0 (Windows NT 10.0; WOW64; rv:50.0) Gecko/20100101 Firefox/50.0',0),(1327,'2017-01-14','13:39:46','36.71.200.125','','','sort=3','http://starstudents.co.id/onlinetest/courses.php','Mozilla/5.0 (Windows NT 6.1; WOW64; rv:50.0) Gecko/20100101 Firefox/50.0',0),(1328,'2017-01-14','13:40:06','36.71.200.125','','','sort=3','http://starstudents.co.id/onlinetest/courses.php','Mozilla/5.0 (Windows NT 6.1; WOW64; rv:50.0) Gecko/20100101 Firefox/50.0',0),(1329,'2017-01-14','13:40:13','36.71.200.125','','','sort=3','http://starstudents.co.id/onlinetest/courses.php','Mozilla/5.0 (Windows NT 6.1; WOW64; rv:50.0) Gecko/20100101 Firefox/50.0',0),(1330,'2017-01-14','13:40:34','36.71.200.125','','','sort=3','http://starstudents.co.id/onlinetest/courses.php','Mozilla/5.0 (Windows NT 6.1; WOW64; rv:50.0) Gecko/20100101 Firefox/50.0',0),(1331,'2017-01-14','13:41:02','125.161.208.123','','','undefined','http://starstudents.co.id/onlinetest/login.php','Mozilla/5.0 (Windows NT 10.0; WOW64; rv:50.0) Gecko/20100101 Firefox/50.0',0),(1332,'2017-01-14','13:41:10','125.161.208.123','','','undefined','http://starstudents.co.id/onlinetest/account.php','Mozilla/5.0 (Windows NT 10.0; WOW64; rv:50.0) Gecko/20100101 Firefox/50.0',0),(1333,'2017-01-14','13:41:20','36.71.200.125','','','sort=3','http://starstudents.co.id/onlinetest/courses.php','Mozilla/5.0 (Windows NT 6.1; WOW64; rv:50.0) Gecko/20100101 Firefox/50.0',0),(1334,'2017-01-14','13:41:31','36.71.200.125','','','sort=3','http://starstudents.co.id/onlinetest/courses.php','Mozilla/5.0 (Windows NT 6.1; WOW64; rv:50.0) Gecko/20100101 Firefox/50.0',0),(1335,'2017-01-14','13:41:32','125.161.208.123','','','undefined','http://starstudents.co.id/onlinetest/','Mozilla/5.0 (Windows NT 10.0; WOW64; rv:50.0) Gecko/20100101 Firefox/50.0',0),(1336,'2017-01-14','13:41:35','125.161.208.123','','','undefined','http://starstudents.co.id/onlinetest/','Mozilla/5.0 (Windows NT 10.0; WOW64; rv:50.0) Gecko/20100101 Firefox/50.0',0),(1337,'2017-01-14','13:43:09','36.71.200.125','','','sort=3','http://starstudents.co.id/onlinetest/courses.php','Mozilla/5.0 (Windows NT 6.1; WOW64; rv:50.0) Gecko/20100101 Firefox/50.0',0),(1338,'2017-01-14','14:09:33','36.71.200.125','','','sort=3','http://starstudents.co.id/onlinetest/courses.php','Mozilla/5.0 (Windows NT 6.1; WOW64; rv:50.0) Gecko/20100101 Firefox/50.0',0),(1339,'2017-01-14','14:10:52','36.71.200.125','','','sort=3','http://starstudents.co.id/onlinetest/courses.php','Mozilla/5.0 (Windows NT 6.1; WOW64; rv:50.0) Gecko/20100101 Firefox/50.0',0),(1340,'2017-01-14','14:11:11','36.71.200.125','','','sort=3','http://starstudents.co.id/onlinetest/courses.php','Mozilla/5.0 (Windows NT 6.1; WOW64; rv:50.0) Gecko/20100101 Firefox/50.0',0),(1341,'2017-01-14','14:12:22','36.71.200.125','','','undefined','http://starstudents.co.id/onlinetest/login.php','Mozilla/5.0 (Windows NT 6.1; WOW64; rv:50.0) Gecko/20100101 Firefox/50.0',0),(1342,'2017-01-14','14:12:29','36.71.200.125','','','undefined','http://starstudents.co.id/onlinetest/account.php','Mozilla/5.0 (Windows NT 6.1; WOW64; rv:50.0) Gecko/20100101 Firefox/50.0',0),(1343,'2017-01-14','14:12:31','36.71.200.125','','','sort=3','http://starstudents.co.id/onlinetest/courses.php','Mozilla/5.0 (Windows NT 6.1; WOW64; rv:50.0) Gecko/20100101 Firefox/50.0',0),(1344,'2017-01-14','14:13:02','36.71.200.125','','','sort=3','http://starstudents.co.id/onlinetest/courses.php','Mozilla/5.0 (Windows NT 6.1; WOW64; rv:50.0) Gecko/20100101 Firefox/50.0',0),(1345,'2017-01-14','14:13:10','36.71.200.125','','','sort=3','http://starstudents.co.id/onlinetest/courses.php','Mozilla/5.0 (Windows NT 6.1; WOW64; rv:50.0) Gecko/20100101 Firefox/50.0',0),(1346,'2017-01-14','14:13:18','36.71.200.125','','','sort=3','http://starstudents.co.id/onlinetest/courses.php','Mozilla/5.0 (Windows NT 6.1; WOW64; rv:50.0) Gecko/20100101 Firefox/50.0',0),(1347,'2017-01-14','14:14:20','36.71.200.125','','','sort=3','http://starstudents.co.id/onlinetest/courses.php','Mozilla/5.0 (Windows NT 6.1; WOW64; rv:50.0) Gecko/20100101 Firefox/50.0',0),(1348,'2017-01-14','14:15:16','36.71.200.125','','','sort=3','http://starstudents.co.id/onlinetest/courses.php','Mozilla/5.0 (Windows NT 6.1; WOW64; rv:50.0) Gecko/20100101 Firefox/50.0',0),(1349,'2017-01-14','14:15:51','36.71.200.125','','','sort=3','http://starstudents.co.id/onlinetest/courses.php','Mozilla/5.0 (Windows NT 6.1; WOW64; rv:50.0) Gecko/20100101 Firefox/50.0',0),(1350,'2017-01-14','14:15:59','36.71.200.125','','','do=enrolment&amp;id=3','http://starstudents.co.id/onlinetest/exams.php?sort=3','Mozilla/5.0 (Windows NT 6.1; WOW64; rv:50.0) Gecko/20100101 Firefox/50.0',0),(1351,'2017-01-14','14:16:32','125.161.208.123','','','undefined','http://starstudents.co.id/intranet/index.php?student/dashboard','Mozilla/5.0 (Windows NT 10.0; WOW64; rv:50.0) Gecko/20100101 Firefox/50.0',0),(1352,'2017-01-14','14:17:09','125.161.208.123','','','undefined','http://starstudents.co.id/intranet/index.php?student/dashboard','Mozilla/5.0 (Windows NT 10.0; WOW64; rv:50.0) Gecko/20100101 Firefox/50.0',0),(1353,'2017-01-14','14:17:51','125.161.208.123','','','undefined','http://starstudents.co.id/intranet/index.php?student/dashboard','Mozilla/5.0 (Windows NT 10.0; WOW64; rv:50.0) Gecko/20100101 Firefox/50.0',0),(1354,'2017-01-14','14:18:00','125.161.208.123','','','undefined','http://starstudents.co.id/onlinetest/login.php','Mozilla/5.0 (Windows NT 10.0; WOW64; rv:50.0) Gecko/20100101 Firefox/50.0',0),(1355,'2017-01-14','14:18:16','125.161.208.123','','','undefined','http://starstudents.co.id/onlinetest/account.php','Mozilla/5.0 (Windows NT 10.0; WOW64; rv:50.0) Gecko/20100101 Firefox/50.0',0),(1356,'2017-01-14','14:22:10','36.71.200.125','','','do=enrolment&amp;id=3','http://starstudents.co.id/onlinetest/exams.php?sort=3','Mozilla/5.0 (Windows NT 6.1; WOW64; rv:50.0) Gecko/20100101 Firefox/50.0',0),(1357,'2017-01-14','14:23:16','36.71.200.125','','','do=enrolment&amp;id=3','http://starstudents.co.id/onlinetest/exams.php?sort=3','Mozilla/5.0 (Windows NT 6.1; WOW64; rv:50.0) Gecko/20100101 Firefox/50.0',0),(1358,'2017-01-14','14:23:33','36.71.200.125','','','do=enrolment&amp;id=3','http://starstudents.co.id/onlinetest/exams.php?sort=3','Mozilla/5.0 (Windows NT 6.1; WOW64; rv:50.0) Gecko/20100101 Firefox/50.0',0),(1359,'2017-01-14','14:23:40','36.71.200.125','','','do=enrolment&amp;id=3','http://starstudents.co.id/onlinetest/exams.php?sort=3','Mozilla/5.0 (Windows NT 6.1; WOW64; rv:50.0) Gecko/20100101 Firefox/50.0',0),(1360,'2017-01-14','14:24:07','36.71.200.125','','','do=enrolment&amp;id=3','http://starstudents.co.id/onlinetest/exams.php?sort=3','Mozilla/5.0 (Windows NT 6.1; WOW64; rv:50.0) Gecko/20100101 Firefox/50.0',0),(1361,'2017-01-14','14:25:18','36.71.200.125','','','do=enrolment&amp;id=3','http://starstudents.co.id/onlinetest/exams.php?sort=3','Mozilla/5.0 (Windows NT 6.1; WOW64; rv:50.0) Gecko/20100101 Firefox/50.0',0),(1362,'2017-01-14','14:26:03','36.71.200.125','','','do=enrolment&amp;id=3','http://starstudents.co.id/onlinetest/exams.php?sort=3','Mozilla/5.0 (Windows NT 6.1; WOW64; rv:50.0) Gecko/20100101 Firefox/50.0',0),(1363,'2017-01-14','14:26:52','36.71.200.125','','','do=enrolment&amp;id=3','http://starstudents.co.id/onlinetest/exams.php?sort=3','Mozilla/5.0 (Windows NT 6.1; WOW64; rv:50.0) Gecko/20100101 Firefox/50.0',0),(1364,'2017-01-14','14:27:34','36.71.200.125','','','do=enrolment&amp;id=3','http://starstudents.co.id/onlinetest/exams.php?sort=3','Mozilla/5.0 (Windows NT 6.1; WOW64; rv:50.0) Gecko/20100101 Firefox/50.0',0),(1365,'2017-01-14','14:28:18','36.71.200.125','','','undefined','undefined','Mozilla/5.0 (Windows NT 6.1; WOW64; rv:50.0) Gecko/20100101 Firefox/50.0',0),(1366,'2017-01-14','14:28:27','36.71.200.125','','','undefined','http://starstudents.co.id/onlinetest/login.php','Mozilla/5.0 (Windows NT 6.1; WOW64; rv:50.0) Gecko/20100101 Firefox/50.0',0),(1367,'2017-01-14','14:28:30','36.71.200.125','','','undefined','http://starstudents.co.id/onlinetest/account.php','Mozilla/5.0 (Windows NT 6.1; WOW64; rv:50.0) Gecko/20100101 Firefox/50.0',0),(1368,'2017-01-14','14:28:32','36.71.200.125','','','sort=3','http://starstudents.co.id/onlinetest/courses.php','Mozilla/5.0 (Windows NT 6.1; WOW64; rv:50.0) Gecko/20100101 Firefox/50.0',0),(1369,'2017-01-14','14:28:38','36.71.200.125','','','do=enrolment&amp;id=3','http://starstudents.co.id/onlinetest/exams.php?sort=3','Mozilla/5.0 (Windows NT 6.1; WOW64; rv:50.0) Gecko/20100101 Firefox/50.0',0),(1370,'2017-01-14','14:28:59','125.161.208.123','','','undefined','http://starstudents.co.id/intranet/index.php?student/dashboard','Mozilla/5.0 (Windows NT 10.0; WOW64; rv:50.0) Gecko/20100101 Firefox/50.0',0),(1371,'2017-01-14','14:29:16','125.161.208.123','','','undefined','http://starstudents.co.id/onlinetest/login.php','Mozilla/5.0 (Windows NT 10.0; WOW64; rv:50.0) Gecko/20100101 Firefox/50.0',0),(1372,'2017-01-14','14:30:07','125.161.208.123','','','undefined','http://starstudents.co.id/onlinetest/account.php','Mozilla/5.0 (Windows NT 10.0; WOW64; rv:50.0) Gecko/20100101 Firefox/50.0',0),(1373,'2017-01-14','14:33:52','36.71.200.125','','','do=enrolment&amp;id=3','http://starstudents.co.id/onlinetest/exams.php?sort=3','Mozilla/5.0 (Windows NT 6.1; WOW64; rv:50.0) Gecko/20100101 Firefox/50.0',0),(1374,'2017-01-14','14:33:57','36.71.200.125','','','undefined','http://starstudents.co.id/onlinetest/account.php?do=enrolment&amp;id=3','Mozilla/5.0 (Windows NT 6.1; WOW64; rv:50.0) Gecko/20100101 Firefox/50.0',0),(1375,'2017-01-14','14:34:21','36.71.200.125','','','undefined','undefined','Mozilla/5.0 (Windows NT 6.1; WOW64; rv:50.0) Gecko/20100101 Firefox/50.0',0),(1376,'2017-01-14','14:34:29','36.71.200.125','','','undefined','http://starstudents.co.id/onlinetest/login.php','Mozilla/5.0 (Windows NT 6.1; WOW64; rv:50.0) Gecko/20100101 Firefox/50.0',0),(1377,'2017-01-14','14:34:31','36.71.200.125','','','undefined','http://starstudents.co.id/onlinetest/account.php','Mozilla/5.0 (Windows NT 6.1; WOW64; rv:50.0) Gecko/20100101 Firefox/50.0',0),(1378,'2017-01-14','14:34:34','36.71.200.125','','','sort=3','http://starstudents.co.id/onlinetest/courses.php','Mozilla/5.0 (Windows NT 6.1; WOW64; rv:50.0) Gecko/20100101 Firefox/50.0',0),(1379,'2017-01-14','14:34:42','36.71.200.125','','','do=enrolment&amp;id=3','http://starstudents.co.id/onlinetest/exams.php?sort=3','Mozilla/5.0 (Windows NT 6.1; WOW64; rv:50.0) Gecko/20100101 Firefox/50.0',0),(1380,'2017-01-14','14:35:07','36.71.200.125','','','do=enrolment&amp;id=3','http://starstudents.co.id/onlinetest/exams.php?sort=3','Mozilla/5.0 (Windows NT 6.1; WOW64; rv:50.0) Gecko/20100101 Firefox/50.0',0),(1381,'2017-01-14','14:35:13','36.71.200.125','','','do=enrolment&amp;id=3','undefined','Mozilla/5.0 (Windows NT 6.1; WOW64; rv:50.0) Gecko/20100101 Firefox/50.0',0),(1382,'2017-01-14','14:36:27','36.71.200.125','','','do=enrolment&amp;id=3','undefined','Mozilla/5.0 (Windows NT 6.1; WOW64; rv:50.0) Gecko/20100101 Firefox/50.0',0),(1383,'2017-01-14','14:37:15','36.71.200.125','','','do=enrolment&amp;id=3','undefined','Mozilla/5.0 (Windows NT 6.1; WOW64; rv:50.0) Gecko/20100101 Firefox/50.0',0),(1384,'2017-01-14','14:38:47','125.161.208.123','','','undefined','http://starstudents.co.id/onlinetest/login.php','Mozilla/5.0 (Windows NT 10.0; WOW64; rv:50.0) Gecko/20100101 Firefox/50.0',0),(1385,'2017-01-14','14:38:50','125.161.208.123','','','undefined','http://starstudents.co.id/onlinetest/account.php','Mozilla/5.0 (Windows NT 10.0; WOW64; rv:50.0) Gecko/20100101 Firefox/50.0',0),(1386,'2017-01-14','14:38:54','36.71.200.125','','','do=enrolment&amp;id=3','undefined','Mozilla/5.0 (Windows NT 6.1; WOW64; rv:50.0) Gecko/20100101 Firefox/50.0',0),(1387,'2017-01-14','14:39:39','125.161.208.123','','','undefined','http://starstudents.co.id/onlinetest/login.php','Mozilla/5.0 (Windows NT 10.0; WOW64; rv:50.0) Gecko/20100101 Firefox/50.0',0),(1388,'2017-01-14','14:39:49','125.161.208.123','','','undefined','http://starstudents.co.id/onlinetest/account.php','Mozilla/5.0 (Windows NT 10.0; WOW64; rv:50.0) Gecko/20100101 Firefox/50.0',0),(1389,'2017-01-14','14:39:53','125.161.208.123','','','undefined','http://starstudents.co.id/onlinetest/account.php','Mozilla/5.0 (Windows NT 10.0; WOW64; rv:50.0) Gecko/20100101 Firefox/50.0',0),(1390,'2017-01-14','14:39:54','36.71.200.125','','','do=enrolment&amp;id=3','undefined','Mozilla/5.0 (Windows NT 6.1; WOW64; rv:50.0) Gecko/20100101 Firefox/50.0',0),(1391,'2017-01-14','14:39:58','36.71.200.125','','','do=enrolment&amp;id=3','undefined','Mozilla/5.0 (Windows NT 6.1; WOW64; rv:50.0) Gecko/20100101 Firefox/50.0',0),(1392,'2017-01-14','14:40:11','36.71.200.125','','','do=enrolment&amp;id=3','undefined','Mozilla/5.0 (Windows NT 6.1; WOW64; rv:50.0) Gecko/20100101 Firefox/50.0',0),(1393,'2017-01-14','14:41:03','36.71.200.125','','','do=enrolment&amp;id=3','undefined','Mozilla/5.0 (Windows NT 6.1; WOW64; rv:50.0) Gecko/20100101 Firefox/50.0',0),(1394,'2017-01-14','14:41:31','36.71.200.125','','','do=enrolment&amp;id=3','undefined','Mozilla/5.0 (Windows NT 6.1; WOW64; rv:50.0) Gecko/20100101 Firefox/50.0',0),(1395,'2017-01-14','14:41:53','36.71.200.125','','','do=enrolment&amp;id=3','undefined','Mozilla/5.0 (Windows NT 6.1; WOW64; rv:50.0) Gecko/20100101 Firefox/50.0',0),(1396,'2017-01-14','14:42:09','36.71.200.125','','','do=enrolment&amp;id=3','undefined','Mozilla/5.0 (Windows NT 6.1; WOW64; rv:50.0) Gecko/20100101 Firefox/50.0',0),(1397,'2017-01-14','14:42:15','36.71.200.125','','','do=enrolment&amp;id=3','undefined','Mozilla/5.0 (Windows NT 6.1; WOW64; rv:50.0) Gecko/20100101 Firefox/50.0',0),(1398,'2017-01-14','14:42:34','36.71.200.125','','','do=enrolment&amp;id=3','undefined','Mozilla/5.0 (Windows NT 6.1; WOW64; rv:50.0) Gecko/20100101 Firefox/50.0',0),(1399,'2017-01-14','14:42:38','36.71.200.125','','','do=enrolment&amp;id=3','undefined','Mozilla/5.0 (Windows NT 6.1; WOW64; rv:50.0) Gecko/20100101 Firefox/50.0',0),(1400,'2017-01-14','14:42:53','36.71.200.125','','','do=enrolment&amp;id=3','undefined','Mozilla/5.0 (Windows NT 6.1; WOW64; rv:50.0) Gecko/20100101 Firefox/50.0',0),(1401,'2017-01-14','14:43:08','36.71.200.125','','','do=enrolment&amp;id=3','undefined','Mozilla/5.0 (Windows NT 6.1; WOW64; rv:50.0) Gecko/20100101 Firefox/50.0',0),(1402,'2017-01-14','14:43:22','36.71.200.125','','','do=enrolment&amp;id=3','undefined','Mozilla/5.0 (Windows NT 6.1; WOW64; rv:50.0) Gecko/20100101 Firefox/50.0',0),(1403,'2017-01-14','14:43:39','36.71.200.125','','','do=enrolment&amp;id=3','undefined','Mozilla/5.0 (Windows NT 6.1; WOW64; rv:50.0) Gecko/20100101 Firefox/50.0',0),(1404,'2017-01-14','14:43:50','36.71.200.125','','','do=enrolment&amp;id=3','undefined','Mozilla/5.0 (Windows NT 6.1; WOW64; rv:50.0) Gecko/20100101 Firefox/50.0',0),(1405,'2017-01-14','14:44:06','36.71.200.125','','','do=enrolment&amp;id=3','undefined','Mozilla/5.0 (Windows NT 6.1; WOW64; rv:50.0) Gecko/20100101 Firefox/50.0',0),(1406,'2017-01-14','14:44:17','36.71.200.125','','','do=enrolment&amp;id=3','undefined','Mozilla/5.0 (Windows NT 6.1; WOW64; rv:50.0) Gecko/20100101 Firefox/50.0',0),(1407,'2017-01-14','14:44:33','36.71.200.125','','','do=courses','http://starstudents.co.id/onlinetest/account.php?do=enrolment&amp;id=3','Mozilla/5.0 (Windows NT 6.1; WOW64; rv:50.0) Gecko/20100101 Firefox/50.0',0),(1408,'2017-01-14','14:44:37','36.71.200.125','','','undefined','http://starstudents.co.id/onlinetest/index.php?do=courses','Mozilla/5.0 (Windows NT 6.1; WOW64; rv:50.0) Gecko/20100101 Firefox/50.0',0),(1409,'2017-01-14','14:44:39','36.71.200.125','','','sort=3','http://starstudents.co.id/onlinetest/courses.php','Mozilla/5.0 (Windows NT 6.1; WOW64; rv:50.0) Gecko/20100101 Firefox/50.0',0),(1410,'2017-01-14','14:44:41','36.71.200.125','','','do=enrolment&amp;id=3','http://starstudents.co.id/onlinetest/exams.php?sort=3','Mozilla/5.0 (Windows NT 6.1; WOW64; rv:50.0) Gecko/20100101 Firefox/50.0',0),(1411,'2017-01-14','14:53:13','36.71.200.125','','','do=enrolment&amp;id=3','http://starstudents.co.id/onlinetest/exams.php?sort=3','Mozilla/5.0 (Windows NT 6.1; WOW64; rv:50.0) Gecko/20100101 Firefox/50.0',0),(1412,'2017-01-14','14:53:16','36.71.200.125','','','do=enrolment&amp;id=3','undefined','Mozilla/5.0 (Windows NT 6.1; WOW64; rv:50.0) Gecko/20100101 Firefox/50.0',0),(1413,'2017-01-14','14:53:18','36.71.200.125','','','do=enrolment&amp;id=3','http://starstudents.co.id/onlinetest/account.php?do=enrolment&amp;id=3','Mozilla/5.0 (Windows NT 6.1; WOW64; rv:50.0) Gecko/20100101 Firefox/50.0',0),(1414,'2017-01-14','14:53:21','36.71.200.125','','','do=enrolment&amp;id=3','http://starstudents.co.id/onlinetest/account.php?do=enrolment&amp;id=3','Mozilla/5.0 (Windows NT 6.1; WOW64; rv:50.0) Gecko/20100101 Firefox/50.0',0),(1415,'2017-01-14','14:53:23','36.71.200.125','','','do=enrolment&amp;id=3','http://starstudents.co.id/onlinetest/account.php?do=enrolment&amp;id=3','Mozilla/5.0 (Windows NT 6.1; WOW64; rv:50.0) Gecko/20100101 Firefox/50.0',0),(1416,'2017-01-14','14:53:25','36.71.200.125','','','do=courses','http://starstudents.co.id/onlinetest/account.php?do=enrolment&amp;id=3','Mozilla/5.0 (Windows NT 6.1; WOW64; rv:50.0) Gecko/20100101 Firefox/50.0',0),(1417,'2017-01-14','14:53:28','36.71.200.125','','','undefined','http://starstudents.co.id/onlinetest/index.php?do=courses','Mozilla/5.0 (Windows NT 6.1; WOW64; rv:50.0) Gecko/20100101 Firefox/50.0',0),(1418,'2017-01-14','14:53:30','36.71.200.125','','','sort=3','http://starstudents.co.id/onlinetest/courses.php','Mozilla/5.0 (Windows NT 6.1; WOW64; rv:50.0) Gecko/20100101 Firefox/50.0',0),(1419,'2017-01-14','14:53:32','36.71.200.125','','','do=enrolment&amp;id=3','http://starstudents.co.id/onlinetest/exams.php?sort=3','Mozilla/5.0 (Windows NT 6.1; WOW64; rv:50.0) Gecko/20100101 Firefox/50.0',0),(1420,'2017-01-14','14:53:34','36.71.200.125','','','do=enrolment&amp;id=3','http://starstudents.co.id/onlinetest/account.php?do=enrolment&amp;id=3','Mozilla/5.0 (Windows NT 6.1; WOW64; rv:50.0) Gecko/20100101 Firefox/50.0',0),(1421,'2017-01-14','14:53:51','36.71.200.125','','','do=enrolment&amp;id=3','http://starstudents.co.id/onlinetest/account.php?do=enrolment&amp;id=3','Mozilla/5.0 (Windows NT 6.1; WOW64; rv:50.0) Gecko/20100101 Firefox/50.0',0),(1422,'2017-01-14','14:53:53','36.71.200.125','','','do=enrolment&amp;id=3','http://starstudents.co.id/onlinetest/account.php?do=enrolment&amp;id=3','Mozilla/5.0 (Windows NT 6.1; WOW64; rv:50.0) Gecko/20100101 Firefox/50.0',0),(1423,'2017-01-14','14:53:56','36.71.200.125','','','do=enrolment&amp;id=3','http://starstudents.co.id/onlinetest/account.php?do=enrolment&amp;id=3','Mozilla/5.0 (Windows NT 6.1; WOW64; rv:50.0) Gecko/20100101 Firefox/50.0',0),(1424,'2017-01-14','14:53:58','36.71.200.125','','','do=enrolment&amp;id=3','http://starstudents.co.id/onlinetest/account.php?do=enrolment&amp;id=3','Mozilla/5.0 (Windows NT 6.1; WOW64; rv:50.0) Gecko/20100101 Firefox/50.0',0),(1425,'2017-01-14','14:54:01','36.71.200.125','','','undefined','http://starstudents.co.id/onlinetest/account.php?do=enrolment&amp;id=3','Mozilla/5.0 (Windows NT 6.1; WOW64; rv:50.0) Gecko/20100101 Firefox/50.0',0),(1426,'2017-01-14','15:00:09','36.71.200.125','','','undefined','http://starstudents.co.id/onlinetest/account.php?do=enrolment&amp;id=3','Mozilla/5.0 (Windows NT 6.1; WOW64; rv:50.0) Gecko/20100101 Firefox/50.0',0),(1427,'2017-01-14','15:00:12','36.71.200.125','','','undefined','http://starstudents.co.id/onlinetest/account.php','Mozilla/5.0 (Windows NT 6.1; WOW64; rv:50.0) Gecko/20100101 Firefox/50.0',0),(1428,'2017-01-14','16:44:33','125.161.208.123','','','undefined','http://starstudents.co.id/intranet/index.php?student/dashboard','Mozilla/5.0 (Windows NT 10.0; WOW64; rv:50.0) Gecko/20100101 Firefox/50.0',0),(1429,'2017-01-14','16:44:53','125.161.208.123','','','undefined','http://starstudents.co.id/intranet/index.php?student/dashboard','Mozilla/5.0 (Windows NT 10.0; WOW64; rv:50.0) Gecko/20100101 Firefox/50.0',0),(1430,'2017-01-14','16:44:56','125.161.208.123','','','undefined','http://starstudents.co.id/onlinetest/','Mozilla/5.0 (Windows NT 10.0; WOW64; rv:50.0) Gecko/20100101 Firefox/50.0',0),(1431,'2017-01-14','16:45:22','125.161.208.123','','','undefined','http://starstudents.co.id/onlinetest/login.php','Mozilla/5.0 (Windows NT 10.0; WOW64; rv:50.0) Gecko/20100101 Firefox/50.0',0),(1432,'2017-01-14','16:45:52','125.161.208.123','','','undefined','http://starstudents.co.id/onlinetest/account.php','Mozilla/5.0 (Windows NT 10.0; WOW64; rv:50.0) Gecko/20100101 Firefox/50.0',0),(1433,'2017-01-14','17:45:41','125.161.208.123','','','undefined','undefined','Mozilla/5.0 (Windows NT 6.1; WOW64; rv:50.0) Gecko/20100101 Firefox/50.0',0),(1434,'2017-01-14','17:45:51','125.161.208.123','','','undefined','http://starstudents.co.id/onlinetest/','Mozilla/5.0 (Windows NT 6.1; WOW64; rv:50.0) Gecko/20100101 Firefox/50.0',0),(1435,'2017-01-14','17:45:54','125.161.208.123','','','undefined','http://starstudents.co.id/onlinetest/account.php','Mozilla/5.0 (Windows NT 6.1; WOW64; rv:50.0) Gecko/20100101 Firefox/50.0',0),(1436,'2017-01-14','17:45:59','125.161.208.123','','','do=enrolment&amp;id=3','http://starstudents.co.id/onlinetest/courses.php','Mozilla/5.0 (Windows NT 6.1; WOW64; rv:50.0) Gecko/20100101 Firefox/50.0',0),(1437,'2017-01-14','17:46:10','125.161.208.123','','','sort=3','http://starstudents.co.id/onlinetest/account.php?do=enrolment&amp;id=3','Mozilla/5.0 (Windows NT 6.1; WOW64; rv:50.0) Gecko/20100101 Firefox/50.0',0),(1438,'2017-01-14','17:49:33','125.161.208.123','','','undefined','http://starstudents.co.id/onlinetest/exams.php?sort=3','Mozilla/5.0 (Windows NT 6.1; WOW64; rv:50.0) Gecko/20100101 Firefox/50.0',0),(1439,'2017-01-14','17:49:36','125.161.208.123','','','sort=3','http://starstudents.co.id/onlinetest/account.php','Mozilla/5.0 (Windows NT 6.1; WOW64; rv:50.0) Gecko/20100101 Firefox/50.0',0),(1440,'2017-01-14','17:49:38','125.161.208.123','','','undefined','http://starstudents.co.id/onlinetest/exams.php?sort=3','Mozilla/5.0 (Windows NT 6.1; WOW64; rv:50.0) Gecko/20100101 Firefox/50.0',0),(1441,'2017-01-14','17:49:41','125.161.208.123','','','sort=3','http://starstudents.co.id/onlinetest/account.php','Mozilla/5.0 (Windows NT 6.1; WOW64; rv:50.0) Gecko/20100101 Firefox/50.0',0),(1442,'2017-01-14','17:49:44','125.161.208.123','','','do=details&amp;id=3','http://starstudents.co.id/onlinetest/exams.php?sort=3','Mozilla/5.0 (Windows NT 6.1; WOW64; rv:50.0) Gecko/20100101 Firefox/50.0',0),(1443,'2017-01-14','17:49:46','125.161.208.123','','','do=quize','http://starstudents.co.id/onlinetest/exams.php?do=details&amp;id=3','Mozilla/5.0 (Windows NT 6.1; WOW64; rv:50.0) Gecko/20100101 Firefox/50.0',0),(1444,'2017-01-14','17:50:01','125.161.208.123','','','do=details&amp;id=3','http://starstudents.co.id/onlinetest/exams.php?sort=3','Mozilla/5.0 (Windows NT 6.1; WOW64; rv:50.0) Gecko/20100101 Firefox/50.0',0),(1445,'2017-01-14','17:50:05','125.161.208.123','','','undefined','http://starstudents.co.id/onlinetest/exams.php?do=details&amp;id=3','Mozilla/5.0 (Windows NT 6.1; WOW64; rv:50.0) Gecko/20100101 Firefox/50.0',0),(1446,'2017-01-14','17:52:23','125.161.208.123','','','undefined','http://starstudents.co.id/onlinetest/account.php','Mozilla/5.0 (Windows NT 6.1; WOW64; rv:50.0) Gecko/20100101 Firefox/50.0',0),(1447,'2017-01-14','17:52:26','125.161.208.123','','','undefined','http://starstudents.co.id/onlinetest/index.php','Mozilla/5.0 (Windows NT 6.1; WOW64; rv:50.0) Gecko/20100101 Firefox/50.0',0),(1448,'2017-01-14','17:52:28','125.161.208.123','','','sort=4','http://starstudents.co.id/onlinetest/courses.php','Mozilla/5.0 (Windows NT 6.1; WOW64; rv:50.0) Gecko/20100101 Firefox/50.0',0),(1449,'2017-01-14','17:52:30','125.161.208.123','','','do=enrolment&amp;id=4','http://starstudents.co.id/onlinetest/exams.php?sort=4','Mozilla/5.0 (Windows NT 6.1; WOW64; rv:50.0) Gecko/20100101 Firefox/50.0',0),(1450,'2017-01-14','17:52:33','125.161.208.123','','','do=enrolment&amp;id=4','http://starstudents.co.id/onlinetest/account.php?do=enrolment&amp;id=4','Mozilla/5.0 (Windows NT 6.1; WOW64; rv:50.0) Gecko/20100101 Firefox/50.0',0),(1451,'2017-01-14','17:52:38','125.161.208.123','','','undefined','http://starstudents.co.id/onlinetest/account.php?do=enrolment&amp;id=4','Mozilla/5.0 (Windows NT 6.1; WOW64; rv:50.0) Gecko/20100101 Firefox/50.0',0),(1452,'2017-01-14','17:52:44','125.161.208.123','','','sort=3','http://starstudents.co.id/onlinetest/account.php','Mozilla/5.0 (Windows NT 6.1; WOW64; rv:50.0) Gecko/20100101 Firefox/50.0',0),(1453,'2017-01-14','17:52:56','125.161.208.123','','','do=details&amp;id=3','http://starstudents.co.id/onlinetest/exams.php?sort=3','Mozilla/5.0 (Windows NT 6.1; WOW64; rv:50.0) Gecko/20100101 Firefox/50.0',0),(1454,'2017-01-14','17:53:02','125.161.208.123','','','do=quize','http://starstudents.co.id/onlinetest/exams.php?do=details&amp;id=3','Mozilla/5.0 (Windows NT 6.1; WOW64; rv:50.0) Gecko/20100101 Firefox/50.0',0),(1455,'2017-01-14','17:53:05','125.161.208.123','','','do=quize','http://starstudents.co.id/onlinetest/account.php?do=quize','Mozilla/5.0 (Windows NT 6.1; WOW64; rv:50.0) Gecko/20100101 Firefox/50.0',0),(1456,'2017-01-14','17:53:08','125.161.208.123','','','do=quize','http://starstudents.co.id/onlinetest/account.php?do=quize','Mozilla/5.0 (Windows NT 6.1; WOW64; rv:50.0) Gecko/20100101 Firefox/50.0',0),(1457,'2017-01-14','17:53:11','125.161.208.123','','','do=quize','http://starstudents.co.id/onlinetest/account.php?do=quize','Mozilla/5.0 (Windows NT 6.1; WOW64; rv:50.0) Gecko/20100101 Firefox/50.0',0),(1458,'2017-01-14','17:53:13','125.161.208.123','','','do=quize','http://starstudents.co.id/onlinetest/account.php?do=quize','Mozilla/5.0 (Windows NT 6.1; WOW64; rv:50.0) Gecko/20100101 Firefox/50.0',0),(1459,'2017-01-14','17:53:15','125.161.208.123','','','do=quize','http://starstudents.co.id/onlinetest/account.php?do=quize','Mozilla/5.0 (Windows NT 6.1; WOW64; rv:50.0) Gecko/20100101 Firefox/50.0',0),(1460,'2017-01-14','17:53:20','125.161.208.123','','','undefined','http://starstudents.co.id/onlinetest/account.php?do=quize','Mozilla/5.0 (Windows NT 6.1; WOW64; rv:50.0) Gecko/20100101 Firefox/50.0',0),(1461,'2017-01-14','17:53:38','125.161.208.123','','','undefined','http://starstudents.co.id/onlinetest/account.php?do=quize','Mozilla/5.0 (Windows NT 6.1; WOW64; rv:50.0) Gecko/20100101 Firefox/50.0',0),(1462,'2017-01-14','18:02:45','125.161.208.123','','','undefined','http://starstudents.co.id/onlinetest/exams.php?do=details&amp;id=3','Mozilla/5.0 (Windows NT 6.1; WOW64; rv:50.0) Gecko/20100101 Firefox/50.0',0),(1463,'2017-01-14','18:06:50','125.161.208.123','','','undefined','http://starstudents.co.id/onlinetest/exams.php?do=details&amp;id=3','Mozilla/5.0 (Windows NT 6.1; WOW64; rv:50.0) Gecko/20100101 Firefox/50.0',0),(1464,'2017-01-14','18:07:03','125.161.208.123','','','undefined','http://starstudents.co.id/onlinetest/exams.php?do=details&amp;id=3','Mozilla/5.0 (Windows NT 6.1; WOW64; rv:50.0) Gecko/20100101 Firefox/50.0',0),(1465,'2017-01-14','18:07:10','125.161.208.123','','','undefined','undefined','Mozilla/5.0 (Windows NT 6.1; WOW64; rv:50.0) Gecko/20100101 Firefox/50.0',0),(1466,'2017-01-14','18:07:24','125.161.208.123','','','undefined','undefined','Mozilla/5.0 (Windows NT 6.1; WOW64; rv:50.0) Gecko/20100101 Firefox/50.0',0),(1467,'2017-01-14','18:07:58','125.161.208.123','','','undefined','undefined','Mozilla/5.0 (Windows NT 6.1; WOW64; rv:50.0) Gecko/20100101 Firefox/50.0',0),(1468,'2017-01-14','18:08:18','125.161.208.123','','','undefined','undefined','Mozilla/5.0 (Windows NT 6.1; WOW64; rv:50.0) Gecko/20100101 Firefox/50.0',0),(1469,'2017-01-14','18:10:35','125.161.208.123','','','undefined','undefined','Mozilla/5.0 (Windows NT 6.1; WOW64; rv:50.0) Gecko/20100101 Firefox/50.0',0),(1470,'2017-01-14','18:10:52','125.161.208.123','','','undefined','undefined','Mozilla/5.0 (Windows NT 6.1; WOW64; rv:50.0) Gecko/20100101 Firefox/50.0',0),(1471,'2017-01-14','18:11:49','125.161.208.123','','','undefined','undefined','Mozilla/5.0 (Windows NT 6.1; WOW64; rv:50.0) Gecko/20100101 Firefox/50.0',0),(1472,'2017-01-14','18:12:01','125.161.208.123','','','undefined','undefined','Mozilla/5.0 (Windows NT 6.1; WOW64; rv:50.0) Gecko/20100101 Firefox/50.0',0),(1473,'2017-01-14','20:31:47','125.161.208.123','','','undefined','http://starstudents.co.id/onlinetest/faqs.php','Mozilla/5.0 (Windows NT 6.1; WOW64; rv:50.0) Gecko/20100101 Firefox/50.0',0),(1474,'2017-01-15','00:29:17','125.161.208.123','','','undefined','http://starstudents.co.id/onlinetest/','Mozilla/5.0 (Windows NT 6.1; WOW64; rv:50.0) Gecko/20100101 Firefox/50.0',0),(1475,'2017-01-15','00:29:21','125.161.208.123','','','sort=3','http://starstudents.co.id/onlinetest/courses.php','Mozilla/5.0 (Windows NT 6.1; WOW64; rv:50.0) Gecko/20100101 Firefox/50.0',0),(1476,'2017-01-15','00:29:38','125.161.208.123','','','undefined','http://starstudents.co.id/onlinetest/login.php','Mozilla/5.0 (Windows NT 6.1; WOW64; rv:50.0) Gecko/20100101 Firefox/50.0',0),(1477,'2017-01-15','13:44:35','125.161.208.123','','','undefined','undefined','Mozilla/5.0 (Windows NT 10.0; WOW64; rv:50.0) Gecko/20100101 Firefox/50.0',0),(1478,'2017-01-15','13:44:43','125.161.208.123','','','undefined','http://starstudents.co.id/onlinetest/login.php','Mozilla/5.0 (Windows NT 10.0; WOW64; rv:50.0) Gecko/20100101 Firefox/50.0',0),(1479,'2017-01-15','13:46:14','125.161.208.123','','','undefined','http://starstudents.co.id/onlinetest/login.php','Mozilla/5.0 (Windows NT 10.0; WOW64; rv:50.0) Gecko/20100101 Firefox/50.0',0),(1480,'2017-01-15','13:46:23','125.161.208.123','','','undefined','http://starstudents.co.id/onlinetest/account.php','Mozilla/5.0 (Windows NT 10.0; WOW64; rv:50.0) Gecko/20100101 Firefox/50.0',0),(1481,'2017-01-15','13:46:42','125.161.208.123','','','undefined','http://starstudents.co.id/onlinetest/','Mozilla/5.0 (Windows NT 10.0; WOW64; rv:50.0) Gecko/20100101 Firefox/50.0',0),(1482,'2017-01-15','13:47:03','125.161.208.123','','','undefined','http://starstudents.co.id/onlinetest/courses.php','Mozilla/5.0 (Windows NT 10.0; WOW64; rv:50.0) Gecko/20100101 Firefox/50.0',0),(1483,'2017-01-15','13:47:27','125.161.208.123','','','undefined','http://starstudents.co.id/onlinetest/courses.php','Mozilla/5.0 (Windows NT 10.0; WOW64; rv:50.0) Gecko/20100101 Firefox/50.0',0),(1484,'2017-01-15','13:47:32','125.161.208.123','','','undefined','http://starstudents.co.id/onlinetest/courses.php','Mozilla/5.0 (Windows NT 10.0; WOW64; rv:50.0) Gecko/20100101 Firefox/50.0',0),(1485,'2017-01-15','13:47:44','125.161.208.123','','','undefined','http://starstudents.co.id/onlinetest/courses.php','Mozilla/5.0 (Windows NT 10.0; WOW64; rv:50.0) Gecko/20100101 Firefox/50.0',0),(1486,'2017-01-15','13:47:49','125.161.208.123','','','undefined','http://starstudents.co.id/onlinetest/index.php','Mozilla/5.0 (Windows NT 10.0; WOW64; rv:50.0) Gecko/20100101 Firefox/50.0',0),(1487,'2017-01-15','13:48:10','125.161.208.123','','','undefined','http://starstudents.co.id/onlinetest/index.php','Mozilla/5.0 (Windows NT 10.0; WOW64; rv:50.0) Gecko/20100101 Firefox/50.0',0),(1488,'2017-01-15','13:48:47','125.161.208.123','','','undefined','http://starstudents.co.id/onlinetest/index.php','Mozilla/5.0 (Windows NT 10.0; WOW64; rv:50.0) Gecko/20100101 Firefox/50.0',0),(1489,'2017-01-15','13:49:16','125.161.208.123','','','undefined','http://starstudents.co.id/onlinetest/index.php','Mozilla/5.0 (Windows NT 10.0; WOW64; rv:50.0) Gecko/20100101 Firefox/50.0',0),(1490,'2017-01-15','13:49:30','125.161.208.123','','','undefined','http://starstudents.co.id/onlinetest/index.php','Mozilla/5.0 (Windows NT 10.0; WOW64; rv:50.0) Gecko/20100101 Firefox/50.0',0),(1491,'2017-01-15','13:49:53','125.161.208.123','','','undefined','http://starstudents.co.id/onlinetest/index.php','Mozilla/5.0 (Windows NT 10.0; WOW64; rv:50.0) Gecko/20100101 Firefox/50.0',0),(1492,'2017-01-15','13:49:56','125.161.208.123','','','undefined','http://starstudents.co.id/onlinetest/index.php','Mozilla/5.0 (Windows NT 10.0; WOW64; rv:50.0) Gecko/20100101 Firefox/50.0',0),(1493,'2017-01-15','13:50:13','125.161.208.123','','','undefined','http://starstudents.co.id/onlinetest/login.php','Mozilla/5.0 (Windows NT 10.0; WOW64; rv:50.0) Gecko/20100101 Firefox/50.0',0),(1494,'2017-01-15','13:50:34','125.161.208.123','','','undefined','http://starstudents.co.id/onlinetest/account.php','Mozilla/5.0 (Windows NT 10.0; WOW64; rv:50.0) Gecko/20100101 Firefox/50.0',0),(1495,'2017-01-15','13:51:04','125.161.208.123','','','undefined','http://starstudents.co.id/onlinetest/account.php','Mozilla/5.0 (Windows NT 10.0; WOW64; rv:50.0) Gecko/20100101 Firefox/50.0',0),(1496,'2017-01-15','13:51:16','125.161.208.123','','','undefined','http://starstudents.co.id/onlinetest/login.php','Mozilla/5.0 (Windows NT 10.0; WOW64; rv:50.0) Gecko/20100101 Firefox/50.0',0),(1497,'2017-01-15','13:51:19','125.161.208.123','','','undefined','http://starstudents.co.id/onlinetest/account.php','Mozilla/5.0 (Windows NT 10.0; WOW64; rv:50.0) Gecko/20100101 Firefox/50.0',0),(1498,'2017-01-15','13:54:47','125.161.208.123','','','undefined','http://starstudents.co.id/onlinetest/login.php','Mozilla/5.0 (Windows NT 10.0; WOW64; rv:50.0) Gecko/20100101 Firefox/50.0',0),(1499,'2017-01-15','13:54:49','125.161.208.123','','','undefined','http://starstudents.co.id/onlinetest/account.php','Mozilla/5.0 (Windows NT 10.0; WOW64; rv:50.0) Gecko/20100101 Firefox/50.0',0),(1500,'2017-01-15','13:56:49','125.161.208.123','','','undefined','http://starstudents.co.id/onlinetest/login.php','Mozilla/5.0 (Windows NT 10.0; WOW64; rv:50.0) Gecko/20100101 Firefox/50.0',0),(1501,'2017-01-15','13:56:51','125.161.208.123','','','undefined','http://starstudents.co.id/onlinetest/account.php','Mozilla/5.0 (Windows NT 10.0; WOW64; rv:50.0) Gecko/20100101 Firefox/50.0',0),(1502,'2017-01-15','13:58:20','125.161.208.123','','','undefined','http://starstudents.co.id/onlinetest/login.php','Mozilla/5.0 (Windows NT 10.0; WOW64; rv:50.0) Gecko/20100101 Firefox/50.0',0),(1503,'2017-01-15','13:58:22','125.161.208.123','','','undefined','http://starstudents.co.id/onlinetest/account.php','Mozilla/5.0 (Windows NT 10.0; WOW64; rv:50.0) Gecko/20100101 Firefox/50.0',0),(1504,'2017-01-15','17:04:38','125.161.208.123','','','undefined','http://starstudents.co.id/onlinetest/account.php','Mozilla/5.0 (Windows NT 6.1; WOW64; rv:50.0) Gecko/20100101 Firefox/50.0',0),(1505,'2017-01-15','23:11:33','125.161.208.123','','','undefined','http://starstudents.co.id/onlinetest/','Mozilla/5.0 (Windows NT 6.1; WOW64; rv:50.0) Gecko/20100101 Firefox/50.0',0),(1506,'2017-01-15','23:11:57','125.161.208.123','','','undefined','http://starstudents.co.id/onlinetest/login.php','Mozilla/5.0 (Windows NT 6.1; WOW64; rv:50.0) Gecko/20100101 Firefox/50.0',0),(1507,'2017-01-15','23:12:02','125.161.208.123','','','undefined','http://starstudents.co.id/onlinetest/account.php','Mozilla/5.0 (Windows NT 6.1; WOW64; rv:50.0) Gecko/20100101 Firefox/50.0',0),(1508,'2017-01-15','23:12:10','125.161.208.123','','','undefined','http://starstudents.co.id/onlinetest/','Mozilla/5.0 (Windows NT 6.1; WOW64; rv:50.0) Gecko/20100101 Firefox/50.0',0),(1509,'2017-01-15','23:12:22','125.161.208.123','','','undefined','http://starstudents.co.id/onlinetest/login.php','Mozilla/5.0 (Windows NT 6.1; WOW64; rv:50.0) Gecko/20100101 Firefox/50.0',0),(1510,'2017-01-15','23:12:29','125.161.208.123','','','undefined','http://starstudents.co.id/onlinetest/account.php','Mozilla/5.0 (Windows NT 6.1; WOW64; rv:50.0) Gecko/20100101 Firefox/50.0',0),(1511,'2017-01-16','10:14:51','125.161.208.123','','','undefined','http://starstudents.co.id/onlinetest/index.php','Mozilla/5.0 (Windows NT 6.1; WOW64; rv:50.0) Gecko/20100101 Firefox/50.0',0),(1512,'2017-01-16','10:15:53','125.161.208.123','','','undefined','http://starstudents.co.id/onlinetest/index.php','Mozilla/5.0 (Windows NT 6.1; WOW64; rv:50.0) Gecko/20100101 Firefox/50.0',0),(1513,'2017-01-16','10:16:06','125.161.208.123','','','undefined','http://starstudents.co.id/onlinetest/login.php','Mozilla/5.0 (Windows NT 6.1; WOW64; rv:50.0) Gecko/20100101 Firefox/50.0',0),(1514,'2017-01-16','10:16:12','125.161.208.123','','','undefined','http://starstudents.co.id/onlinetest/account.php','Mozilla/5.0 (Windows NT 6.1; WOW64; rv:50.0) Gecko/20100101 Firefox/50.0',0),(1515,'2017-01-16','11:08:10','125.161.208.123','','','undefined','http://starstudents.co.id/onlinetest/account.php','Mozilla/5.0 (Windows NT 6.1; WOW64; rv:50.0) Gecko/20100101 Firefox/50.0',0),(1516,'2017-01-16','11:14:55','125.161.208.123','','','undefined','http://starstudents.co.id/onlinetest/account.php','Mozilla/5.0 (Windows NT 6.1; WOW64; rv:50.0) Gecko/20100101 Firefox/50.0',0),(1517,'2017-01-16','11:27:46','125.161.208.123','','','undefined','http://starstudents.co.id/onlinetest/','Mozilla/5.0 (Windows NT 6.1; WOW64; rv:50.0) Gecko/20100101 Firefox/50.0',0),(1518,'2017-01-16','11:28:04','149.154.167.162','','','undefined','undefined','TelegramBot (like TwitterBot)',0),(1519,'2017-01-16','11:29:00','125.161.208.123','','','undefined','undefined','Mozilla/5.0 (Windows NT 10.0; WOW64) AppleWebKit/537.36 (KHTML, like Gecko) Chrome/55.0.2883.87 Safari/537.36',0),(1520,'2017-01-16','11:35:02','125.161.208.123','','','undefined','undefined','Mozilla/5.0 (Windows NT 10.0; WOW64) AppleWebKit/537.36 (KHTML, like Gecko) Chrome/55.0.2883.87 Safari/537.36',0),(1521,'2017-01-16','11:36:54','125.161.208.123','','','undefined','http://starstudents.co.id/onlinetest/','Mozilla/5.0 (Windows NT 6.1; WOW64; rv:50.0) Gecko/20100101 Firefox/50.0',0),(1522,'2017-01-16','11:37:11','125.161.208.123','','','undefined','http://starstudents.co.id/onlinetest/','Mozilla/5.0 (Windows NT 6.1; WOW64; rv:50.0) Gecko/20100101 Firefox/50.0',0),(1523,'2017-01-16','11:37:45','125.161.208.123','','','undefined','http://starstudents.co.id/onlinetest/','Mozilla/5.0 (Windows NT 6.1; WOW64; rv:50.0) Gecko/20100101 Firefox/50.0',0),(1524,'2017-01-16','11:38:03','125.161.208.123','','','undefined','http://starstudents.co.id/onlinetest/','Mozilla/5.0 (Windows NT 6.1; WOW64; rv:50.0) Gecko/20100101 Firefox/50.0',0),(1525,'2017-01-16','11:38:31','125.161.208.123','','','undefined','http://starstudents.co.id/onlinetest/','Mozilla/5.0 (Windows NT 6.1; WOW64; rv:50.0) Gecko/20100101 Firefox/50.0',0),(1526,'2017-01-16','11:38:55','125.161.208.123','','','undefined','http://starstudents.co.id/onlinetest/','Mozilla/5.0 (Windows NT 6.1; WOW64; rv:50.0) Gecko/20100101 Firefox/50.0',0),(1527,'2017-01-16','11:39:06','125.161.208.123','','','undefined','http://starstudents.co.id/onlinetest/','Mozilla/5.0 (Windows NT 6.1; WOW64; rv:50.0) Gecko/20100101 Firefox/50.0',0),(1528,'2017-01-16','11:39:09','125.161.208.123','','','undefined','http://starstudents.co.id/onlinetest/faqs.php','Mozilla/5.0 (Windows NT 6.1; WOW64; rv:50.0) Gecko/20100101 Firefox/50.0',0),(1529,'2017-01-16','11:39:13','125.161.208.123','','','undefined','http://starstudents.co.id/onlinetest/','Mozilla/5.0 (Windows NT 6.1; WOW64; rv:50.0) Gecko/20100101 Firefox/50.0',0),(1530,'2017-01-16','11:39:15','125.161.208.123','','','sort=3','http://starstudents.co.id/onlinetest/courses.php','Mozilla/5.0 (Windows NT 6.1; WOW64; rv:50.0) Gecko/20100101 Firefox/50.0',0),(1531,'2017-01-16','11:39:23','125.161.208.123','','','do=enrolment&amp;id=3','http://starstudents.co.id/onlinetest/exams.php?sort=3','Mozilla/5.0 (Windows NT 6.1; WOW64; rv:50.0) Gecko/20100101 Firefox/50.0',0),(1532,'2017-01-16','11:39:26','125.161.208.123','','','do=enrolment&amp;id=3','http://starstudents.co.id/onlinetest/account.php?do=enrolment&amp;id=3','Mozilla/5.0 (Windows NT 6.1; WOW64; rv:50.0) Gecko/20100101 Firefox/50.0',0),(1533,'2017-01-16','11:39:26','125.161.208.123','','','do=enrolment&amp;id=3','http://starstudents.co.id/onlinetest/account.php?do=enrolment&amp;id=3','Mozilla/5.0 (Windows NT 6.1; WOW64; rv:50.0) Gecko/20100101 Firefox/50.0',0),(1534,'2017-01-16','11:39:32','125.161.208.123','','','do=enrolment&amp;id=3','http://starstudents.co.id/onlinetest/account.php?do=enrolment&amp;id=3','Mozilla/5.0 (Windows NT 6.1; WOW64; rv:50.0) Gecko/20100101 Firefox/50.0',0),(1535,'2017-01-16','11:39:34','125.161.208.123','','','do=courses','http://starstudents.co.id/onlinetest/account.php?do=enrolment&amp;id=3','Mozilla/5.0 (Windows NT 6.1; WOW64; rv:50.0) Gecko/20100101 Firefox/50.0',0),(1536,'2017-01-16','11:39:39','125.161.208.123','','','undefined','http://starstudents.co.id/onlinetest/index.php?do=courses','Mozilla/5.0 (Windows NT 6.1; WOW64; rv:50.0) Gecko/20100101 Firefox/50.0',0),(1537,'2017-01-16','11:39:45','125.161.208.123','','','undefined','http://starstudents.co.id/onlinetest/account.php','Mozilla/5.0 (Windows NT 6.1; WOW64; rv:50.0) Gecko/20100101 Firefox/50.0',0),(1538,'2017-01-16','11:39:50','125.161.208.123','','','undefined','http://starstudents.co.id/onlinetest/index.php','Mozilla/5.0 (Windows NT 6.1; WOW64; rv:50.0) Gecko/20100101 Firefox/50.0',0),(1539,'2017-01-16','11:39:51','125.161.208.123','','','undefined','http://starstudents.co.id/onlinetest/exams.php','Mozilla/5.0 (Windows NT 6.1; WOW64; rv:50.0) Gecko/20100101 Firefox/50.0',0),(1540,'2017-01-16','11:42:17','125.161.208.123','','','action=details&amp;id=14','http://starstudents.co.id/onlinetest/resources.php','Mozilla/5.0 (Windows NT 6.1; WOW64; rv:50.0) Gecko/20100101 Firefox/50.0',0),(1541,'2017-01-16','11:42:23','125.161.208.123','','','undefined','http://starstudents.co.id/onlinetest/exams.php','Mozilla/5.0 (Windows NT 6.1; WOW64; rv:50.0) Gecko/20100101 Firefox/50.0',0),(1542,'2017-01-16','11:42:26','125.161.208.123','','','action=details&amp;id=13','http://starstudents.co.id/onlinetest/resources.php','Mozilla/5.0 (Windows NT 6.1; WOW64; rv:50.0) Gecko/20100101 Firefox/50.0',0),(1543,'2017-01-16','11:42:32','125.161.208.123','','','undefined','http://starstudents.co.id/onlinetest/exams.php','Mozilla/5.0 (Windows NT 6.1; WOW64; rv:50.0) Gecko/20100101 Firefox/50.0',0),(1544,'2017-01-16','12:45:32','125.161.208.123','','','undefined','http://starstudents.co.id/onlinetest/exams.php','Mozilla/5.0 (Windows NT 6.1; WOW64; rv:50.0) Gecko/20100101 Firefox/50.0',0),(1545,'2017-01-16','12:45:40','125.161.208.123','','','undefined','http://starstudents.co.id/onlinetest/exams.php','Mozilla/5.0 (Windows NT 6.1; WOW64; rv:50.0) Gecko/20100101 Firefox/50.0',0),(1546,'2017-01-16','12:46:32','125.161.208.123','','','action=details&amp;id=14','http://starstudents.co.id/onlinetest/resources.php','Mozilla/5.0 (Windows NT 6.1; WOW64; rv:50.0) Gecko/20100101 Firefox/50.0',0),(1547,'2017-01-16','12:46:35','125.161.208.123','','','undefined','http://starstudents.co.id/onlinetest/exams.php','Mozilla/5.0 (Windows NT 6.1; WOW64; rv:50.0) Gecko/20100101 Firefox/50.0',0),(1548,'2017-01-16','12:47:02','125.161.208.123','','','undefined','http://starstudents.co.id/onlinetest/exams.php','Mozilla/5.0 (Windows NT 6.1; WOW64; rv:50.0) Gecko/20100101 Firefox/50.0',0),(1549,'2017-01-16','12:47:04','125.161.208.123','','','undefined','http://starstudents.co.id/onlinetest/exams.php','Mozilla/5.0 (Windows NT 6.1; WOW64; rv:50.0) Gecko/20100101 Firefox/50.0',0),(1550,'2017-01-16','12:47:04','125.161.208.123','','','undefined','http://starstudents.co.id/onlinetest/exams.php','Mozilla/5.0 (Windows NT 6.1; WOW64; rv:50.0) Gecko/20100101 Firefox/50.0',0),(1551,'2017-01-16','12:47:12','125.161.208.123','','','action=details&amp;id=2','http://starstudents.co.id/onlinetest/resources.php','Mozilla/5.0 (Windows NT 6.1; WOW64; rv:50.0) Gecko/20100101 Firefox/50.0',0),(1552,'2017-01-16','12:50:20','125.161.208.123','','','undefined','http://starstudents.co.id/onlinetest/resources.php?action=details&amp;id=2','Mozilla/5.0 (Windows NT 6.1; WOW64; rv:50.0) Gecko/20100101 Firefox/50.0',0),(1553,'2017-01-16','12:50:28','125.161.208.123','','','undefined','http://starstudents.co.id/onlinetest/resources.php?action=details&amp;id=2','Mozilla/5.0 (Windows NT 6.1; WOW64; rv:50.0) Gecko/20100101 Firefox/50.0',0),(1554,'2017-01-16','12:51:58','125.161.208.123','','','undefined','http://starstudents.co.id/onlinetest/login.php','Mozilla/5.0 (Windows NT 6.1; WOW64; rv:50.0) Gecko/20100101 Firefox/50.0',0),(1555,'2017-01-16','12:52:03','125.161.208.123','','','undefined','http://starstudents.co.id/onlinetest/account.php','Mozilla/5.0 (Windows NT 6.1; WOW64; rv:50.0) Gecko/20100101 Firefox/50.0',0),(1556,'2017-01-16','12:52:11','125.161.208.123','','','undefined','http://starstudents.co.id/onlinetest/courses.php','Mozilla/5.0 (Windows NT 6.1; WOW64; rv:50.0) Gecko/20100101 Firefox/50.0',0),(1557,'2017-01-16','12:53:07','125.161.208.123','','','undefined','http://starstudents.co.id/onlinetest/courses.php','Mozilla/5.0 (Windows NT 6.1; WOW64; rv:50.0) Gecko/20100101 Firefox/50.0',0),(1558,'2017-01-16','12:56:41','125.161.208.123','','','undefined','http://starstudents.co.id/onlinetest/courses.php','Mozilla/5.0 (Windows NT 6.1; WOW64; rv:50.0) Gecko/20100101 Firefox/50.0',0),(1559,'2017-01-16','17:24:51','125.161.208.123','','','undefined','undefined','Mozilla/5.0 (Windows NT 10.0; WOW64; rv:50.0) Gecko/20100101 Firefox/50.0',0),(1560,'2017-01-20','08:54:24','180.243.16.129','','','undefined','undefined','Mozilla/5.0 (Windows NT 6.1; WOW64; rv:50.0) Gecko/20100101 Firefox/50.0',0),(1561,'2017-01-20','08:54:47','180.243.16.129','','','undefined','http://starstudents.co.id/onlinetest/','Mozilla/5.0 (Windows NT 6.1; WOW64; rv:50.0) Gecko/20100101 Firefox/50.0',0),(1562,'2017-01-20','08:57:33','180.243.16.129','','','undefined','undefined','Mozilla/5.0 (Windows NT 10.0; WOW64; rv:50.0) Gecko/20100101 Firefox/50.0',0),(1563,'2017-01-20','08:57:36','180.243.16.129','','','undefined','http://starstudents.co.id/onlinetest/','Mozilla/5.0 (Windows NT 10.0; WOW64; rv:50.0) Gecko/20100101 Firefox/50.0',0),(1564,'2017-01-20','08:57:43','180.243.16.129','','','undefined','undefined','Mozilla/5.0 (Windows NT 6.1; WOW64; rv:50.0) Gecko/20100101 Firefox/50.0',0),(1565,'2017-01-20','08:57:45','180.243.16.129','','','undefined','http://starstudents.co.id/onlinetest/','Mozilla/5.0 (Windows NT 10.0; WOW64; rv:50.0) Gecko/20100101 Firefox/50.0',0),(1566,'2017-01-20','08:57:47','180.243.16.129','','','undefined','undefined','Mozilla/5.0 (Windows NT 6.1; WOW64; rv:50.0) Gecko/20100101 Firefox/50.0',0),(1567,'2017-01-20','08:58:37','180.243.16.129','','','undefined','http://starstudents.co.id/onlinetest/','Mozilla/5.0 (Windows NT 10.0; WOW64; rv:50.0) Gecko/20100101 Firefox/50.0',0),(1568,'2017-01-20','08:58:48','180.243.16.129','','','undefined','undefined','Mozilla/5.0 (Windows NT 6.1; WOW64; rv:50.0) Gecko/20100101 Firefox/50.0',0),(1569,'2017-01-20','09:14:08','180.243.16.129','','','undefined','undefined','Mozilla/5.0 (Windows NT 6.1; WOW64; rv:50.0) Gecko/20100101 Firefox/50.0',0),(1570,'2017-01-23','08:45:19','125.160.234.106','','','undefined','http://starstudents.co.id/onlinetest/login.php','Mozilla/5.0 (Windows NT 10.0; WOW64; rv:50.0) Gecko/20100101 Firefox/50.0',0),(1571,'2017-01-23','08:45:27','125.160.234.106','','','undefined','http://starstudents.co.id/onlinetest/account.php','Mozilla/5.0 (Windows NT 10.0; WOW64; rv:50.0) Gecko/20100101 Firefox/50.0',0),(1572,'2017-01-23','08:45:46','125.160.234.106','','','undefined','http://starstudents.co.id/onlinetest/account.php','Mozilla/5.0 (Windows NT 10.0; WOW64; rv:50.0) Gecko/20100101 Firefox/50.0',0),(1573,'2017-01-23','08:45:57','125.160.234.106','','','undefined','http://starstudents.co.id/onlinetest/login.php','Mozilla/5.0 (Windows NT 10.0; WOW64; rv:50.0) Gecko/20100101 Firefox/50.0',0),(1574,'2017-01-23','08:46:56','125.160.234.106','','','undefined','http://starstudents.co.id/onlinetest/account.php','Mozilla/5.0 (Windows NT 10.0; WOW64; rv:50.0) Gecko/20100101 Firefox/50.0',0),(1575,'2017-01-23','08:46:58','125.160.234.106','','','sort=4','http://starstudents.co.id/onlinetest/courses.php','Mozilla/5.0 (Windows NT 10.0; WOW64; rv:50.0) Gecko/20100101 Firefox/50.0',0),(1576,'2017-01-23','08:47:14','125.160.234.106','','','do=enrolment&amp;id=4','http://starstudents.co.id/onlinetest/exams.php?sort=4','Mozilla/5.0 (Windows NT 10.0; WOW64; rv:50.0) Gecko/20100101 Firefox/50.0',0),(1577,'2017-01-23','08:47:26','125.160.234.106','','','undefined','http://starstudents.co.id/onlinetest/account.php?do=enrolment&amp;id=4','Mozilla/5.0 (Windows NT 10.0; WOW64; rv:50.0) Gecko/20100101 Firefox/50.0',0),(1578,'2017-01-24','08:35:58','125.160.234.106','','','undefined','undefined','Mozilla/5.0 (Windows NT 6.1; WOW64; rv:50.0) Gecko/20100101 Firefox/50.0',0),(1579,'2017-02-07','12:31:47','125.160.237.144','','','undefined','undefined','Mozilla/5.0 (Windows NT 10.0; WOW64; rv:51.0) Gecko/20100101 Firefox/51.0',0),(1580,'2017-02-07','12:32:03','125.160.237.144','','','undefined','http://starstudents.co.id/onlinetest/','Mozilla/5.0 (Windows NT 10.0; WOW64; rv:51.0) Gecko/20100101 Firefox/51.0',0),(1581,'2017-02-07','12:32:07','125.160.237.144','','','sort=7','http://starstudents.co.id/onlinetest/courses.php','Mozilla/5.0 (Windows NT 10.0; WOW64; rv:51.0) Gecko/20100101 Firefox/51.0',0),(1582,'2017-02-07','12:32:32','125.160.237.144','','','undefined','http://starstudents.co.id/onlinetest/exams.php?sort=7','Mozilla/5.0 (Windows NT 10.0; WOW64; rv:51.0) Gecko/20100101 Firefox/51.0',0),(1583,'2017-02-07','12:32:55','125.160.237.144','','','undefined','http://starstudents.co.id/onlinetest/faqs.php','Mozilla/5.0 (Windows NT 10.0; WOW64; rv:51.0) Gecko/20100101 Firefox/51.0',0),(1584,'2017-02-09','15:28:59','125.160.237.144','','','undefined','http://brighton.starstudents.co.id/index.php?student/dashboard','Mozilla/5.0 (Windows NT 10.0; WOW64; rv:51.0) Gecko/20100101 Firefox/51.0',0),(1585,'2017-02-09','15:29:13','125.160.237.144','','','undefined','http://starstudents.co.id/onlinetest/login.php','Mozilla/5.0 (Windows NT 10.0; WOW64; rv:51.0) Gecko/20100101 Firefox/51.0',0),(1586,'2017-02-09','15:29:23','125.160.237.144','','','undefined','http://starstudents.co.id/onlinetest/account.php','Mozilla/5.0 (Windows NT 10.0; WOW64; rv:51.0) Gecko/20100101 Firefox/51.0',0),(1587,'2017-02-09','15:29:28','125.160.237.144','','','sort=6','http://starstudents.co.id/onlinetest/courses.php','Mozilla/5.0 (Windows NT 10.0; WOW64; rv:51.0) Gecko/20100101 Firefox/51.0',0),(1588,'2017-02-09','15:29:45','125.160.237.144','','','undefined','http://starstudents.co.id/onlinetest/exams.php?sort=6','Mozilla/5.0 (Windows NT 10.0; WOW64; rv:51.0) Gecko/20100101 Firefox/51.0',0),(1589,'2017-02-16','13:44:57','125.166.211.254','','','undefined','undefined','Mozilla/5.0 (Windows NT 10.0; WOW64; rv:51.0) Gecko/20100101 Firefox/51.0',0),(1590,'2017-02-16','13:45:06','125.166.211.254','','','undefined','http://starstudents.co.id/onlinetest/','Mozilla/5.0 (Windows NT 10.0; WOW64; rv:51.0) Gecko/20100101 Firefox/51.0',0),(1591,'2017-02-16','15:34:25','114.124.32.14','','','undefined','http://brighton.starstudents.co.id/index.php?student/dashboard','Mozilla/5.0 (Windows NT 10.0; WOW64; rv:51.0) Gecko/20100101 Firefox/51.0',0),(1592,'2017-02-21','17:11:56','36.70.124.150','','','undefined','http://brighton.starstudents.co.id/index.php?student/book','Mozilla/5.0 (Windows NT 10.0; WOW64) AppleWebKit/537.36 (KHTML, like Gecko) Chrome/56.0.2924.87 Safari/537.36',0),(1593,'2017-02-23','13:46:19','202.62.17.201','','','undefined','http://brighton.starstudents.co.id/index.php?student/dashboard','Mozilla/5.0 (Macintosh; Intel Mac OS X 10_6_8) AppleWebKit/537.36 (KHTML, like Gecko) Chrome/49.0.2623.112 Safari/537.36',0),(1594,'2017-02-23','13:46:31','202.62.17.201','','','undefined','http://starstudents.co.id/onlinetest/','Mozilla/5.0 (Macintosh; Intel Mac OS X 10_6_8) AppleWebKit/537.36 (KHTML, like Gecko) Chrome/49.0.2623.112 Safari/537.36',0),(1595,'2017-02-23','13:46:34','202.62.17.201','','','undefined','http://starstudents.co.id/onlinetest/index.php','Mozilla/5.0 (Macintosh; Intel Mac OS X 10_6_8) AppleWebKit/537.36 (KHTML, like Gecko) Chrome/49.0.2623.112 Safari/537.36',0),(1596,'2017-02-23','13:46:45','202.62.17.201','','','undefined','http://starstudents.co.id/onlinetest/courses.php','Mozilla/5.0 (Macintosh; Intel Mac OS X 10_6_8) AppleWebKit/537.36 (KHTML, like Gecko) Chrome/49.0.2623.112 Safari/537.36',0),(1597,'2017-02-23','13:46:59','202.62.17.201','','','undefined','http://starstudents.co.id/onlinetest/resources.php','Mozilla/5.0 (Macintosh; Intel Mac OS X 10_6_8) AppleWebKit/537.36 (KHTML, like Gecko) Chrome/49.0.2623.112 Safari/537.36',0),(1598,'2017-02-23','13:47:05','202.62.17.201','','','undefined','http://starstudents.co.id/onlinetest/contact.php','Mozilla/5.0 (Macintosh; Intel Mac OS X 10_6_8) AppleWebKit/537.36 (KHTML, like Gecko) Chrome/49.0.2623.112 Safari/537.36',0),(1599,'2017-02-23','13:47:07','202.62.17.201','','','undefined','http://starstudents.co.id/onlinetest/courses.php','Mozilla/5.0 (Macintosh; Intel Mac OS X 10_6_8) AppleWebKit/537.36 (KHTML, like Gecko) Chrome/49.0.2623.112 Safari/537.36',0),(1600,'2017-02-23','13:48:06','202.62.17.201','','','undefined','http://starstudents.co.id/onlinetest/contact.php','Mozilla/5.0 (Macintosh; Intel Mac OS X 10_6_8) AppleWebKit/537.36 (KHTML, like Gecko) Chrome/49.0.2623.112 Safari/537.36',0),(1601,'2017-02-23','13:48:14','202.62.17.201','','','undefined','http://starstudents.co.id/onlinetest/courses.php','Mozilla/5.0 (Macintosh; Intel Mac OS X 10_6_8) AppleWebKit/537.36 (KHTML, like Gecko) Chrome/49.0.2623.112 Safari/537.36',0),(1602,'2017-02-23','13:48:18','202.62.17.201','','','undefined','http://starstudents.co.id/onlinetest/contact.php','Mozilla/5.0 (Macintosh; Intel Mac OS X 10_6_8) AppleWebKit/537.36 (KHTML, like Gecko) Chrome/49.0.2623.112 Safari/537.36',0),(1603,'2017-02-23','13:48:20','202.62.17.201','','','undefined','http://starstudents.co.id/onlinetest/resources.php','Mozilla/5.0 (Macintosh; Intel Mac OS X 10_6_8) AppleWebKit/537.36 (KHTML, like Gecko) Chrome/49.0.2623.112 Safari/537.36',0),(1604,'2017-02-23','13:48:26','202.62.17.201','','','undefined','http://starstudents.co.id/onlinetest/courses.php','Mozilla/5.0 (Macintosh; Intel Mac OS X 10_6_8) AppleWebKit/537.36 (KHTML, like Gecko) Chrome/49.0.2623.112 Safari/537.36',0),(1605,'2017-02-23','13:48:27','202.62.17.201','','','undefined','http://starstudents.co.id/onlinetest/index.php','Mozilla/5.0 (Macintosh; Intel Mac OS X 10_6_8) AppleWebKit/537.36 (KHTML, like Gecko) Chrome/49.0.2623.112 Safari/537.36',0),(1606,'2017-02-23','13:48:28','202.62.17.201','','','undefined','http://starstudents.co.id/onlinetest/','Mozilla/5.0 (Macintosh; Intel Mac OS X 10_6_8) AppleWebKit/537.36 (KHTML, like Gecko) Chrome/49.0.2623.112 Safari/537.36',0),(1607,'2017-02-23','13:48:29','202.62.17.201','','','undefined','http://brighton.starstudents.co.id/index.php?student/dashboard','Mozilla/5.0 (Macintosh; Intel Mac OS X 10_6_8) AppleWebKit/537.36 (KHTML, like Gecko) Chrome/49.0.2623.112 Safari/537.36',0),(1608,'2017-03-03','08:45:45','110.138.159.120','','','undefined','undefined','Mozilla/5.0 (Windows NT 10.0; WOW64; rv:51.0) Gecko/20100101 Firefox/51.0',0),(1609,'2017-03-03','08:51:52','110.138.159.120','','','undefined','http://starstudents.co.id/onlinetest/','Mozilla/5.0 (Windows NT 10.0; WOW64; rv:51.0) Gecko/20100101 Firefox/51.0',0),(1610,'2017-03-03','08:51:55','110.138.159.120','','','undefined','http://starstudents.co.id/onlinetest/faqs.php','Mozilla/5.0 (Windows NT 10.0; WOW64; rv:51.0) Gecko/20100101 Firefox/51.0',0),(1611,'2017-03-03','08:51:58','110.138.159.120','','','undefined','http://starstudents.co.id/onlinetest/contact.php','Mozilla/5.0 (Windows NT 10.0; WOW64; rv:51.0) Gecko/20100101 Firefox/51.0',0),(1612,'2017-03-03','08:52:01','110.138.159.120','','','undefined','http://starstudents.co.id/onlinetest/index.php','Mozilla/5.0 (Windows NT 10.0; WOW64; rv:51.0) Gecko/20100101 Firefox/51.0',0),(1613,'2017-03-03','08:52:03','110.138.159.120','','','undefined','http://starstudents.co.id/onlinetest/courses.php','Mozilla/5.0 (Windows NT 10.0; WOW64; rv:51.0) Gecko/20100101 Firefox/51.0',0),(1614,'2017-03-03','08:52:09','110.138.159.120','','','pg=1&amp;ipp=10','http://starstudents.co.id/onlinetest/exams.php','Mozilla/5.0 (Windows NT 10.0; WOW64; rv:51.0) Gecko/20100101 Firefox/51.0',0),(1615,'2017-03-03','08:52:17','110.138.159.120','','','do=details&amp;id=1','http://starstudents.co.id/onlinetest/exams.php?pg=1&amp;ipp=10','Mozilla/5.0 (Windows NT 10.0; WOW64; rv:51.0) Gecko/20100101 Firefox/51.0',0);

/*Table structure for table `transport` */

DROP TABLE IF EXISTS `transport`;

CREATE TABLE `transport` (
  `transport_id` int(11) NOT NULL AUTO_INCREMENT,
  `route_name` longtext COLLATE utf8_unicode_ci NOT NULL,
  `number_of_vehicle` longtext COLLATE utf8_unicode_ci NOT NULL,
  `description` longtext COLLATE utf8_unicode_ci NOT NULL,
  `route_fare` longtext COLLATE utf8_unicode_ci NOT NULL,
  PRIMARY KEY (`transport_id`)
) ENGINE=MyISAM AUTO_INCREMENT=2 DEFAULT CHARSET=utf8 COLLATE=utf8_unicode_ci;

/*Data for the table `transport` */

insert  into `transport`(`transport_id`,`route_name`,`number_of_vehicle`,`description`,`route_fare`) values (1,'None','None','None','0');

/*Table structure for table `users` */

DROP TABLE IF EXISTS `users`;

CREATE TABLE `users` (
  `id` int(11) NOT NULL AUTO_INCREMENT,
  `firstname` varchar(255) NOT NULL,
  `lastname` varchar(255) NOT NULL,
  `email` varchar(255) NOT NULL,
  `password` varchar(200) NOT NULL,
  `ip` varchar(90) NOT NULL,
  `date` varchar(90) NOT NULL,
  `is_active` int(1) NOT NULL,
  `rank` int(1) NOT NULL,
  `img_profile` varchar(200) NOT NULL DEFAULT 'uploads_md5/avatar_profile.png',
  `img_background` varchar(200) NOT NULL,
  `profile_description` longtext NOT NULL,
  `last_update` varchar(200) NOT NULL,
  `birthday` varchar(10) NOT NULL DEFAULT '1-1-1990',
  `comment_privacy` varchar(15) NOT NULL DEFAULT 'everyone',
  `confirm_followers` int(1) NOT NULL DEFAULT '0',
  `current_city` text NOT NULL,
  `follow_privacy` varchar(15) NOT NULL DEFAULT 'everyone',
  `gender` varchar(6) NOT NULL,
  `hometown` text NOT NULL,
  `mailnotif_comment` tinyint(1) NOT NULL DEFAULT '1',
  `mailnotif_postlike` tinyint(1) NOT NULL DEFAULT '1',
  `mailnotif_postshare` tinyint(1) NOT NULL DEFAULT '1',
  `mailnotif_follow` tinyint(1) NOT NULL DEFAULT '1',
  `mailnotif_friendrequests` tinyint(1) NOT NULL DEFAULT '1',
  `mailnotif_groupjoined` tinyint(1) NOT NULL DEFAULT '1',
  `mailnotif_message` tinyint(1) NOT NULL DEFAULT '1',
  `mailnotif_pagelike` tinyint(1) NOT NULL DEFAULT '1',
  `mailnotif_timelinepost` tinyint(1) NOT NULL DEFAULT '1',
  `message_privacy` varchar(15) NOT NULL DEFAULT 'everyone',
  `post_privacy` varchar(15) NOT NULL DEFAULT 'everyone',
  `social_login_facebook` varchar(25) NOT NULL,
  `social_login_google` varchar(25) NOT NULL,
  `social_login_instagram` varchar(25) NOT NULL,
  `social_login_linkedin` varchar(25) NOT NULL,
  `social_login_twitch` varchar(25) NOT NULL,
  `social_login_twitter` varchar(25) NOT NULL,
  `social_login_vk` varchar(25) NOT NULL,
  `timeline_post_privacy` varchar(15) NOT NULL DEFAULT 'everyone',
  PRIMARY KEY (`id`),
  UNIQUE KEY `username` (`email`)
) ENGINE=InnoDB AUTO_INCREMENT=9 DEFAULT CHARSET=latin1;

/*Data for the table `users` */

insert  into `users`(`id`,`firstname`,`lastname`,`email`,`password`,`ip`,`date`,`is_active`,`rank`,`img_profile`,`img_background`,`profile_description`,`last_update`,`birthday`,`comment_privacy`,`confirm_followers`,`current_city`,`follow_privacy`,`gender`,`hometown`,`mailnotif_comment`,`mailnotif_postlike`,`mailnotif_postshare`,`mailnotif_follow`,`mailnotif_friendrequests`,`mailnotif_groupjoined`,`mailnotif_message`,`mailnotif_pagelike`,`mailnotif_timelinepost`,`message_privacy`,`post_privacy`,`social_login_facebook`,`social_login_google`,`social_login_instagram`,`social_login_linkedin`,`social_login_twitch`,`social_login_twitter`,`social_login_vk`,`timeline_post_privacy`) values (1,'Amanda Annisah demo student','','amanda_demo@starstudents.co.id','25f9e794323b453885f5181f1b624d0b','','1486697025',1,1,'uploads_md5/avatar_profile.png','','','','02/10/2005','everyone',0,'','everyone','female','jakarta',1,1,1,1,1,1,1,1,1,'everyone','everyone','','','','','','','','everyone'),(2,'Andaramurti Anindita','','anindita_demo@starstudents.co.id','25f9e794323b453885f5181f1b624d0b','','1486697143',1,1,'uploads_md5/avatar_profile.png','','','','08/19/2005','everyone',0,'','everyone','female','jakarta',1,1,1,1,1,1,1,1,1,'everyone','everyone','','','','','','','','everyone'),(3,'Andrew Joshua demo student','','andrew_demo@starstudents.co.id','25f9e794323b453885f5181f1b624d0b','','1486697264',1,1,'uploads_md5/avatar_profile.png','','','','11/12/2005','everyone',0,'','everyone','male','jakarta',1,1,1,1,1,1,1,1,1,'everyone','everyone','','','','','','','','everyone'),(4,'Azalia Cinta Zafirah Putri demo student','','azalia_demo@starstudents.co.id','25f9e794323b453885f5181f1b624d0b','','1486697377',1,1,'uploads_md5/avatar_profile.png','','','','12/04/2004','everyone',0,'','everyone','female','jakarta',1,1,1,1,1,1,1,1,1,'everyone','everyone','','','','','','','','everyone'),(5,'Azmalya Tatsbitha demo student','','azmalya_demo@starstudents.co.id','25f9e794323b453885f5181f1b624d0b','','1486697626',1,1,'uploads_md5/avatar_profile.png','','','','01/04/2005','everyone',0,'','everyone','female','jakarta',1,1,1,1,1,1,1,1,1,'everyone','everyone','','','','','','','','everyone'),(6,'Bianca Vallerie demo student','','bianca_demo@starstudents.co.id','25f9e794323b453885f5181f1b624d0b','','1486697790',1,1,'uploads_md5/avatar_profile.png','','','','03/19/2005','everyone',0,'','everyone','female','jakarta',1,1,1,1,1,1,1,1,1,'everyone','everyone','','','','','','','','everyone'),(7,'Aman Hakim','','aman@email.com','25f9e794323b453885f5181f1b624d0b','','0',1,1,'uploads_md5/avatar_profile.png','','','','07/16/2003','everyone',0,'','everyone','male','Jl. Mawar Merah',1,1,1,1,1,1,1,1,1,'everyone','everyone','','','','','','','','everyone'),(8,'Rubhi aulia tirta','','rubhi@starstudents.co.id','25f9e794323b453885f5181f1b624d0b','','0',1,1,'uploads_md5/avatar_profile.png','','','','02/01/1990','everyone',0,'','everyone','male','jakarta',1,1,1,1,1,1,1,1,1,'everyone','everyone','','','','','','','','everyone');

/*Table structure for table `users_onlinetest` */

DROP TABLE IF EXISTS `users_onlinetest`;

CREATE TABLE `users_onlinetest` (
  `id` int(11) NOT NULL AUTO_INCREMENT,
  `username` varchar(255) NOT NULL,
  `password` varchar(50) NOT NULL,
  `email` varchar(255) NOT NULL,
  `pp_email` varchar(50) DEFAULT NULL,
  `fname` varchar(32) NOT NULL,
  `lname` varchar(32) NOT NULL,
  `company` varbinary(150) DEFAULT NULL,
  `address` varchar(255) DEFAULT NULL,
  `city` varchar(50) DEFAULT NULL,
  `state` varchar(50) DEFAULT NULL,
  `zip` varchar(20) DEFAULT NULL,
  `country` int(3) NOT NULL DEFAULT '0',
  `currency` varchar(10) DEFAULT NULL,
  `phone` varchar(16) DEFAULT NULL,
  `vat` varchar(60) DEFAULT NULL,
  `avatar` varchar(60) DEFAULT NULL,
  `userlevel` tinyint(1) NOT NULL DEFAULT '1',
  `created` datetime DEFAULT '0000-00-00 00:00:00',
  `notes` text,
  `custom_fields` text,
  `credit` decimal(10,2) NOT NULL DEFAULT '0.00',
  `lastlogin` datetime DEFAULT '0000-00-00 00:00:00',
  `lastip` varchar(16) DEFAULT '0',
  `active` enum('y','n','t','b') NOT NULL DEFAULT 'y',
  PRIMARY KEY (`id`)
) ENGINE=MyISAM AUTO_INCREMENT=9 DEFAULT CHARSET=utf8;

/*Data for the table `users_onlinetest` */

insert  into `users_onlinetest`(`id`,`username`,`password`,`email`,`pp_email`,`fname`,`lname`,`company`,`address`,`city`,`state`,`zip`,`country`,`currency`,`phone`,`vat`,`avatar`,`userlevel`,`created`,`notes`,`custom_fields`,`credit`,`lastlogin`,`lastip`,`active`) values (1,'amanda_demo@starstudents.co.id','f7c3bc1d808e04732adf679965ccc34ca7ae3441','amanda_demo@starstudents.co.id',NULL,'Amanda Annisah demo student','',NULL,'jakarta',NULL,NULL,'0',98,NULL,'021','0',NULL,1,'2017-10-02 03:23:45',NULL,NULL,0.00,'0000-00-00 00:00:00','0','y'),(2,'anindita_demo@starstudents.co.id','f7c3bc1d808e04732adf679965ccc34ca7ae3441','anindita_demo@starstudents.co.id',NULL,'Andaramurti Anindita','',NULL,'jakarta',NULL,NULL,'0',98,NULL,'021','0',NULL,1,'2017-10-02 03:25:43',NULL,NULL,0.00,'0000-00-00 00:00:00','0','y'),(3,'andrew_demo@starstudents.co.id','f7c3bc1d808e04732adf679965ccc34ca7ae3441','andrew_demo@starstudents.co.id',NULL,'Andrew Joshua demo student','',NULL,'jakarta',NULL,NULL,'0',98,NULL,'021','0',NULL,1,'2017-10-02 03:27:44',NULL,NULL,0.00,'0000-00-00 00:00:00','0','y'),(4,'azalia_demo@starstudents.co.id','f7c3bc1d808e04732adf679965ccc34ca7ae3441','azalia_demo@starstudents.co.id',NULL,'Azalia Cinta Zafirah Putri demo ','',NULL,'jakarta',NULL,NULL,'0',98,NULL,'021','0',NULL,1,'2017-10-02 03:29:37',NULL,NULL,0.00,'0000-00-00 00:00:00','0','y'),(5,'azmalya_demo@starstudents.co.id','f7c3bc1d808e04732adf679965ccc34ca7ae3441','azmalya_demo@starstudents.co.id',NULL,'Azmalya Tatsbitha demo student','',NULL,'jakarta',NULL,NULL,'0',98,NULL,'021','0',NULL,1,'2017-10-02 03:33:46',NULL,NULL,0.00,'0000-00-00 00:00:00','0','y'),(6,'bianca_demo@starstudents.co.id','f7c3bc1d808e04732adf679965ccc34ca7ae3441','bianca_demo@starstudents.co.id',NULL,'Bianca Vallerie demo student','',NULL,'jakarta',NULL,NULL,'0',98,NULL,'021','0',NULL,1,'2017-10-02 03:36:30',NULL,NULL,0.00,'0000-00-00 00:00:00','0','y'),(7,'aman@email.com','f7c3bc1d808e04732adf679965ccc34ca7ae3441','aman@email.com',NULL,'Aman Hakim','',NULL,'Jl. Mawar Merah',NULL,NULL,'0',98,NULL,'08123456789','0',NULL,1,'2017-10-19 11:13:39',NULL,NULL,0.00,'0000-00-00 00:00:00','0','y'),(8,'rubhi@starstudents.co.id','f7c3bc1d808e04732adf679965ccc34ca7ae3441','rubhi@starstudents.co.id',NULL,'Rubhi aulia tirta','',NULL,'jakarta',NULL,NULL,'0',98,NULL,'021','0',NULL,1,'2017-11-13 06:37:53',NULL,NULL,0.00,'0000-00-00 00:00:00','0','y');

/*Table structure for table `view_mark` */

DROP TABLE IF EXISTS `view_mark`;

CREATE TABLE `view_mark` (
  `student_id` int(11) DEFAULT NULL,
  `name` longtext,
  `sub_name` longtext,
  `nilai` int(11) DEFAULT NULL,
  `mark_total` int(11) DEFAULT NULL,
  `year` longtext
) ENGINE=InnoDB DEFAULT CHARSET=latin1;

/*Data for the table `view_mark` */

/*Table structure for table `view_mark_test` */

DROP TABLE IF EXISTS `view_mark_test`;

CREATE TABLE `view_mark_test` (
  `mark_id` int(11) NOT NULL,
  `student_id` int(11) DEFAULT NULL,
  `name` longtext,
  `class_id` int(11) DEFAULT NULL,
  `section_id` int(11) DEFAULT NULL,
  `exam_id` int(11) DEFAULT NULL,
  `exam_category_ids` int(11) DEFAULT NULL,
  `topic_name` varchar(50) DEFAULT NULL,
  `mark_obtained` int(11) DEFAULT NULL,
  `mark_total` int(11) DEFAULT NULL
) ENGINE=InnoDB DEFAULT CHARSET=latin1;

/*Data for the table `view_mark_test` */

/*Table structure for table `visitor_contacts` */

DROP TABLE IF EXISTS `visitor_contacts`;

CREATE TABLE `visitor_contacts` (
  `id` int(11) NOT NULL AUTO_INCREMENT,
  `con_name` varchar(200) NOT NULL,
  `con_email` varchar(200) NOT NULL,
  `created_by` varchar(60) NOT NULL,
  `created_on` varchar(60) NOT NULL,
  PRIMARY KEY (`id`)
) ENGINE=InnoDB AUTO_INCREMENT=2 DEFAULT CHARSET=utf8;

/*Data for the table `visitor_contacts` */

insert  into `visitor_contacts`(`id`,`con_name`,`con_email`,`created_by`,`created_on`) values (1,'Andry Priyandika','andry@email.com','admin@rembon.com','10/11/2016 11:34 AM');

/*Table structure for table `weekly_message` */

DROP TABLE IF EXISTS `weekly_message`;

CREATE TABLE `weekly_message` (
  `weekly_message_id` int(11) NOT NULL AUTO_INCREMENT,
  `weekly_report_id` int(11) NOT NULL,
  `weekly_message_text` text NOT NULL,
  `weekly_message_sender` varchar(100) NOT NULL,
  `teacher_id` int(11) NOT NULL,
  `parent_id` int(11) NOT NULL,
  `status_read` enum('0','1') NOT NULL,
  `timestamp` varchar(100) NOT NULL,
  PRIMARY KEY (`weekly_message_id`)
) ENGINE=InnoDB AUTO_INCREMENT=37 DEFAULT CHARSET=latin1;

/*Data for the table `weekly_message` */

insert  into `weekly_message`(`weekly_message_id`,`weekly_report_id`,`weekly_message_text`,`weekly_message_sender`,`teacher_id`,`parent_id`,`status_read`,`timestamp`) values (1,7,'i\'am fine','parent',16,1,'1','1490140800'),(4,7,'sdasadaada','teacher',16,1,'1','1490227200'),(5,7,'asdadada','teacher',16,1,'1','1490227200'),(6,7,'asdadad','teacher',16,1,'1','1490227200'),(7,7,'tes','teacher',16,1,'1','1490227200'),(8,7,'ada apa','parent',16,1,'1','1490227200'),(9,7,'coba coba','teacher',16,1,'1','1490227200'),(10,7,'sadad','parent',16,1,'1','1490313600'),(11,9,'test','parent',8,26,'1','1490572800'),(12,9,'test2','parent',8,26,'1','1490572800'),(13,9,'test','parent',8,26,'1','1490572800'),(14,9,'test','parent',8,26,'1','1490572800'),(15,9,'test','teacher',8,26,'1','1490572800'),(16,9,'selamat siang.\r\n','parent',8,26,'1','1490572800'),(17,9,'selamat siang.','teacher',8,26,'1','1490572800'),(18,9,'tes lagi','parent',8,26,'1','1490572800'),(19,9,'test','parent',8,26,'1','1490572800'),(20,9,'test...','teacher',8,26,'1','1490572800'),(21,7,'asdadad','parent',16,1,'1','1491350400'),(22,7,'rewr3344','parent',16,1,'1','1491350400'),(23,2,'tes\r\n','parent',16,75,'1','1494374400'),(24,12,'Amazing !','parent',8,3,'0','1508284800'),(25,78,'wow amazing','parent',7,7,'1','1509494400'),(26,7,'Coba balas ya, test','parent',16,4,'0','1510012800'),(27,80,'haalo ms dini, boleh diinformasikan kenapa dengan anak saya.?','parent',7,7,'1','1510099200'),(28,80,'perlu pendampingan dan bimbingan di rumah ya pak\r\n','teacher',7,7,'1','1510099200'),(29,78,'ewqeeee','parent',7,7,'1','1510531200'),(30,87,'Halo ms dini','parent',7,7,'1','1510531200'),(31,87,'halo pak\r\n','teacher',7,7,'1','1510531200'),(32,87,'Bagaimana perkembangan anak saya?','parent',7,7,'1','1510531200'),(33,87,'perkembangan bagus pak','teacher',7,7,'1','1510531200'),(34,87,'okay bu terimakasih','parent',7,7,'1','1510531200'),(35,88,'tes','teacher',7,12,'0','1510617600'),(36,87,'replay','teacher',7,7,'1','1510617600');

/*Table structure for table `weekly_performance` */

DROP TABLE IF EXISTS `weekly_performance`;

CREATE TABLE `weekly_performance` (
  `weekly_performance_id` int(11) NOT NULL AUTO_INCREMENT,
  `behavior_performance_id` int(11) NOT NULL,
  `performance_id` int(11) NOT NULL,
  `weekly_report_id` int(11) NOT NULL,
  PRIMARY KEY (`weekly_performance_id`)
) ENGINE=InnoDB AUTO_INCREMENT=420 DEFAULT CHARSET=latin1;

/*Data for the table `weekly_performance` */

insert  into `weekly_performance`(`weekly_performance_id`,`behavior_performance_id`,`performance_id`,`weekly_report_id`) values (1,1,1,2),(2,2,2,2),(5,1,1,3),(6,2,2,3),(7,1,1,5),(8,2,2,5),(9,1,2,6),(10,2,1,6),(11,1,2,7),(12,2,1,7),(13,3,2,7),(14,4,1,7),(15,1,2,8),(16,2,1,8),(17,3,1,8),(18,4,1,8),(19,5,2,8),(20,1,1,9),(21,2,1,9),(22,3,1,9),(23,4,1,9),(24,5,1,9),(25,1,2,10),(26,2,4,10),(27,3,5,10),(28,4,1,10),(29,5,6,10),(30,1,2,11),(31,2,1,11),(32,3,1,11),(33,4,5,11),(34,5,4,11),(35,1,1,12),(36,2,2,12),(37,3,5,12),(38,4,4,12),(39,5,4,12),(40,1,2,13),(41,2,1,13),(42,3,4,13),(43,4,5,13),(44,5,4,13),(50,1,1,15),(51,2,2,15),(52,3,1,15),(53,4,2,15),(54,5,1,15),(55,1,1,16),(56,2,2,16),(57,3,4,16),(58,4,2,16),(59,5,1,16),(60,1,2,17),(61,2,2,17),(62,3,2,17),(63,4,2,17),(64,5,2,17),(65,1,2,18),(66,2,2,18),(67,3,2,18),(68,4,2,18),(69,5,1,18),(70,1,2,19),(71,2,2,19),(72,3,2,19),(73,4,1,19),(74,5,2,19),(75,1,2,20),(76,2,2,20),(77,3,2,20),(78,4,2,20),(79,5,2,20),(80,1,2,21),(81,2,1,21),(82,3,2,21),(83,4,2,21),(84,5,2,21),(85,1,2,22),(86,2,2,22),(87,3,2,22),(88,4,2,22),(89,5,2,22),(90,1,2,23),(91,2,2,23),(92,3,2,23),(93,4,2,23),(94,5,2,23),(95,1,2,24),(96,2,2,24),(97,3,2,24),(98,4,2,24),(99,5,2,24),(100,1,2,25),(101,2,2,25),(102,3,2,25),(103,4,2,25),(104,5,2,25),(105,1,2,26),(106,2,2,26),(107,3,2,26),(108,4,2,26),(109,5,2,26),(110,1,2,27),(111,2,2,27),(112,3,2,27),(113,4,2,27),(114,5,2,27),(115,1,2,28),(116,2,2,28),(117,3,2,28),(118,4,4,28),(119,5,2,28),(130,1,1,31),(131,2,2,31),(132,3,2,31),(133,4,2,31),(134,5,2,31),(135,1,2,32),(136,2,2,32),(137,3,2,32),(138,4,2,32),(139,5,4,32),(140,1,2,33),(141,2,2,33),(142,3,2,33),(143,4,2,33),(144,5,2,33),(145,1,2,34),(146,2,2,34),(147,3,2,34),(148,4,2,34),(149,5,2,34),(150,1,2,35),(151,2,2,35),(152,3,1,35),(153,4,2,35),(154,5,2,35),(155,1,2,36),(156,2,2,36),(157,3,2,36),(158,4,2,36),(159,5,2,36),(160,1,2,37),(161,2,2,37),(162,3,2,37),(163,4,2,37),(164,5,2,37),(165,1,1,38),(166,2,2,38),(167,3,2,38),(168,4,2,38),(169,5,2,38),(170,1,2,39),(171,2,2,39),(172,3,2,39),(173,4,2,39),(174,5,2,39),(175,1,2,40),(176,2,2,40),(177,3,2,40),(178,4,2,40),(179,5,2,40),(180,1,2,41),(181,2,2,41),(182,3,2,41),(183,4,2,41),(184,5,2,41),(185,1,2,42),(186,2,4,42),(187,3,2,42),(188,4,2,42),(189,5,2,42),(190,1,2,43),(191,2,2,43),(192,3,2,43),(193,4,2,43),(194,5,2,43),(195,1,1,44),(196,2,1,44),(197,3,2,44),(198,4,1,44),(199,5,1,44),(200,1,2,45),(201,2,2,45),(202,3,2,45),(203,4,2,45),(204,5,2,45),(205,1,2,46),(206,2,2,46),(207,3,2,46),(208,4,2,46),(209,5,2,46),(210,1,2,47),(211,2,2,47),(212,3,2,47),(213,4,2,47),(214,5,2,47),(215,1,2,48),(216,2,2,48),(217,3,2,48),(218,4,4,48),(219,5,2,48),(220,1,2,49),(221,2,2,49),(222,3,2,49),(223,4,2,49),(224,5,2,49),(225,1,2,50),(226,2,2,50),(227,3,2,50),(228,4,2,50),(229,5,4,50),(230,1,2,51),(231,2,2,51),(232,3,2,51),(233,4,2,51),(234,5,2,51),(235,1,2,52),(236,2,2,52),(237,3,2,52),(238,4,2,52),(239,5,2,52),(240,1,2,53),(241,2,2,53),(242,3,2,53),(243,4,2,53),(244,5,2,53),(245,1,2,54),(246,2,2,54),(247,3,2,54),(248,4,2,54),(249,5,2,54),(250,1,2,55),(251,2,2,55),(252,3,2,55),(253,4,2,55),(254,5,2,55),(255,1,2,56),(256,2,2,56),(257,3,2,56),(258,4,2,56),(259,5,2,56),(260,1,2,57),(261,2,1,57),(262,3,2,57),(263,4,2,57),(264,5,2,57),(265,1,2,58),(266,2,2,58),(267,3,2,58),(268,4,2,58),(269,5,4,58),(270,1,2,59),(271,2,2,59),(272,3,2,59),(273,4,2,59),(274,5,2,59),(275,1,2,60),(276,2,2,60),(277,3,2,60),(278,4,2,60),(279,5,2,60),(280,1,1,61),(281,2,2,61),(282,3,1,61),(283,4,1,61),(284,5,1,61),(285,1,2,62),(286,2,2,62),(287,3,2,62),(288,4,2,62),(289,5,2,62),(290,1,2,63),(291,2,2,63),(292,3,2,63),(293,4,2,63),(294,5,2,63),(295,1,1,64),(296,2,1,64),(297,3,1,64),(298,4,1,64),(299,5,1,64),(300,1,2,65),(301,2,2,65),(302,3,2,65),(303,4,2,65),(304,5,2,65),(305,1,2,66),(306,2,2,66),(307,3,1,66),(308,4,2,66),(309,5,2,66),(310,1,2,67),(311,2,4,67),(312,3,2,67),(313,4,2,67),(314,5,2,67),(315,1,2,68),(316,2,4,68),(317,3,2,68),(318,4,2,68),(319,5,2,68),(320,1,1,69),(321,2,1,69),(322,3,1,69),(323,4,1,69),(324,5,1,69),(325,1,2,70),(326,2,2,70),(327,3,1,70),(328,4,1,70),(329,5,2,70),(330,1,2,71),(331,2,2,71),(332,3,2,71),(333,4,2,71),(334,5,1,71),(335,1,2,72),(336,2,2,72),(337,3,2,72),(338,4,2,72),(339,5,2,72),(340,1,2,73),(341,2,2,73),(342,3,2,73),(343,4,2,73),(344,5,2,73),(345,1,2,74),(346,2,2,74),(347,3,4,74),(348,4,2,74),(349,5,2,74),(350,1,1,75),(351,2,2,75),(352,3,1,75),(353,4,1,75),(354,5,2,75),(355,1,2,76),(356,2,1,76),(357,3,5,76),(358,4,1,76),(359,5,2,76),(360,1,2,77),(361,2,2,77),(362,3,2,77),(363,4,2,77),(364,5,2,77),(365,1,1,78),(366,2,1,78),(367,3,2,78),(368,4,1,78),(369,5,2,78),(370,1,2,79),(371,2,4,79),(372,3,1,79),(373,4,5,79),(374,5,6,79),(375,1,4,80),(376,2,4,80),(377,3,5,80),(378,4,5,80),(379,5,4,80),(380,1,2,81),(381,2,1,81),(382,3,2,81),(383,4,2,81),(384,5,2,81),(385,1,2,82),(386,2,2,82),(387,3,2,82),(388,4,2,82),(389,5,2,82),(390,1,2,83),(391,2,1,83),(392,3,2,83),(393,4,1,83),(394,5,4,83),(395,1,2,84),(396,2,4,84),(397,3,2,84),(398,4,2,84),(399,5,2,84),(400,1,1,85),(401,2,1,85),(402,3,1,85),(403,4,1,85),(404,5,1,85),(405,1,2,86),(406,2,2,86),(407,3,2,86),(408,4,2,86),(409,5,2,86),(410,1,2,87),(411,2,4,87),(412,3,2,87),(413,4,1,87),(414,5,2,87),(415,1,1,88),(416,2,1,88),(417,3,1,88),(418,4,1,88),(419,5,1,88);

/*Table structure for table `weekly_report` */

DROP TABLE IF EXISTS `weekly_report`;

CREATE TABLE `weekly_report` (
  `weekly_report_id` int(11) NOT NULL AUTO_INCREMENT,
  `class_id` int(11) NOT NULL,
  `student_id` int(11) NOT NULL,
  `teacher_id` int(11) NOT NULL,
  `note_category_id` int(11) NOT NULL,
  `note_id` int(11) NOT NULL,
  `note` text NOT NULL,
  `date` varchar(100) NOT NULL,
  `date_to` varchar(100) NOT NULL,
  `year` varchar(100) NOT NULL,
  PRIMARY KEY (`weekly_report_id`)
) ENGINE=InnoDB AUTO_INCREMENT=89 DEFAULT CHARSET=latin1;

/*Data for the table `weekly_report` */

insert  into `weekly_report`(`weekly_report_id`,`class_id`,`student_id`,`teacher_id`,`note_category_id`,`note_id`,`note`,`date`,`date_to`,`year`) values (2,1,79,16,1,1,'','03/24/2017','03/28/2017','2016-2017'),(3,1,89,16,3,1,'hallo','2017-03-24','','2016-2017'),(5,1,116,16,2,3,'','2017-03-31','','2016-2017'),(6,1,113,16,1,1,'','2017-03-29','','2016-2017'),(7,1,1,16,3,0,'how are you toady\'s','03/31/2017','04/10/2017','2016-2017'),(8,1,97,16,2,3,'','03/24/2017','03/18/2017','2016-2017'),(9,3,2,8,1,1,'','','','2016-2017'),(10,3,2,8,1,0,'','03/20/2017','03/27/2017','2016-2017'),(11,3,2,8,3,3,'Mantab Nabil!','03/27/2017','03/31/2017','2016-2017'),(12,3,2,8,1,1,'','04/10/2017','04/14/2017','2016-2017'),(13,1,79,16,1,2,'','05/10/2017','05/13/2017','2016-2017'),(15,1,2,16,1,1,'','07/17/2017','07/18/2017',''),(16,1,4,16,1,1,'','07/18/2017','07/21/2017',''),(17,3,28,8,1,2,'','07/17/2017','07/21/2017',''),(18,1,31,16,1,2,'','07/17/2017','07/21/2017',''),(19,1,33,16,1,2,'','07/17/2017','07/21/2017',''),(20,1,34,16,1,1,'','07/17/2017','07/21/2017',''),(21,1,36,16,1,1,'','07/17/2017','07/21/2017',''),(22,1,38,16,1,1,'Henzel is a smart student. However, He needs to pay attention more in the class while the teacher is speaking ','07/17/2017','07/21/2017',''),(23,1,39,16,1,1,'','07/17/2017','07/21/2017',''),(24,1,40,16,1,1,'','07/17/2017','07/21/2017',''),(25,1,42,16,1,1,'','07/17/2017','07/21/2017',''),(26,1,43,16,1,1,'','07/17/2017','07/21/2017',''),(27,1,46,16,1,1,'','07/17/2017','07/21/2017',''),(28,1,47,16,1,1,'','07/17/2017','07/21/2017',''),(31,1,49,16,1,1,'','07/17/2017','07/21/2017',''),(32,1,50,16,3,0,'Alka is a cheerful student. However, He needs to be more responsible for the assignments that the teacher gives.  ','07/17/2017','07/21/2017',''),(33,1,54,16,1,2,'','07/17/2017','07/21/2017',''),(34,1,56,16,1,1,'','07/17/2017','07/21/2017',''),(35,1,65,16,1,1,'','07/17/2017','07/21/2017',''),(36,1,66,16,1,1,'','07/17/2017','07/21/2017',''),(37,1,68,16,1,1,'','07/17/2017','07/21/2017',''),(38,1,69,16,1,1,'','07/17/2017','07/21/2017',''),(39,1,72,16,1,1,'','07/17/2017','07/21/2017',''),(40,1,75,16,1,1,'','07/17/2017','07/21/2017',''),(41,1,76,16,1,1,'','07/17/2017','07/21/2017',''),(42,1,129,16,1,1,'','07/17/2017','07/21/2017',''),(43,1,4,16,1,1,'','07/17/2017','07/21/2017',''),(44,1,2,16,1,1,'','07/31/2017','08/04/2017',''),(45,1,4,16,1,2,'','07/31/2017','08/04/2017',''),(46,1,31,16,1,1,'','07/31/2017','08/04/2017',''),(47,1,33,16,1,2,'','07/31/2017','08/04/2017',''),(48,1,34,16,1,1,'','07/31/2017','08/04/2017',''),(49,1,36,16,1,2,'','07/31/2017','08/04/2017',''),(50,1,38,16,3,0,'Henzel is a nice student. However, He needs to be more responsible towards assignments and home works at school. ','07/31/2017','08/04/2017',''),(51,1,39,16,1,2,'','07/31/2017','08/04/2017',''),(52,1,40,16,1,1,'','07/31/2017','08/04/2017',''),(53,1,42,16,1,2,'','07/31/2017','08/04/2017',''),(54,1,43,16,1,1,'','07/31/2017','08/04/2017',''),(55,1,46,16,3,0,'Ragil is a cheerful student. However, He needs to more focus on teachers. ','07/31/2017','08/04/2017',''),(56,1,47,16,1,1,'','07/31/2017','08/04/2017',''),(57,1,49,16,1,1,'','07/31/2017','08/04/2017',''),(58,1,50,16,3,0,'Alka is a nice student. However, He needs to focus during the lesson. ','07/31/2017','08/04/2017',''),(59,1,54,16,1,1,'','07/31/2017','08/04/2017',''),(60,1,56,16,1,2,'','07/31/2017','08/04/2017',''),(61,1,65,16,1,1,'','07/31/2017','08/04/2017',''),(62,1,66,16,1,2,'','07/31/2017','08/04/2017',''),(63,1,68,16,1,2,'','07/31/2017','08/04/2017',''),(64,1,69,16,1,1,'','07/31/2017','08/04/2017',''),(65,1,72,16,1,2,'','07/31/2017','08/04/2017',''),(66,1,75,16,1,1,'','07/31/2017','08/04/2017',''),(67,1,76,16,2,3,'','07/31/2017','08/04/2017',''),(68,1,129,16,3,0,'Airell has a good manner in the school. However, Airell needs to struggle in English. ','07/31/2017','08/04/2017',''),(69,1,2,16,1,1,'','08/07/2017','08/11/2017',''),(70,1,4,16,1,1,'','08/07/2017','08/11/2017',''),(71,1,31,16,1,2,'','08/07/2017','08/11/2017',''),(72,1,33,16,1,2,'','08/07/2017','08/11/2017',''),(73,1,36,16,1,2,'','08/07/2017','08/11/2017',''),(74,1,34,16,3,0,'Darrel is a good student. However, Darrell needs to be more active in the class :)','08/07/2017','08/11/2017',''),(75,1,13,16,1,1,'','10/12/2017','10/20/2017',''),(76,1,13,16,1,2,'','10/09/2017','10/13/2017',''),(77,3,13,16,1,2,'','10/31/2017','10/31/2017',''),(78,1,7,7,1,2,'','10/23/2017','10/30/2017',''),(79,1,7,7,1,2,'','10/23/2017','10/27/2017',''),(80,1,7,7,2,4,'','10/30/2017','11/03/2017',''),(81,1,7,7,1,2,'','11/06/2017','11/10/2017',''),(82,1,8,7,1,1,'','11/06/2017','11/10/2017',''),(83,1,9,7,1,2,'','11/06/2017','11/10/2017',''),(84,1,10,7,1,2,'','11/06/2017','11/10/2017',''),(85,1,11,7,1,1,'','11/06/2017','11/10/2017',''),(86,1,12,7,1,2,'','11/06/2017','11/10/2017',''),(87,1,7,7,1,1,'','11/06/2017','11/10/2017',''),(88,1,12,7,1,2,'','11/06/2017','11/10/2017','');

/*Table structure for table `view_class_schedule` */

DROP TABLE IF EXISTS `view_class_schedule`;

/*!50001 DROP VIEW IF EXISTS `view_class_schedule` */;
/*!50001 DROP TABLE IF EXISTS `view_class_schedule` */;

/*!50001 CREATE TABLE  `view_class_schedule`(
 `class_routine_id` int(11) ,
 `class_id` int(11) ,
 `section_id` int(11) ,
 `subject_id` int(11) ,
 `time_start` varchar(11) ,
 `time_start_min` varchar(11) ,
 `time_end` varchar(11) ,
 `time_end_min` varchar(11) ,
 `day` longtext ,
 `year` longtext ,
 `name` longtext 
)*/;

/*View structure for view view_class_schedule */

/*!50001 DROP TABLE IF EXISTS `view_class_schedule` */;
/*!50001 DROP VIEW IF EXISTS `view_class_schedule` */;

/*!50001 CREATE ALGORITHM=UNDEFINED DEFINER=`stars`@`%` SQL SECURITY DEFINER VIEW `view_class_schedule` AS (select `c`.`class_routine_id` AS `class_routine_id`,`c`.`class_id` AS `class_id`,`c`.`section_id` AS `section_id`,`c`.`subject_id` AS `subject_id`,`c`.`time_start` AS `time_start`,`c`.`time_start_min` AS `time_start_min`,`c`.`time_end` AS `time_end`,`c`.`time_end_min` AS `time_end_min`,`c`.`day` AS `day`,`c`.`year` AS `year`,`s`.`name` AS `name` from (`class_routine` `c` join `subject` `s` on((`s`.`subject_id` = `c`.`subject_id`))) group by `c`.`class_id`,`c`.`section_id`,`c`.`time_start`,`c`.`time_start_min`,`c`.`time_end`,`c`.`time_end_min`,`c`.`day`,`c`.`year` order by `c`.`day`) */;

/*!40101 SET SQL_MODE=@OLD_SQL_MODE */;
/*!40014 SET UNIQUE_CHECKS=@OLD_UNIQUE_CHECKS */;
/*!40111 SET SQL_NOTES=@OLD_SQL_NOTES */;
